Change Component Footprint: Designator=R24 Old Footprint=RESC1608X55X30NL15T15_CONFIG New Footprint=RESC3216X70X50LL20T25_CONFIG
Change Component Designator: OldDesignator=C1 NewDesignator=C17
Change Component Designator: OldDesignator=C2 NewDesignator=C22
Change Component Designator: OldDesignator=C3 NewDesignator=C18
Change Component Designator: OldDesignator=C4 NewDesignator=C19
Change Component Designator: OldDesignator=C5 NewDesignator=C20
Change Component Designator: OldDesignator=C6 NewDesignator=C21
Change Component Designator: OldDesignator=LOGO1 NewDesignator=LOGO
Change Component Designator: OldDesignator=R1 NewDesignator=R32
Change Component Designator: OldDesignator=R2 NewDesignator=R31
Change Component Designator: OldDesignator=R3 NewDesignator=R15
Change Component Designator: OldDesignator=R4 NewDesignator=R17
Change Component Designator: OldDesignator=R5 NewDesignator=R18
Change Component Designator: OldDesignator=R6 NewDesignator=R16
Change Component Designator: OldDesignator=R15 NewDesignator=R23
Change Component Designator: OldDesignator=R16 NewDesignator=R27
Change Component Designator: OldDesignator=R17 NewDesignator=R24
Change Component Designator: OldDesignator=R18 NewDesignator=R19
Change Component Designator: OldDesignator=R18 NewDesignator=R28
Change Component Designator: OldDesignator=R19 NewDesignator=R20
Change Component Designator: OldDesignator=R19 NewDesignator=R25
Change Component Designator: OldDesignator=R20 NewDesignator=R21
Change Component Designator: OldDesignator=R20 NewDesignator=R29
Change Component Designator: OldDesignator=R21 NewDesignator=R22
Change Component Designator: OldDesignator=R22 NewDesignator=R26
Change Component Designator: OldDesignator=R23 NewDesignator=R2
Change Component Designator: OldDesignator=R24 NewDesignator=R1
Change Component Designator: OldDesignator=R29 NewDesignator=R30
Change Component Designator: OldDesignator=R32A NewDesignator=R33A
Change Component Designator: OldDesignator=R32B NewDesignator=R33B
Change Component Designator: OldDesignator=R33A NewDesignator=R34A
Change Component Designator: OldDesignator=R33B NewDesignator=R34B
Change Component Designator: OldDesignator=R34A NewDesignator=R35A
Change Component Designator: OldDesignator=R34B NewDesignator=R35B
Change Component Designator: OldDesignator=R35A NewDesignator=R36A
Change Component Designator: OldDesignator=R35B NewDesignator=R36B
Change Component Designator: OldDesignator=R40 NewDesignator=R14
Change Component Designator: OldDesignator=U1 NewDesignator=U5
Change Component Designator: OldDesignator=U5 NewDesignator=U1
Change component parameters: Designator = "C1"; Footprint = "CAPC3216X180X50NL20T25"; UniqueID = "\GEIJMUXU\LOZSKSSQ"
Change component parameters. Clean all parameters for all variants
Change component parameters (AddParameter): Name = "ComponentLink1Description"; Value = "Datasheet"; VariantName = "[No Variations]"
Change component parameters (AddParameter): Name = "ComponentLink1URL"; Value = "https://content.kemet.com/datasheets/KEM_C1002_X7R_SMD.pdf"; VariantName = "[No Variations]"
Change component parameters (AddParameter): Name = "Created"; Value = "2019-12-08_Thilo_Wendt"; VariantName = "[No Variations]"
Change component parameters (AddParameter): Name = "HelpURL"; Value = "https://content.kemet.com/datasheets/KEM_C1002_X7R_SMD.pdf"; VariantName = "[No Variations]"
Change component parameters (AddParameter): Name = "MaxCap"; Value = "1u"; VariantName = "[No Variations]"
Change component parameters (AddParameter): Name = "MaxVoltage"; Value = "50"; VariantName = "[No Variations]"
Change component parameters (AddParameter): Name = "MF"; Value = "KEMET"; VariantName = "[No Variations]"
Change component parameters (AddParameter): Name = "MinCap"; Value = "10p"; VariantName = "[No Variations]"
Change component parameters (AddParameter): Name = "MPN"; Value = "C1206C104J5RACTU"; VariantName = "[No Variations]"
Change component parameters (AddParameter): Name = "Package"; Value = "CurrentFootprint"; VariantName = "[No Variations]"
Change component parameters (AddParameter): Name = "Parameter1"; Value = "5"; VariantName = "[No Variations]"
Change component parameters (AddParameter): Name = "Parameter1Desc"; Value = "Voltage Symbol"; VariantName = "[No Variations]"
Change component parameters (AddParameter): Name = "Parameter2"; Value = "J"; VariantName = "[No Variations]"
Change component parameters (AddParameter): Name = "Parameter2Desc"; Value = "Tolerance Symbol"; VariantName = "[No Variations]"
Change component parameters (AddParameter): Name = "Supplier 1"; Value = "Farnell"; VariantName = "[No Variations]"
Change component parameters (AddParameter): Name = "Supplier 2"; Value = "Mouser"; VariantName = "[No Variations]"
Change component parameters (AddParameter): Name = "Supplier Link 1"; Value = "https://de.farnell.com/w/c/passive-bauelemente/kondensatoren/keramikkondensatoren/keramik-vielschichtkondensatoren-mlcc-smd?brand=kemet&kapazitatstoleranz=posneg-10pc&dielektrikum=x7r"; VariantName = "[No Variations]"
Change component parameters (AddParameter): Name = "Supplier Part Number 2"; Value = "80-C1206C104J5RACTU"; VariantName = "[No Variations]"
Change component parameters (AddParameter): Name = "Value"; Value = "100n"; VariantName = "[No Variations]"
Change component parameters: Designator = "C2"; Footprint = "CAPC3216X180X50NL20T25"; UniqueID = "\GEIJMUXU\YFBKACGO"
Change component parameters. Clean all parameters for all variants
Change component parameters (AddParameter): Name = "ComponentLink1Description"; Value = "Datasheet"; VariantName = "[No Variations]"
Change component parameters (AddParameter): Name = "ComponentLink1URL"; Value = "https://content.kemet.com/datasheets/KEM_C1002_X7R_SMD.pdf"; VariantName = "[No Variations]"
Change component parameters (AddParameter): Name = "Created"; Value = "2019-12-08_Thilo_Wendt"; VariantName = "[No Variations]"
Change component parameters (AddParameter): Name = "HelpURL"; Value = "https://content.kemet.com/datasheets/KEM_C1002_X7R_SMD.pdf"; VariantName = "[No Variations]"
Change component parameters (AddParameter): Name = "MaxCap"; Value = "1u"; VariantName = "[No Variations]"
Change component parameters (AddParameter): Name = "MaxVoltage"; Value = "50"; VariantName = "[No Variations]"
Change component parameters (AddParameter): Name = "MF"; Value = "KEMET"; VariantName = "[No Variations]"
Change component parameters (AddParameter): Name = "MinCap"; Value = "10p"; VariantName = "[No Variations]"
Change component parameters (AddParameter): Name = "MPN"; Value = "C1206C104J5RACTU"; VariantName = "[No Variations]"
Change component parameters (AddParameter): Name = "Package"; Value = "CurrentFootprint"; VariantName = "[No Variations]"
Change component parameters (AddParameter): Name = "Parameter1"; Value = "5"; VariantName = "[No Variations]"
Change component parameters (AddParameter): Name = "Parameter1Desc"; Value = "Voltage Symbol"; VariantName = "[No Variations]"
Change component parameters (AddParameter): Name = "Parameter2"; Value = "J"; VariantName = "[No Variations]"
Change component parameters (AddParameter): Name = "Parameter2Desc"; Value = "Tolerance Symbol"; VariantName = "[No Variations]"
Change component parameters (AddParameter): Name = "Supplier 1"; Value = "Farnell"; VariantName = "[No Variations]"
Change component parameters (AddParameter): Name = "Supplier 2"; Value = "Mouser"; VariantName = "[No Variations]"
Change component parameters (AddParameter): Name = "Supplier Link 1"; Value = "https://de.farnell.com/w/c/passive-bauelemente/kondensatoren/keramikkondensatoren/keramik-vielschichtkondensatoren-mlcc-smd?brand=kemet&kapazitatstoleranz=posneg-10pc&dielektrikum=x7r"; VariantName = "[No Variations]"
Change component parameters (AddParameter): Name = "Supplier Part Number 2"; Value = "80-C1206C104J5RACTU"; VariantName = "[No Variations]"
Change component parameters (AddParameter): Name = "Value"; Value = "100n"; VariantName = "[No Variations]"
Change component parameters: Designator = "C18"; Footprint = "CAPC3216X180X50NL20T25"; UniqueID = "\SMQLPFVK\JLODFTLT"
Change component parameters. Clean all parameters for all variants
Change component parameters (AddParameter): Name = "ComponentLink1Description"; Value = "Datasheet"; VariantName = "[No Variations]"
Change component parameters (AddParameter): Name = "ComponentLink1URL"; Value = "https://content.kemet.com/datasheets/KEM_C1002_X7R_SMD.pdf"; VariantName = "[No Variations]"
Change component parameters (AddParameter): Name = "Created"; Value = "2019-12-08_Thilo_Wendt"; VariantName = "[No Variations]"
Change component parameters (AddParameter): Name = "HelpURL"; Value = "https://content.kemet.com/datasheets/KEM_C1002_X7R_SMD.pdf"; VariantName = "[No Variations]"
Change component parameters (AddParameter): Name = "MaxCap"; Value = "100n"; VariantName = "[No Variations]"
Change component parameters (AddParameter): Name = "MaxVoltage"; Value = "100"; VariantName = "[No Variations]"
Change component parameters (AddParameter): Name = "MF"; Value = "KEMET"; VariantName = "[No Variations]"
Change component parameters (AddParameter): Name = "MinCap"; Value = "10p"; VariantName = "[No Variations]"
Change component parameters (AddParameter): Name = "MPN"; Value = "C1206C104J5RACTU"; VariantName = "[No Variations]"
Change component parameters (AddParameter): Name = "Package"; Value = "CurrentFootprint"; VariantName = "[No Variations]"
Change component parameters (AddParameter): Name = "Parameter1"; Value = "5"; VariantName = "[No Variations]"
Change component parameters (AddParameter): Name = "Parameter1Desc"; Value = "Voltage Symbol"; VariantName = "[No Variations]"
Change component parameters (AddParameter): Name = "Parameter2"; Value = "J"; VariantName = "[No Variations]"
Change component parameters (AddParameter): Name = "Parameter2Desc"; Value = "Tolerance Symbol"; VariantName = "[No Variations]"
Change component parameters (AddParameter): Name = "Supplier 1"; Value = "Farnell"; VariantName = "[No Variations]"
Change component parameters (AddParameter): Name = "Supplier 2"; Value = "Mouser"; VariantName = "[No Variations]"
Change component parameters (AddParameter): Name = "Supplier Link 1"; Value = "https://de.farnell.com/w/c/passive-bauelemente/kondensatoren/keramikkondensatoren/keramik-vielschichtkondensatoren-mlcc-smd?brand=kemet&kapazitatstoleranz=posneg-10pc&dielektrikum=x7r"; VariantName = "[No Variations]"
Change component parameters (AddParameter): Name = "Supplier Part Number 2"; Value = "80-C1206C104J5RACTU"; VariantName = "[No Variations]"
Change component parameters (AddParameter): Name = "Value"; Value = "100n"; VariantName = "[No Variations]"
Change component parameters (AddParameter): Name = "ComponentLink1Description"; Value = "Datasheet"; VariantName = "3V3_to_3V3"
Change component parameters (AddParameter): Name = "ComponentLink1URL"; Value = "https://content.kemet.com/datasheets/KEM_C1002_X7R_SMD.pdf"; VariantName = "3V3_to_3V3"
Change component parameters (AddParameter): Name = "Created"; Value = "2019-12-08_Thilo_Wendt"; VariantName = "3V3_to_3V3"
Change component parameters (AddParameter): Name = "HelpURL"; Value = "https://content.kemet.com/datasheets/KEM_C1002_X7R_SMD.pdf"; VariantName = "3V3_to_3V3"
Change component parameters (AddParameter): Name = "MaxCap"; Value = "100n"; VariantName = "3V3_to_3V3"
Change component parameters (AddParameter): Name = "MaxVoltage"; Value = "100"; VariantName = "3V3_to_3V3"
Change component parameters (AddParameter): Name = "MF"; Value = "KEMET"; VariantName = "3V3_to_3V3"
Change component parameters (AddParameter): Name = "MinCap"; Value = "10p"; VariantName = "3V3_to_3V3"
Change component parameters (AddParameter): Name = "MPN"; Value = "C1206C104J5RACTU"; VariantName = "3V3_to_3V3"
Change component parameters (AddParameter): Name = "Package"; Value = "CurrentFootprint"; VariantName = "3V3_to_3V3"
Change component parameters (AddParameter): Name = "Parameter1"; Value = "5"; VariantName = "3V3_to_3V3"
Change component parameters (AddParameter): Name = "Parameter1Desc"; Value = "Voltage Symbol"; VariantName = "3V3_to_3V3"
Change component parameters (AddParameter): Name = "Parameter2"; Value = "J"; VariantName = "3V3_to_3V3"
Change component parameters (AddParameter): Name = "Parameter2Desc"; Value = "Tolerance Symbol"; VariantName = "3V3_to_3V3"
Change component parameters (AddParameter): Name = "Supplier 1"; Value = "Farnell"; VariantName = "3V3_to_3V3"
Change component parameters (AddParameter): Name = "Supplier 2"; Value = "Mouser"; VariantName = "3V3_to_3V3"
Change component parameters (AddParameter): Name = "Supplier Link 1"; Value = "https://de.farnell.com/w/c/passive-bauelemente/kondensatoren/keramikkondensatoren/keramik-vielschichtkondensatoren-mlcc-smd?brand=kemet&kapazitatstoleranz=posneg-10pc&dielektrikum=x7r"; VariantName = "3V3_to_3V3"
Change component parameters (AddParameter): Name = "Supplier Part Number 2"; Value = "80-C1206C104J5RACTU"; VariantName = "3V3_to_3V3"
Change component parameters (AddParameter): Name = "Value"; Value = "100n"; VariantName = "3V3_to_3V3"
Change component parameters (AddParameter): Name = "ComponentLink1Description"; Value = "Datasheet"; VariantName = "3V3_to_5V"
Change component parameters (AddParameter): Name = "ComponentLink1URL"; Value = "https://content.kemet.com/datasheets/KEM_C1002_X7R_SMD.pdf"; VariantName = "3V3_to_5V"
Change component parameters (AddParameter): Name = "Created"; Value = "2019-12-08_Thilo_Wendt"; VariantName = "3V3_to_5V"
Change component parameters (AddParameter): Name = "HelpURL"; Value = "https://content.kemet.com/datasheets/KEM_C1002_X7R_SMD.pdf"; VariantName = "3V3_to_5V"
Change component parameters (AddParameter): Name = "MaxCap"; Value = "100n"; VariantName = "3V3_to_5V"
Change component parameters (AddParameter): Name = "MaxVoltage"; Value = "100"; VariantName = "3V3_to_5V"
Change component parameters (AddParameter): Name = "MF"; Value = "KEMET"; VariantName = "3V3_to_5V"
Change component parameters (AddParameter): Name = "MinCap"; Value = "10p"; VariantName = "3V3_to_5V"
Change component parameters (AddParameter): Name = "MPN"; Value = "C1206C104J5RACTU"; VariantName = "3V3_to_5V"
Change component parameters (AddParameter): Name = "Package"; Value = "CurrentFootprint"; VariantName = "3V3_to_5V"
Change component parameters (AddParameter): Name = "Parameter1"; Value = "5"; VariantName = "3V3_to_5V"
Change component parameters (AddParameter): Name = "Parameter1Desc"; Value = "Voltage Symbol"; VariantName = "3V3_to_5V"
Change component parameters (AddParameter): Name = "Parameter2"; Value = "J"; VariantName = "3V3_to_5V"
Change component parameters (AddParameter): Name = "Parameter2Desc"; Value = "Tolerance Symbol"; VariantName = "3V3_to_5V"
Change component parameters (AddParameter): Name = "Supplier 1"; Value = "Farnell"; VariantName = "3V3_to_5V"
Change component parameters (AddParameter): Name = "Supplier 2"; Value = "Mouser"; VariantName = "3V3_to_5V"
Change component parameters (AddParameter): Name = "Supplier Link 1"; Value = "https://de.farnell.com/w/c/passive-bauelemente/kondensatoren/keramikkondensatoren/keramik-vielschichtkondensatoren-mlcc-smd?brand=kemet&kapazitatstoleranz=posneg-10pc&dielektrikum=x7r"; VariantName = "3V3_to_5V"
Change component parameters (AddParameter): Name = "Supplier Part Number 2"; Value = "80-C1206C104J5RACTU"; VariantName = "3V3_to_5V"
Change component parameters (AddParameter): Name = "Value"; Value = "100n"; VariantName = "3V3_to_5V"
Change component parameters (AddParameter): Name = "ComponentLink1Description"; Value = "Datasheet"; VariantName = "3V3_to_RS422"
Change component parameters (AddParameter): Name = "ComponentLink1URL"; Value = "https://content.kemet.com/datasheets/KEM_C1002_X7R_SMD.pdf"; VariantName = "3V3_to_RS422"
Change component parameters (AddParameter): Name = "Created"; Value = "2019-12-08_Thilo_Wendt"; VariantName = "3V3_to_RS422"
Change component parameters (AddParameter): Name = "HelpURL"; Value = "https://content.kemet.com/datasheets/KEM_C1002_X7R_SMD.pdf"; VariantName = "3V3_to_RS422"
Change component parameters (AddParameter): Name = "MaxCap"; Value = "100n"; VariantName = "3V3_to_RS422"
Change component parameters (AddParameter): Name = "MaxVoltage"; Value = "100"; VariantName = "3V3_to_RS422"
Change component parameters (AddParameter): Name = "MF"; Value = "KEMET"; VariantName = "3V3_to_RS422"
Change component parameters (AddParameter): Name = "MinCap"; Value = "10p"; VariantName = "3V3_to_RS422"
Change component parameters (AddParameter): Name = "MPN"; Value = "C1206C104J5RACTU"; VariantName = "3V3_to_RS422"
Change component parameters (AddParameter): Name = "Package"; Value = "CurrentFootprint"; VariantName = "3V3_to_RS422"
Change component parameters (AddParameter): Name = "Parameter1"; Value = "5"; VariantName = "3V3_to_RS422"
Change component parameters (AddParameter): Name = "Parameter1Desc"; Value = "Voltage Symbol"; VariantName = "3V3_to_RS422"
Change component parameters (AddParameter): Name = "Parameter2"; Value = "J"; VariantName = "3V3_to_RS422"
Change component parameters (AddParameter): Name = "Parameter2Desc"; Value = "Tolerance Symbol"; VariantName = "3V3_to_RS422"
Change component parameters (AddParameter): Name = "Supplier 1"; Value = "Farnell"; VariantName = "3V3_to_RS422"
Change component parameters (AddParameter): Name = "Supplier 2"; Value = "Mouser"; VariantName = "3V3_to_RS422"
Change component parameters (AddParameter): Name = "Supplier Link 1"; Value = "https://de.farnell.com/w/c/passive-bauelemente/kondensatoren/keramikkondensatoren/keramik-vielschichtkondensatoren-mlcc-smd?brand=kemet&kapazitatstoleranz=posneg-10pc&dielektrikum=x7r"; VariantName = "3V3_to_RS422"
Change component parameters (AddParameter): Name = "Supplier Part Number 2"; Value = "80-C1206C104J5RACTU"; VariantName = "3V3_to_RS422"
Change component parameters (AddParameter): Name = "Value"; Value = "100n"; VariantName = "3V3_to_RS422"
Change component parameters (AddParameter): Name = "ComponentLink1Description"; Value = "Datasheet"; VariantName = "RS422_to_3V3"
Change component parameters (AddParameter): Name = "ComponentLink1URL"; Value = "https://content.kemet.com/datasheets/KEM_C1002_X7R_SMD.pdf"; VariantName = "RS422_to_3V3"
Change component parameters (AddParameter): Name = "Created"; Value = "2019-12-08_Thilo_Wendt"; VariantName = "RS422_to_3V3"
Change component parameters (AddParameter): Name = "HelpURL"; Value = "https://content.kemet.com/datasheets/KEM_C1002_X7R_SMD.pdf"; VariantName = "RS422_to_3V3"
Change component parameters (AddParameter): Name = "MaxCap"; Value = "100n"; VariantName = "RS422_to_3V3"
Change component parameters (AddParameter): Name = "MaxVoltage"; Value = "100"; VariantName = "RS422_to_3V3"
Change component parameters (AddParameter): Name = "MF"; Value = "KEMET"; VariantName = "RS422_to_3V3"
Change component parameters (AddParameter): Name = "MinCap"; Value = "10p"; VariantName = "RS422_to_3V3"
Change component parameters (AddParameter): Name = "MPN"; Value = "C1206C104J5RACTU"; VariantName = "RS422_to_3V3"
Change component parameters (AddParameter): Name = "Package"; Value = "CurrentFootprint"; VariantName = "RS422_to_3V3"
Change component parameters (AddParameter): Name = "Parameter1"; Value = "5"; VariantName = "RS422_to_3V3"
Change component parameters (AddParameter): Name = "Parameter1Desc"; Value = "Voltage Symbol"; VariantName = "RS422_to_3V3"
Change component parameters (AddParameter): Name = "Parameter2"; Value = "J"; VariantName = "RS422_to_3V3"
Change component parameters (AddParameter): Name = "Parameter2Desc"; Value = "Tolerance Symbol"; VariantName = "RS422_to_3V3"
Change component parameters (AddParameter): Name = "Supplier 1"; Value = "Farnell"; VariantName = "RS422_to_3V3"
Change component parameters (AddParameter): Name = "Supplier 2"; Value = "Mouser"; VariantName = "RS422_to_3V3"
Change component parameters (AddParameter): Name = "Supplier Link 1"; Value = "https://de.farnell.com/w/c/passive-bauelemente/kondensatoren/keramikkondensatoren/keramik-vielschichtkondensatoren-mlcc-smd?brand=kemet&kapazitatstoleranz=posneg-10pc&dielektrikum=x7r"; VariantName = "RS422_to_3V3"
Change component parameters (AddParameter): Name = "Supplier Part Number 2"; Value = "80-C1206C104J5RACTU"; VariantName = "RS422_to_3V3"
Change component parameters (AddParameter): Name = "Value"; Value = "100n"; VariantName = "RS422_to_3V3"
Change component parameters: Designator = "C3"; Footprint = "CAPC3216X180X50NL20T25"; UniqueID = "\GEIJMUXU\NLQPYCUR"
Change component parameters. Clean all parameters for all variants
Change component parameters (AddParameter): Name = "ComponentLink1Description"; Value = "Datasheet"; VariantName = "[No Variations]"
Change component parameters (AddParameter): Name = "ComponentLink1URL"; Value = "https://content.kemet.com/datasheets/KEM_C1002_X7R_SMD.pdf"; VariantName = "[No Variations]"
Change component parameters (AddParameter): Name = "Created"; Value = "2019-12-08_Thilo_Wendt"; VariantName = "[No Variations]"
Change component parameters (AddParameter): Name = "HelpURL"; Value = "https://content.kemet.com/datasheets/KEM_C1002_X7R_SMD.pdf"; VariantName = "[No Variations]"
Change component parameters (AddParameter): Name = "MaxCap"; Value = "1u"; VariantName = "[No Variations]"
Change component parameters (AddParameter): Name = "MaxVoltage"; Value = "50"; VariantName = "[No Variations]"
Change component parameters (AddParameter): Name = "MF"; Value = "KEMET"; VariantName = "[No Variations]"
Change component parameters (AddParameter): Name = "MinCap"; Value = "10p"; VariantName = "[No Variations]"
Change component parameters (AddParameter): Name = "MPN"; Value = "C1206C104J5RACTU"; VariantName = "[No Variations]"
Change component parameters (AddParameter): Name = "Package"; Value = "CurrentFootprint"; VariantName = "[No Variations]"
Change component parameters (AddParameter): Name = "Parameter1"; Value = "5"; VariantName = "[No Variations]"
Change component parameters (AddParameter): Name = "Parameter1Desc"; Value = "Voltage Symbol"; VariantName = "[No Variations]"
Change component parameters (AddParameter): Name = "Parameter2"; Value = "J"; VariantName = "[No Variations]"
Change component parameters (AddParameter): Name = "Parameter2Desc"; Value = "Tolerance Symbol"; VariantName = "[No Variations]"
Change component parameters (AddParameter): Name = "Supplier 1"; Value = "Farnell"; VariantName = "[No Variations]"
Change component parameters (AddParameter): Name = "Supplier 2"; Value = "Mouser"; VariantName = "[No Variations]"
Change component parameters (AddParameter): Name = "Supplier Link 1"; Value = "https://de.farnell.com/w/c/passive-bauelemente/kondensatoren/keramikkondensatoren/keramik-vielschichtkondensatoren-mlcc-smd?brand=kemet&kapazitatstoleranz=posneg-10pc&dielektrikum=x7r"; VariantName = "[No Variations]"
Change component parameters (AddParameter): Name = "Supplier Part Number 2"; Value = "80-C1206C104J5RACTU"; VariantName = "[No Variations]"
Change component parameters (AddParameter): Name = "Value"; Value = "100n"; VariantName = "[No Variations]"
Change component parameters: Designator = "C4"; Footprint = "CAPC3216X180X50NL20T25"; UniqueID = "\GEIJMUXU\IIXJYDXY"
Change component parameters. Clean all parameters for all variants
Change component parameters (AddParameter): Name = "ComponentLink1Description"; Value = "Datasheet"; VariantName = "[No Variations]"
Change component parameters (AddParameter): Name = "ComponentLink1URL"; Value = "https://content.kemet.com/datasheets/KEM_C1002_X7R_SMD.pdf"; VariantName = "[No Variations]"
Change component parameters (AddParameter): Name = "Created"; Value = "2019-12-08_Thilo_Wendt"; VariantName = "[No Variations]"
Change component parameters (AddParameter): Name = "HelpURL"; Value = "https://content.kemet.com/datasheets/KEM_C1002_X7R_SMD.pdf"; VariantName = "[No Variations]"
Change component parameters (AddParameter): Name = "MaxCap"; Value = "1u"; VariantName = "[No Variations]"
Change component parameters (AddParameter): Name = "MaxVoltage"; Value = "50"; VariantName = "[No Variations]"
Change component parameters (AddParameter): Name = "MF"; Value = "KEMET"; VariantName = "[No Variations]"
Change component parameters (AddParameter): Name = "MinCap"; Value = "10p"; VariantName = "[No Variations]"
Change component parameters (AddParameter): Name = "MPN"; Value = "C1206C104J5RACTU"; VariantName = "[No Variations]"
Change component parameters (AddParameter): Name = "Package"; Value = "CurrentFootprint"; VariantName = "[No Variations]"
Change component parameters (AddParameter): Name = "Parameter1"; Value = "5"; VariantName = "[No Variations]"
Change component parameters (AddParameter): Name = "Parameter1Desc"; Value = "Voltage Symbol"; VariantName = "[No Variations]"
Change component parameters (AddParameter): Name = "Parameter2"; Value = "J"; VariantName = "[No Variations]"
Change component parameters (AddParameter): Name = "Parameter2Desc"; Value = "Tolerance Symbol"; VariantName = "[No Variations]"
Change component parameters (AddParameter): Name = "Supplier 1"; Value = "Farnell"; VariantName = "[No Variations]"
Change component parameters (AddParameter): Name = "Supplier 2"; Value = "Mouser"; VariantName = "[No Variations]"
Change component parameters (AddParameter): Name = "Supplier Link 1"; Value = "https://de.farnell.com/w/c/passive-bauelemente/kondensatoren/keramikkondensatoren/keramik-vielschichtkondensatoren-mlcc-smd?brand=kemet&kapazitatstoleranz=posneg-10pc&dielektrikum=x7r"; VariantName = "[No Variations]"
Change component parameters (AddParameter): Name = "Supplier Part Number 2"; Value = "80-C1206C104J5RACTU"; VariantName = "[No Variations]"
Change component parameters (AddParameter): Name = "Value"; Value = "100n"; VariantName = "[No Variations]"
Change component parameters: Designator = "C20"; Footprint = "CAPC3216X180X50NL20T25"; UniqueID = "\SMQLPFVK\HSQVHEMT"
Change component parameters. Clean all parameters for all variants
Change component parameters (AddParameter): Name = "ComponentLink1Description"; Value = "Datasheet"; VariantName = "[No Variations]"
Change component parameters (AddParameter): Name = "ComponentLink1URL"; Value = "https://content.kemet.com/datasheets/KEM_C1002_X7R_SMD.pdf"; VariantName = "[No Variations]"
Change component parameters (AddParameter): Name = "Created"; Value = "2019-12-08_Thilo_Wendt"; VariantName = "[No Variations]"
Change component parameters (AddParameter): Name = "HelpURL"; Value = "https://content.kemet.com/datasheets/KEM_C1002_X7R_SMD.pdf"; VariantName = "[No Variations]"
Change component parameters (AddParameter): Name = "MaxCap"; Value = "100n"; VariantName = "[No Variations]"
Change component parameters (AddParameter): Name = "MaxVoltage"; Value = "100"; VariantName = "[No Variations]"
Change component parameters (AddParameter): Name = "MF"; Value = "KEMET"; VariantName = "[No Variations]"
Change component parameters (AddParameter): Name = "MinCap"; Value = "10p"; VariantName = "[No Variations]"
Change component parameters (AddParameter): Name = "MPN"; Value = "C1206C104J5RACTU"; VariantName = "[No Variations]"
Change component parameters (AddParameter): Name = "Package"; Value = "CurrentFootprint"; VariantName = "[No Variations]"
Change component parameters (AddParameter): Name = "Parameter1"; Value = "5"; VariantName = "[No Variations]"
Change component parameters (AddParameter): Name = "Parameter1Desc"; Value = "Voltage Symbol"; VariantName = "[No Variations]"
Change component parameters (AddParameter): Name = "Parameter2"; Value = "J"; VariantName = "[No Variations]"
Change component parameters (AddParameter): Name = "Parameter2Desc"; Value = "Tolerance Symbol"; VariantName = "[No Variations]"
Change component parameters (AddParameter): Name = "Supplier 1"; Value = "Farnell"; VariantName = "[No Variations]"
Change component parameters (AddParameter): Name = "Supplier 2"; Value = "Mouser"; VariantName = "[No Variations]"
Change component parameters (AddParameter): Name = "Supplier Link 1"; Value = "https://de.farnell.com/w/c/passive-bauelemente/kondensatoren/keramikkondensatoren/keramik-vielschichtkondensatoren-mlcc-smd?brand=kemet&kapazitatstoleranz=posneg-10pc&dielektrikum=x7r"; VariantName = "[No Variations]"
Change component parameters (AddParameter): Name = "Supplier Part Number 2"; Value = "80-C1206C104J5RACTU"; VariantName = "[No Variations]"
Change component parameters (AddParameter): Name = "Value"; Value = "100n"; VariantName = "[No Variations]"
Change component parameters (AddParameter): Name = "ComponentLink1Description"; Value = "Datasheet"; VariantName = "3V3_to_3V3"
Change component parameters (AddParameter): Name = "ComponentLink1URL"; Value = "https://content.kemet.com/datasheets/KEM_C1002_X7R_SMD.pdf"; VariantName = "3V3_to_3V3"
Change component parameters (AddParameter): Name = "Created"; Value = "2019-12-08_Thilo_Wendt"; VariantName = "3V3_to_3V3"
Change component parameters (AddParameter): Name = "HelpURL"; Value = "https://content.kemet.com/datasheets/KEM_C1002_X7R_SMD.pdf"; VariantName = "3V3_to_3V3"
Change component parameters (AddParameter): Name = "MaxCap"; Value = "100n"; VariantName = "3V3_to_3V3"
Change component parameters (AddParameter): Name = "MaxVoltage"; Value = "100"; VariantName = "3V3_to_3V3"
Change component parameters (AddParameter): Name = "MF"; Value = "KEMET"; VariantName = "3V3_to_3V3"
Change component parameters (AddParameter): Name = "MinCap"; Value = "10p"; VariantName = "3V3_to_3V3"
Change component parameters (AddParameter): Name = "MPN"; Value = "C1206C104J5RACTU"; VariantName = "3V3_to_3V3"
Change component parameters (AddParameter): Name = "Package"; Value = "CurrentFootprint"; VariantName = "3V3_to_3V3"
Change component parameters (AddParameter): Name = "Parameter1"; Value = "5"; VariantName = "3V3_to_3V3"
Change component parameters (AddParameter): Name = "Parameter1Desc"; Value = "Voltage Symbol"; VariantName = "3V3_to_3V3"
Change component parameters (AddParameter): Name = "Parameter2"; Value = "J"; VariantName = "3V3_to_3V3"
Change component parameters (AddParameter): Name = "Parameter2Desc"; Value = "Tolerance Symbol"; VariantName = "3V3_to_3V3"
Change component parameters (AddParameter): Name = "Supplier 1"; Value = "Farnell"; VariantName = "3V3_to_3V3"
Change component parameters (AddParameter): Name = "Supplier 2"; Value = "Mouser"; VariantName = "3V3_to_3V3"
Change component parameters (AddParameter): Name = "Supplier Link 1"; Value = "https://de.farnell.com/w/c/passive-bauelemente/kondensatoren/keramikkondensatoren/keramik-vielschichtkondensatoren-mlcc-smd?brand=kemet&kapazitatstoleranz=posneg-10pc&dielektrikum=x7r"; VariantName = "3V3_to_3V3"
Change component parameters (AddParameter): Name = "Supplier Part Number 2"; Value = "80-C1206C104J5RACTU"; VariantName = "3V3_to_3V3"
Change component parameters (AddParameter): Name = "Value"; Value = "100n"; VariantName = "3V3_to_3V3"
Change component parameters (AddParameter): Name = "ComponentLink1Description"; Value = "Datasheet"; VariantName = "3V3_to_5V"
Change component parameters (AddParameter): Name = "ComponentLink1URL"; Value = "https://content.kemet.com/datasheets/KEM_C1002_X7R_SMD.pdf"; VariantName = "3V3_to_5V"
Change component parameters (AddParameter): Name = "Created"; Value = "2019-12-08_Thilo_Wendt"; VariantName = "3V3_to_5V"
Change component parameters (AddParameter): Name = "HelpURL"; Value = "https://content.kemet.com/datasheets/KEM_C1002_X7R_SMD.pdf"; VariantName = "3V3_to_5V"
Change component parameters (AddParameter): Name = "MaxCap"; Value = "100n"; VariantName = "3V3_to_5V"
Change component parameters (AddParameter): Name = "MaxVoltage"; Value = "100"; VariantName = "3V3_to_5V"
Change component parameters (AddParameter): Name = "MF"; Value = "KEMET"; VariantName = "3V3_to_5V"
Change component parameters (AddParameter): Name = "MinCap"; Value = "10p"; VariantName = "3V3_to_5V"
Change component parameters (AddParameter): Name = "MPN"; Value = "C1206C104J5RACTU"; VariantName = "3V3_to_5V"
Change component parameters (AddParameter): Name = "Package"; Value = "CurrentFootprint"; VariantName = "3V3_to_5V"
Change component parameters (AddParameter): Name = "Parameter1"; Value = "5"; VariantName = "3V3_to_5V"
Change component parameters (AddParameter): Name = "Parameter1Desc"; Value = "Voltage Symbol"; VariantName = "3V3_to_5V"
Change component parameters (AddParameter): Name = "Parameter2"; Value = "J"; VariantName = "3V3_to_5V"
Change component parameters (AddParameter): Name = "Parameter2Desc"; Value = "Tolerance Symbol"; VariantName = "3V3_to_5V"
Change component parameters (AddParameter): Name = "Supplier 1"; Value = "Farnell"; VariantName = "3V3_to_5V"
Change component parameters (AddParameter): Name = "Supplier 2"; Value = "Mouser"; VariantName = "3V3_to_5V"
Change component parameters (AddParameter): Name = "Supplier Link 1"; Value = "https://de.farnell.com/w/c/passive-bauelemente/kondensatoren/keramikkondensatoren/keramik-vielschichtkondensatoren-mlcc-smd?brand=kemet&kapazitatstoleranz=posneg-10pc&dielektrikum=x7r"; VariantName = "3V3_to_5V"
Change component parameters (AddParameter): Name = "Supplier Part Number 2"; Value = "80-C1206C104J5RACTU"; VariantName = "3V3_to_5V"
Change component parameters (AddParameter): Name = "Value"; Value = "100n"; VariantName = "3V3_to_5V"
Change component parameters (AddParameter): Name = "ComponentLink1Description"; Value = "Datasheet"; VariantName = "3V3_to_RS422"
Change component parameters (AddParameter): Name = "ComponentLink1URL"; Value = "https://content.kemet.com/datasheets/KEM_C1002_X7R_SMD.pdf"; VariantName = "3V3_to_RS422"
Change component parameters (AddParameter): Name = "Created"; Value = "2019-12-08_Thilo_Wendt"; VariantName = "3V3_to_RS422"
Change component parameters (AddParameter): Name = "HelpURL"; Value = "https://content.kemet.com/datasheets/KEM_C1002_X7R_SMD.pdf"; VariantName = "3V3_to_RS422"
Change component parameters (AddParameter): Name = "MaxCap"; Value = "100n"; VariantName = "3V3_to_RS422"
Change component parameters (AddParameter): Name = "MaxVoltage"; Value = "100"; VariantName = "3V3_to_RS422"
Change component parameters (AddParameter): Name = "MF"; Value = "KEMET"; VariantName = "3V3_to_RS422"
Change component parameters (AddParameter): Name = "MinCap"; Value = "10p"; VariantName = "3V3_to_RS422"
Change component parameters (AddParameter): Name = "MPN"; Value = "C1206C104J5RACTU"; VariantName = "3V3_to_RS422"
Change component parameters (AddParameter): Name = "Package"; Value = "CurrentFootprint"; VariantName = "3V3_to_RS422"
Change component parameters (AddParameter): Name = "Parameter1"; Value = "5"; VariantName = "3V3_to_RS422"
Change component parameters (AddParameter): Name = "Parameter1Desc"; Value = "Voltage Symbol"; VariantName = "3V3_to_RS422"
Change component parameters (AddParameter): Name = "Parameter2"; Value = "J"; VariantName = "3V3_to_RS422"
Change component parameters (AddParameter): Name = "Parameter2Desc"; Value = "Tolerance Symbol"; VariantName = "3V3_to_RS422"
Change component parameters (AddParameter): Name = "Supplier 1"; Value = "Farnell"; VariantName = "3V3_to_RS422"
Change component parameters (AddParameter): Name = "Supplier 2"; Value = "Mouser"; VariantName = "3V3_to_RS422"
Change component parameters (AddParameter): Name = "Supplier Link 1"; Value = "https://de.farnell.com/w/c/passive-bauelemente/kondensatoren/keramikkondensatoren/keramik-vielschichtkondensatoren-mlcc-smd?brand=kemet&kapazitatstoleranz=posneg-10pc&dielektrikum=x7r"; VariantName = "3V3_to_RS422"
Change component parameters (AddParameter): Name = "Supplier Part Number 2"; Value = "80-C1206C104J5RACTU"; VariantName = "3V3_to_RS422"
Change component parameters (AddParameter): Name = "Value"; Value = "100n"; VariantName = "3V3_to_RS422"
Change component parameters (AddParameter): Name = "ComponentLink1Description"; Value = "Datasheet"; VariantName = "RS422_to_3V3"
Change component parameters (AddParameter): Name = "ComponentLink1URL"; Value = "https://content.kemet.com/datasheets/KEM_C1002_X7R_SMD.pdf"; VariantName = "RS422_to_3V3"
Change component parameters (AddParameter): Name = "Created"; Value = "2019-12-08_Thilo_Wendt"; VariantName = "RS422_to_3V3"
Change component parameters (AddParameter): Name = "HelpURL"; Value = "https://content.kemet.com/datasheets/KEM_C1002_X7R_SMD.pdf"; VariantName = "RS422_to_3V3"
Change component parameters (AddParameter): Name = "MaxCap"; Value = "100n"; VariantName = "RS422_to_3V3"
Change component parameters (AddParameter): Name = "MaxVoltage"; Value = "100"; VariantName = "RS422_to_3V3"
Change component parameters (AddParameter): Name = "MF"; Value = "KEMET"; VariantName = "RS422_to_3V3"
Change component parameters (AddParameter): Name = "MinCap"; Value = "10p"; VariantName = "RS422_to_3V3"
Change component parameters (AddParameter): Name = "MPN"; Value = "C1206C104J5RACTU"; VariantName = "RS422_to_3V3"
Change component parameters (AddParameter): Name = "Package"; Value = "CurrentFootprint"; VariantName = "RS422_to_3V3"
Change component parameters (AddParameter): Name = "Parameter1"; Value = "5"; VariantName = "RS422_to_3V3"
Change component parameters (AddParameter): Name = "Parameter1Desc"; Value = "Voltage Symbol"; VariantName = "RS422_to_3V3"
Change component parameters (AddParameter): Name = "Parameter2"; Value = "J"; VariantName = "RS422_to_3V3"
Change component parameters (AddParameter): Name = "Parameter2Desc"; Value = "Tolerance Symbol"; VariantName = "RS422_to_3V3"
Change component parameters (AddParameter): Name = "Supplier 1"; Value = "Farnell"; VariantName = "RS422_to_3V3"
Change component parameters (AddParameter): Name = "Supplier 2"; Value = "Mouser"; VariantName = "RS422_to_3V3"
Change component parameters (AddParameter): Name = "Supplier Link 1"; Value = "https://de.farnell.com/w/c/passive-bauelemente/kondensatoren/keramikkondensatoren/keramik-vielschichtkondensatoren-mlcc-smd?brand=kemet&kapazitatstoleranz=posneg-10pc&dielektrikum=x7r"; VariantName = "RS422_to_3V3"
Change component parameters (AddParameter): Name = "Supplier Part Number 2"; Value = "80-C1206C104J5RACTU"; VariantName = "RS422_to_3V3"
Change component parameters (AddParameter): Name = "Value"; Value = "100n"; VariantName = "RS422_to_3V3"
Change component parameters: Designator = "C5"; Footprint = "CAPC3216X180X50NL20T25"; UniqueID = "\GEIJMUXU\BUQRBAEM"
Change component parameters. Clean all parameters for all variants
Change component parameters (AddParameter): Name = "ComponentLink1Description"; Value = "Datasheet"; VariantName = "[No Variations]"
Change component parameters (AddParameter): Name = "ComponentLink1URL"; Value = "https://content.kemet.com/datasheets/KEM_C1002_X7R_SMD.pdf"; VariantName = "[No Variations]"
Change component parameters (AddParameter): Name = "Created"; Value = "2019-12-08_Thilo_Wendt"; VariantName = "[No Variations]"
Change component parameters (AddParameter): Name = "HelpURL"; Value = "https://content.kemet.com/datasheets/KEM_C1002_X7R_SMD.pdf"; VariantName = "[No Variations]"
Change component parameters (AddParameter): Name = "MaxCap"; Value = "1u"; VariantName = "[No Variations]"
Change component parameters (AddParameter): Name = "MaxVoltage"; Value = "50"; VariantName = "[No Variations]"
Change component parameters (AddParameter): Name = "MF"; Value = "KEMET"; VariantName = "[No Variations]"
Change component parameters (AddParameter): Name = "MinCap"; Value = "10p"; VariantName = "[No Variations]"
Change component parameters (AddParameter): Name = "MPN"; Value = "C1206C104J5RACTU"; VariantName = "[No Variations]"
Change component parameters (AddParameter): Name = "Package"; Value = "CurrentFootprint"; VariantName = "[No Variations]"
Change component parameters (AddParameter): Name = "Parameter1"; Value = "5"; VariantName = "[No Variations]"
Change component parameters (AddParameter): Name = "Parameter1Desc"; Value = "Voltage Symbol"; VariantName = "[No Variations]"
Change component parameters (AddParameter): Name = "Parameter2"; Value = "J"; VariantName = "[No Variations]"
Change component parameters (AddParameter): Name = "Parameter2Desc"; Value = "Tolerance Symbol"; VariantName = "[No Variations]"
Change component parameters (AddParameter): Name = "Supplier 1"; Value = "Farnell"; VariantName = "[No Variations]"
Change component parameters (AddParameter): Name = "Supplier 2"; Value = "Mouser"; VariantName = "[No Variations]"
Change component parameters (AddParameter): Name = "Supplier Link 1"; Value = "https://de.farnell.com/w/c/passive-bauelemente/kondensatoren/keramikkondensatoren/keramik-vielschichtkondensatoren-mlcc-smd?brand=kemet&kapazitatstoleranz=posneg-10pc&dielektrikum=x7r"; VariantName = "[No Variations]"
Change component parameters (AddParameter): Name = "Supplier Part Number 2"; Value = "80-C1206C104J5RACTU"; VariantName = "[No Variations]"
Change component parameters (AddParameter): Name = "Value"; Value = "100n"; VariantName = "[No Variations]"
Change component parameters: Designator = "C21"; Footprint = "CAPC3216X180X50NL20T25"; UniqueID = "\SMQLPFVK\EEJGCYIM"
Change component parameters. Clean all parameters for all variants
Change component parameters (AddParameter): Name = "ComponentLink1Description"; Value = "Datasheet"; VariantName = "[No Variations]"
Change component parameters (AddParameter): Name = "ComponentLink1URL"; Value = "https://content.kemet.com/datasheets/KEM_C1002_X7R_SMD.pdf"; VariantName = "[No Variations]"
Change component parameters (AddParameter): Name = "Created"; Value = "2019-12-08_Thilo_Wendt"; VariantName = "[No Variations]"
Change component parameters (AddParameter): Name = "HelpURL"; Value = "https://content.kemet.com/datasheets/KEM_C1002_X7R_SMD.pdf"; VariantName = "[No Variations]"
Change component parameters (AddParameter): Name = "MaxCap"; Value = "100n"; VariantName = "[No Variations]"
Change component parameters (AddParameter): Name = "MaxVoltage"; Value = "100"; VariantName = "[No Variations]"
Change component parameters (AddParameter): Name = "MF"; Value = "KEMET"; VariantName = "[No Variations]"
Change component parameters (AddParameter): Name = "MinCap"; Value = "10p"; VariantName = "[No Variations]"
Change component parameters (AddParameter): Name = "MPN"; Value = "C1206C104J5RACTU"; VariantName = "[No Variations]"
Change component parameters (AddParameter): Name = "Package"; Value = "CurrentFootprint"; VariantName = "[No Variations]"
Change component parameters (AddParameter): Name = "Parameter1"; Value = "5"; VariantName = "[No Variations]"
Change component parameters (AddParameter): Name = "Parameter1Desc"; Value = "Voltage Symbol"; VariantName = "[No Variations]"
Change component parameters (AddParameter): Name = "Parameter2"; Value = "J"; VariantName = "[No Variations]"
Change component parameters (AddParameter): Name = "Parameter2Desc"; Value = "Tolerance Symbol"; VariantName = "[No Variations]"
Change component parameters (AddParameter): Name = "Supplier 1"; Value = "Farnell"; VariantName = "[No Variations]"
Change component parameters (AddParameter): Name = "Supplier 2"; Value = "Mouser"; VariantName = "[No Variations]"
Change component parameters (AddParameter): Name = "Supplier Link 1"; Value = "https://de.farnell.com/w/c/passive-bauelemente/kondensatoren/keramikkondensatoren/keramik-vielschichtkondensatoren-mlcc-smd?brand=kemet&kapazitatstoleranz=posneg-10pc&dielektrikum=x7r"; VariantName = "[No Variations]"
Change component parameters (AddParameter): Name = "Supplier Part Number 2"; Value = "80-C1206C104J5RACTU"; VariantName = "[No Variations]"
Change component parameters (AddParameter): Name = "Value"; Value = "100n"; VariantName = "[No Variations]"
Change component parameters (AddParameter): Name = "ComponentLink1Description"; Value = "Datasheet"; VariantName = "3V3_to_3V3"
Change component parameters (AddParameter): Name = "ComponentLink1URL"; Value = "https://content.kemet.com/datasheets/KEM_C1002_X7R_SMD.pdf"; VariantName = "3V3_to_3V3"
Change component parameters (AddParameter): Name = "Created"; Value = "2019-12-08_Thilo_Wendt"; VariantName = "3V3_to_3V3"
Change component parameters (AddParameter): Name = "HelpURL"; Value = "https://content.kemet.com/datasheets/KEM_C1002_X7R_SMD.pdf"; VariantName = "3V3_to_3V3"
Change component parameters (AddParameter): Name = "MaxCap"; Value = "100n"; VariantName = "3V3_to_3V3"
Change component parameters (AddParameter): Name = "MaxVoltage"; Value = "100"; VariantName = "3V3_to_3V3"
Change component parameters (AddParameter): Name = "MF"; Value = "KEMET"; VariantName = "3V3_to_3V3"
Change component parameters (AddParameter): Name = "MinCap"; Value = "10p"; VariantName = "3V3_to_3V3"
Change component parameters (AddParameter): Name = "MPN"; Value = "C1206C104J5RACTU"; VariantName = "3V3_to_3V3"
Change component parameters (AddParameter): Name = "Package"; Value = "CurrentFootprint"; VariantName = "3V3_to_3V3"
Change component parameters (AddParameter): Name = "Parameter1"; Value = "5"; VariantName = "3V3_to_3V3"
Change component parameters (AddParameter): Name = "Parameter1Desc"; Value = "Voltage Symbol"; VariantName = "3V3_to_3V3"
Change component parameters (AddParameter): Name = "Parameter2"; Value = "J"; VariantName = "3V3_to_3V3"
Change component parameters (AddParameter): Name = "Parameter2Desc"; Value = "Tolerance Symbol"; VariantName = "3V3_to_3V3"
Change component parameters (AddParameter): Name = "Supplier 1"; Value = "Farnell"; VariantName = "3V3_to_3V3"
Change component parameters (AddParameter): Name = "Supplier 2"; Value = "Mouser"; VariantName = "3V3_to_3V3"
Change component parameters (AddParameter): Name = "Supplier Link 1"; Value = "https://de.farnell.com/w/c/passive-bauelemente/kondensatoren/keramikkondensatoren/keramik-vielschichtkondensatoren-mlcc-smd?brand=kemet&kapazitatstoleranz=posneg-10pc&dielektrikum=x7r"; VariantName = "3V3_to_3V3"
Change component parameters (AddParameter): Name = "Supplier Part Number 2"; Value = "80-C1206C104J5RACTU"; VariantName = "3V3_to_3V3"
Change component parameters (AddParameter): Name = "Value"; Value = "100n"; VariantName = "3V3_to_3V3"
Change component parameters (AddParameter): Name = "ComponentLink1Description"; Value = "Datasheet"; VariantName = "3V3_to_5V"
Change component parameters (AddParameter): Name = "ComponentLink1URL"; Value = "https://content.kemet.com/datasheets/KEM_C1002_X7R_SMD.pdf"; VariantName = "3V3_to_5V"
Change component parameters (AddParameter): Name = "Created"; Value = "2019-12-08_Thilo_Wendt"; VariantName = "3V3_to_5V"
Change component parameters (AddParameter): Name = "HelpURL"; Value = "https://content.kemet.com/datasheets/KEM_C1002_X7R_SMD.pdf"; VariantName = "3V3_to_5V"
Change component parameters (AddParameter): Name = "MaxCap"; Value = "100n"; VariantName = "3V3_to_5V"
Change component parameters (AddParameter): Name = "MaxVoltage"; Value = "100"; VariantName = "3V3_to_5V"
Change component parameters (AddParameter): Name = "MF"; Value = "KEMET"; VariantName = "3V3_to_5V"
Change component parameters (AddParameter): Name = "MinCap"; Value = "10p"; VariantName = "3V3_to_5V"
Change component parameters (AddParameter): Name = "MPN"; Value = "C1206C104J5RACTU"; VariantName = "3V3_to_5V"
Change component parameters (AddParameter): Name = "Package"; Value = "CurrentFootprint"; VariantName = "3V3_to_5V"
Change component parameters (AddParameter): Name = "Parameter1"; Value = "5"; VariantName = "3V3_to_5V"
Change component parameters (AddParameter): Name = "Parameter1Desc"; Value = "Voltage Symbol"; VariantName = "3V3_to_5V"
Change component parameters (AddParameter): Name = "Parameter2"; Value = "J"; VariantName = "3V3_to_5V"
Change component parameters (AddParameter): Name = "Parameter2Desc"; Value = "Tolerance Symbol"; VariantName = "3V3_to_5V"
Change component parameters (AddParameter): Name = "Supplier 1"; Value = "Farnell"; VariantName = "3V3_to_5V"
Change component parameters (AddParameter): Name = "Supplier 2"; Value = "Mouser"; VariantName = "3V3_to_5V"
Change component parameters (AddParameter): Name = "Supplier Link 1"; Value = "https://de.farnell.com/w/c/passive-bauelemente/kondensatoren/keramikkondensatoren/keramik-vielschichtkondensatoren-mlcc-smd?brand=kemet&kapazitatstoleranz=posneg-10pc&dielektrikum=x7r"; VariantName = "3V3_to_5V"
Change component parameters (AddParameter): Name = "Supplier Part Number 2"; Value = "80-C1206C104J5RACTU"; VariantName = "3V3_to_5V"
Change component parameters (AddParameter): Name = "Value"; Value = "100n"; VariantName = "3V3_to_5V"
Change component parameters (AddParameter): Name = "ComponentLink1Description"; Value = "Datasheet"; VariantName = "3V3_to_RS422"
Change component parameters (AddParameter): Name = "ComponentLink1URL"; Value = "https://content.kemet.com/datasheets/KEM_C1002_X7R_SMD.pdf"; VariantName = "3V3_to_RS422"
Change component parameters (AddParameter): Name = "Created"; Value = "2019-12-08_Thilo_Wendt"; VariantName = "3V3_to_RS422"
Change component parameters (AddParameter): Name = "HelpURL"; Value = "https://content.kemet.com/datasheets/KEM_C1002_X7R_SMD.pdf"; VariantName = "3V3_to_RS422"
Change component parameters (AddParameter): Name = "MaxCap"; Value = "100n"; VariantName = "3V3_to_RS422"
Change component parameters (AddParameter): Name = "MaxVoltage"; Value = "100"; VariantName = "3V3_to_RS422"
Change component parameters (AddParameter): Name = "MF"; Value = "KEMET"; VariantName = "3V3_to_RS422"
Change component parameters (AddParameter): Name = "MinCap"; Value = "10p"; VariantName = "3V3_to_RS422"
Change component parameters (AddParameter): Name = "MPN"; Value = "C1206C104J5RACTU"; VariantName = "3V3_to_RS422"
Change component parameters (AddParameter): Name = "Package"; Value = "CurrentFootprint"; VariantName = "3V3_to_RS422"
Change component parameters (AddParameter): Name = "Parameter1"; Value = "5"; VariantName = "3V3_to_RS422"
Change component parameters (AddParameter): Name = "Parameter1Desc"; Value = "Voltage Symbol"; VariantName = "3V3_to_RS422"
Change component parameters (AddParameter): Name = "Parameter2"; Value = "J"; VariantName = "3V3_to_RS422"
Change component parameters (AddParameter): Name = "Parameter2Desc"; Value = "Tolerance Symbol"; VariantName = "3V3_to_RS422"
Change component parameters (AddParameter): Name = "Supplier 1"; Value = "Farnell"; VariantName = "3V3_to_RS422"
Change component parameters (AddParameter): Name = "Supplier 2"; Value = "Mouser"; VariantName = "3V3_to_RS422"
Change component parameters (AddParameter): Name = "Supplier Link 1"; Value = "https://de.farnell.com/w/c/passive-bauelemente/kondensatoren/keramikkondensatoren/keramik-vielschichtkondensatoren-mlcc-smd?brand=kemet&kapazitatstoleranz=posneg-10pc&dielektrikum=x7r"; VariantName = "3V3_to_RS422"
Change component parameters (AddParameter): Name = "Supplier Part Number 2"; Value = "80-C1206C104J5RACTU"; VariantName = "3V3_to_RS422"
Change component parameters (AddParameter): Name = "Value"; Value = "100n"; VariantName = "3V3_to_RS422"
Change component parameters (AddParameter): Name = "ComponentLink1Description"; Value = "Datasheet"; VariantName = "RS422_to_3V3"
Change component parameters (AddParameter): Name = "ComponentLink1URL"; Value = "https://content.kemet.com/datasheets/KEM_C1002_X7R_SMD.pdf"; VariantName = "RS422_to_3V3"
Change component parameters (AddParameter): Name = "Created"; Value = "2019-12-08_Thilo_Wendt"; VariantName = "RS422_to_3V3"
Change component parameters (AddParameter): Name = "HelpURL"; Value = "https://content.kemet.com/datasheets/KEM_C1002_X7R_SMD.pdf"; VariantName = "RS422_to_3V3"
Change component parameters (AddParameter): Name = "MaxCap"; Value = "100n"; VariantName = "RS422_to_3V3"
Change component parameters (AddParameter): Name = "MaxVoltage"; Value = "100"; VariantName = "RS422_to_3V3"
Change component parameters (AddParameter): Name = "MF"; Value = "KEMET"; VariantName = "RS422_to_3V3"
Change component parameters (AddParameter): Name = "MinCap"; Value = "10p"; VariantName = "RS422_to_3V3"
Change component parameters (AddParameter): Name = "MPN"; Value = "C1206C104J5RACTU"; VariantName = "RS422_to_3V3"
Change component parameters (AddParameter): Name = "Package"; Value = "CurrentFootprint"; VariantName = "RS422_to_3V3"
Change component parameters (AddParameter): Name = "Parameter1"; Value = "5"; VariantName = "RS422_to_3V3"
Change component parameters (AddParameter): Name = "Parameter1Desc"; Value = "Voltage Symbol"; VariantName = "RS422_to_3V3"
Change component parameters (AddParameter): Name = "Parameter2"; Value = "J"; VariantName = "RS422_to_3V3"
Change component parameters (AddParameter): Name = "Parameter2Desc"; Value = "Tolerance Symbol"; VariantName = "RS422_to_3V3"
Change component parameters (AddParameter): Name = "Supplier 1"; Value = "Farnell"; VariantName = "RS422_to_3V3"
Change component parameters (AddParameter): Name = "Supplier 2"; Value = "Mouser"; VariantName = "RS422_to_3V3"
Change component parameters (AddParameter): Name = "Supplier Link 1"; Value = "https://de.farnell.com/w/c/passive-bauelemente/kondensatoren/keramikkondensatoren/keramik-vielschichtkondensatoren-mlcc-smd?brand=kemet&kapazitatstoleranz=posneg-10pc&dielektrikum=x7r"; VariantName = "RS422_to_3V3"
Change component parameters (AddParameter): Name = "Supplier Part Number 2"; Value = "80-C1206C104J5RACTU"; VariantName = "RS422_to_3V3"
Change component parameters (AddParameter): Name = "Value"; Value = "100n"; VariantName = "RS422_to_3V3"
Change component parameters: Designator = "C6"; Footprint = "CAPC3216X180X50NL20T25"; UniqueID = "\GEIJMUXU\XCNNXUEO"
Change component parameters. Clean all parameters for all variants
Change component parameters (AddParameter): Name = "ComponentLink1Description"; Value = "Datasheet"; VariantName = "[No Variations]"
Change component parameters (AddParameter): Name = "ComponentLink1URL"; Value = "https://content.kemet.com/datasheets/KEM_C1002_X7R_SMD.pdf"; VariantName = "[No Variations]"
Change component parameters (AddParameter): Name = "Created"; Value = "2019-12-08_Thilo_Wendt"; VariantName = "[No Variations]"
Change component parameters (AddParameter): Name = "HelpURL"; Value = "https://content.kemet.com/datasheets/KEM_C1002_X7R_SMD.pdf"; VariantName = "[No Variations]"
Change component parameters (AddParameter): Name = "MaxCap"; Value = "1u"; VariantName = "[No Variations]"
Change component parameters (AddParameter): Name = "MaxVoltage"; Value = "50"; VariantName = "[No Variations]"
Change component parameters (AddParameter): Name = "MF"; Value = "KEMET"; VariantName = "[No Variations]"
Change component parameters (AddParameter): Name = "MinCap"; Value = "10p"; VariantName = "[No Variations]"
Change component parameters (AddParameter): Name = "MPN"; Value = "C1206C104J5RACTU"; VariantName = "[No Variations]"
Change component parameters (AddParameter): Name = "Package"; Value = "CurrentFootprint"; VariantName = "[No Variations]"
Change component parameters (AddParameter): Name = "Parameter1"; Value = "5"; VariantName = "[No Variations]"
Change component parameters (AddParameter): Name = "Parameter1Desc"; Value = "Voltage Symbol"; VariantName = "[No Variations]"
Change component parameters (AddParameter): Name = "Parameter2"; Value = "J"; VariantName = "[No Variations]"
Change component parameters (AddParameter): Name = "Parameter2Desc"; Value = "Tolerance Symbol"; VariantName = "[No Variations]"
Change component parameters (AddParameter): Name = "Supplier 1"; Value = "Farnell"; VariantName = "[No Variations]"
Change component parameters (AddParameter): Name = "Supplier 2"; Value = "Mouser"; VariantName = "[No Variations]"
Change component parameters (AddParameter): Name = "Supplier Link 1"; Value = "https://de.farnell.com/w/c/passive-bauelemente/kondensatoren/keramikkondensatoren/keramik-vielschichtkondensatoren-mlcc-smd?brand=kemet&kapazitatstoleranz=posneg-10pc&dielektrikum=x7r"; VariantName = "[No Variations]"
Change component parameters (AddParameter): Name = "Supplier Part Number 2"; Value = "80-C1206C104J5RACTU"; VariantName = "[No Variations]"
Change component parameters (AddParameter): Name = "Value"; Value = "100n"; VariantName = "[No Variations]"
Change component parameters: Designator = "C7"; Footprint = "CAPC3216X180X50NL20T25"; UniqueID = "\GEIJMUXU\KQPDTRNA"
Change component parameters. Clean all parameters for all variants
Change component parameters (AddParameter): Name = "ComponentLink1Description"; Value = "Datasheet"; VariantName = "[No Variations]"
Change component parameters (AddParameter): Name = "ComponentLink1URL"; Value = "https://content.kemet.com/datasheets/KEM_C1002_X7R_SMD.pdf"; VariantName = "[No Variations]"
Change component parameters (AddParameter): Name = "Created"; Value = "2019-12-08_Thilo_Wendt"; VariantName = "[No Variations]"
Change component parameters (AddParameter): Name = "HelpURL"; Value = "https://content.kemet.com/datasheets/KEM_C1002_X7R_SMD.pdf"; VariantName = "[No Variations]"
Change component parameters (AddParameter): Name = "MaxCap"; Value = "1u"; VariantName = "[No Variations]"
Change component parameters (AddParameter): Name = "MaxVoltage"; Value = "50"; VariantName = "[No Variations]"
Change component parameters (AddParameter): Name = "MF"; Value = "KEMET"; VariantName = "[No Variations]"
Change component parameters (AddParameter): Name = "MinCap"; Value = "10p"; VariantName = "[No Variations]"
Change component parameters (AddParameter): Name = "MPN"; Value = "C1206C104J5RACTU"; VariantName = "[No Variations]"
Change component parameters (AddParameter): Name = "Package"; Value = "CurrentFootprint"; VariantName = "[No Variations]"
Change component parameters (AddParameter): Name = "Parameter1"; Value = "5"; VariantName = "[No Variations]"
Change component parameters (AddParameter): Name = "Parameter1Desc"; Value = "Voltage Symbol"; VariantName = "[No Variations]"
Change component parameters (AddParameter): Name = "Parameter2"; Value = "J"; VariantName = "[No Variations]"
Change component parameters (AddParameter): Name = "Parameter2Desc"; Value = "Tolerance Symbol"; VariantName = "[No Variations]"
Change component parameters (AddParameter): Name = "Supplier 1"; Value = "Farnell"; VariantName = "[No Variations]"
Change component parameters (AddParameter): Name = "Supplier 2"; Value = "Mouser"; VariantName = "[No Variations]"
Change component parameters (AddParameter): Name = "Supplier Link 1"; Value = "https://de.farnell.com/w/c/passive-bauelemente/kondensatoren/keramikkondensatoren/keramik-vielschichtkondensatoren-mlcc-smd?brand=kemet&kapazitatstoleranz=posneg-10pc&dielektrikum=x7r"; VariantName = "[No Variations]"
Change component parameters (AddParameter): Name = "Supplier Part Number 2"; Value = "80-C1206C104J5RACTU"; VariantName = "[No Variations]"
Change component parameters (AddParameter): Name = "Value"; Value = "100n"; VariantName = "[No Variations]"
Change component parameters: Designator = "C8"; Footprint = "CAPC3216X180X50NL20T25"; UniqueID = "\GEIJMUXU\CBEBJVXE"
Change component parameters. Clean all parameters for all variants
Change component parameters (AddParameter): Name = "ComponentLink1Description"; Value = "Datasheet"; VariantName = "[No Variations]"
Change component parameters (AddParameter): Name = "ComponentLink1URL"; Value = "https://content.kemet.com/datasheets/KEM_C1002_X7R_SMD.pdf"; VariantName = "[No Variations]"
Change component parameters (AddParameter): Name = "Created"; Value = "2019-12-08_Thilo_Wendt"; VariantName = "[No Variations]"
Change component parameters (AddParameter): Name = "HelpURL"; Value = "https://content.kemet.com/datasheets/KEM_C1002_X7R_SMD.pdf"; VariantName = "[No Variations]"
Change component parameters (AddParameter): Name = "MaxCap"; Value = "1u"; VariantName = "[No Variations]"
Change component parameters (AddParameter): Name = "MaxVoltage"; Value = "50"; VariantName = "[No Variations]"
Change component parameters (AddParameter): Name = "MF"; Value = "KEMET"; VariantName = "[No Variations]"
Change component parameters (AddParameter): Name = "MinCap"; Value = "10p"; VariantName = "[No Variations]"
Change component parameters (AddParameter): Name = "MPN"; Value = "C1206C104J5RACTU"; VariantName = "[No Variations]"
Change component parameters (AddParameter): Name = "Package"; Value = "CurrentFootprint"; VariantName = "[No Variations]"
Change component parameters (AddParameter): Name = "Parameter1"; Value = "5"; VariantName = "[No Variations]"
Change component parameters (AddParameter): Name = "Parameter1Desc"; Value = "Voltage Symbol"; VariantName = "[No Variations]"
Change component parameters (AddParameter): Name = "Parameter2"; Value = "J"; VariantName = "[No Variations]"
Change component parameters (AddParameter): Name = "Parameter2Desc"; Value = "Tolerance Symbol"; VariantName = "[No Variations]"
Change component parameters (AddParameter): Name = "Supplier 1"; Value = "Farnell"; VariantName = "[No Variations]"
Change component parameters (AddParameter): Name = "Supplier 2"; Value = "Mouser"; VariantName = "[No Variations]"
Change component parameters (AddParameter): Name = "Supplier Link 1"; Value = "https://de.farnell.com/w/c/passive-bauelemente/kondensatoren/keramikkondensatoren/keramik-vielschichtkondensatoren-mlcc-smd?brand=kemet&kapazitatstoleranz=posneg-10pc&dielektrikum=x7r"; VariantName = "[No Variations]"
Change component parameters (AddParameter): Name = "Supplier Part Number 2"; Value = "80-C1206C104J5RACTU"; VariantName = "[No Variations]"
Change component parameters (AddParameter): Name = "Value"; Value = "100n"; VariantName = "[No Variations]"
Change component parameters: Designator = "C9"; Footprint = "CAPC3216X180X50NL20T25"; UniqueID = "\GEIJMUXU\JUAQJJRV"
Change component parameters. Clean all parameters for all variants
Change component parameters (AddParameter): Name = "ComponentLink1Description"; Value = "Datasheet"; VariantName = "[No Variations]"
Change component parameters (AddParameter): Name = "ComponentLink1URL"; Value = "https://content.kemet.com/datasheets/KEM_C1002_X7R_SMD.pdf"; VariantName = "[No Variations]"
Change component parameters (AddParameter): Name = "Created"; Value = "2019-12-08_Thilo_Wendt"; VariantName = "[No Variations]"
Change component parameters (AddParameter): Name = "HelpURL"; Value = "https://content.kemet.com/datasheets/KEM_C1002_X7R_SMD.pdf"; VariantName = "[No Variations]"
Change component parameters (AddParameter): Name = "MaxCap"; Value = "1u"; VariantName = "[No Variations]"
Change component parameters (AddParameter): Name = "MaxVoltage"; Value = "50"; VariantName = "[No Variations]"
Change component parameters (AddParameter): Name = "MF"; Value = "KEMET"; VariantName = "[No Variations]"
Change component parameters (AddParameter): Name = "MinCap"; Value = "10p"; VariantName = "[No Variations]"
Change component parameters (AddParameter): Name = "MPN"; Value = "C1206C104J5RACTU"; VariantName = "[No Variations]"
Change component parameters (AddParameter): Name = "Package"; Value = "CurrentFootprint"; VariantName = "[No Variations]"
Change component parameters (AddParameter): Name = "Parameter1"; Value = "5"; VariantName = "[No Variations]"
Change component parameters (AddParameter): Name = "Parameter1Desc"; Value = "Voltage Symbol"; VariantName = "[No Variations]"
Change component parameters (AddParameter): Name = "Parameter2"; Value = "J"; VariantName = "[No Variations]"
Change component parameters (AddParameter): Name = "Parameter2Desc"; Value = "Tolerance Symbol"; VariantName = "[No Variations]"
Change component parameters (AddParameter): Name = "Supplier 1"; Value = "Farnell"; VariantName = "[No Variations]"
Change component parameters (AddParameter): Name = "Supplier 2"; Value = "Mouser"; VariantName = "[No Variations]"
Change component parameters (AddParameter): Name = "Supplier Link 1"; Value = "https://de.farnell.com/w/c/passive-bauelemente/kondensatoren/keramikkondensatoren/keramik-vielschichtkondensatoren-mlcc-smd?brand=kemet&kapazitatstoleranz=posneg-10pc&dielektrikum=x7r"; VariantName = "[No Variations]"
Change component parameters (AddParameter): Name = "Supplier Part Number 2"; Value = "80-C1206C104J5RACTU"; VariantName = "[No Variations]"
Change component parameters (AddParameter): Name = "Value"; Value = "100n"; VariantName = "[No Variations]"
Change component parameters: Designator = "C10"; Footprint = "CAPC3216X180X50NL20T25"; UniqueID = "\GEIJMUXU\CEZAQFAZ"
Change component parameters. Clean all parameters for all variants
Change component parameters (AddParameter): Name = "ComponentLink1Description"; Value = "Datasheet"; VariantName = "[No Variations]"
Change component parameters (AddParameter): Name = "ComponentLink1URL"; Value = "https://content.kemet.com/datasheets/KEM_C1002_X7R_SMD.pdf"; VariantName = "[No Variations]"
Change component parameters (AddParameter): Name = "Created"; Value = "2019-12-08_Thilo_Wendt"; VariantName = "[No Variations]"
Change component parameters (AddParameter): Name = "HelpURL"; Value = "https://content.kemet.com/datasheets/KEM_C1002_X7R_SMD.pdf"; VariantName = "[No Variations]"
Change component parameters (AddParameter): Name = "MaxCap"; Value = "1u"; VariantName = "[No Variations]"
Change component parameters (AddParameter): Name = "MaxVoltage"; Value = "50"; VariantName = "[No Variations]"
Change component parameters (AddParameter): Name = "MF"; Value = "KEMET"; VariantName = "[No Variations]"
Change component parameters (AddParameter): Name = "MinCap"; Value = "10p"; VariantName = "[No Variations]"
Change component parameters (AddParameter): Name = "MPN"; Value = "C1206C104J5RACTU"; VariantName = "[No Variations]"
Change component parameters (AddParameter): Name = "Package"; Value = "CurrentFootprint"; VariantName = "[No Variations]"
Change component parameters (AddParameter): Name = "Parameter1"; Value = "5"; VariantName = "[No Variations]"
Change component parameters (AddParameter): Name = "Parameter1Desc"; Value = "Voltage Symbol"; VariantName = "[No Variations]"
Change component parameters (AddParameter): Name = "Parameter2"; Value = "J"; VariantName = "[No Variations]"
Change component parameters (AddParameter): Name = "Parameter2Desc"; Value = "Tolerance Symbol"; VariantName = "[No Variations]"
Change component parameters (AddParameter): Name = "Supplier 1"; Value = "Farnell"; VariantName = "[No Variations]"
Change component parameters (AddParameter): Name = "Supplier 2"; Value = "Mouser"; VariantName = "[No Variations]"
Change component parameters (AddParameter): Name = "Supplier Link 1"; Value = "https://de.farnell.com/w/c/passive-bauelemente/kondensatoren/keramikkondensatoren/keramik-vielschichtkondensatoren-mlcc-smd?brand=kemet&kapazitatstoleranz=posneg-10pc&dielektrikum=x7r"; VariantName = "[No Variations]"
Change component parameters (AddParameter): Name = "Supplier Part Number 2"; Value = "80-C1206C104J5RACTU"; VariantName = "[No Variations]"
Change component parameters (AddParameter): Name = "Value"; Value = "100n"; VariantName = "[No Variations]"
Change component parameters: Designator = "C11"; Footprint = "CAPC3216X180X50NL20T25"; UniqueID = "\GEIJMUXU\APOKECQI"
Change component parameters. Clean all parameters for all variants
Change component parameters (AddParameter): Name = "ComponentLink1Description"; Value = "Datasheet"; VariantName = "[No Variations]"
Change component parameters (AddParameter): Name = "ComponentLink1URL"; Value = "https://content.kemet.com/datasheets/KEM_C1002_X7R_SMD.pdf"; VariantName = "[No Variations]"
Change component parameters (AddParameter): Name = "Created"; Value = "2019-12-08_Thilo_Wendt"; VariantName = "[No Variations]"
Change component parameters (AddParameter): Name = "HelpURL"; Value = "https://content.kemet.com/datasheets/KEM_C1002_X7R_SMD.pdf"; VariantName = "[No Variations]"
Change component parameters (AddParameter): Name = "MaxCap"; Value = "1u"; VariantName = "[No Variations]"
Change component parameters (AddParameter): Name = "MaxVoltage"; Value = "50"; VariantName = "[No Variations]"
Change component parameters (AddParameter): Name = "MF"; Value = "KEMET"; VariantName = "[No Variations]"
Change component parameters (AddParameter): Name = "MinCap"; Value = "10p"; VariantName = "[No Variations]"
Change component parameters (AddParameter): Name = "MPN"; Value = "C1206C104J5RACTU"; VariantName = "[No Variations]"
Change component parameters (AddParameter): Name = "Package"; Value = "CurrentFootprint"; VariantName = "[No Variations]"
Change component parameters (AddParameter): Name = "Parameter1"; Value = "5"; VariantName = "[No Variations]"
Change component parameters (AddParameter): Name = "Parameter1Desc"; Value = "Voltage Symbol"; VariantName = "[No Variations]"
Change component parameters (AddParameter): Name = "Parameter2"; Value = "J"; VariantName = "[No Variations]"
Change component parameters (AddParameter): Name = "Parameter2Desc"; Value = "Tolerance Symbol"; VariantName = "[No Variations]"
Change component parameters (AddParameter): Name = "Supplier 1"; Value = "Farnell"; VariantName = "[No Variations]"
Change component parameters (AddParameter): Name = "Supplier 2"; Value = "Mouser"; VariantName = "[No Variations]"
Change component parameters (AddParameter): Name = "Supplier Link 1"; Value = "https://de.farnell.com/w/c/passive-bauelemente/kondensatoren/keramikkondensatoren/keramik-vielschichtkondensatoren-mlcc-smd?brand=kemet&kapazitatstoleranz=posneg-10pc&dielektrikum=x7r"; VariantName = "[No Variations]"
Change component parameters (AddParameter): Name = "Supplier Part Number 2"; Value = "80-C1206C104J5RACTU"; VariantName = "[No Variations]"
Change component parameters (AddParameter): Name = "Value"; Value = "100n"; VariantName = "[No Variations]"
Change component parameters: Designator = "C12"; Footprint = "CAPC3216X180X50NL20T25"; UniqueID = "\GEIJMUXU\VOOVDCBN"
Change component parameters. Clean all parameters for all variants
Change component parameters (AddParameter): Name = "ComponentLink1Description"; Value = "Datasheet"; VariantName = "[No Variations]"
Change component parameters (AddParameter): Name = "ComponentLink1URL"; Value = "https://content.kemet.com/datasheets/KEM_C1002_X7R_SMD.pdf"; VariantName = "[No Variations]"
Change component parameters (AddParameter): Name = "Created"; Value = "2019-12-08_Thilo_Wendt"; VariantName = "[No Variations]"
Change component parameters (AddParameter): Name = "HelpURL"; Value = "https://content.kemet.com/datasheets/KEM_C1002_X7R_SMD.pdf"; VariantName = "[No Variations]"
Change component parameters (AddParameter): Name = "MaxCap"; Value = "1u"; VariantName = "[No Variations]"
Change component parameters (AddParameter): Name = "MaxVoltage"; Value = "50"; VariantName = "[No Variations]"
Change component parameters (AddParameter): Name = "MF"; Value = "KEMET"; VariantName = "[No Variations]"
Change component parameters (AddParameter): Name = "MinCap"; Value = "10p"; VariantName = "[No Variations]"
Change component parameters (AddParameter): Name = "MPN"; Value = "C1206C104J5RACTU"; VariantName = "[No Variations]"
Change component parameters (AddParameter): Name = "Package"; Value = "CurrentFootprint"; VariantName = "[No Variations]"
Change component parameters (AddParameter): Name = "Parameter1"; Value = "5"; VariantName = "[No Variations]"
Change component parameters (AddParameter): Name = "Parameter1Desc"; Value = "Voltage Symbol"; VariantName = "[No Variations]"
Change component parameters (AddParameter): Name = "Parameter2"; Value = "J"; VariantName = "[No Variations]"
Change component parameters (AddParameter): Name = "Parameter2Desc"; Value = "Tolerance Symbol"; VariantName = "[No Variations]"
Change component parameters (AddParameter): Name = "Supplier 1"; Value = "Farnell"; VariantName = "[No Variations]"
Change component parameters (AddParameter): Name = "Supplier 2"; Value = "Mouser"; VariantName = "[No Variations]"
Change component parameters (AddParameter): Name = "Supplier Link 1"; Value = "https://de.farnell.com/w/c/passive-bauelemente/kondensatoren/keramikkondensatoren/keramik-vielschichtkondensatoren-mlcc-smd?brand=kemet&kapazitatstoleranz=posneg-10pc&dielektrikum=x7r"; VariantName = "[No Variations]"
Change component parameters (AddParameter): Name = "Supplier Part Number 2"; Value = "80-C1206C104J5RACTU"; VariantName = "[No Variations]"
Change component parameters (AddParameter): Name = "Value"; Value = "100n"; VariantName = "[No Variations]"
Change component parameters: Designator = "C13"; Footprint = "CAPC3216X180X50NL20T25"; UniqueID = "\GEIJMUXU\UZNSUNOK"
Change component parameters. Clean all parameters for all variants
Change component parameters (AddParameter): Name = "ComponentLink1Description"; Value = "Datasheet"; VariantName = "[No Variations]"
Change component parameters (AddParameter): Name = "ComponentLink1URL"; Value = "https://content.kemet.com/datasheets/KEM_C1002_X7R_SMD.pdf"; VariantName = "[No Variations]"
Change component parameters (AddParameter): Name = "Created"; Value = "2019-12-08_Thilo_Wendt"; VariantName = "[No Variations]"
Change component parameters (AddParameter): Name = "HelpURL"; Value = "https://content.kemet.com/datasheets/KEM_C1002_X7R_SMD.pdf"; VariantName = "[No Variations]"
Change component parameters (AddParameter): Name = "MaxCap"; Value = "1u"; VariantName = "[No Variations]"
Change component parameters (AddParameter): Name = "MaxVoltage"; Value = "50"; VariantName = "[No Variations]"
Change component parameters (AddParameter): Name = "MF"; Value = "KEMET"; VariantName = "[No Variations]"
Change component parameters (AddParameter): Name = "MinCap"; Value = "10p"; VariantName = "[No Variations]"
Change component parameters (AddParameter): Name = "MPN"; Value = "C1206C104J5RACTU"; VariantName = "[No Variations]"
Change component parameters (AddParameter): Name = "Package"; Value = "CurrentFootprint"; VariantName = "[No Variations]"
Change component parameters (AddParameter): Name = "Parameter1"; Value = "5"; VariantName = "[No Variations]"
Change component parameters (AddParameter): Name = "Parameter1Desc"; Value = "Voltage Symbol"; VariantName = "[No Variations]"
Change component parameters (AddParameter): Name = "Parameter2"; Value = "J"; VariantName = "[No Variations]"
Change component parameters (AddParameter): Name = "Parameter2Desc"; Value = "Tolerance Symbol"; VariantName = "[No Variations]"
Change component parameters (AddParameter): Name = "Supplier 1"; Value = "Farnell"; VariantName = "[No Variations]"
Change component parameters (AddParameter): Name = "Supplier 2"; Value = "Mouser"; VariantName = "[No Variations]"
Change component parameters (AddParameter): Name = "Supplier Link 1"; Value = "https://de.farnell.com/w/c/passive-bauelemente/kondensatoren/keramikkondensatoren/keramik-vielschichtkondensatoren-mlcc-smd?brand=kemet&kapazitatstoleranz=posneg-10pc&dielektrikum=x7r"; VariantName = "[No Variations]"
Change component parameters (AddParameter): Name = "Supplier Part Number 2"; Value = "80-C1206C104J5RACTU"; VariantName = "[No Variations]"
Change component parameters (AddParameter): Name = "Value"; Value = "100n"; VariantName = "[No Variations]"
Change component parameters: Designator = "C14"; Footprint = "CAPC3216X180X50NL20T25"; UniqueID = "\GEIJMUXU\XAHZDDXD"
Change component parameters. Clean all parameters for all variants
Change component parameters (AddParameter): Name = "ComponentLink1Description"; Value = "Datasheet"; VariantName = "[No Variations]"
Change component parameters (AddParameter): Name = "ComponentLink1URL"; Value = "https://content.kemet.com/datasheets/KEM_C1002_X7R_SMD.pdf"; VariantName = "[No Variations]"
Change component parameters (AddParameter): Name = "Created"; Value = "2019-12-08_Thilo_Wendt"; VariantName = "[No Variations]"
Change component parameters (AddParameter): Name = "HelpURL"; Value = "https://content.kemet.com/datasheets/KEM_C1002_X7R_SMD.pdf"; VariantName = "[No Variations]"
Change component parameters (AddParameter): Name = "MaxCap"; Value = "1u"; VariantName = "[No Variations]"
Change component parameters (AddParameter): Name = "MaxVoltage"; Value = "50"; VariantName = "[No Variations]"
Change component parameters (AddParameter): Name = "MF"; Value = "KEMET"; VariantName = "[No Variations]"
Change component parameters (AddParameter): Name = "MinCap"; Value = "10p"; VariantName = "[No Variations]"
Change component parameters (AddParameter): Name = "MPN"; Value = "C1206C104J5RACTU"; VariantName = "[No Variations]"
Change component parameters (AddParameter): Name = "Package"; Value = "CurrentFootprint"; VariantName = "[No Variations]"
Change component parameters (AddParameter): Name = "Parameter1"; Value = "5"; VariantName = "[No Variations]"
Change component parameters (AddParameter): Name = "Parameter1Desc"; Value = "Voltage Symbol"; VariantName = "[No Variations]"
Change component parameters (AddParameter): Name = "Parameter2"; Value = "J"; VariantName = "[No Variations]"
Change component parameters (AddParameter): Name = "Parameter2Desc"; Value = "Tolerance Symbol"; VariantName = "[No Variations]"
Change component parameters (AddParameter): Name = "Supplier 1"; Value = "Farnell"; VariantName = "[No Variations]"
Change component parameters (AddParameter): Name = "Supplier 2"; Value = "Mouser"; VariantName = "[No Variations]"
Change component parameters (AddParameter): Name = "Supplier Link 1"; Value = "https://de.farnell.com/w/c/passive-bauelemente/kondensatoren/keramikkondensatoren/keramik-vielschichtkondensatoren-mlcc-smd?brand=kemet&kapazitatstoleranz=posneg-10pc&dielektrikum=x7r"; VariantName = "[No Variations]"
Change component parameters (AddParameter): Name = "Supplier Part Number 2"; Value = "80-C1206C104J5RACTU"; VariantName = "[No Variations]"
Change component parameters (AddParameter): Name = "Value"; Value = "100n"; VariantName = "[No Variations]"
Change component parameters: Designator = "C15"; Footprint = "CAPC3216X180X50NL20T25"; UniqueID = "\GEIJMUXU\CEPXQPNZ"
Change component parameters. Clean all parameters for all variants
Change component parameters (AddParameter): Name = "ComponentLink1Description"; Value = "Datasheet"; VariantName = "[No Variations]"
Change component parameters (AddParameter): Name = "ComponentLink1URL"; Value = "https://content.kemet.com/datasheets/KEM_C1002_X7R_SMD.pdf"; VariantName = "[No Variations]"
Change component parameters (AddParameter): Name = "Created"; Value = "2019-12-08_Thilo_Wendt"; VariantName = "[No Variations]"
Change component parameters (AddParameter): Name = "HelpURL"; Value = "https://content.kemet.com/datasheets/KEM_C1002_X7R_SMD.pdf"; VariantName = "[No Variations]"
Change component parameters (AddParameter): Name = "MaxCap"; Value = "1u"; VariantName = "[No Variations]"
Change component parameters (AddParameter): Name = "MaxVoltage"; Value = "50"; VariantName = "[No Variations]"
Change component parameters (AddParameter): Name = "MF"; Value = "KEMET"; VariantName = "[No Variations]"
Change component parameters (AddParameter): Name = "MinCap"; Value = "10p"; VariantName = "[No Variations]"
Change component parameters (AddParameter): Name = "MPN"; Value = "C1206C104J5RACTU"; VariantName = "[No Variations]"
Change component parameters (AddParameter): Name = "Package"; Value = "CurrentFootprint"; VariantName = "[No Variations]"
Change component parameters (AddParameter): Name = "Parameter1"; Value = "5"; VariantName = "[No Variations]"
Change component parameters (AddParameter): Name = "Parameter1Desc"; Value = "Voltage Symbol"; VariantName = "[No Variations]"
Change component parameters (AddParameter): Name = "Parameter2"; Value = "J"; VariantName = "[No Variations]"
Change component parameters (AddParameter): Name = "Parameter2Desc"; Value = "Tolerance Symbol"; VariantName = "[No Variations]"
Change component parameters (AddParameter): Name = "Supplier 1"; Value = "Farnell"; VariantName = "[No Variations]"
Change component parameters (AddParameter): Name = "Supplier 2"; Value = "Mouser"; VariantName = "[No Variations]"
Change component parameters (AddParameter): Name = "Supplier Link 1"; Value = "https://de.farnell.com/w/c/passive-bauelemente/kondensatoren/keramikkondensatoren/keramik-vielschichtkondensatoren-mlcc-smd?brand=kemet&kapazitatstoleranz=posneg-10pc&dielektrikum=x7r"; VariantName = "[No Variations]"
Change component parameters (AddParameter): Name = "Supplier Part Number 2"; Value = "80-C1206C104J5RACTU"; VariantName = "[No Variations]"
Change component parameters (AddParameter): Name = "Value"; Value = "100n"; VariantName = "[No Variations]"
Change component parameters: Designator = "C16"; Footprint = "CAPC3216X180X50NL20T25"; UniqueID = "\GEIJMUXU\HHFETDOF"
Change component parameters. Clean all parameters for all variants
Change component parameters (AddParameter): Name = "ComponentLink1Description"; Value = "Datasheet"; VariantName = "[No Variations]"
Change component parameters (AddParameter): Name = "ComponentLink1URL"; Value = "https://content.kemet.com/datasheets/KEM_C1002_X7R_SMD.pdf"; VariantName = "[No Variations]"
Change component parameters (AddParameter): Name = "Created"; Value = "2019-12-08_Thilo_Wendt"; VariantName = "[No Variations]"
Change component parameters (AddParameter): Name = "HelpURL"; Value = "https://content.kemet.com/datasheets/KEM_C1002_X7R_SMD.pdf"; VariantName = "[No Variations]"
Change component parameters (AddParameter): Name = "MaxCap"; Value = "1u"; VariantName = "[No Variations]"
Change component parameters (AddParameter): Name = "MaxVoltage"; Value = "50"; VariantName = "[No Variations]"
Change component parameters (AddParameter): Name = "MF"; Value = "KEMET"; VariantName = "[No Variations]"
Change component parameters (AddParameter): Name = "MinCap"; Value = "10p"; VariantName = "[No Variations]"
Change component parameters (AddParameter): Name = "MPN"; Value = "C1206C104J5RACTU"; VariantName = "[No Variations]"
Change component parameters (AddParameter): Name = "Package"; Value = "CurrentFootprint"; VariantName = "[No Variations]"
Change component parameters (AddParameter): Name = "Parameter1"; Value = "5"; VariantName = "[No Variations]"
Change component parameters (AddParameter): Name = "Parameter1Desc"; Value = "Voltage Symbol"; VariantName = "[No Variations]"
Change component parameters (AddParameter): Name = "Parameter2"; Value = "J"; VariantName = "[No Variations]"
Change component parameters (AddParameter): Name = "Parameter2Desc"; Value = "Tolerance Symbol"; VariantName = "[No Variations]"
Change component parameters (AddParameter): Name = "Supplier 1"; Value = "Farnell"; VariantName = "[No Variations]"
Change component parameters (AddParameter): Name = "Supplier 2"; Value = "Mouser"; VariantName = "[No Variations]"
Change component parameters (AddParameter): Name = "Supplier Link 1"; Value = "https://de.farnell.com/w/c/passive-bauelemente/kondensatoren/keramikkondensatoren/keramik-vielschichtkondensatoren-mlcc-smd?brand=kemet&kapazitatstoleranz=posneg-10pc&dielektrikum=x7r"; VariantName = "[No Variations]"
Change component parameters (AddParameter): Name = "Supplier Part Number 2"; Value = "80-C1206C104J5RACTU"; VariantName = "[No Variations]"
Change component parameters (AddParameter): Name = "Value"; Value = "100n"; VariantName = "[No Variations]"
Change component parameters: Designator = "R9"; Footprint = "RESC1608X55X30NL15T15"; UniqueID = "\GEIJMUXU\HCHBUUDC"
Change component parameters. Clean all parameters for all variants
Change component parameters (AddParameter): Name = "ComponentLink1Description"; Value = "Datasheet"; VariantName = "[No Variations]"
Change component parameters (AddParameter): Name = "ComponentLink1URL"; Value = "https://www.mouser.de/datasheet/2/315/AOA0000C334-1314047.pdf"; VariantName = "[No Variations]"
Change component parameters (AddParameter): Name = "Created"; Value = "2019-12-08_Thilo_Wendt"; VariantName = "[No Variations]"
Change component parameters (AddParameter): Name = "HelpURL"; Value = "https://www.mouser.de/datasheet/2/315/AOA0000C334-1314047.pdf"; VariantName = "[No Variations]"
Change component parameters (AddParameter): Name = "MaxVoltage"; Value = "100"; VariantName = "[No Variations]"
Change component parameters (AddParameter): Name = "MF"; Value = "Panasonic"; VariantName = "[No Variations]"
Change component parameters (AddParameter): Name = "MPN"; Value = "ERJU03F1501V"; VariantName = "[No Variations]"
Change component parameters (AddParameter): Name = "Package"; Value = "CurrentFootprint"; VariantName = "[No Variations]"
Change component parameters (AddParameter): Name = "Parameter1"; Value = "V"; VariantName = "[No Variations]"
Change component parameters (AddParameter): Name = "Parameter1Desc"; Value = "Package Method"; VariantName = "[No Variations]"
Change component parameters (AddParameter): Name = "Parameter2"; Value = "F"; VariantName = "[No Variations]"
Change component parameters (AddParameter): Name = "Parameter2Desc"; Value = "Tolerance Symbol"; VariantName = "[No Variations]"
Change component parameters (AddParameter): Name = "Parameter3"; Value = ""; VariantName = "[No Variations]"
Change component parameters (AddParameter): Name = "Parameter3Desc"; Value = ""; VariantName = "[No Variations]"
Change component parameters (AddParameter): Name = "Supplier1"; Value = "https://de.farnell.com/w/search?qualifizierungsstandard-der-automobilindustrie=aec-q200&range=inc-in-stock&st=erju"; VariantName = "[No Variations]"
Change component parameters (AddParameter): Name = "Value"; Value = "2k7"; VariantName = "[No Variations]"
Change component parameters (AddParameter): Name = "ComponentLink1Description"; Value = "Datasheet"; VariantName = "3V3_to_5V"
Change component parameters (AddParameter): Name = "ComponentLink1URL"; Value = "https://www.mouser.de/datasheet/2/315/AOA0000C334-1314047.pdf"; VariantName = "3V3_to_5V"
Change component parameters (AddParameter): Name = "Created"; Value = "2019-12-08_Thilo_Wendt"; VariantName = "3V3_to_5V"
Change component parameters (AddParameter): Name = "HelpURL"; Value = "https://www.mouser.de/datasheet/2/315/AOA0000C334-1314047.pdf"; VariantName = "3V3_to_5V"
Change component parameters (AddParameter): Name = "MaxVoltage"; Value = "100"; VariantName = "3V3_to_5V"
Change component parameters (AddParameter): Name = "MF"; Value = "Panasonic"; VariantName = "3V3_to_5V"
Change component parameters (AddParameter): Name = "MPN"; Value = "ERJU03F1501V"; VariantName = "3V3_to_5V"
Change component parameters (AddParameter): Name = "Package"; Value = "CurrentFootprint"; VariantName = "3V3_to_5V"
Change component parameters (AddParameter): Name = "Parameter1"; Value = "V"; VariantName = "3V3_to_5V"
Change component parameters (AddParameter): Name = "Parameter1Desc"; Value = "Package Method"; VariantName = "3V3_to_5V"
Change component parameters (AddParameter): Name = "Parameter2"; Value = "F"; VariantName = "3V3_to_5V"
Change component parameters (AddParameter): Name = "Parameter2Desc"; Value = "Tolerance Symbol"; VariantName = "3V3_to_5V"
Change component parameters (AddParameter): Name = "Parameter3"; Value = ""; VariantName = "3V3_to_5V"
Change component parameters (AddParameter): Name = "Parameter3Desc"; Value = ""; VariantName = "3V3_to_5V"
Change component parameters (AddParameter): Name = "Supplier1"; Value = "https://de.farnell.com/w/search?qualifizierungsstandard-der-automobilindustrie=aec-q200&range=inc-in-stock&st=erju"; VariantName = "3V3_to_5V"
Change component parameters (AddParameter): Name = "Value"; Value = "2k7"; VariantName = "3V3_to_5V"
Change component parameters (AddParameter): Name = "ComponentLink1Description"; Value = "Datasheet"; VariantName = "3V3_to_15V"
Change component parameters (AddParameter): Name = "ComponentLink1URL"; Value = "https://www.mouser.de/datasheet/2/315/AOA0000C334-1314047.pdf"; VariantName = "3V3_to_15V"
Change component parameters (AddParameter): Name = "Created"; Value = "2019-12-08_Thilo_Wendt"; VariantName = "3V3_to_15V"
Change component parameters (AddParameter): Name = "HelpURL"; Value = "https://www.mouser.de/datasheet/2/315/AOA0000C334-1314047.pdf"; VariantName = "3V3_to_15V"
Change component parameters (AddParameter): Name = "MaxVoltage"; Value = "100"; VariantName = "3V3_to_15V"
Change component parameters (AddParameter): Name = "MF"; Value = "Panasonic"; VariantName = "3V3_to_15V"
Change component parameters (AddParameter): Name = "MPN"; Value = "ERJU03F1501V"; VariantName = "3V3_to_15V"
Change component parameters (AddParameter): Name = "Package"; Value = "CurrentFootprint"; VariantName = "3V3_to_15V"
Change component parameters (AddParameter): Name = "Parameter1"; Value = "V"; VariantName = "3V3_to_15V"
Change component parameters (AddParameter): Name = "Parameter1Desc"; Value = "Package Method"; VariantName = "3V3_to_15V"
Change component parameters (AddParameter): Name = "Parameter2"; Value = "F"; VariantName = "3V3_to_15V"
Change component parameters (AddParameter): Name = "Parameter2Desc"; Value = "Tolerance Symbol"; VariantName = "3V3_to_15V"
Change component parameters (AddParameter): Name = "Parameter3"; Value = ""; VariantName = "3V3_to_15V"
Change component parameters (AddParameter): Name = "Parameter3Desc"; Value = ""; VariantName = "3V3_to_15V"
Change component parameters (AddParameter): Name = "Supplier1"; Value = "https://de.farnell.com/w/search?qualifizierungsstandard-der-automobilindustrie=aec-q200&range=inc-in-stock&st=erju"; VariantName = "3V3_to_15V"
Change component parameters (AddParameter): Name = "Value"; Value = "2k7"; VariantName = "3V3_to_15V"
Change component parameters (AddParameter): Name = "ComponentLink1Description"; Value = "Datasheet"; VariantName = "3V3_to_RS422"
Change component parameters (AddParameter): Name = "ComponentLink1URL"; Value = "https://www.mouser.de/datasheet/2/315/AOA0000C334-1314047.pdf"; VariantName = "3V3_to_RS422"
Change component parameters (AddParameter): Name = "Created"; Value = "2019-12-08_Thilo_Wendt"; VariantName = "3V3_to_RS422"
Change component parameters (AddParameter): Name = "HelpURL"; Value = "https://www.mouser.de/datasheet/2/315/AOA0000C334-1314047.pdf"; VariantName = "3V3_to_RS422"
Change component parameters (AddParameter): Name = "MaxVoltage"; Value = "100"; VariantName = "3V3_to_RS422"
Change component parameters (AddParameter): Name = "MF"; Value = "Panasonic"; VariantName = "3V3_to_RS422"
Change component parameters (AddParameter): Name = "MPN"; Value = "ERJU03F1501V"; VariantName = "3V3_to_RS422"
Change component parameters (AddParameter): Name = "Package"; Value = "CurrentFootprint"; VariantName = "3V3_to_RS422"
Change component parameters (AddParameter): Name = "Parameter1"; Value = "V"; VariantName = "3V3_to_RS422"
Change component parameters (AddParameter): Name = "Parameter1Desc"; Value = "Package Method"; VariantName = "3V3_to_RS422"
Change component parameters (AddParameter): Name = "Parameter2"; Value = "F"; VariantName = "3V3_to_RS422"
Change component parameters (AddParameter): Name = "Parameter2Desc"; Value = "Tolerance Symbol"; VariantName = "3V3_to_RS422"
Change component parameters (AddParameter): Name = "Parameter3"; Value = ""; VariantName = "3V3_to_RS422"
Change component parameters (AddParameter): Name = "Parameter3Desc"; Value = ""; VariantName = "3V3_to_RS422"
Change component parameters (AddParameter): Name = "Supplier1"; Value = "https://de.farnell.com/w/search?qualifizierungsstandard-der-automobilindustrie=aec-q200&range=inc-in-stock&st=erju"; VariantName = "3V3_to_RS422"
Change component parameters (AddParameter): Name = "Value"; Value = "2k7"; VariantName = "3V3_to_RS422"
Change component parameters (AddParameter): Name = "ComponentLink1Description"; Value = "Datasheet"; VariantName = "RS422_to_3V3"
Change component parameters (AddParameter): Name = "ComponentLink1URL"; Value = "https://www.mouser.de/datasheet/2/315/AOA0000C334-1314047.pdf"; VariantName = "RS422_to_3V3"
Change component parameters (AddParameter): Name = "Created"; Value = "2019-12-08_Thilo_Wendt"; VariantName = "RS422_to_3V3"
Change component parameters (AddParameter): Name = "HelpURL"; Value = "https://www.mouser.de/datasheet/2/315/AOA0000C334-1314047.pdf"; VariantName = "RS422_to_3V3"
Change component parameters (AddParameter): Name = "MaxVoltage"; Value = "100"; VariantName = "RS422_to_3V3"
Change component parameters (AddParameter): Name = "MF"; Value = "Panasonic"; VariantName = "RS422_to_3V3"
Change component parameters (AddParameter): Name = "MPN"; Value = "ERJU03F1501V"; VariantName = "RS422_to_3V3"
Change component parameters (AddParameter): Name = "Package"; Value = "CurrentFootprint"; VariantName = "RS422_to_3V3"
Change component parameters (AddParameter): Name = "Parameter1"; Value = "V"; VariantName = "RS422_to_3V3"
Change component parameters (AddParameter): Name = "Parameter1Desc"; Value = "Package Method"; VariantName = "RS422_to_3V3"
Change component parameters (AddParameter): Name = "Parameter2"; Value = "F"; VariantName = "RS422_to_3V3"
Change component parameters (AddParameter): Name = "Parameter2Desc"; Value = "Tolerance Symbol"; VariantName = "RS422_to_3V3"
Change component parameters (AddParameter): Name = "Parameter3"; Value = ""; VariantName = "RS422_to_3V3"
Change component parameters (AddParameter): Name = "Parameter3Desc"; Value = ""; VariantName = "RS422_to_3V3"
Change component parameters (AddParameter): Name = "Supplier1"; Value = "https://de.farnell.com/w/search?qualifizierungsstandard-der-automobilindustrie=aec-q200&range=inc-in-stock&st=erju"; VariantName = "RS422_to_3V3"
Change component parameters (AddParameter): Name = "Value"; Value = "2k7"; VariantName = "RS422_to_3V3"
Change component parameters: Designator = "R10"; Footprint = "RESC1608X55X30NL15T15"; UniqueID = "\GEIJMUXU\YJEMIYYI"
Change component parameters. Clean all parameters for all variants
Change component parameters (AddParameter): Name = "ComponentLink1Description"; Value = "Datasheet"; VariantName = "[No Variations]"
Change component parameters (AddParameter): Name = "ComponentLink1URL"; Value = "https://www.mouser.de/datasheet/2/315/AOA0000C334-1314047.pdf"; VariantName = "[No Variations]"
Change component parameters (AddParameter): Name = "Created"; Value = "2019-12-08_Thilo_Wendt"; VariantName = "[No Variations]"
Change component parameters (AddParameter): Name = "HelpURL"; Value = "https://www.mouser.de/datasheet/2/315/AOA0000C334-1314047.pdf"; VariantName = "[No Variations]"
Change component parameters (AddParameter): Name = "MaxVoltage"; Value = "100"; VariantName = "[No Variations]"
Change component parameters (AddParameter): Name = "MF"; Value = "Panasonic"; VariantName = "[No Variations]"
Change component parameters (AddParameter): Name = "MPN"; Value = "ERJU03F2701V"; VariantName = "[No Variations]"
Change component parameters (AddParameter): Name = "Package"; Value = "CurrentFootprint"; VariantName = "[No Variations]"
Change component parameters (AddParameter): Name = "Parameter1"; Value = "V"; VariantName = "[No Variations]"
Change component parameters (AddParameter): Name = "Parameter1Desc"; Value = "Package Method"; VariantName = "[No Variations]"
Change component parameters (AddParameter): Name = "Parameter2"; Value = "F"; VariantName = "[No Variations]"
Change component parameters (AddParameter): Name = "Parameter2Desc"; Value = "Tolerance Symbol"; VariantName = "[No Variations]"
Change component parameters (AddParameter): Name = "Parameter3"; Value = ""; VariantName = "[No Variations]"
Change component parameters (AddParameter): Name = "Parameter3Desc"; Value = ""; VariantName = "[No Variations]"
Change component parameters (AddParameter): Name = "Supplier1"; Value = "https://de.farnell.com/w/search?qualifizierungsstandard-der-automobilindustrie=aec-q200&range=inc-in-stock&st=erju"; VariantName = "[No Variations]"
Change component parameters (AddParameter): Name = "Value"; Value = "1k5"; VariantName = "[No Variations]"
Change component parameters (AddParameter): Name = "ComponentLink1Description"; Value = "Datasheet"; VariantName = "3V3_to_3V3"
Change component parameters (AddParameter): Name = "ComponentLink1URL"; Value = "https://www.mouser.de/datasheet/2/315/AOA0000C334-1314047.pdf"; VariantName = "3V3_to_3V3"
Change component parameters (AddParameter): Name = "Created"; Value = "2019-12-08_Thilo_Wendt"; VariantName = "3V3_to_3V3"
Change component parameters (AddParameter): Name = "HelpURL"; Value = "https://www.mouser.de/datasheet/2/315/AOA0000C334-1314047.pdf"; VariantName = "3V3_to_3V3"
Change component parameters (AddParameter): Name = "MaxVoltage"; Value = "100"; VariantName = "3V3_to_3V3"
Change component parameters (AddParameter): Name = "MF"; Value = "Panasonic"; VariantName = "3V3_to_3V3"
Change component parameters (AddParameter): Name = "MPN"; Value = "ERJU03F2701V"; VariantName = "3V3_to_3V3"
Change component parameters (AddParameter): Name = "Package"; Value = "CurrentFootprint"; VariantName = "3V3_to_3V3"
Change component parameters (AddParameter): Name = "Parameter1"; Value = "V"; VariantName = "3V3_to_3V3"
Change component parameters (AddParameter): Name = "Parameter1Desc"; Value = "Package Method"; VariantName = "3V3_to_3V3"
Change component parameters (AddParameter): Name = "Parameter2"; Value = "F"; VariantName = "3V3_to_3V3"
Change component parameters (AddParameter): Name = "Parameter2Desc"; Value = "Tolerance Symbol"; VariantName = "3V3_to_3V3"
Change component parameters (AddParameter): Name = "Parameter3"; Value = ""; VariantName = "3V3_to_3V3"
Change component parameters (AddParameter): Name = "Parameter3Desc"; Value = ""; VariantName = "3V3_to_3V3"
Change component parameters (AddParameter): Name = "Supplier1"; Value = "https://de.farnell.com/w/search?qualifizierungsstandard-der-automobilindustrie=aec-q200&range=inc-in-stock&st=erju"; VariantName = "3V3_to_3V3"
Change component parameters (AddParameter): Name = "Value"; Value = "1k5"; VariantName = "3V3_to_3V3"
Change component parameters (AddParameter): Name = "ComponentLink1Description"; Value = "Datasheet"; VariantName = "3V3_to_15V"
Change component parameters (AddParameter): Name = "ComponentLink1URL"; Value = "https://www.mouser.de/datasheet/2/315/AOA0000C334-1314047.pdf"; VariantName = "3V3_to_15V"
Change component parameters (AddParameter): Name = "Created"; Value = "2019-12-08_Thilo_Wendt"; VariantName = "3V3_to_15V"
Change component parameters (AddParameter): Name = "HelpURL"; Value = "https://www.mouser.de/datasheet/2/315/AOA0000C334-1314047.pdf"; VariantName = "3V3_to_15V"
Change component parameters (AddParameter): Name = "MaxVoltage"; Value = "100"; VariantName = "3V3_to_15V"
Change component parameters (AddParameter): Name = "MF"; Value = "Panasonic"; VariantName = "3V3_to_15V"
Change component parameters (AddParameter): Name = "MPN"; Value = "ERJU03F2701V"; VariantName = "3V3_to_15V"
Change component parameters (AddParameter): Name = "Package"; Value = "CurrentFootprint"; VariantName = "3V3_to_15V"
Change component parameters (AddParameter): Name = "Parameter1"; Value = "V"; VariantName = "3V3_to_15V"
Change component parameters (AddParameter): Name = "Parameter1Desc"; Value = "Package Method"; VariantName = "3V3_to_15V"
Change component parameters (AddParameter): Name = "Parameter2"; Value = "F"; VariantName = "3V3_to_15V"
Change component parameters (AddParameter): Name = "Parameter2Desc"; Value = "Tolerance Symbol"; VariantName = "3V3_to_15V"
Change component parameters (AddParameter): Name = "Parameter3"; Value = ""; VariantName = "3V3_to_15V"
Change component parameters (AddParameter): Name = "Parameter3Desc"; Value = ""; VariantName = "3V3_to_15V"
Change component parameters (AddParameter): Name = "Supplier1"; Value = "https://de.farnell.com/w/search?qualifizierungsstandard-der-automobilindustrie=aec-q200&range=inc-in-stock&st=erju"; VariantName = "3V3_to_15V"
Change component parameters (AddParameter): Name = "Value"; Value = "1k5"; VariantName = "3V3_to_15V"
Change component parameters (AddParameter): Name = "ComponentLink1Description"; Value = "Datasheet"; VariantName = "3V3_to_RS422"
Change component parameters (AddParameter): Name = "ComponentLink1URL"; Value = "https://www.mouser.de/datasheet/2/315/AOA0000C334-1314047.pdf"; VariantName = "3V3_to_RS422"
Change component parameters (AddParameter): Name = "Created"; Value = "2019-12-08_Thilo_Wendt"; VariantName = "3V3_to_RS422"
Change component parameters (AddParameter): Name = "HelpURL"; Value = "https://www.mouser.de/datasheet/2/315/AOA0000C334-1314047.pdf"; VariantName = "3V3_to_RS422"
Change component parameters (AddParameter): Name = "MaxVoltage"; Value = "100"; VariantName = "3V3_to_RS422"
Change component parameters (AddParameter): Name = "MF"; Value = "Panasonic"; VariantName = "3V3_to_RS422"
Change component parameters (AddParameter): Name = "MPN"; Value = "ERJU03F2701V"; VariantName = "3V3_to_RS422"
Change component parameters (AddParameter): Name = "Package"; Value = "CurrentFootprint"; VariantName = "3V3_to_RS422"
Change component parameters (AddParameter): Name = "Parameter1"; Value = "V"; VariantName = "3V3_to_RS422"
Change component parameters (AddParameter): Name = "Parameter1Desc"; Value = "Package Method"; VariantName = "3V3_to_RS422"
Change component parameters (AddParameter): Name = "Parameter2"; Value = "F"; VariantName = "3V3_to_RS422"
Change component parameters (AddParameter): Name = "Parameter2Desc"; Value = "Tolerance Symbol"; VariantName = "3V3_to_RS422"
Change component parameters (AddParameter): Name = "Parameter3"; Value = ""; VariantName = "3V3_to_RS422"
Change component parameters (AddParameter): Name = "Parameter3Desc"; Value = ""; VariantName = "3V3_to_RS422"
Change component parameters (AddParameter): Name = "Supplier1"; Value = "https://de.farnell.com/w/search?qualifizierungsstandard-der-automobilindustrie=aec-q200&range=inc-in-stock&st=erju"; VariantName = "3V3_to_RS422"
Change component parameters (AddParameter): Name = "Value"; Value = "1k5"; VariantName = "3V3_to_RS422"
Change component parameters (AddParameter): Name = "ComponentLink1Description"; Value = "Datasheet"; VariantName = "RS422_to_3V3"
Change component parameters (AddParameter): Name = "ComponentLink1URL"; Value = "https://www.mouser.de/datasheet/2/315/AOA0000C334-1314047.pdf"; VariantName = "RS422_to_3V3"
Change component parameters (AddParameter): Name = "Created"; Value = "2019-12-08_Thilo_Wendt"; VariantName = "RS422_to_3V3"
Change component parameters (AddParameter): Name = "HelpURL"; Value = "https://www.mouser.de/datasheet/2/315/AOA0000C334-1314047.pdf"; VariantName = "RS422_to_3V3"
Change component parameters (AddParameter): Name = "MaxVoltage"; Value = "100"; VariantName = "RS422_to_3V3"
Change component parameters (AddParameter): Name = "MF"; Value = "Panasonic"; VariantName = "RS422_to_3V3"
Change component parameters (AddParameter): Name = "MPN"; Value = "ERJU03F2701V"; VariantName = "RS422_to_3V3"
Change component parameters (AddParameter): Name = "Package"; Value = "CurrentFootprint"; VariantName = "RS422_to_3V3"
Change component parameters (AddParameter): Name = "Parameter1"; Value = "V"; VariantName = "RS422_to_3V3"
Change component parameters (AddParameter): Name = "Parameter1Desc"; Value = "Package Method"; VariantName = "RS422_to_3V3"
Change component parameters (AddParameter): Name = "Parameter2"; Value = "F"; VariantName = "RS422_to_3V3"
Change component parameters (AddParameter): Name = "Parameter2Desc"; Value = "Tolerance Symbol"; VariantName = "RS422_to_3V3"
Change component parameters (AddParameter): Name = "Parameter3"; Value = ""; VariantName = "RS422_to_3V3"
Change component parameters (AddParameter): Name = "Parameter3Desc"; Value = ""; VariantName = "RS422_to_3V3"
Change component parameters (AddParameter): Name = "Supplier1"; Value = "https://de.farnell.com/w/search?qualifizierungsstandard-der-automobilindustrie=aec-q200&range=inc-in-stock&st=erju"; VariantName = "RS422_to_3V3"
Change component parameters (AddParameter): Name = "Value"; Value = "1k5"; VariantName = "RS422_to_3V3"
Change component parameters: Designator = "R11"; Footprint = "RESC1608X55X30NL15T15"; UniqueID = "\GEIJMUXU\MLJSYHOW"
Change component parameters. Clean all parameters for all variants
Change component parameters (AddParameter): Name = "ComponentLink1Description"; Value = "Datasheet"; VariantName = "[No Variations]"
Change component parameters (AddParameter): Name = "ComponentLink1URL"; Value = "https://www.mouser.de/datasheet/2/315/AOA0000C334-1314047.pdf"; VariantName = "[No Variations]"
Change component parameters (AddParameter): Name = "Created"; Value = "2019-12-08_Thilo_Wendt"; VariantName = "[No Variations]"
Change component parameters (AddParameter): Name = "HelpURL"; Value = "https://www.mouser.de/datasheet/2/315/AOA0000C334-1314047.pdf"; VariantName = "[No Variations]"
Change component parameters (AddParameter): Name = "MaxVoltage"; Value = "100"; VariantName = "[No Variations]"
Change component parameters (AddParameter): Name = "MF"; Value = "Panasonic"; VariantName = "[No Variations]"
Change component parameters (AddParameter): Name = "MPN"; Value = "ERJU03F2701V"; VariantName = "[No Variations]"
Change component parameters (AddParameter): Name = "Package"; Value = "CurrentFootprint"; VariantName = "[No Variations]"
Change component parameters (AddParameter): Name = "Parameter1"; Value = "V"; VariantName = "[No Variations]"
Change component parameters (AddParameter): Name = "Parameter1Desc"; Value = "Package Method"; VariantName = "[No Variations]"
Change component parameters (AddParameter): Name = "Parameter2"; Value = "F"; VariantName = "[No Variations]"
Change component parameters (AddParameter): Name = "Parameter2Desc"; Value = "Tolerance Symbol"; VariantName = "[No Variations]"
Change component parameters (AddParameter): Name = "Parameter3"; Value = ""; VariantName = "[No Variations]"
Change component parameters (AddParameter): Name = "Parameter3Desc"; Value = ""; VariantName = "[No Variations]"
Change component parameters (AddParameter): Name = "Supplier1"; Value = "https://de.farnell.com/w/search?qualifizierungsstandard-der-automobilindustrie=aec-q200&range=inc-in-stock&st=erju"; VariantName = "[No Variations]"
Change component parameters (AddParameter): Name = "Value"; Value = "1k5"; VariantName = "[No Variations]"
Change component parameters (AddParameter): Name = "ComponentLink1Description"; Value = "Datasheet"; VariantName = "3V3_to_3V3"
Change component parameters (AddParameter): Name = "ComponentLink1URL"; Value = "https://www.mouser.de/datasheet/2/315/AOA0000C334-1314047.pdf"; VariantName = "3V3_to_3V3"
Change component parameters (AddParameter): Name = "Created"; Value = "2019-12-08_Thilo_Wendt"; VariantName = "3V3_to_3V3"
Change component parameters (AddParameter): Name = "HelpURL"; Value = "https://www.mouser.de/datasheet/2/315/AOA0000C334-1314047.pdf"; VariantName = "3V3_to_3V3"
Change component parameters (AddParameter): Name = "MaxVoltage"; Value = "100"; VariantName = "3V3_to_3V3"
Change component parameters (AddParameter): Name = "MF"; Value = "Panasonic"; VariantName = "3V3_to_3V3"
Change component parameters (AddParameter): Name = "MPN"; Value = "ERJU03F2701V"; VariantName = "3V3_to_3V3"
Change component parameters (AddParameter): Name = "Package"; Value = "CurrentFootprint"; VariantName = "3V3_to_3V3"
Change component parameters (AddParameter): Name = "Parameter1"; Value = "V"; VariantName = "3V3_to_3V3"
Change component parameters (AddParameter): Name = "Parameter1Desc"; Value = "Package Method"; VariantName = "3V3_to_3V3"
Change component parameters (AddParameter): Name = "Parameter2"; Value = "F"; VariantName = "3V3_to_3V3"
Change component parameters (AddParameter): Name = "Parameter2Desc"; Value = "Tolerance Symbol"; VariantName = "3V3_to_3V3"
Change component parameters (AddParameter): Name = "Parameter3"; Value = ""; VariantName = "3V3_to_3V3"
Change component parameters (AddParameter): Name = "Parameter3Desc"; Value = ""; VariantName = "3V3_to_3V3"
Change component parameters (AddParameter): Name = "Supplier1"; Value = "https://de.farnell.com/w/search?qualifizierungsstandard-der-automobilindustrie=aec-q200&range=inc-in-stock&st=erju"; VariantName = "3V3_to_3V3"
Change component parameters (AddParameter): Name = "Value"; Value = "1k5"; VariantName = "3V3_to_3V3"
Change component parameters (AddParameter): Name = "ComponentLink1Description"; Value = "Datasheet"; VariantName = "3V3_to_5V"
Change component parameters (AddParameter): Name = "ComponentLink1URL"; Value = "https://www.mouser.de/datasheet/2/315/AOA0000C334-1314047.pdf"; VariantName = "3V3_to_5V"
Change component parameters (AddParameter): Name = "Created"; Value = "2019-12-08_Thilo_Wendt"; VariantName = "3V3_to_5V"
Change component parameters (AddParameter): Name = "HelpURL"; Value = "https://www.mouser.de/datasheet/2/315/AOA0000C334-1314047.pdf"; VariantName = "3V3_to_5V"
Change component parameters (AddParameter): Name = "MaxVoltage"; Value = "100"; VariantName = "3V3_to_5V"
Change component parameters (AddParameter): Name = "MF"; Value = "Panasonic"; VariantName = "3V3_to_5V"
Change component parameters (AddParameter): Name = "MPN"; Value = "ERJU03F2701V"; VariantName = "3V3_to_5V"
Change component parameters (AddParameter): Name = "Package"; Value = "CurrentFootprint"; VariantName = "3V3_to_5V"
Change component parameters (AddParameter): Name = "Parameter1"; Value = "V"; VariantName = "3V3_to_5V"
Change component parameters (AddParameter): Name = "Parameter1Desc"; Value = "Package Method"; VariantName = "3V3_to_5V"
Change component parameters (AddParameter): Name = "Parameter2"; Value = "F"; VariantName = "3V3_to_5V"
Change component parameters (AddParameter): Name = "Parameter2Desc"; Value = "Tolerance Symbol"; VariantName = "3V3_to_5V"
Change component parameters (AddParameter): Name = "Parameter3"; Value = ""; VariantName = "3V3_to_5V"
Change component parameters (AddParameter): Name = "Parameter3Desc"; Value = ""; VariantName = "3V3_to_5V"
Change component parameters (AddParameter): Name = "Supplier1"; Value = "https://de.farnell.com/w/search?qualifizierungsstandard-der-automobilindustrie=aec-q200&range=inc-in-stock&st=erju"; VariantName = "3V3_to_5V"
Change component parameters (AddParameter): Name = "Value"; Value = "1k5"; VariantName = "3V3_to_5V"
Change component parameters (AddParameter): Name = "ComponentLink1Description"; Value = "Datasheet"; VariantName = "3V3_to_RS422"
Change component parameters (AddParameter): Name = "ComponentLink1URL"; Value = "https://www.mouser.de/datasheet/2/315/AOA0000C334-1314047.pdf"; VariantName = "3V3_to_RS422"
Change component parameters (AddParameter): Name = "Created"; Value = "2019-12-08_Thilo_Wendt"; VariantName = "3V3_to_RS422"
Change component parameters (AddParameter): Name = "HelpURL"; Value = "https://www.mouser.de/datasheet/2/315/AOA0000C334-1314047.pdf"; VariantName = "3V3_to_RS422"
Change component parameters (AddParameter): Name = "MaxVoltage"; Value = "100"; VariantName = "3V3_to_RS422"
Change component parameters (AddParameter): Name = "MF"; Value = "Panasonic"; VariantName = "3V3_to_RS422"
Change component parameters (AddParameter): Name = "MPN"; Value = "ERJU03F2701V"; VariantName = "3V3_to_RS422"
Change component parameters (AddParameter): Name = "Package"; Value = "CurrentFootprint"; VariantName = "3V3_to_RS422"
Change component parameters (AddParameter): Name = "Parameter1"; Value = "V"; VariantName = "3V3_to_RS422"
Change component parameters (AddParameter): Name = "Parameter1Desc"; Value = "Package Method"; VariantName = "3V3_to_RS422"
Change component parameters (AddParameter): Name = "Parameter2"; Value = "F"; VariantName = "3V3_to_RS422"
Change component parameters (AddParameter): Name = "Parameter2Desc"; Value = "Tolerance Symbol"; VariantName = "3V3_to_RS422"
Change component parameters (AddParameter): Name = "Parameter3"; Value = ""; VariantName = "3V3_to_RS422"
Change component parameters (AddParameter): Name = "Parameter3Desc"; Value = ""; VariantName = "3V3_to_RS422"
Change component parameters (AddParameter): Name = "Supplier1"; Value = "https://de.farnell.com/w/search?qualifizierungsstandard-der-automobilindustrie=aec-q200&range=inc-in-stock&st=erju"; VariantName = "3V3_to_RS422"
Change component parameters (AddParameter): Name = "Value"; Value = "1k5"; VariantName = "3V3_to_RS422"
Change component parameters (AddParameter): Name = "ComponentLink1Description"; Value = "Datasheet"; VariantName = "RS422_to_3V3"
Change component parameters (AddParameter): Name = "ComponentLink1URL"; Value = "https://www.mouser.de/datasheet/2/315/AOA0000C334-1314047.pdf"; VariantName = "RS422_to_3V3"
Change component parameters (AddParameter): Name = "Created"; Value = "2019-12-08_Thilo_Wendt"; VariantName = "RS422_to_3V3"
Change component parameters (AddParameter): Name = "HelpURL"; Value = "https://www.mouser.de/datasheet/2/315/AOA0000C334-1314047.pdf"; VariantName = "RS422_to_3V3"
Change component parameters (AddParameter): Name = "MaxVoltage"; Value = "100"; VariantName = "RS422_to_3V3"
Change component parameters (AddParameter): Name = "MF"; Value = "Panasonic"; VariantName = "RS422_to_3V3"
Change component parameters (AddParameter): Name = "MPN"; Value = "ERJU03F2701V"; VariantName = "RS422_to_3V3"
Change component parameters (AddParameter): Name = "Package"; Value = "CurrentFootprint"; VariantName = "RS422_to_3V3"
Change component parameters (AddParameter): Name = "Parameter1"; Value = "V"; VariantName = "RS422_to_3V3"
Change component parameters (AddParameter): Name = "Parameter1Desc"; Value = "Package Method"; VariantName = "RS422_to_3V3"
Change component parameters (AddParameter): Name = "Parameter2"; Value = "F"; VariantName = "RS422_to_3V3"
Change component parameters (AddParameter): Name = "Parameter2Desc"; Value = "Tolerance Symbol"; VariantName = "RS422_to_3V3"
Change component parameters (AddParameter): Name = "Parameter3"; Value = ""; VariantName = "RS422_to_3V3"
Change component parameters (AddParameter): Name = "Parameter3Desc"; Value = ""; VariantName = "RS422_to_3V3"
Change component parameters (AddParameter): Name = "Supplier1"; Value = "https://de.farnell.com/w/search?qualifizierungsstandard-der-automobilindustrie=aec-q200&range=inc-in-stock&st=erju"; VariantName = "RS422_to_3V3"
Change component parameters (AddParameter): Name = "Value"; Value = "1k5"; VariantName = "RS422_to_3V3"
Change component parameters: Designator = "R12"; Footprint = "RESC1608X55X30NL15T15"; UniqueID = "\GEIJMUXU\KUCMFYGW"
Change component parameters. Clean all parameters for all variants
Change component parameters (AddParameter): Name = "ComponentLink1Description"; Value = "Datasheet"; VariantName = "[No Variations]"
Change component parameters (AddParameter): Name = "ComponentLink1URL"; Value = "https://www.mouser.de/datasheet/2/315/AOA0000C334-1314047.pdf"; VariantName = "[No Variations]"
Change component parameters (AddParameter): Name = "Created"; Value = "2019-12-08_Thilo_Wendt"; VariantName = "[No Variations]"
Change component parameters (AddParameter): Name = "HelpURL"; Value = "https://www.mouser.de/datasheet/2/315/AOA0000C334-1314047.pdf"; VariantName = "[No Variations]"
Change component parameters (AddParameter): Name = "MaxVoltage"; Value = "100"; VariantName = "[No Variations]"
Change component parameters (AddParameter): Name = "MF"; Value = "Panasonic"; VariantName = "[No Variations]"
Change component parameters (AddParameter): Name = "MPN"; Value = "ERJU03F1501V"; VariantName = "[No Variations]"
Change component parameters (AddParameter): Name = "Package"; Value = "CurrentFootprint"; VariantName = "[No Variations]"
Change component parameters (AddParameter): Name = "Parameter1"; Value = "V"; VariantName = "[No Variations]"
Change component parameters (AddParameter): Name = "Parameter1Desc"; Value = "Package Method"; VariantName = "[No Variations]"
Change component parameters (AddParameter): Name = "Parameter2"; Value = "F"; VariantName = "[No Variations]"
Change component parameters (AddParameter): Name = "Parameter2Desc"; Value = "Tolerance Symbol"; VariantName = "[No Variations]"
Change component parameters (AddParameter): Name = "Parameter3"; Value = ""; VariantName = "[No Variations]"
Change component parameters (AddParameter): Name = "Parameter3Desc"; Value = ""; VariantName = "[No Variations]"
Change component parameters (AddParameter): Name = "Supplier1"; Value = "https://de.farnell.com/w/search?qualifizierungsstandard-der-automobilindustrie=aec-q200&range=inc-in-stock&st=erju"; VariantName = "[No Variations]"
Change component parameters (AddParameter): Name = "Value"; Value = "2k7"; VariantName = "[No Variations]"
Change component parameters (AddParameter): Name = "ComponentLink1Description"; Value = "Datasheet"; VariantName = "3V3_to_3V3"
Change component parameters (AddParameter): Name = "ComponentLink1URL"; Value = "https://www.mouser.de/datasheet/2/315/AOA0000C334-1314047.pdf"; VariantName = "3V3_to_3V3"
Change component parameters (AddParameter): Name = "Created"; Value = "2019-12-08_Thilo_Wendt"; VariantName = "3V3_to_3V3"
Change component parameters (AddParameter): Name = "HelpURL"; Value = "https://www.mouser.de/datasheet/2/315/AOA0000C334-1314047.pdf"; VariantName = "3V3_to_3V3"
Change component parameters (AddParameter): Name = "MaxVoltage"; Value = "100"; VariantName = "3V3_to_3V3"
Change component parameters (AddParameter): Name = "MF"; Value = "Panasonic"; VariantName = "3V3_to_3V3"
Change component parameters (AddParameter): Name = "MPN"; Value = "ERJU03F1501V"; VariantName = "3V3_to_3V3"
Change component parameters (AddParameter): Name = "Package"; Value = "CurrentFootprint"; VariantName = "3V3_to_3V3"
Change component parameters (AddParameter): Name = "Parameter1"; Value = "V"; VariantName = "3V3_to_3V3"
Change component parameters (AddParameter): Name = "Parameter1Desc"; Value = "Package Method"; VariantName = "3V3_to_3V3"
Change component parameters (AddParameter): Name = "Parameter2"; Value = "F"; VariantName = "3V3_to_3V3"
Change component parameters (AddParameter): Name = "Parameter2Desc"; Value = "Tolerance Symbol"; VariantName = "3V3_to_3V3"
Change component parameters (AddParameter): Name = "Parameter3"; Value = ""; VariantName = "3V3_to_3V3"
Change component parameters (AddParameter): Name = "Parameter3Desc"; Value = ""; VariantName = "3V3_to_3V3"
Change component parameters (AddParameter): Name = "Supplier1"; Value = "https://de.farnell.com/w/search?qualifizierungsstandard-der-automobilindustrie=aec-q200&range=inc-in-stock&st=erju"; VariantName = "3V3_to_3V3"
Change component parameters (AddParameter): Name = "Value"; Value = "2k7"; VariantName = "3V3_to_3V3"
Change component parameters (AddParameter): Name = "ComponentLink1Description"; Value = "Datasheet"; VariantName = "3V3_to_5V"
Change component parameters (AddParameter): Name = "ComponentLink1URL"; Value = "https://www.mouser.de/datasheet/2/315/AOA0000C334-1314047.pdf"; VariantName = "3V3_to_5V"
Change component parameters (AddParameter): Name = "Created"; Value = "2019-12-08_Thilo_Wendt"; VariantName = "3V3_to_5V"
Change component parameters (AddParameter): Name = "HelpURL"; Value = "https://www.mouser.de/datasheet/2/315/AOA0000C334-1314047.pdf"; VariantName = "3V3_to_5V"
Change component parameters (AddParameter): Name = "MaxVoltage"; Value = "100"; VariantName = "3V3_to_5V"
Change component parameters (AddParameter): Name = "MF"; Value = "Panasonic"; VariantName = "3V3_to_5V"
Change component parameters (AddParameter): Name = "MPN"; Value = "ERJU03F1501V"; VariantName = "3V3_to_5V"
Change component parameters (AddParameter): Name = "Package"; Value = "CurrentFootprint"; VariantName = "3V3_to_5V"
Change component parameters (AddParameter): Name = "Parameter1"; Value = "V"; VariantName = "3V3_to_5V"
Change component parameters (AddParameter): Name = "Parameter1Desc"; Value = "Package Method"; VariantName = "3V3_to_5V"
Change component parameters (AddParameter): Name = "Parameter2"; Value = "F"; VariantName = "3V3_to_5V"
Change component parameters (AddParameter): Name = "Parameter2Desc"; Value = "Tolerance Symbol"; VariantName = "3V3_to_5V"
Change component parameters (AddParameter): Name = "Parameter3"; Value = ""; VariantName = "3V3_to_5V"
Change component parameters (AddParameter): Name = "Parameter3Desc"; Value = ""; VariantName = "3V3_to_5V"
Change component parameters (AddParameter): Name = "Supplier1"; Value = "https://de.farnell.com/w/search?qualifizierungsstandard-der-automobilindustrie=aec-q200&range=inc-in-stock&st=erju"; VariantName = "3V3_to_5V"
Change component parameters (AddParameter): Name = "Value"; Value = "2k7"; VariantName = "3V3_to_5V"
Change component parameters (AddParameter): Name = "ComponentLink1Description"; Value = "Datasheet"; VariantName = "3V3_to_15V"
Change component parameters (AddParameter): Name = "ComponentLink1URL"; Value = "https://www.mouser.de/datasheet/2/315/AOA0000C334-1314047.pdf"; VariantName = "3V3_to_15V"
Change component parameters (AddParameter): Name = "Created"; Value = "2019-12-08_Thilo_Wendt"; VariantName = "3V3_to_15V"
Change component parameters (AddParameter): Name = "HelpURL"; Value = "https://www.mouser.de/datasheet/2/315/AOA0000C334-1314047.pdf"; VariantName = "3V3_to_15V"
Change component parameters (AddParameter): Name = "MaxVoltage"; Value = "100"; VariantName = "3V3_to_15V"
Change component parameters (AddParameter): Name = "MF"; Value = "Panasonic"; VariantName = "3V3_to_15V"
Change component parameters (AddParameter): Name = "MPN"; Value = "ERJU03F1501V"; VariantName = "3V3_to_15V"
Change component parameters (AddParameter): Name = "Package"; Value = "CurrentFootprint"; VariantName = "3V3_to_15V"
Change component parameters (AddParameter): Name = "Parameter1"; Value = "V"; VariantName = "3V3_to_15V"
Change component parameters (AddParameter): Name = "Parameter1Desc"; Value = "Package Method"; VariantName = "3V3_to_15V"
Change component parameters (AddParameter): Name = "Parameter2"; Value = "F"; VariantName = "3V3_to_15V"
Change component parameters (AddParameter): Name = "Parameter2Desc"; Value = "Tolerance Symbol"; VariantName = "3V3_to_15V"
Change component parameters (AddParameter): Name = "Parameter3"; Value = ""; VariantName = "3V3_to_15V"
Change component parameters (AddParameter): Name = "Parameter3Desc"; Value = ""; VariantName = "3V3_to_15V"
Change component parameters (AddParameter): Name = "Supplier1"; Value = "https://de.farnell.com/w/search?qualifizierungsstandard-der-automobilindustrie=aec-q200&range=inc-in-stock&st=erju"; VariantName = "3V3_to_15V"
Change component parameters (AddParameter): Name = "Value"; Value = "2k7"; VariantName = "3V3_to_15V"
Change component parameters: Designator = "R13"; Footprint = "RESC1608X55X30NL15T15"; UniqueID = "\GEIJMUXU\FPSNTXEJ"
Change component parameters. Clean all parameters for all variants
Change component parameters (AddParameter): Name = "ComponentLink1Description"; Value = "Datasheet"; VariantName = "[No Variations]"
Change component parameters (AddParameter): Name = "ComponentLink1URL"; Value = "https://www.mouser.de/datasheet/2/315/AOA0000C334-1314047.pdf"; VariantName = "[No Variations]"
Change component parameters (AddParameter): Name = "Created"; Value = "2019-12-08_Thilo_Wendt"; VariantName = "[No Variations]"
Change component parameters (AddParameter): Name = "HelpURL"; Value = "https://www.mouser.de/datasheet/2/315/AOA0000C334-1314047.pdf"; VariantName = "[No Variations]"
Change component parameters (AddParameter): Name = "MaxVoltage"; Value = "100"; VariantName = "[No Variations]"
Change component parameters (AddParameter): Name = "MF"; Value = "Panasonic"; VariantName = "[No Variations]"
Change component parameters (AddParameter): Name = "MPN"; Value = "ERJU03F1501V"; VariantName = "[No Variations]"
Change component parameters (AddParameter): Name = "Package"; Value = "CurrentFootprint"; VariantName = "[No Variations]"
Change component parameters (AddParameter): Name = "Parameter1"; Value = "V"; VariantName = "[No Variations]"
Change component parameters (AddParameter): Name = "Parameter1Desc"; Value = "Package Method"; VariantName = "[No Variations]"
Change component parameters (AddParameter): Name = "Parameter2"; Value = "F"; VariantName = "[No Variations]"
Change component parameters (AddParameter): Name = "Parameter2Desc"; Value = "Tolerance Symbol"; VariantName = "[No Variations]"
Change component parameters (AddParameter): Name = "Parameter3"; Value = ""; VariantName = "[No Variations]"
Change component parameters (AddParameter): Name = "Parameter3Desc"; Value = ""; VariantName = "[No Variations]"
Change component parameters (AddParameter): Name = "Supplier1"; Value = "https://de.farnell.com/w/search?qualifizierungsstandard-der-automobilindustrie=aec-q200&range=inc-in-stock&st=erju"; VariantName = "[No Variations]"
Change component parameters (AddParameter): Name = "Value"; Value = "2k7"; VariantName = "[No Variations]"
Change component parameters (AddParameter): Name = "ComponentLink1Description"; Value = "Datasheet"; VariantName = "3V3_to_3V3"
Change component parameters (AddParameter): Name = "ComponentLink1URL"; Value = "https://www.mouser.de/datasheet/2/315/AOA0000C334-1314047.pdf"; VariantName = "3V3_to_3V3"
Change component parameters (AddParameter): Name = "Created"; Value = "2019-12-08_Thilo_Wendt"; VariantName = "3V3_to_3V3"
Change component parameters (AddParameter): Name = "HelpURL"; Value = "https://www.mouser.de/datasheet/2/315/AOA0000C334-1314047.pdf"; VariantName = "3V3_to_3V3"
Change component parameters (AddParameter): Name = "MaxVoltage"; Value = "100"; VariantName = "3V3_to_3V3"
Change component parameters (AddParameter): Name = "MF"; Value = "Panasonic"; VariantName = "3V3_to_3V3"
Change component parameters (AddParameter): Name = "MPN"; Value = "ERJU03F1501V"; VariantName = "3V3_to_3V3"
Change component parameters (AddParameter): Name = "Package"; Value = "CurrentFootprint"; VariantName = "3V3_to_3V3"
Change component parameters (AddParameter): Name = "Parameter1"; Value = "V"; VariantName = "3V3_to_3V3"
Change component parameters (AddParameter): Name = "Parameter1Desc"; Value = "Package Method"; VariantName = "3V3_to_3V3"
Change component parameters (AddParameter): Name = "Parameter2"; Value = "F"; VariantName = "3V3_to_3V3"
Change component parameters (AddParameter): Name = "Parameter2Desc"; Value = "Tolerance Symbol"; VariantName = "3V3_to_3V3"
Change component parameters (AddParameter): Name = "Parameter3"; Value = ""; VariantName = "3V3_to_3V3"
Change component parameters (AddParameter): Name = "Parameter3Desc"; Value = ""; VariantName = "3V3_to_3V3"
Change component parameters (AddParameter): Name = "Supplier1"; Value = "https://de.farnell.com/w/search?qualifizierungsstandard-der-automobilindustrie=aec-q200&range=inc-in-stock&st=erju"; VariantName = "3V3_to_3V3"
Change component parameters (AddParameter): Name = "Value"; Value = "2k7"; VariantName = "3V3_to_3V3"
Change component parameters (AddParameter): Name = "ComponentLink1Description"; Value = "Datasheet"; VariantName = "3V3_to_5V"
Change component parameters (AddParameter): Name = "ComponentLink1URL"; Value = "https://www.mouser.de/datasheet/2/315/AOA0000C334-1314047.pdf"; VariantName = "3V3_to_5V"
Change component parameters (AddParameter): Name = "Created"; Value = "2019-12-08_Thilo_Wendt"; VariantName = "3V3_to_5V"
Change component parameters (AddParameter): Name = "HelpURL"; Value = "https://www.mouser.de/datasheet/2/315/AOA0000C334-1314047.pdf"; VariantName = "3V3_to_5V"
Change component parameters (AddParameter): Name = "MaxVoltage"; Value = "100"; VariantName = "3V3_to_5V"
Change component parameters (AddParameter): Name = "MF"; Value = "Panasonic"; VariantName = "3V3_to_5V"
Change component parameters (AddParameter): Name = "MPN"; Value = "ERJU03F1501V"; VariantName = "3V3_to_5V"
Change component parameters (AddParameter): Name = "Package"; Value = "CurrentFootprint"; VariantName = "3V3_to_5V"
Change component parameters (AddParameter): Name = "Parameter1"; Value = "V"; VariantName = "3V3_to_5V"
Change component parameters (AddParameter): Name = "Parameter1Desc"; Value = "Package Method"; VariantName = "3V3_to_5V"
Change component parameters (AddParameter): Name = "Parameter2"; Value = "F"; VariantName = "3V3_to_5V"
Change component parameters (AddParameter): Name = "Parameter2Desc"; Value = "Tolerance Symbol"; VariantName = "3V3_to_5V"
Change component parameters (AddParameter): Name = "Parameter3"; Value = ""; VariantName = "3V3_to_5V"
Change component parameters (AddParameter): Name = "Parameter3Desc"; Value = ""; VariantName = "3V3_to_5V"
Change component parameters (AddParameter): Name = "Supplier1"; Value = "https://de.farnell.com/w/search?qualifizierungsstandard-der-automobilindustrie=aec-q200&range=inc-in-stock&st=erju"; VariantName = "3V3_to_5V"
Change component parameters (AddParameter): Name = "Value"; Value = "2k7"; VariantName = "3V3_to_5V"
Change component parameters (AddParameter): Name = "ComponentLink1Description"; Value = "Datasheet"; VariantName = "3V3_to_15V"
Change component parameters (AddParameter): Name = "ComponentLink1URL"; Value = "https://www.mouser.de/datasheet/2/315/AOA0000C334-1314047.pdf"; VariantName = "3V3_to_15V"
Change component parameters (AddParameter): Name = "Created"; Value = "2019-12-08_Thilo_Wendt"; VariantName = "3V3_to_15V"
Change component parameters (AddParameter): Name = "HelpURL"; Value = "https://www.mouser.de/datasheet/2/315/AOA0000C334-1314047.pdf"; VariantName = "3V3_to_15V"
Change component parameters (AddParameter): Name = "MaxVoltage"; Value = "100"; VariantName = "3V3_to_15V"
Change component parameters (AddParameter): Name = "MF"; Value = "Panasonic"; VariantName = "3V3_to_15V"
Change component parameters (AddParameter): Name = "MPN"; Value = "ERJU03F1501V"; VariantName = "3V3_to_15V"
Change component parameters (AddParameter): Name = "Package"; Value = "CurrentFootprint"; VariantName = "3V3_to_15V"
Change component parameters (AddParameter): Name = "Parameter1"; Value = "V"; VariantName = "3V3_to_15V"
Change component parameters (AddParameter): Name = "Parameter1Desc"; Value = "Package Method"; VariantName = "3V3_to_15V"
Change component parameters (AddParameter): Name = "Parameter2"; Value = "F"; VariantName = "3V3_to_15V"
Change component parameters (AddParameter): Name = "Parameter2Desc"; Value = "Tolerance Symbol"; VariantName = "3V3_to_15V"
Change component parameters (AddParameter): Name = "Parameter3"; Value = ""; VariantName = "3V3_to_15V"
Change component parameters (AddParameter): Name = "Parameter3Desc"; Value = ""; VariantName = "3V3_to_15V"
Change component parameters (AddParameter): Name = "Supplier1"; Value = "https://de.farnell.com/w/search?qualifizierungsstandard-der-automobilindustrie=aec-q200&range=inc-in-stock&st=erju"; VariantName = "3V3_to_15V"
Change component parameters (AddParameter): Name = "Value"; Value = "2k7"; VariantName = "3V3_to_15V"
Change component parameters (AddParameter): Name = "ComponentLink1Description"; Value = "Datasheet"; VariantName = "3V3_to_RS422"
Change component parameters (AddParameter): Name = "ComponentLink1URL"; Value = "https://www.mouser.de/datasheet/2/315/AOA0000C334-1314047.pdf"; VariantName = "3V3_to_RS422"
Change component parameters (AddParameter): Name = "Created"; Value = "2019-12-08_Thilo_Wendt"; VariantName = "3V3_to_RS422"
Change component parameters (AddParameter): Name = "HelpURL"; Value = "https://www.mouser.de/datasheet/2/315/AOA0000C334-1314047.pdf"; VariantName = "3V3_to_RS422"
Change component parameters (AddParameter): Name = "MaxVoltage"; Value = "100"; VariantName = "3V3_to_RS422"
Change component parameters (AddParameter): Name = "MF"; Value = "Panasonic"; VariantName = "3V3_to_RS422"
Change component parameters (AddParameter): Name = "MPN"; Value = "ERJU03F1501V"; VariantName = "3V3_to_RS422"
Change component parameters (AddParameter): Name = "Package"; Value = "CurrentFootprint"; VariantName = "3V3_to_RS422"
Change component parameters (AddParameter): Name = "Parameter1"; Value = "V"; VariantName = "3V3_to_RS422"
Change component parameters (AddParameter): Name = "Parameter1Desc"; Value = "Package Method"; VariantName = "3V3_to_RS422"
Change component parameters (AddParameter): Name = "Parameter2"; Value = "F"; VariantName = "3V3_to_RS422"
Change component parameters (AddParameter): Name = "Parameter2Desc"; Value = "Tolerance Symbol"; VariantName = "3V3_to_RS422"
Change component parameters (AddParameter): Name = "Parameter3"; Value = ""; VariantName = "3V3_to_RS422"
Change component parameters (AddParameter): Name = "Parameter3Desc"; Value = ""; VariantName = "3V3_to_RS422"
Change component parameters (AddParameter): Name = "Supplier1"; Value = "https://de.farnell.com/w/search?qualifizierungsstandard-der-automobilindustrie=aec-q200&range=inc-in-stock&st=erju"; VariantName = "3V3_to_RS422"
Change component parameters (AddParameter): Name = "Value"; Value = "2k7"; VariantName = "3V3_to_RS422"
Change component parameters: Designator = "R15"; Footprint = "RESCAXE-50P380X160X45-16N"; UniqueID = "\REEOQYYS\ZTJPEBVF\XWSNTWHL"
Change component parameters. Clean all parameters for all variants
Change component parameters (AddParameter): Name = "ComponentLink1Description"; Value = "Datasheet"; VariantName = "[No Variations]"
Change component parameters (AddParameter): Name = "ComponentLink1URL"; Value = "https://www.mouser.de/datasheet/2/315/AOC0000C14-1108062.pdf"; VariantName = "[No Variations]"
Change component parameters (AddParameter): Name = "ComponentLink2Description"; Value = "Landpattern"; VariantName = "[No Variations]"
Change component parameters (AddParameter): Name = "ComponentLink2URL"; Value = "https://industrial.panasonic.com/cdbs/www-data/pdf/AOC0000/AOC0000COL4.pdf"; VariantName = "[No Variations]"
Change component parameters (AddParameter): Name = "Created"; Value = "2020-01-03_Thilo_Wendt"; VariantName = "[No Variations]"
Change component parameters (AddParameter): Name = "HelpURL"; Value = "https://www.mouser.de/datasheet/2/315/AOC0000C14-1108062.pdf"; VariantName = "[No Variations]"
Change component parameters (AddParameter): Name = "MaxVoltage"; Value = "100"; VariantName = "[No Variations]"
Change component parameters (AddParameter): Name = "MF"; Value = "Panasonic"; VariantName = "[No Variations]"
Change component parameters (AddParameter): Name = "MPN"; Value = "EXB2HVR000V"; VariantName = "[No Variations]"
Change component parameters (AddParameter): Name = "Package"; Value = "CurrentFootprint"; VariantName = "[No Variations]"
Change component parameters (AddParameter): Name = "Parameter1"; Value = "V"; VariantName = "[No Variations]"
Change component parameters (AddParameter): Name = "Parameter1Desc"; Value = "Package Method"; VariantName = "[No Variations]"
Change component parameters (AddParameter): Name = "Parameter2"; Value = "J"; VariantName = "[No Variations]"
Change component parameters (AddParameter): Name = "Parameter2Desc"; Value = "Tolerance Symbol"; VariantName = "[No Variations]"
Change component parameters (AddParameter): Name = "Supplier 1"; Value = "Mouser"; VariantName = "[No Variations]"
Change component parameters (AddParameter): Name = "Supplier Part Number 1"; Value = "667-EXB-2HVR000V"; VariantName = "[No Variations]"
Change component parameters (AddParameter): Name = "Value"; Value = "0"; VariantName = "[No Variations]"
Change component parameters: Designator = "R17"; Footprint = "RESCAXE-50P380X160X45-16N"; UniqueID = "\REEOQYYS\ZTJPEBVF\KUNFMAIN"
Change component parameters. Clean all parameters for all variants
Change component parameters (AddParameter): Name = "ComponentLink1Description"; Value = "Datasheet"; VariantName = "[No Variations]"
Change component parameters (AddParameter): Name = "ComponentLink1URL"; Value = "https://www.mouser.de/datasheet/2/315/AOC0000C14-1108062.pdf"; VariantName = "[No Variations]"
Change component parameters (AddParameter): Name = "ComponentLink2Description"; Value = "Landpattern"; VariantName = "[No Variations]"
Change component parameters (AddParameter): Name = "ComponentLink2URL"; Value = "https://industrial.panasonic.com/cdbs/www-data/pdf/AOC0000/AOC0000COL4.pdf"; VariantName = "[No Variations]"
Change component parameters (AddParameter): Name = "Created"; Value = "2020-01-03_Thilo_Wendt"; VariantName = "[No Variations]"
Change component parameters (AddParameter): Name = "HelpURL"; Value = "https://www.mouser.de/datasheet/2/315/AOC0000C14-1108062.pdf"; VariantName = "[No Variations]"
Change component parameters (AddParameter): Name = "MaxVoltage"; Value = "100"; VariantName = "[No Variations]"
Change component parameters (AddParameter): Name = "MF"; Value = "Panasonic"; VariantName = "[No Variations]"
Change component parameters (AddParameter): Name = "MPN"; Value = "EXB2HVR000V"; VariantName = "[No Variations]"
Change component parameters (AddParameter): Name = "Package"; Value = "CurrentFootprint"; VariantName = "[No Variations]"
Change component parameters (AddParameter): Name = "Parameter1"; Value = "V"; VariantName = "[No Variations]"
Change component parameters (AddParameter): Name = "Parameter1Desc"; Value = "Package Method"; VariantName = "[No Variations]"
Change component parameters (AddParameter): Name = "Parameter2"; Value = "J"; VariantName = "[No Variations]"
Change component parameters (AddParameter): Name = "Parameter2Desc"; Value = "Tolerance Symbol"; VariantName = "[No Variations]"
Change component parameters (AddParameter): Name = "Supplier 1"; Value = "Mouser"; VariantName = "[No Variations]"
Change component parameters (AddParameter): Name = "Supplier Part Number 1"; Value = "667-EXB-2HVR000V"; VariantName = "[No Variations]"
Change component parameters (AddParameter): Name = "Value"; Value = "0"; VariantName = "[No Variations]"
Change component parameters: Designator = "R18"; Footprint = "RESCAXE-50P380X160X45-16N"; UniqueID = "\REEOQYYS\ZTJPEBVF\SJKTAHVJ"
Change component parameters. Clean all parameters for all variants
Change component parameters (AddParameter): Name = "ComponentLink1Description"; Value = "Datasheet"; VariantName = "[No Variations]"
Change component parameters (AddParameter): Name = "ComponentLink1URL"; Value = "https://www.mouser.de/datasheet/2/315/AOC0000C14-1108062.pdf"; VariantName = "[No Variations]"
Change component parameters (AddParameter): Name = "ComponentLink2Description"; Value = "Landpattern"; VariantName = "[No Variations]"
Change component parameters (AddParameter): Name = "ComponentLink2URL"; Value = "https://industrial.panasonic.com/cdbs/www-data/pdf/AOC0000/AOC0000COL4.pdf"; VariantName = "[No Variations]"
Change component parameters (AddParameter): Name = "Created"; Value = "2020-01-03_Thilo_Wendt"; VariantName = "[No Variations]"
Change component parameters (AddParameter): Name = "HelpURL"; Value = "https://www.mouser.de/datasheet/2/315/AOC0000C14-1108062.pdf"; VariantName = "[No Variations]"
Change component parameters (AddParameter): Name = "MaxVoltage"; Value = "100"; VariantName = "[No Variations]"
Change component parameters (AddParameter): Name = "MF"; Value = "Panasonic"; VariantName = "[No Variations]"
Change component parameters (AddParameter): Name = "MPN"; Value = "EXB2HVR000V"; VariantName = "[No Variations]"
Change component parameters (AddParameter): Name = "Package"; Value = "CurrentFootprint"; VariantName = "[No Variations]"
Change component parameters (AddParameter): Name = "Parameter1"; Value = "V"; VariantName = "[No Variations]"
Change component parameters (AddParameter): Name = "Parameter1Desc"; Value = "Package Method"; VariantName = "[No Variations]"
Change component parameters (AddParameter): Name = "Parameter2"; Value = "J"; VariantName = "[No Variations]"
Change component parameters (AddParameter): Name = "Parameter2Desc"; Value = "Tolerance Symbol"; VariantName = "[No Variations]"
Change component parameters (AddParameter): Name = "Supplier 1"; Value = "Mouser"; VariantName = "[No Variations]"
Change component parameters (AddParameter): Name = "Supplier Part Number 1"; Value = "667-EXB-2HVR000V"; VariantName = "[No Variations]"
Change component parameters (AddParameter): Name = "Value"; Value = "0"; VariantName = "[No Variations]"
Change component parameters: Designator = "R16"; Footprint = "RESCAXE-50P380X160X45-16N"; UniqueID = "\REEOQYYS\ZTJPEBVF\WSNGUOWM"
Change component parameters. Clean all parameters for all variants
Change component parameters (AddParameter): Name = "ComponentLink1Description"; Value = "Datasheet"; VariantName = "[No Variations]"
Change component parameters (AddParameter): Name = "ComponentLink1URL"; Value = "https://www.mouser.de/datasheet/2/315/AOC0000C14-1108062.pdf"; VariantName = "[No Variations]"
Change component parameters (AddParameter): Name = "ComponentLink2Description"; Value = "Landpattern"; VariantName = "[No Variations]"
Change component parameters (AddParameter): Name = "ComponentLink2URL"; Value = "https://industrial.panasonic.com/cdbs/www-data/pdf/AOC0000/AOC0000COL4.pdf"; VariantName = "[No Variations]"
Change component parameters (AddParameter): Name = "Created"; Value = "2020-01-03_Thilo_Wendt"; VariantName = "[No Variations]"
Change component parameters (AddParameter): Name = "HelpURL"; Value = "https://www.mouser.de/datasheet/2/315/AOC0000C14-1108062.pdf"; VariantName = "[No Variations]"
Change component parameters (AddParameter): Name = "MaxVoltage"; Value = "100"; VariantName = "[No Variations]"
Change component parameters (AddParameter): Name = "MF"; Value = "Panasonic"; VariantName = "[No Variations]"
Change component parameters (AddParameter): Name = "MPN"; Value = "EXB2HVR000V"; VariantName = "[No Variations]"
Change component parameters (AddParameter): Name = "Package"; Value = "CurrentFootprint"; VariantName = "[No Variations]"
Change component parameters (AddParameter): Name = "Parameter1"; Value = "V"; VariantName = "[No Variations]"
Change component parameters (AddParameter): Name = "Parameter1Desc"; Value = "Package Method"; VariantName = "[No Variations]"
Change component parameters (AddParameter): Name = "Parameter2"; Value = "J"; VariantName = "[No Variations]"
Change component parameters (AddParameter): Name = "Parameter2Desc"; Value = "Tolerance Symbol"; VariantName = "[No Variations]"
Change component parameters (AddParameter): Name = "Supplier 1"; Value = "Mouser"; VariantName = "[No Variations]"
Change component parameters (AddParameter): Name = "Supplier Part Number 1"; Value = "667-EXB-2HVR000V"; VariantName = "[No Variations]"
Change component parameters (AddParameter): Name = "Value"; Value = "0"; VariantName = "[No Variations]"
Change component parameters: Designator = "R23"; Footprint = "RESCAXE-50P380X160X45-16N"; UniqueID = "\REEOQYYS\ZTJPEBVF\IZTEPUQU\VJHKOQRU"
Change component parameters. Clean all parameters for all variants
Change component parameters (AddParameter): Name = "ComponentLink1Description"; Value = "Datasheet"; VariantName = "[No Variations]"
Change component parameters (AddParameter): Name = "ComponentLink1URL"; Value = "https://www.mouser.de/datasheet/2/315/AOC0000C14-1108062.pdf"; VariantName = "[No Variations]"
Change component parameters (AddParameter): Name = "ComponentLink2Description"; Value = "Landpattern"; VariantName = "[No Variations]"
Change component parameters (AddParameter): Name = "ComponentLink2URL"; Value = "https://industrial.panasonic.com/cdbs/www-data/pdf/AOC0000/AOC0000COL4.pdf"; VariantName = "[No Variations]"
Change component parameters (AddParameter): Name = "Created"; Value = "2020-01-03_Thilo_Wendt"; VariantName = "[No Variations]"
Change component parameters (AddParameter): Name = "HelpURL"; Value = "https://www.mouser.de/datasheet/2/315/AOC0000C14-1108062.pdf"; VariantName = "[No Variations]"
Change component parameters (AddParameter): Name = "MaxVoltage"; Value = "100"; VariantName = "[No Variations]"
Change component parameters (AddParameter): Name = "MF"; Value = "Panasonic"; VariantName = "[No Variations]"
Change component parameters (AddParameter): Name = "MPN"; Value = "EXB2HV750JV"; VariantName = "[No Variations]"
Change component parameters (AddParameter): Name = "Package"; Value = "CurrentFootprint"; VariantName = "[No Variations]"
Change component parameters (AddParameter): Name = "Parameter1"; Value = "V"; VariantName = "[No Variations]"
Change component parameters (AddParameter): Name = "Parameter1Desc"; Value = "Package Method"; VariantName = "[No Variations]"
Change component parameters (AddParameter): Name = "Parameter2"; Value = "J"; VariantName = "[No Variations]"
Change component parameters (AddParameter): Name = "Parameter2Desc"; Value = "Tolerance Symbol"; VariantName = "[No Variations]"
Change component parameters (AddParameter): Name = "Supplier 1"; Value = "Mouser"; VariantName = "[No Variations]"
Change component parameters (AddParameter): Name = "Supplier Part Number 1"; Value = "667-EXB-2HV750JV"; VariantName = "[No Variations]"
Change component parameters (AddParameter): Name = "Value"; Value = "75"; VariantName = "[No Variations]"
Change component parameters: Designator = "R27"; Footprint = "RESCAXE-50P380X160X45-16N"; UniqueID = "\REEOQYYS\ZTJPEBVF\IZTEPUQU\IOLWIPVB"
Change component parameters. Clean all parameters for all variants
Change component parameters (AddParameter): Name = "ComponentLink1Description"; Value = "Datasheet"; VariantName = "[No Variations]"
Change component parameters (AddParameter): Name = "ComponentLink1URL"; Value = "https://www.mouser.de/datasheet/2/315/AOC0000C14-1108062.pdf"; VariantName = "[No Variations]"
Change component parameters (AddParameter): Name = "ComponentLink2Description"; Value = "Landpattern"; VariantName = "[No Variations]"
Change component parameters (AddParameter): Name = "ComponentLink2URL"; Value = "https://industrial.panasonic.com/cdbs/www-data/pdf/AOC0000/AOC0000COL4.pdf"; VariantName = "[No Variations]"
Change component parameters (AddParameter): Name = "Created"; Value = "2020-01-03_Thilo_Wendt"; VariantName = "[No Variations]"
Change component parameters (AddParameter): Name = "HelpURL"; Value = "https://www.mouser.de/datasheet/2/315/AOC0000C14-1108062.pdf"; VariantName = "[No Variations]"
Change component parameters (AddParameter): Name = "MaxVoltage"; Value = "100"; VariantName = "[No Variations]"
Change component parameters (AddParameter): Name = "MF"; Value = "Panasonic"; VariantName = "[No Variations]"
Change component parameters (AddParameter): Name = "MPN"; Value = "EXB2HV750JV"; VariantName = "[No Variations]"
Change component parameters (AddParameter): Name = "Package"; Value = "CurrentFootprint"; VariantName = "[No Variations]"
Change component parameters (AddParameter): Name = "Parameter1"; Value = "V"; VariantName = "[No Variations]"
Change component parameters (AddParameter): Name = "Parameter1Desc"; Value = "Package Method"; VariantName = "[No Variations]"
Change component parameters (AddParameter): Name = "Parameter2"; Value = "J"; VariantName = "[No Variations]"
Change component parameters (AddParameter): Name = "Parameter2Desc"; Value = "Tolerance Symbol"; VariantName = "[No Variations]"
Change component parameters (AddParameter): Name = "Supplier 1"; Value = "Mouser"; VariantName = "[No Variations]"
Change component parameters (AddParameter): Name = "Supplier Part Number 1"; Value = "667-EXB-2HV750JV"; VariantName = "[No Variations]"
Change component parameters (AddParameter): Name = "Value"; Value = "75"; VariantName = "[No Variations]"
Change component parameters: Designator = "R24"; Footprint = "RESCAXE-50P380X160X45-16N"; UniqueID = "\REEOQYYS\ZTJPEBVF\IZTEPUQU\UEOMPOFM"
Change component parameters. Clean all parameters for all variants
Change component parameters (AddParameter): Name = "ComponentLink1Description"; Value = "Datasheet"; VariantName = "[No Variations]"
Change component parameters (AddParameter): Name = "ComponentLink1URL"; Value = "https://www.mouser.de/datasheet/2/315/AOC0000C14-1108062.pdf"; VariantName = "[No Variations]"
Change component parameters (AddParameter): Name = "ComponentLink2Description"; Value = "Landpattern"; VariantName = "[No Variations]"
Change component parameters (AddParameter): Name = "ComponentLink2URL"; Value = "https://industrial.panasonic.com/cdbs/www-data/pdf/AOC0000/AOC0000COL4.pdf"; VariantName = "[No Variations]"
Change component parameters (AddParameter): Name = "Created"; Value = "2020-01-03_Thilo_Wendt"; VariantName = "[No Variations]"
Change component parameters (AddParameter): Name = "HelpURL"; Value = "https://www.mouser.de/datasheet/2/315/AOC0000C14-1108062.pdf"; VariantName = "[No Variations]"
Change component parameters (AddParameter): Name = "MaxVoltage"; Value = "100"; VariantName = "[No Variations]"
Change component parameters (AddParameter): Name = "MF"; Value = "Panasonic"; VariantName = "[No Variations]"
Change component parameters (AddParameter): Name = "MPN"; Value = "EXB2HV750JV"; VariantName = "[No Variations]"
Change component parameters (AddParameter): Name = "Package"; Value = "CurrentFootprint"; VariantName = "[No Variations]"
Change component parameters (AddParameter): Name = "Parameter1"; Value = "V"; VariantName = "[No Variations]"
Change component parameters (AddParameter): Name = "Parameter1Desc"; Value = "Package Method"; VariantName = "[No Variations]"
Change component parameters (AddParameter): Name = "Parameter2"; Value = "J"; VariantName = "[No Variations]"
Change component parameters (AddParameter): Name = "Parameter2Desc"; Value = "Tolerance Symbol"; VariantName = "[No Variations]"
Change component parameters (AddParameter): Name = "Supplier 1"; Value = "Mouser"; VariantName = "[No Variations]"
Change component parameters (AddParameter): Name = "Supplier Part Number 1"; Value = "667-EXB-2HV750JV"; VariantName = "[No Variations]"
Change component parameters (AddParameter): Name = "Value"; Value = "75"; VariantName = "[No Variations]"
Change component parameters: Designator = "R28"; Footprint = "RESCAXE-50P380X160X45-16N"; UniqueID = "\REEOQYYS\ZTJPEBVF\IZTEPUQU\UGHNICPK"
Change component parameters. Clean all parameters for all variants
Change component parameters (AddParameter): Name = "ComponentLink1Description"; Value = "Datasheet"; VariantName = "[No Variations]"
Change component parameters (AddParameter): Name = "ComponentLink1URL"; Value = "https://www.mouser.de/datasheet/2/315/AOC0000C14-1108062.pdf"; VariantName = "[No Variations]"
Change component parameters (AddParameter): Name = "ComponentLink2Description"; Value = "Landpattern"; VariantName = "[No Variations]"
Change component parameters (AddParameter): Name = "ComponentLink2URL"; Value = "https://industrial.panasonic.com/cdbs/www-data/pdf/AOC0000/AOC0000COL4.pdf"; VariantName = "[No Variations]"
Change component parameters (AddParameter): Name = "Created"; Value = "2020-01-03_Thilo_Wendt"; VariantName = "[No Variations]"
Change component parameters (AddParameter): Name = "HelpURL"; Value = "https://www.mouser.de/datasheet/2/315/AOC0000C14-1108062.pdf"; VariantName = "[No Variations]"
Change component parameters (AddParameter): Name = "MaxVoltage"; Value = "100"; VariantName = "[No Variations]"
Change component parameters (AddParameter): Name = "MF"; Value = "Panasonic"; VariantName = "[No Variations]"
Change component parameters (AddParameter): Name = "MPN"; Value = "EXB2HV750JV"; VariantName = "[No Variations]"
Change component parameters (AddParameter): Name = "Package"; Value = "CurrentFootprint"; VariantName = "[No Variations]"
Change component parameters (AddParameter): Name = "Parameter1"; Value = "V"; VariantName = "[No Variations]"
Change component parameters (AddParameter): Name = "Parameter1Desc"; Value = "Package Method"; VariantName = "[No Variations]"
Change component parameters (AddParameter): Name = "Parameter2"; Value = "J"; VariantName = "[No Variations]"
Change component parameters (AddParameter): Name = "Parameter2Desc"; Value = "Tolerance Symbol"; VariantName = "[No Variations]"
Change component parameters (AddParameter): Name = "Supplier 1"; Value = "Mouser"; VariantName = "[No Variations]"
Change component parameters (AddParameter): Name = "Supplier Part Number 1"; Value = "667-EXB-2HV750JV"; VariantName = "[No Variations]"
Change component parameters (AddParameter): Name = "Value"; Value = "75"; VariantName = "[No Variations]"
Change component parameters: Designator = "R19"; Footprint = "RESCAXE-50P380X160X45-16N"; UniqueID = "\REEOQYYS\IIHAQJIS\EKLSFHDT\CFQQIFGU"
Change component parameters. Clean all parameters for all variants
Change component parameters (AddParameter): Name = "ComponentLink1Description"; Value = "Datasheet"; VariantName = "[No Variations]"
Change component parameters (AddParameter): Name = "ComponentLink1URL"; Value = "https://www.mouser.de/datasheet/2/315/AOC0000C14-1108062.pdf"; VariantName = "[No Variations]"
Change component parameters (AddParameter): Name = "ComponentLink2Description"; Value = "Landpattern"; VariantName = "[No Variations]"
Change component parameters (AddParameter): Name = "ComponentLink2URL"; Value = "https://industrial.panasonic.com/cdbs/www-data/pdf/AOC0000/AOC0000COL4.pdf"; VariantName = "[No Variations]"
Change component parameters (AddParameter): Name = "Created"; Value = "2020-01-03_Thilo_Wendt"; VariantName = "[No Variations]"
Change component parameters (AddParameter): Name = "HelpURL"; Value = "https://www.mouser.de/datasheet/2/315/AOC0000C14-1108062.pdf"; VariantName = "[No Variations]"
Change component parameters (AddParameter): Name = "MaxVoltage"; Value = "100"; VariantName = "[No Variations]"
Change component parameters (AddParameter): Name = "MF"; Value = "Panasonic"; VariantName = "[No Variations]"
Change component parameters (AddParameter): Name = "MPN"; Value = "EXB2HVR000V"; VariantName = "[No Variations]"
Change component parameters (AddParameter): Name = "Package"; Value = "CurrentFootprint"; VariantName = "[No Variations]"
Change component parameters (AddParameter): Name = "Parameter1"; Value = "V"; VariantName = "[No Variations]"
Change component parameters (AddParameter): Name = "Parameter1Desc"; Value = "Package Method"; VariantName = "[No Variations]"
Change component parameters (AddParameter): Name = "Parameter2"; Value = "J"; VariantName = "[No Variations]"
Change component parameters (AddParameter): Name = "Parameter2Desc"; Value = "Tolerance Symbol"; VariantName = "[No Variations]"
Change component parameters (AddParameter): Name = "Supplier 1"; Value = "Mouser"; VariantName = "[No Variations]"
Change component parameters (AddParameter): Name = "Supplier Part Number 1"; Value = "667-EXB-2HVR000V"; VariantName = "[No Variations]"
Change component parameters (AddParameter): Name = "Value"; Value = "0"; VariantName = "[No Variations]"
Change component parameters (AddParameter): Name = "ComponentLink1Description"; Value = "Datasheet"; VariantName = "3V3_to_5V"
Change component parameters (AddParameter): Name = "ComponentLink1URL"; Value = "https://www.mouser.de/datasheet/2/315/AOC0000C14-1108062.pdf"; VariantName = "3V3_to_5V"
Change component parameters (AddParameter): Name = "ComponentLink2Description"; Value = "Landpattern"; VariantName = "3V3_to_5V"
Change component parameters (AddParameter): Name = "ComponentLink2URL"; Value = "https://industrial.panasonic.com/cdbs/www-data/pdf/AOC0000/AOC0000COL4.pdf"; VariantName = "3V3_to_5V"
Change component parameters (AddParameter): Name = "Created"; Value = "2020-01-03_Thilo_Wendt"; VariantName = "3V3_to_5V"
Change component parameters (AddParameter): Name = "HelpURL"; Value = "https://www.mouser.de/datasheet/2/315/AOC0000C14-1108062.pdf"; VariantName = "3V3_to_5V"
Change component parameters (AddParameter): Name = "MaxVoltage"; Value = "100"; VariantName = "3V3_to_5V"
Change component parameters (AddParameter): Name = "MF"; Value = "Panasonic"; VariantName = "3V3_to_5V"
Change component parameters (AddParameter): Name = "MPN"; Value = "EXB2HVR000V"; VariantName = "3V3_to_5V"
Change component parameters (AddParameter): Name = "Package"; Value = "CurrentFootprint"; VariantName = "3V3_to_5V"
Change component parameters (AddParameter): Name = "Parameter1"; Value = "V"; VariantName = "3V3_to_5V"
Change component parameters (AddParameter): Name = "Parameter1Desc"; Value = "Package Method"; VariantName = "3V3_to_5V"
Change component parameters (AddParameter): Name = "Parameter2"; Value = "J"; VariantName = "3V3_to_5V"
Change component parameters (AddParameter): Name = "Parameter2Desc"; Value = "Tolerance Symbol"; VariantName = "3V3_to_5V"
Change component parameters (AddParameter): Name = "Supplier 1"; Value = "Mouser"; VariantName = "3V3_to_5V"
Change component parameters (AddParameter): Name = "Supplier Part Number 1"; Value = "667-EXB-2HVR000V"; VariantName = "3V3_to_5V"
Change component parameters (AddParameter): Name = "Value"; Value = "0"; VariantName = "3V3_to_5V"
Change component parameters (AddParameter): Name = "ComponentLink1Description"; Value = "Datasheet"; VariantName = "3V3_to_15V"
Change component parameters (AddParameter): Name = "ComponentLink1URL"; Value = "https://www.mouser.de/datasheet/2/315/AOC0000C14-1108062.pdf"; VariantName = "3V3_to_15V"
Change component parameters (AddParameter): Name = "ComponentLink2Description"; Value = "Landpattern"; VariantName = "3V3_to_15V"
Change component parameters (AddParameter): Name = "ComponentLink2URL"; Value = "https://industrial.panasonic.com/cdbs/www-data/pdf/AOC0000/AOC0000COL4.pdf"; VariantName = "3V3_to_15V"
Change component parameters (AddParameter): Name = "Created"; Value = "2020-01-03_Thilo_Wendt"; VariantName = "3V3_to_15V"
Change component parameters (AddParameter): Name = "HelpURL"; Value = "https://www.mouser.de/datasheet/2/315/AOC0000C14-1108062.pdf"; VariantName = "3V3_to_15V"
Change component parameters (AddParameter): Name = "MaxVoltage"; Value = "100"; VariantName = "3V3_to_15V"
Change component parameters (AddParameter): Name = "MF"; Value = "Panasonic"; VariantName = "3V3_to_15V"
Change component parameters (AddParameter): Name = "MPN"; Value = "EXB2HVR000V"; VariantName = "3V3_to_15V"
Change component parameters (AddParameter): Name = "Package"; Value = "CurrentFootprint"; VariantName = "3V3_to_15V"
Change component parameters (AddParameter): Name = "Parameter1"; Value = "V"; VariantName = "3V3_to_15V"
Change component parameters (AddParameter): Name = "Parameter1Desc"; Value = "Package Method"; VariantName = "3V3_to_15V"
Change component parameters (AddParameter): Name = "Parameter2"; Value = "J"; VariantName = "3V3_to_15V"
Change component parameters (AddParameter): Name = "Parameter2Desc"; Value = "Tolerance Symbol"; VariantName = "3V3_to_15V"
Change component parameters (AddParameter): Name = "Supplier 1"; Value = "Mouser"; VariantName = "3V3_to_15V"
Change component parameters (AddParameter): Name = "Supplier Part Number 1"; Value = "667-EXB-2HVR000V"; VariantName = "3V3_to_15V"
Change component parameters (AddParameter): Name = "Value"; Value = "0"; VariantName = "3V3_to_15V"
Change component parameters: Designator = "R25"; Footprint = "RESCAXE-50P380X160X45-16N"; UniqueID = "\REEOQYYS\ZTJPEBVF\IZTEPUQU\LNQQDHQE"
Change component parameters. Clean all parameters for all variants
Change component parameters (AddParameter): Name = "ComponentLink1Description"; Value = "Datasheet"; VariantName = "[No Variations]"
Change component parameters (AddParameter): Name = "ComponentLink1URL"; Value = "https://www.mouser.de/datasheet/2/315/AOC0000C14-1108062.pdf"; VariantName = "[No Variations]"
Change component parameters (AddParameter): Name = "ComponentLink2Description"; Value = "Landpattern"; VariantName = "[No Variations]"
Change component parameters (AddParameter): Name = "ComponentLink2URL"; Value = "https://industrial.panasonic.com/cdbs/www-data/pdf/AOC0000/AOC0000COL4.pdf"; VariantName = "[No Variations]"
Change component parameters (AddParameter): Name = "Created"; Value = "2020-01-03_Thilo_Wendt"; VariantName = "[No Variations]"
Change component parameters (AddParameter): Name = "HelpURL"; Value = "https://www.mouser.de/datasheet/2/315/AOC0000C14-1108062.pdf"; VariantName = "[No Variations]"
Change component parameters (AddParameter): Name = "MaxVoltage"; Value = "100"; VariantName = "[No Variations]"
Change component parameters (AddParameter): Name = "MF"; Value = "Panasonic"; VariantName = "[No Variations]"
Change component parameters (AddParameter): Name = "MPN"; Value = "EXB2HV750JV"; VariantName = "[No Variations]"
Change component parameters (AddParameter): Name = "Package"; Value = "CurrentFootprint"; VariantName = "[No Variations]"
Change component parameters (AddParameter): Name = "Parameter1"; Value = "V"; VariantName = "[No Variations]"
Change component parameters (AddParameter): Name = "Parameter1Desc"; Value = "Package Method"; VariantName = "[No Variations]"
Change component parameters (AddParameter): Name = "Parameter2"; Value = "J"; VariantName = "[No Variations]"
Change component parameters (AddParameter): Name = "Parameter2Desc"; Value = "Tolerance Symbol"; VariantName = "[No Variations]"
Change component parameters (AddParameter): Name = "Supplier 1"; Value = "Mouser"; VariantName = "[No Variations]"
Change component parameters (AddParameter): Name = "Supplier Part Number 1"; Value = "667-EXB-2HV750JV"; VariantName = "[No Variations]"
Change component parameters (AddParameter): Name = "Value"; Value = "75"; VariantName = "[No Variations]"
Change component parameters: Designator = "R20"; Footprint = "RESCAXE-50P380X160X45-16N"; UniqueID = "\REEOQYYS\IIHAQJIS\EKLSFHDT\OUMWBXYS"
Change component parameters. Clean all parameters for all variants
Change component parameters (AddParameter): Name = "ComponentLink1Description"; Value = "Datasheet"; VariantName = "[No Variations]"
Change component parameters (AddParameter): Name = "ComponentLink1URL"; Value = "https://www.mouser.de/datasheet/2/315/AOC0000C14-1108062.pdf"; VariantName = "[No Variations]"
Change component parameters (AddParameter): Name = "ComponentLink2Description"; Value = "Landpattern"; VariantName = "[No Variations]"
Change component parameters (AddParameter): Name = "ComponentLink2URL"; Value = "https://industrial.panasonic.com/cdbs/www-data/pdf/AOC0000/AOC0000COL4.pdf"; VariantName = "[No Variations]"
Change component parameters (AddParameter): Name = "Created"; Value = "2020-01-03_Thilo_Wendt"; VariantName = "[No Variations]"
Change component parameters (AddParameter): Name = "HelpURL"; Value = "https://www.mouser.de/datasheet/2/315/AOC0000C14-1108062.pdf"; VariantName = "[No Variations]"
Change component parameters (AddParameter): Name = "MaxVoltage"; Value = "100"; VariantName = "[No Variations]"
Change component parameters (AddParameter): Name = "MF"; Value = "Panasonic"; VariantName = "[No Variations]"
Change component parameters (AddParameter): Name = "MPN"; Value = "EXB2HVR000V"; VariantName = "[No Variations]"
Change component parameters (AddParameter): Name = "Package"; Value = "CurrentFootprint"; VariantName = "[No Variations]"
Change component parameters (AddParameter): Name = "Parameter1"; Value = "V"; VariantName = "[No Variations]"
Change component parameters (AddParameter): Name = "Parameter1Desc"; Value = "Package Method"; VariantName = "[No Variations]"
Change component parameters (AddParameter): Name = "Parameter2"; Value = "J"; VariantName = "[No Variations]"
Change component parameters (AddParameter): Name = "Parameter2Desc"; Value = "Tolerance Symbol"; VariantName = "[No Variations]"
Change component parameters (AddParameter): Name = "Supplier 1"; Value = "Mouser"; VariantName = "[No Variations]"
Change component parameters (AddParameter): Name = "Supplier Part Number 1"; Value = "667-EXB-2HVR000V"; VariantName = "[No Variations]"
Change component parameters (AddParameter): Name = "Value"; Value = "0"; VariantName = "[No Variations]"
Change component parameters (AddParameter): Name = "ComponentLink1Description"; Value = "Datasheet"; VariantName = "3V3_to_5V"
Change component parameters (AddParameter): Name = "ComponentLink1URL"; Value = "https://www.mouser.de/datasheet/2/315/AOC0000C14-1108062.pdf"; VariantName = "3V3_to_5V"
Change component parameters (AddParameter): Name = "ComponentLink2Description"; Value = "Landpattern"; VariantName = "3V3_to_5V"
Change component parameters (AddParameter): Name = "ComponentLink2URL"; Value = "https://industrial.panasonic.com/cdbs/www-data/pdf/AOC0000/AOC0000COL4.pdf"; VariantName = "3V3_to_5V"
Change component parameters (AddParameter): Name = "Created"; Value = "2020-01-03_Thilo_Wendt"; VariantName = "3V3_to_5V"
Change component parameters (AddParameter): Name = "HelpURL"; Value = "https://www.mouser.de/datasheet/2/315/AOC0000C14-1108062.pdf"; VariantName = "3V3_to_5V"
Change component parameters (AddParameter): Name = "MaxVoltage"; Value = "100"; VariantName = "3V3_to_5V"
Change component parameters (AddParameter): Name = "MF"; Value = "Panasonic"; VariantName = "3V3_to_5V"
Change component parameters (AddParameter): Name = "MPN"; Value = "EXB2HVR000V"; VariantName = "3V3_to_5V"
Change component parameters (AddParameter): Name = "Package"; Value = "CurrentFootprint"; VariantName = "3V3_to_5V"
Change component parameters (AddParameter): Name = "Parameter1"; Value = "V"; VariantName = "3V3_to_5V"
Change component parameters (AddParameter): Name = "Parameter1Desc"; Value = "Package Method"; VariantName = "3V3_to_5V"
Change component parameters (AddParameter): Name = "Parameter2"; Value = "J"; VariantName = "3V3_to_5V"
Change component parameters (AddParameter): Name = "Parameter2Desc"; Value = "Tolerance Symbol"; VariantName = "3V3_to_5V"
Change component parameters (AddParameter): Name = "Supplier 1"; Value = "Mouser"; VariantName = "3V3_to_5V"
Change component parameters (AddParameter): Name = "Supplier Part Number 1"; Value = "667-EXB-2HVR000V"; VariantName = "3V3_to_5V"
Change component parameters (AddParameter): Name = "Value"; Value = "0"; VariantName = "3V3_to_5V"
Change component parameters (AddParameter): Name = "ComponentLink1Description"; Value = "Datasheet"; VariantName = "3V3_to_15V"
Change component parameters (AddParameter): Name = "ComponentLink1URL"; Value = "https://www.mouser.de/datasheet/2/315/AOC0000C14-1108062.pdf"; VariantName = "3V3_to_15V"
Change component parameters (AddParameter): Name = "ComponentLink2Description"; Value = "Landpattern"; VariantName = "3V3_to_15V"
Change component parameters (AddParameter): Name = "ComponentLink2URL"; Value = "https://industrial.panasonic.com/cdbs/www-data/pdf/AOC0000/AOC0000COL4.pdf"; VariantName = "3V3_to_15V"
Change component parameters (AddParameter): Name = "Created"; Value = "2020-01-03_Thilo_Wendt"; VariantName = "3V3_to_15V"
Change component parameters (AddParameter): Name = "HelpURL"; Value = "https://www.mouser.de/datasheet/2/315/AOC0000C14-1108062.pdf"; VariantName = "3V3_to_15V"
Change component parameters (AddParameter): Name = "MaxVoltage"; Value = "100"; VariantName = "3V3_to_15V"
Change component parameters (AddParameter): Name = "MF"; Value = "Panasonic"; VariantName = "3V3_to_15V"
Change component parameters (AddParameter): Name = "MPN"; Value = "EXB2HVR000V"; VariantName = "3V3_to_15V"
Change component parameters (AddParameter): Name = "Package"; Value = "CurrentFootprint"; VariantName = "3V3_to_15V"
Change component parameters (AddParameter): Name = "Parameter1"; Value = "V"; VariantName = "3V3_to_15V"
Change component parameters (AddParameter): Name = "Parameter1Desc"; Value = "Package Method"; VariantName = "3V3_to_15V"
Change component parameters (AddParameter): Name = "Parameter2"; Value = "J"; VariantName = "3V3_to_15V"
Change component parameters (AddParameter): Name = "Parameter2Desc"; Value = "Tolerance Symbol"; VariantName = "3V3_to_15V"
Change component parameters (AddParameter): Name = "Supplier 1"; Value = "Mouser"; VariantName = "3V3_to_15V"
Change component parameters (AddParameter): Name = "Supplier Part Number 1"; Value = "667-EXB-2HVR000V"; VariantName = "3V3_to_15V"
Change component parameters (AddParameter): Name = "Value"; Value = "0"; VariantName = "3V3_to_15V"
Change component parameters: Designator = "R29"; Footprint = "RESCAXE-50P380X160X45-16N"; UniqueID = "\REEOQYYS\ZTJPEBVF\IZTEPUQU\QVGFWAGR"
Change component parameters. Clean all parameters for all variants
Change component parameters (AddParameter): Name = "ComponentLink1Description"; Value = "Datasheet"; VariantName = "[No Variations]"
Change component parameters (AddParameter): Name = "ComponentLink1URL"; Value = "https://www.mouser.de/datasheet/2/315/AOC0000C14-1108062.pdf"; VariantName = "[No Variations]"
Change component parameters (AddParameter): Name = "ComponentLink2Description"; Value = "Landpattern"; VariantName = "[No Variations]"
Change component parameters (AddParameter): Name = "ComponentLink2URL"; Value = "https://industrial.panasonic.com/cdbs/www-data/pdf/AOC0000/AOC0000COL4.pdf"; VariantName = "[No Variations]"
Change component parameters (AddParameter): Name = "Created"; Value = "2020-01-03_Thilo_Wendt"; VariantName = "[No Variations]"
Change component parameters (AddParameter): Name = "HelpURL"; Value = "https://www.mouser.de/datasheet/2/315/AOC0000C14-1108062.pdf"; VariantName = "[No Variations]"
Change component parameters (AddParameter): Name = "MaxVoltage"; Value = "100"; VariantName = "[No Variations]"
Change component parameters (AddParameter): Name = "MF"; Value = "Panasonic"; VariantName = "[No Variations]"
Change component parameters (AddParameter): Name = "MPN"; Value = "EXB2HV750JV"; VariantName = "[No Variations]"
Change component parameters (AddParameter): Name = "Package"; Value = "CurrentFootprint"; VariantName = "[No Variations]"
Change component parameters (AddParameter): Name = "Parameter1"; Value = "V"; VariantName = "[No Variations]"
Change component parameters (AddParameter): Name = "Parameter1Desc"; Value = "Package Method"; VariantName = "[No Variations]"
Change component parameters (AddParameter): Name = "Parameter2"; Value = "J"; VariantName = "[No Variations]"
Change component parameters (AddParameter): Name = "Parameter2Desc"; Value = "Tolerance Symbol"; VariantName = "[No Variations]"
Change component parameters (AddParameter): Name = "Supplier 1"; Value = "Mouser"; VariantName = "[No Variations]"
Change component parameters (AddParameter): Name = "Supplier Part Number 1"; Value = "667-EXB-2HV750JV"; VariantName = "[No Variations]"
Change component parameters (AddParameter): Name = "Value"; Value = "75"; VariantName = "[No Variations]"
Change component parameters: Designator = "R21"; Footprint = "RESCAXE-50P380X160X45-16N"; UniqueID = "\REEOQYYS\IIHAQJIS\EKLSFHDT\MZGGZEXS"
Change component parameters. Clean all parameters for all variants
Change component parameters (AddParameter): Name = "ComponentLink1Description"; Value = "Datasheet"; VariantName = "[No Variations]"
Change component parameters (AddParameter): Name = "ComponentLink1URL"; Value = "https://www.mouser.de/datasheet/2/315/AOC0000C14-1108062.pdf"; VariantName = "[No Variations]"
Change component parameters (AddParameter): Name = "ComponentLink2Description"; Value = "Landpattern"; VariantName = "[No Variations]"
Change component parameters (AddParameter): Name = "ComponentLink2URL"; Value = "https://industrial.panasonic.com/cdbs/www-data/pdf/AOC0000/AOC0000COL4.pdf"; VariantName = "[No Variations]"
Change component parameters (AddParameter): Name = "Created"; Value = "2020-01-03_Thilo_Wendt"; VariantName = "[No Variations]"
Change component parameters (AddParameter): Name = "HelpURL"; Value = "https://www.mouser.de/datasheet/2/315/AOC0000C14-1108062.pdf"; VariantName = "[No Variations]"
Change component parameters (AddParameter): Name = "MaxVoltage"; Value = "100"; VariantName = "[No Variations]"
Change component parameters (AddParameter): Name = "MF"; Value = "Panasonic"; VariantName = "[No Variations]"
Change component parameters (AddParameter): Name = "MPN"; Value = "EXB2HVR000V"; VariantName = "[No Variations]"
Change component parameters (AddParameter): Name = "Package"; Value = "CurrentFootprint"; VariantName = "[No Variations]"
Change component parameters (AddParameter): Name = "Parameter1"; Value = "V"; VariantName = "[No Variations]"
Change component parameters (AddParameter): Name = "Parameter1Desc"; Value = "Package Method"; VariantName = "[No Variations]"
Change component parameters (AddParameter): Name = "Parameter2"; Value = "J"; VariantName = "[No Variations]"
Change component parameters (AddParameter): Name = "Parameter2Desc"; Value = "Tolerance Symbol"; VariantName = "[No Variations]"
Change component parameters (AddParameter): Name = "Supplier 1"; Value = "Mouser"; VariantName = "[No Variations]"
Change component parameters (AddParameter): Name = "Supplier Part Number 1"; Value = "667-EXB-2HVR000V"; VariantName = "[No Variations]"
Change component parameters (AddParameter): Name = "Value"; Value = "0"; VariantName = "[No Variations]"
Change component parameters (AddParameter): Name = "ComponentLink1Description"; Value = "Datasheet"; VariantName = "3V3_to_5V"
Change component parameters (AddParameter): Name = "ComponentLink1URL"; Value = "https://www.mouser.de/datasheet/2/315/AOC0000C14-1108062.pdf"; VariantName = "3V3_to_5V"
Change component parameters (AddParameter): Name = "ComponentLink2Description"; Value = "Landpattern"; VariantName = "3V3_to_5V"
Change component parameters (AddParameter): Name = "ComponentLink2URL"; Value = "https://industrial.panasonic.com/cdbs/www-data/pdf/AOC0000/AOC0000COL4.pdf"; VariantName = "3V3_to_5V"
Change component parameters (AddParameter): Name = "Created"; Value = "2020-01-03_Thilo_Wendt"; VariantName = "3V3_to_5V"
Change component parameters (AddParameter): Name = "HelpURL"; Value = "https://www.mouser.de/datasheet/2/315/AOC0000C14-1108062.pdf"; VariantName = "3V3_to_5V"
Change component parameters (AddParameter): Name = "MaxVoltage"; Value = "100"; VariantName = "3V3_to_5V"
Change component parameters (AddParameter): Name = "MF"; Value = "Panasonic"; VariantName = "3V3_to_5V"
Change component parameters (AddParameter): Name = "MPN"; Value = "EXB2HVR000V"; VariantName = "3V3_to_5V"
Change component parameters (AddParameter): Name = "Package"; Value = "CurrentFootprint"; VariantName = "3V3_to_5V"
Change component parameters (AddParameter): Name = "Parameter1"; Value = "V"; VariantName = "3V3_to_5V"
Change component parameters (AddParameter): Name = "Parameter1Desc"; Value = "Package Method"; VariantName = "3V3_to_5V"
Change component parameters (AddParameter): Name = "Parameter2"; Value = "J"; VariantName = "3V3_to_5V"
Change component parameters (AddParameter): Name = "Parameter2Desc"; Value = "Tolerance Symbol"; VariantName = "3V3_to_5V"
Change component parameters (AddParameter): Name = "Supplier 1"; Value = "Mouser"; VariantName = "3V3_to_5V"
Change component parameters (AddParameter): Name = "Supplier Part Number 1"; Value = "667-EXB-2HVR000V"; VariantName = "3V3_to_5V"
Change component parameters (AddParameter): Name = "Value"; Value = "0"; VariantName = "3V3_to_5V"
Change component parameters (AddParameter): Name = "ComponentLink1Description"; Value = "Datasheet"; VariantName = "3V3_to_15V"
Change component parameters (AddParameter): Name = "ComponentLink1URL"; Value = "https://www.mouser.de/datasheet/2/315/AOC0000C14-1108062.pdf"; VariantName = "3V3_to_15V"
Change component parameters (AddParameter): Name = "ComponentLink2Description"; Value = "Landpattern"; VariantName = "3V3_to_15V"
Change component parameters (AddParameter): Name = "ComponentLink2URL"; Value = "https://industrial.panasonic.com/cdbs/www-data/pdf/AOC0000/AOC0000COL4.pdf"; VariantName = "3V3_to_15V"
Change component parameters (AddParameter): Name = "Created"; Value = "2020-01-03_Thilo_Wendt"; VariantName = "3V3_to_15V"
Change component parameters (AddParameter): Name = "HelpURL"; Value = "https://www.mouser.de/datasheet/2/315/AOC0000C14-1108062.pdf"; VariantName = "3V3_to_15V"
Change component parameters (AddParameter): Name = "MaxVoltage"; Value = "100"; VariantName = "3V3_to_15V"
Change component parameters (AddParameter): Name = "MF"; Value = "Panasonic"; VariantName = "3V3_to_15V"
Change component parameters (AddParameter): Name = "MPN"; Value = "EXB2HVR000V"; VariantName = "3V3_to_15V"
Change component parameters (AddParameter): Name = "Package"; Value = "CurrentFootprint"; VariantName = "3V3_to_15V"
Change component parameters (AddParameter): Name = "Parameter1"; Value = "V"; VariantName = "3V3_to_15V"
Change component parameters (AddParameter): Name = "Parameter1Desc"; Value = "Package Method"; VariantName = "3V3_to_15V"
Change component parameters (AddParameter): Name = "Parameter2"; Value = "J"; VariantName = "3V3_to_15V"
Change component parameters (AddParameter): Name = "Parameter2Desc"; Value = "Tolerance Symbol"; VariantName = "3V3_to_15V"
Change component parameters (AddParameter): Name = "Supplier 1"; Value = "Mouser"; VariantName = "3V3_to_15V"
Change component parameters (AddParameter): Name = "Supplier Part Number 1"; Value = "667-EXB-2HVR000V"; VariantName = "3V3_to_15V"
Change component parameters (AddParameter): Name = "Value"; Value = "0"; VariantName = "3V3_to_15V"
Change component parameters: Designator = "R22"; Footprint = "RESCAXE-50P380X160X45-16N"; UniqueID = "\REEOQYYS\IIHAQJIS\EKLSFHDT\BMGYWOVU"
Change component parameters. Clean all parameters for all variants
Change component parameters (AddParameter): Name = "ComponentLink1Description"; Value = "Datasheet"; VariantName = "[No Variations]"
Change component parameters (AddParameter): Name = "ComponentLink1URL"; Value = "https://www.mouser.de/datasheet/2/315/AOC0000C14-1108062.pdf"; VariantName = "[No Variations]"
Change component parameters (AddParameter): Name = "ComponentLink2Description"; Value = "Landpattern"; VariantName = "[No Variations]"
Change component parameters (AddParameter): Name = "ComponentLink2URL"; Value = "https://industrial.panasonic.com/cdbs/www-data/pdf/AOC0000/AOC0000COL4.pdf"; VariantName = "[No Variations]"
Change component parameters (AddParameter): Name = "Created"; Value = "2020-01-03_Thilo_Wendt"; VariantName = "[No Variations]"
Change component parameters (AddParameter): Name = "HelpURL"; Value = "https://www.mouser.de/datasheet/2/315/AOC0000C14-1108062.pdf"; VariantName = "[No Variations]"
Change component parameters (AddParameter): Name = "MaxVoltage"; Value = "100"; VariantName = "[No Variations]"
Change component parameters (AddParameter): Name = "MF"; Value = "Panasonic"; VariantName = "[No Variations]"
Change component parameters (AddParameter): Name = "MPN"; Value = "EXB2HVR000V"; VariantName = "[No Variations]"
Change component parameters (AddParameter): Name = "Package"; Value = "CurrentFootprint"; VariantName = "[No Variations]"
Change component parameters (AddParameter): Name = "Parameter1"; Value = "V"; VariantName = "[No Variations]"
Change component parameters (AddParameter): Name = "Parameter1Desc"; Value = "Package Method"; VariantName = "[No Variations]"
Change component parameters (AddParameter): Name = "Parameter2"; Value = "J"; VariantName = "[No Variations]"
Change component parameters (AddParameter): Name = "Parameter2Desc"; Value = "Tolerance Symbol"; VariantName = "[No Variations]"
Change component parameters (AddParameter): Name = "Supplier 1"; Value = "Mouser"; VariantName = "[No Variations]"
Change component parameters (AddParameter): Name = "Supplier Part Number 1"; Value = "667-EXB-2HVR000V"; VariantName = "[No Variations]"
Change component parameters (AddParameter): Name = "Value"; Value = "0"; VariantName = "[No Variations]"
Change component parameters: Designator = "R26"; Footprint = "RESCAXE-50P380X160X45-16N"; UniqueID = "\REEOQYYS\ZTJPEBVF\IZTEPUQU\QJUMAPXU"
Change component parameters. Clean all parameters for all variants
Change component parameters (AddParameter): Name = "ComponentLink1Description"; Value = "Datasheet"; VariantName = "[No Variations]"
Change component parameters (AddParameter): Name = "ComponentLink1URL"; Value = "https://www.mouser.de/datasheet/2/315/AOC0000C14-1108062.pdf"; VariantName = "[No Variations]"
Change component parameters (AddParameter): Name = "ComponentLink2Description"; Value = "Landpattern"; VariantName = "[No Variations]"
Change component parameters (AddParameter): Name = "ComponentLink2URL"; Value = "https://industrial.panasonic.com/cdbs/www-data/pdf/AOC0000/AOC0000COL4.pdf"; VariantName = "[No Variations]"
Change component parameters (AddParameter): Name = "Created"; Value = "2020-01-03_Thilo_Wendt"; VariantName = "[No Variations]"
Change component parameters (AddParameter): Name = "HelpURL"; Value = "https://www.mouser.de/datasheet/2/315/AOC0000C14-1108062.pdf"; VariantName = "[No Variations]"
Change component parameters (AddParameter): Name = "MaxVoltage"; Value = "100"; VariantName = "[No Variations]"
Change component parameters (AddParameter): Name = "MF"; Value = "Panasonic"; VariantName = "[No Variations]"
Change component parameters (AddParameter): Name = "MPN"; Value = "EXB2HV750JV"; VariantName = "[No Variations]"
Change component parameters (AddParameter): Name = "Package"; Value = "CurrentFootprint"; VariantName = "[No Variations]"
Change component parameters (AddParameter): Name = "Parameter1"; Value = "V"; VariantName = "[No Variations]"
Change component parameters (AddParameter): Name = "Parameter1Desc"; Value = "Package Method"; VariantName = "[No Variations]"
Change component parameters (AddParameter): Name = "Parameter2"; Value = "J"; VariantName = "[No Variations]"
Change component parameters (AddParameter): Name = "Parameter2Desc"; Value = "Tolerance Symbol"; VariantName = "[No Variations]"
Change component parameters (AddParameter): Name = "Supplier 1"; Value = "Mouser"; VariantName = "[No Variations]"
Change component parameters (AddParameter): Name = "Supplier Part Number 1"; Value = "667-EXB-2HV750JV"; VariantName = "[No Variations]"
Change component parameters (AddParameter): Name = "Value"; Value = "75"; VariantName = "[No Variations]"
Change component parameters: Designator = "R30"; Footprint = "RESCAXE-50P380X160X45-16N"; UniqueID = "\REEOQYYS\ZTJPEBVF\IZTEPUQU\MELUFCCA"
Change component parameters. Clean all parameters for all variants
Change component parameters (AddParameter): Name = "ComponentLink1Description"; Value = "Datasheet"; VariantName = "[No Variations]"
Change component parameters (AddParameter): Name = "ComponentLink1URL"; Value = "https://www.mouser.de/datasheet/2/315/AOC0000C14-1108062.pdf"; VariantName = "[No Variations]"
Change component parameters (AddParameter): Name = "ComponentLink2Description"; Value = "Landpattern"; VariantName = "[No Variations]"
Change component parameters (AddParameter): Name = "ComponentLink2URL"; Value = "https://industrial.panasonic.com/cdbs/www-data/pdf/AOC0000/AOC0000COL4.pdf"; VariantName = "[No Variations]"
Change component parameters (AddParameter): Name = "Created"; Value = "2020-01-03_Thilo_Wendt"; VariantName = "[No Variations]"
Change component parameters (AddParameter): Name = "HelpURL"; Value = "https://www.mouser.de/datasheet/2/315/AOC0000C14-1108062.pdf"; VariantName = "[No Variations]"
Change component parameters (AddParameter): Name = "MaxVoltage"; Value = "100"; VariantName = "[No Variations]"
Change component parameters (AddParameter): Name = "MF"; Value = "Panasonic"; VariantName = "[No Variations]"
Change component parameters (AddParameter): Name = "MPN"; Value = "EXB2HV750JV"; VariantName = "[No Variations]"
Change component parameters (AddParameter): Name = "Package"; Value = "CurrentFootprint"; VariantName = "[No Variations]"
Change component parameters (AddParameter): Name = "Parameter1"; Value = "V"; VariantName = "[No Variations]"
Change component parameters (AddParameter): Name = "Parameter1Desc"; Value = "Package Method"; VariantName = "[No Variations]"
Change component parameters (AddParameter): Name = "Parameter2"; Value = "J"; VariantName = "[No Variations]"
Change component parameters (AddParameter): Name = "Parameter2Desc"; Value = "Tolerance Symbol"; VariantName = "[No Variations]"
Change component parameters (AddParameter): Name = "Supplier 1"; Value = "Mouser"; VariantName = "[No Variations]"
Change component parameters (AddParameter): Name = "Supplier Part Number 1"; Value = "667-EXB-2HV750JV"; VariantName = "[No Variations]"
Change component parameters (AddParameter): Name = "Value"; Value = "75"; VariantName = "[No Variations]"
Change component parameters: Designator = "R14"; Footprint = "RESCAXE-50P380X160X45-16N"; UniqueID = "\GEIJMUXU\DTNUUHGB"
Change component parameters. Clean all parameters for all variants
Change component parameters (AddParameter): Name = "ComponentLink1Description"; Value = "Datasheet"; VariantName = "[No Variations]"
Change component parameters (AddParameter): Name = "ComponentLink1URL"; Value = "https://www.mouser.de/datasheet/2/315/AOC0000C14-1108062.pdf"; VariantName = "[No Variations]"
Change component parameters (AddParameter): Name = "ComponentLink2Description"; Value = "Landpattern"; VariantName = "[No Variations]"
Change component parameters (AddParameter): Name = "ComponentLink2URL"; Value = "https://industrial.panasonic.com/cdbs/www-data/pdf/AOC0000/AOC0000COL4.pdf"; VariantName = "[No Variations]"
Change component parameters (AddParameter): Name = "Created"; Value = "2020-01-03_Thilo_Wendt"; VariantName = "[No Variations]"
Change component parameters (AddParameter): Name = "HelpURL"; Value = "https://www.mouser.de/datasheet/2/315/AOC0000C14-1108062.pdf"; VariantName = "[No Variations]"
Change component parameters (AddParameter): Name = "MaxVoltage"; Value = "100"; VariantName = "[No Variations]"
Change component parameters (AddParameter): Name = "MF"; Value = "Panasonic"; VariantName = "[No Variations]"
Change component parameters (AddParameter): Name = "MPN"; Value = "EXB2HVR000V"; VariantName = "[No Variations]"
Change component parameters (AddParameter): Name = "Package"; Value = "CurrentFootprint"; VariantName = "[No Variations]"
Change component parameters (AddParameter): Name = "Parameter1"; Value = "V"; VariantName = "[No Variations]"
Change component parameters (AddParameter): Name = "Parameter1Desc"; Value = "Package Method"; VariantName = "[No Variations]"
Change component parameters (AddParameter): Name = "Parameter2"; Value = "J"; VariantName = "[No Variations]"
Change component parameters (AddParameter): Name = "Parameter2Desc"; Value = "Tolerance Symbol"; VariantName = "[No Variations]"
Change component parameters (AddParameter): Name = "Supplier 1"; Value = "Mouser"; VariantName = "[No Variations]"
Change component parameters (AddParameter): Name = "Supplier Part Number 1"; Value = "667-EXB-2HVR000V"; VariantName = "[No Variations]"
Change component parameters (AddParameter): Name = "Value"; Value = "0"; VariantName = "[No Variations]"
Change component parameters (AddParameter): Name = "ComponentLink1Description"; Value = "Datasheet"; VariantName = "3V3_to_15V"
Change component parameters (AddParameter): Name = "ComponentLink1URL"; Value = "https://www.mouser.de/datasheet/2/315/AOC0000C14-1108062.pdf"; VariantName = "3V3_to_15V"
Change component parameters (AddParameter): Name = "ComponentLink2Description"; Value = "Landpattern"; VariantName = "3V3_to_15V"
Change component parameters (AddParameter): Name = "ComponentLink2URL"; Value = "https://industrial.panasonic.com/cdbs/www-data/pdf/AOC0000/AOC0000COL4.pdf"; VariantName = "3V3_to_15V"
Change component parameters (AddParameter): Name = "Created"; Value = "2020-01-03_Thilo_Wendt"; VariantName = "3V3_to_15V"
Change component parameters (AddParameter): Name = "HelpURL"; Value = "https://www.mouser.de/datasheet/2/315/AOC0000C14-1108062.pdf"; VariantName = "3V3_to_15V"
Change component parameters (AddParameter): Name = "MaxVoltage"; Value = "100"; VariantName = "3V3_to_15V"
Change component parameters (AddParameter): Name = "MF"; Value = "Panasonic"; VariantName = "3V3_to_15V"
Change component parameters (AddParameter): Name = "MPN"; Value = "EXB2HVR000V"; VariantName = "3V3_to_15V"
Change component parameters (AddParameter): Name = "Package"; Value = "CurrentFootprint"; VariantName = "3V3_to_15V"
Change component parameters (AddParameter): Name = "Parameter1"; Value = "V"; VariantName = "3V3_to_15V"
Change component parameters (AddParameter): Name = "Parameter1Desc"; Value = "Package Method"; VariantName = "3V3_to_15V"
Change component parameters (AddParameter): Name = "Parameter2"; Value = "J"; VariantName = "3V3_to_15V"
Change component parameters (AddParameter): Name = "Parameter2Desc"; Value = "Tolerance Symbol"; VariantName = "3V3_to_15V"
Change component parameters (AddParameter): Name = "Supplier 1"; Value = "Mouser"; VariantName = "3V3_to_15V"
Change component parameters (AddParameter): Name = "Supplier Part Number 1"; Value = "667-EXB-2HVR000V"; VariantName = "3V3_to_15V"
Change component parameters (AddParameter): Name = "Value"; Value = "0"; VariantName = "3V3_to_15V"
Change component parameters: Designator = "R33A"; Footprint = "RESC1608X55X30NL15T15"; UniqueID = "\REEOQYYS\IIHAQJIS\SHYXJNDG\AGQEHQZC"
Change component parameters. Clean all parameters for all variants
Change component parameters (AddParameter): Name = "ComponentLink1Description"; Value = "Datasheet"; VariantName = "[No Variations]"
Change component parameters (AddParameter): Name = "ComponentLink1URL"; Value = "https://www.mouser.de/datasheet/2/315/AOA0000C334-1314047.pdf"; VariantName = "[No Variations]"
Change component parameters (AddParameter): Name = "Created"; Value = "2019-12-08_Thilo_Wendt"; VariantName = "[No Variations]"
Change component parameters (AddParameter): Name = "HelpURL"; Value = "https://www.mouser.de/datasheet/2/315/AOA0000C334-1314047.pdf"; VariantName = "[No Variations]"
Change component parameters (AddParameter): Name = "MaxVoltage"; Value = "100"; VariantName = "[No Variations]"
Change component parameters (AddParameter): Name = "MF"; Value = "Panasonic"; VariantName = "[No Variations]"
Change component parameters (AddParameter): Name = "MPN"; Value = "ERJU03F1002V"; VariantName = "[No Variations]"
Change component parameters (AddParameter): Name = "Package"; Value = "CurrentFootprint"; VariantName = "[No Variations]"
Change component parameters (AddParameter): Name = "Parameter1"; Value = "V"; VariantName = "[No Variations]"
Change component parameters (AddParameter): Name = "Parameter1Desc"; Value = "Package Method"; VariantName = "[No Variations]"
Change component parameters (AddParameter): Name = "Parameter2"; Value = "F"; VariantName = "[No Variations]"
Change component parameters (AddParameter): Name = "Parameter2Desc"; Value = "Tolerance Symbol"; VariantName = "[No Variations]"
Change component parameters (AddParameter): Name = "Parameter3"; Value = ""; VariantName = "[No Variations]"
Change component parameters (AddParameter): Name = "Parameter3Desc"; Value = ""; VariantName = "[No Variations]"
Change component parameters (AddParameter): Name = "Supplier 1"; Value = "Mouser"; VariantName = "[No Variations]"
Change component parameters (AddParameter): Name = "Supplier Part Number 1"; Value = "667-ERJ-U03F1002V"; VariantName = "[No Variations]"
Change component parameters (AddParameter): Name = "Value"; Value = "10k"; VariantName = "[No Variations]"
Change component parameters (AddParameter): Name = "ComponentLink1Description"; Value = "Datasheet"; VariantName = "3V3_to_3V3"
Change component parameters (AddParameter): Name = "ComponentLink1URL"; Value = "https://www.mouser.de/datasheet/2/315/AOA0000C334-1314047.pdf"; VariantName = "3V3_to_3V3"
Change component parameters (AddParameter): Name = "Created"; Value = "2019-12-08_Thilo_Wendt"; VariantName = "3V3_to_3V3"
Change component parameters (AddParameter): Name = "HelpURL"; Value = "https://www.mouser.de/datasheet/2/315/AOA0000C334-1314047.pdf"; VariantName = "3V3_to_3V3"
Change component parameters (AddParameter): Name = "MaxVoltage"; Value = "100"; VariantName = "3V3_to_3V3"
Change component parameters (AddParameter): Name = "MF"; Value = "Panasonic"; VariantName = "3V3_to_3V3"
Change component parameters (AddParameter): Name = "MPN"; Value = "ERJU03F1002V"; VariantName = "3V3_to_3V3"
Change component parameters (AddParameter): Name = "Package"; Value = "CurrentFootprint"; VariantName = "3V3_to_3V3"
Change component parameters (AddParameter): Name = "Parameter1"; Value = "V"; VariantName = "3V3_to_3V3"
Change component parameters (AddParameter): Name = "Parameter1Desc"; Value = "Package Method"; VariantName = "3V3_to_3V3"
Change component parameters (AddParameter): Name = "Parameter2"; Value = "F"; VariantName = "3V3_to_3V3"
Change component parameters (AddParameter): Name = "Parameter2Desc"; Value = "Tolerance Symbol"; VariantName = "3V3_to_3V3"
Change component parameters (AddParameter): Name = "Parameter3"; Value = ""; VariantName = "3V3_to_3V3"
Change component parameters (AddParameter): Name = "Parameter3Desc"; Value = ""; VariantName = "3V3_to_3V3"
Change component parameters (AddParameter): Name = "Supplier 1"; Value = "Mouser"; VariantName = "3V3_to_3V3"
Change component parameters (AddParameter): Name = "Supplier Part Number 1"; Value = "667-ERJ-U03F1002V"; VariantName = "3V3_to_3V3"
Change component parameters (AddParameter): Name = "Value"; Value = "10k"; VariantName = "3V3_to_3V3"
Change component parameters (AddParameter): Name = "ComponentLink1Description"; Value = "Datasheet"; VariantName = "3V3_to_RS422"
Change component parameters (AddParameter): Name = "ComponentLink1URL"; Value = "https://www.mouser.de/datasheet/2/315/AOA0000C334-1314047.pdf"; VariantName = "3V3_to_RS422"
Change component parameters (AddParameter): Name = "Created"; Value = "2019-12-08_Thilo_Wendt"; VariantName = "3V3_to_RS422"
Change component parameters (AddParameter): Name = "HelpURL"; Value = "https://www.mouser.de/datasheet/2/315/AOA0000C334-1314047.pdf"; VariantName = "3V3_to_RS422"
Change component parameters (AddParameter): Name = "MaxVoltage"; Value = "100"; VariantName = "3V3_to_RS422"
Change component parameters (AddParameter): Name = "MF"; Value = "Panasonic"; VariantName = "3V3_to_RS422"
Change component parameters (AddParameter): Name = "MPN"; Value = "ERJU03F1002V"; VariantName = "3V3_to_RS422"
Change component parameters (AddParameter): Name = "Package"; Value = "CurrentFootprint"; VariantName = "3V3_to_RS422"
Change component parameters (AddParameter): Name = "Parameter1"; Value = "V"; VariantName = "3V3_to_RS422"
Change component parameters (AddParameter): Name = "Parameter1Desc"; Value = "Package Method"; VariantName = "3V3_to_RS422"
Change component parameters (AddParameter): Name = "Parameter2"; Value = "F"; VariantName = "3V3_to_RS422"
Change component parameters (AddParameter): Name = "Parameter2Desc"; Value = "Tolerance Symbol"; VariantName = "3V3_to_RS422"
Change component parameters (AddParameter): Name = "Parameter3"; Value = ""; VariantName = "3V3_to_RS422"
Change component parameters (AddParameter): Name = "Parameter3Desc"; Value = ""; VariantName = "3V3_to_RS422"
Change component parameters (AddParameter): Name = "Supplier 1"; Value = "Mouser"; VariantName = "3V3_to_RS422"
Change component parameters (AddParameter): Name = "Supplier Part Number 1"; Value = "667-ERJ-U03F1002V"; VariantName = "3V3_to_RS422"
Change component parameters (AddParameter): Name = "Value"; Value = "10k"; VariantName = "3V3_to_RS422"
Change component parameters (AddParameter): Name = "ComponentLink1Description"; Value = "Datasheet"; VariantName = "RS422_to_3V3"
Change component parameters (AddParameter): Name = "ComponentLink1URL"; Value = "https://www.mouser.de/datasheet/2/315/AOA0000C334-1314047.pdf"; VariantName = "RS422_to_3V3"
Change component parameters (AddParameter): Name = "Created"; Value = "2019-12-08_Thilo_Wendt"; VariantName = "RS422_to_3V3"
Change component parameters (AddParameter): Name = "HelpURL"; Value = "https://www.mouser.de/datasheet/2/315/AOA0000C334-1314047.pdf"; VariantName = "RS422_to_3V3"
Change component parameters (AddParameter): Name = "MaxVoltage"; Value = "100"; VariantName = "RS422_to_3V3"
Change component parameters (AddParameter): Name = "MF"; Value = "Panasonic"; VariantName = "RS422_to_3V3"
Change component parameters (AddParameter): Name = "MPN"; Value = "ERJU03F1002V"; VariantName = "RS422_to_3V3"
Change component parameters (AddParameter): Name = "Package"; Value = "CurrentFootprint"; VariantName = "RS422_to_3V3"
Change component parameters (AddParameter): Name = "Parameter1"; Value = "V"; VariantName = "RS422_to_3V3"
Change component parameters (AddParameter): Name = "Parameter1Desc"; Value = "Package Method"; VariantName = "RS422_to_3V3"
Change component parameters (AddParameter): Name = "Parameter2"; Value = "F"; VariantName = "RS422_to_3V3"
Change component parameters (AddParameter): Name = "Parameter2Desc"; Value = "Tolerance Symbol"; VariantName = "RS422_to_3V3"
Change component parameters (AddParameter): Name = "Parameter3"; Value = ""; VariantName = "RS422_to_3V3"
Change component parameters (AddParameter): Name = "Parameter3Desc"; Value = ""; VariantName = "RS422_to_3V3"
Change component parameters (AddParameter): Name = "Supplier 1"; Value = "Mouser"; VariantName = "RS422_to_3V3"
Change component parameters (AddParameter): Name = "Supplier Part Number 1"; Value = "667-ERJ-U03F1002V"; VariantName = "RS422_to_3V3"
Change component parameters (AddParameter): Name = "Value"; Value = "10k"; VariantName = "RS422_to_3V3"
Change component parameters: Designator = "R33B"; Footprint = "RESC1608X55X30NL15T15"; UniqueID = "\REEOQYYS\IIHAQJIS\VRXDBBMP\AGQEHQZC"
Change component parameters. Clean all parameters for all variants
Change component parameters (AddParameter): Name = "ComponentLink1Description"; Value = "Datasheet"; VariantName = "[No Variations]"
Change component parameters (AddParameter): Name = "ComponentLink1URL"; Value = "https://www.mouser.de/datasheet/2/315/AOA0000C334-1314047.pdf"; VariantName = "[No Variations]"
Change component parameters (AddParameter): Name = "Created"; Value = "2019-12-08_Thilo_Wendt"; VariantName = "[No Variations]"
Change component parameters (AddParameter): Name = "HelpURL"; Value = "https://www.mouser.de/datasheet/2/315/AOA0000C334-1314047.pdf"; VariantName = "[No Variations]"
Change component parameters (AddParameter): Name = "MaxVoltage"; Value = "100"; VariantName = "[No Variations]"
Change component parameters (AddParameter): Name = "MF"; Value = "Panasonic"; VariantName = "[No Variations]"
Change component parameters (AddParameter): Name = "MPN"; Value = "ERJU03F1002V"; VariantName = "[No Variations]"
Change component parameters (AddParameter): Name = "Package"; Value = "CurrentFootprint"; VariantName = "[No Variations]"
Change component parameters (AddParameter): Name = "Parameter1"; Value = "V"; VariantName = "[No Variations]"
Change component parameters (AddParameter): Name = "Parameter1Desc"; Value = "Package Method"; VariantName = "[No Variations]"
Change component parameters (AddParameter): Name = "Parameter2"; Value = "F"; VariantName = "[No Variations]"
Change component parameters (AddParameter): Name = "Parameter2Desc"; Value = "Tolerance Symbol"; VariantName = "[No Variations]"
Change component parameters (AddParameter): Name = "Parameter3"; Value = ""; VariantName = "[No Variations]"
Change component parameters (AddParameter): Name = "Parameter3Desc"; Value = ""; VariantName = "[No Variations]"
Change component parameters (AddParameter): Name = "Supplier 1"; Value = "Mouser"; VariantName = "[No Variations]"
Change component parameters (AddParameter): Name = "Supplier Part Number 1"; Value = "667-ERJ-U03F1002V"; VariantName = "[No Variations]"
Change component parameters (AddParameter): Name = "Value"; Value = "10k"; VariantName = "[No Variations]"
Change component parameters (AddParameter): Name = "ComponentLink1Description"; Value = "Datasheet"; VariantName = "3V3_to_3V3"
Change component parameters (AddParameter): Name = "ComponentLink1URL"; Value = "https://www.mouser.de/datasheet/2/315/AOA0000C334-1314047.pdf"; VariantName = "3V3_to_3V3"
Change component parameters (AddParameter): Name = "Created"; Value = "2019-12-08_Thilo_Wendt"; VariantName = "3V3_to_3V3"
Change component parameters (AddParameter): Name = "HelpURL"; Value = "https://www.mouser.de/datasheet/2/315/AOA0000C334-1314047.pdf"; VariantName = "3V3_to_3V3"
Change component parameters (AddParameter): Name = "MaxVoltage"; Value = "100"; VariantName = "3V3_to_3V3"
Change component parameters (AddParameter): Name = "MF"; Value = "Panasonic"; VariantName = "3V3_to_3V3"
Change component parameters (AddParameter): Name = "MPN"; Value = "ERJU03F1002V"; VariantName = "3V3_to_3V3"
Change component parameters (AddParameter): Name = "Package"; Value = "CurrentFootprint"; VariantName = "3V3_to_3V3"
Change component parameters (AddParameter): Name = "Parameter1"; Value = "V"; VariantName = "3V3_to_3V3"
Change component parameters (AddParameter): Name = "Parameter1Desc"; Value = "Package Method"; VariantName = "3V3_to_3V3"
Change component parameters (AddParameter): Name = "Parameter2"; Value = "F"; VariantName = "3V3_to_3V3"
Change component parameters (AddParameter): Name = "Parameter2Desc"; Value = "Tolerance Symbol"; VariantName = "3V3_to_3V3"
Change component parameters (AddParameter): Name = "Parameter3"; Value = ""; VariantName = "3V3_to_3V3"
Change component parameters (AddParameter): Name = "Parameter3Desc"; Value = ""; VariantName = "3V3_to_3V3"
Change component parameters (AddParameter): Name = "Supplier 1"; Value = "Mouser"; VariantName = "3V3_to_3V3"
Change component parameters (AddParameter): Name = "Supplier Part Number 1"; Value = "667-ERJ-U03F1002V"; VariantName = "3V3_to_3V3"
Change component parameters (AddParameter): Name = "Value"; Value = "10k"; VariantName = "3V3_to_3V3"
Change component parameters (AddParameter): Name = "ComponentLink1Description"; Value = "Datasheet"; VariantName = "3V3_to_RS422"
Change component parameters (AddParameter): Name = "ComponentLink1URL"; Value = "https://www.mouser.de/datasheet/2/315/AOA0000C334-1314047.pdf"; VariantName = "3V3_to_RS422"
Change component parameters (AddParameter): Name = "Created"; Value = "2019-12-08_Thilo_Wendt"; VariantName = "3V3_to_RS422"
Change component parameters (AddParameter): Name = "HelpURL"; Value = "https://www.mouser.de/datasheet/2/315/AOA0000C334-1314047.pdf"; VariantName = "3V3_to_RS422"
Change component parameters (AddParameter): Name = "MaxVoltage"; Value = "100"; VariantName = "3V3_to_RS422"
Change component parameters (AddParameter): Name = "MF"; Value = "Panasonic"; VariantName = "3V3_to_RS422"
Change component parameters (AddParameter): Name = "MPN"; Value = "ERJU03F1002V"; VariantName = "3V3_to_RS422"
Change component parameters (AddParameter): Name = "Package"; Value = "CurrentFootprint"; VariantName = "3V3_to_RS422"
Change component parameters (AddParameter): Name = "Parameter1"; Value = "V"; VariantName = "3V3_to_RS422"
Change component parameters (AddParameter): Name = "Parameter1Desc"; Value = "Package Method"; VariantName = "3V3_to_RS422"
Change component parameters (AddParameter): Name = "Parameter2"; Value = "F"; VariantName = "3V3_to_RS422"
Change component parameters (AddParameter): Name = "Parameter2Desc"; Value = "Tolerance Symbol"; VariantName = "3V3_to_RS422"
Change component parameters (AddParameter): Name = "Parameter3"; Value = ""; VariantName = "3V3_to_RS422"
Change component parameters (AddParameter): Name = "Parameter3Desc"; Value = ""; VariantName = "3V3_to_RS422"
Change component parameters (AddParameter): Name = "Supplier 1"; Value = "Mouser"; VariantName = "3V3_to_RS422"
Change component parameters (AddParameter): Name = "Supplier Part Number 1"; Value = "667-ERJ-U03F1002V"; VariantName = "3V3_to_RS422"
Change component parameters (AddParameter): Name = "Value"; Value = "10k"; VariantName = "3V3_to_RS422"
Change component parameters (AddParameter): Name = "ComponentLink1Description"; Value = "Datasheet"; VariantName = "RS422_to_3V3"
Change component parameters (AddParameter): Name = "ComponentLink1URL"; Value = "https://www.mouser.de/datasheet/2/315/AOA0000C334-1314047.pdf"; VariantName = "RS422_to_3V3"
Change component parameters (AddParameter): Name = "Created"; Value = "2019-12-08_Thilo_Wendt"; VariantName = "RS422_to_3V3"
Change component parameters (AddParameter): Name = "HelpURL"; Value = "https://www.mouser.de/datasheet/2/315/AOA0000C334-1314047.pdf"; VariantName = "RS422_to_3V3"
Change component parameters (AddParameter): Name = "MaxVoltage"; Value = "100"; VariantName = "RS422_to_3V3"
Change component parameters (AddParameter): Name = "MF"; Value = "Panasonic"; VariantName = "RS422_to_3V3"
Change component parameters (AddParameter): Name = "MPN"; Value = "ERJU03F1002V"; VariantName = "RS422_to_3V3"
Change component parameters (AddParameter): Name = "Package"; Value = "CurrentFootprint"; VariantName = "RS422_to_3V3"
Change component parameters (AddParameter): Name = "Parameter1"; Value = "V"; VariantName = "RS422_to_3V3"
Change component parameters (AddParameter): Name = "Parameter1Desc"; Value = "Package Method"; VariantName = "RS422_to_3V3"
Change component parameters (AddParameter): Name = "Parameter2"; Value = "F"; VariantName = "RS422_to_3V3"
Change component parameters (AddParameter): Name = "Parameter2Desc"; Value = "Tolerance Symbol"; VariantName = "RS422_to_3V3"
Change component parameters (AddParameter): Name = "Parameter3"; Value = ""; VariantName = "RS422_to_3V3"
Change component parameters (AddParameter): Name = "Parameter3Desc"; Value = ""; VariantName = "RS422_to_3V3"
Change component parameters (AddParameter): Name = "Supplier 1"; Value = "Mouser"; VariantName = "RS422_to_3V3"
Change component parameters (AddParameter): Name = "Supplier Part Number 1"; Value = "667-ERJ-U03F1002V"; VariantName = "RS422_to_3V3"
Change component parameters (AddParameter): Name = "Value"; Value = "10k"; VariantName = "RS422_to_3V3"
Change component parameters: Designator = "R34A"; Footprint = "RESC1608X55X30NL15T15"; UniqueID = "\REEOQYYS\IIHAQJIS\SHYXJNDG\LGXJUSLW"
Change component parameters. Clean all parameters for all variants
Change component parameters (AddParameter): Name = "ComponentLink1Description"; Value = "Datasheet"; VariantName = "[No Variations]"
Change component parameters (AddParameter): Name = "ComponentLink1URL"; Value = "https://www.mouser.de/datasheet/2/315/AOA0000C334-1314047.pdf"; VariantName = "[No Variations]"
Change component parameters (AddParameter): Name = "Created"; Value = "2019-12-08_Thilo_Wendt"; VariantName = "[No Variations]"
Change component parameters (AddParameter): Name = "HelpURL"; Value = "https://www.mouser.de/datasheet/2/315/AOA0000C334-1314047.pdf"; VariantName = "[No Variations]"
Change component parameters (AddParameter): Name = "MaxVoltage"; Value = "100"; VariantName = "[No Variations]"
Change component parameters (AddParameter): Name = "MF"; Value = "Panasonic"; VariantName = "[No Variations]"
Change component parameters (AddParameter): Name = "MPN"; Value = "ERJU03F1002V"; VariantName = "[No Variations]"
Change component parameters (AddParameter): Name = "Package"; Value = "CurrentFootprint"; VariantName = "[No Variations]"
Change component parameters (AddParameter): Name = "Parameter1"; Value = "V"; VariantName = "[No Variations]"
Change component parameters (AddParameter): Name = "Parameter1Desc"; Value = "Package Method"; VariantName = "[No Variations]"
Change component parameters (AddParameter): Name = "Parameter2"; Value = "F"; VariantName = "[No Variations]"
Change component parameters (AddParameter): Name = "Parameter2Desc"; Value = "Tolerance Symbol"; VariantName = "[No Variations]"
Change component parameters (AddParameter): Name = "Parameter3"; Value = ""; VariantName = "[No Variations]"
Change component parameters (AddParameter): Name = "Parameter3Desc"; Value = ""; VariantName = "[No Variations]"
Change component parameters (AddParameter): Name = "Supplier 1"; Value = "Mouser"; VariantName = "[No Variations]"
Change component parameters (AddParameter): Name = "Supplier Part Number 1"; Value = "667-ERJ-U03F1002V"; VariantName = "[No Variations]"
Change component parameters (AddParameter): Name = "Value"; Value = "10k"; VariantName = "[No Variations]"
Change component parameters (AddParameter): Name = "ComponentLink1Description"; Value = "Datasheet"; VariantName = "3V3_to_3V3"
Change component parameters (AddParameter): Name = "ComponentLink1URL"; Value = "https://www.mouser.de/datasheet/2/315/AOA0000C334-1314047.pdf"; VariantName = "3V3_to_3V3"
Change component parameters (AddParameter): Name = "Created"; Value = "2019-12-08_Thilo_Wendt"; VariantName = "3V3_to_3V3"
Change component parameters (AddParameter): Name = "HelpURL"; Value = "https://www.mouser.de/datasheet/2/315/AOA0000C334-1314047.pdf"; VariantName = "3V3_to_3V3"
Change component parameters (AddParameter): Name = "MaxVoltage"; Value = "100"; VariantName = "3V3_to_3V3"
Change component parameters (AddParameter): Name = "MF"; Value = "Panasonic"; VariantName = "3V3_to_3V3"
Change component parameters (AddParameter): Name = "MPN"; Value = "ERJU03F1002V"; VariantName = "3V3_to_3V3"
Change component parameters (AddParameter): Name = "Package"; Value = "CurrentFootprint"; VariantName = "3V3_to_3V3"
Change component parameters (AddParameter): Name = "Parameter1"; Value = "V"; VariantName = "3V3_to_3V3"
Change component parameters (AddParameter): Name = "Parameter1Desc"; Value = "Package Method"; VariantName = "3V3_to_3V3"
Change component parameters (AddParameter): Name = "Parameter2"; Value = "F"; VariantName = "3V3_to_3V3"
Change component parameters (AddParameter): Name = "Parameter2Desc"; Value = "Tolerance Symbol"; VariantName = "3V3_to_3V3"
Change component parameters (AddParameter): Name = "Parameter3"; Value = ""; VariantName = "3V3_to_3V3"
Change component parameters (AddParameter): Name = "Parameter3Desc"; Value = ""; VariantName = "3V3_to_3V3"
Change component parameters (AddParameter): Name = "Supplier 1"; Value = "Mouser"; VariantName = "3V3_to_3V3"
Change component parameters (AddParameter): Name = "Supplier Part Number 1"; Value = "667-ERJ-U03F1002V"; VariantName = "3V3_to_3V3"
Change component parameters (AddParameter): Name = "Value"; Value = "10k"; VariantName = "3V3_to_3V3"
Change component parameters (AddParameter): Name = "ComponentLink1Description"; Value = "Datasheet"; VariantName = "3V3_to_RS422"
Change component parameters (AddParameter): Name = "ComponentLink1URL"; Value = "https://www.mouser.de/datasheet/2/315/AOA0000C334-1314047.pdf"; VariantName = "3V3_to_RS422"
Change component parameters (AddParameter): Name = "Created"; Value = "2019-12-08_Thilo_Wendt"; VariantName = "3V3_to_RS422"
Change component parameters (AddParameter): Name = "HelpURL"; Value = "https://www.mouser.de/datasheet/2/315/AOA0000C334-1314047.pdf"; VariantName = "3V3_to_RS422"
Change component parameters (AddParameter): Name = "MaxVoltage"; Value = "100"; VariantName = "3V3_to_RS422"
Change component parameters (AddParameter): Name = "MF"; Value = "Panasonic"; VariantName = "3V3_to_RS422"
Change component parameters (AddParameter): Name = "MPN"; Value = "ERJU03F1002V"; VariantName = "3V3_to_RS422"
Change component parameters (AddParameter): Name = "Package"; Value = "CurrentFootprint"; VariantName = "3V3_to_RS422"
Change component parameters (AddParameter): Name = "Parameter1"; Value = "V"; VariantName = "3V3_to_RS422"
Change component parameters (AddParameter): Name = "Parameter1Desc"; Value = "Package Method"; VariantName = "3V3_to_RS422"
Change component parameters (AddParameter): Name = "Parameter2"; Value = "F"; VariantName = "3V3_to_RS422"
Change component parameters (AddParameter): Name = "Parameter2Desc"; Value = "Tolerance Symbol"; VariantName = "3V3_to_RS422"
Change component parameters (AddParameter): Name = "Parameter3"; Value = ""; VariantName = "3V3_to_RS422"
Change component parameters (AddParameter): Name = "Parameter3Desc"; Value = ""; VariantName = "3V3_to_RS422"
Change component parameters (AddParameter): Name = "Supplier 1"; Value = "Mouser"; VariantName = "3V3_to_RS422"
Change component parameters (AddParameter): Name = "Supplier Part Number 1"; Value = "667-ERJ-U03F1002V"; VariantName = "3V3_to_RS422"
Change component parameters (AddParameter): Name = "Value"; Value = "10k"; VariantName = "3V3_to_RS422"
Change component parameters (AddParameter): Name = "ComponentLink1Description"; Value = "Datasheet"; VariantName = "RS422_to_3V3"
Change component parameters (AddParameter): Name = "ComponentLink1URL"; Value = "https://www.mouser.de/datasheet/2/315/AOA0000C334-1314047.pdf"; VariantName = "RS422_to_3V3"
Change component parameters (AddParameter): Name = "Created"; Value = "2019-12-08_Thilo_Wendt"; VariantName = "RS422_to_3V3"
Change component parameters (AddParameter): Name = "HelpURL"; Value = "https://www.mouser.de/datasheet/2/315/AOA0000C334-1314047.pdf"; VariantName = "RS422_to_3V3"
Change component parameters (AddParameter): Name = "MaxVoltage"; Value = "100"; VariantName = "RS422_to_3V3"
Change component parameters (AddParameter): Name = "MF"; Value = "Panasonic"; VariantName = "RS422_to_3V3"
Change component parameters (AddParameter): Name = "MPN"; Value = "ERJU03F1002V"; VariantName = "RS422_to_3V3"
Change component parameters (AddParameter): Name = "Package"; Value = "CurrentFootprint"; VariantName = "RS422_to_3V3"
Change component parameters (AddParameter): Name = "Parameter1"; Value = "V"; VariantName = "RS422_to_3V3"
Change component parameters (AddParameter): Name = "Parameter1Desc"; Value = "Package Method"; VariantName = "RS422_to_3V3"
Change component parameters (AddParameter): Name = "Parameter2"; Value = "F"; VariantName = "RS422_to_3V3"
Change component parameters (AddParameter): Name = "Parameter2Desc"; Value = "Tolerance Symbol"; VariantName = "RS422_to_3V3"
Change component parameters (AddParameter): Name = "Parameter3"; Value = ""; VariantName = "RS422_to_3V3"
Change component parameters (AddParameter): Name = "Parameter3Desc"; Value = ""; VariantName = "RS422_to_3V3"
Change component parameters (AddParameter): Name = "Supplier 1"; Value = "Mouser"; VariantName = "RS422_to_3V3"
Change component parameters (AddParameter): Name = "Supplier Part Number 1"; Value = "667-ERJ-U03F1002V"; VariantName = "RS422_to_3V3"
Change component parameters (AddParameter): Name = "Value"; Value = "10k"; VariantName = "RS422_to_3V3"
Change component parameters: Designator = "R34B"; Footprint = "RESC1608X55X30NL15T15"; UniqueID = "\REEOQYYS\IIHAQJIS\VRXDBBMP\LGXJUSLW"
Change component parameters. Clean all parameters for all variants
Change component parameters (AddParameter): Name = "ComponentLink1Description"; Value = "Datasheet"; VariantName = "[No Variations]"
Change component parameters (AddParameter): Name = "ComponentLink1URL"; Value = "https://www.mouser.de/datasheet/2/315/AOA0000C334-1314047.pdf"; VariantName = "[No Variations]"
Change component parameters (AddParameter): Name = "Created"; Value = "2019-12-08_Thilo_Wendt"; VariantName = "[No Variations]"
Change component parameters (AddParameter): Name = "HelpURL"; Value = "https://www.mouser.de/datasheet/2/315/AOA0000C334-1314047.pdf"; VariantName = "[No Variations]"
Change component parameters (AddParameter): Name = "MaxVoltage"; Value = "100"; VariantName = "[No Variations]"
Change component parameters (AddParameter): Name = "MF"; Value = "Panasonic"; VariantName = "[No Variations]"
Change component parameters (AddParameter): Name = "MPN"; Value = "ERJU03F1002V"; VariantName = "[No Variations]"
Change component parameters (AddParameter): Name = "Package"; Value = "CurrentFootprint"; VariantName = "[No Variations]"
Change component parameters (AddParameter): Name = "Parameter1"; Value = "V"; VariantName = "[No Variations]"
Change component parameters (AddParameter): Name = "Parameter1Desc"; Value = "Package Method"; VariantName = "[No Variations]"
Change component parameters (AddParameter): Name = "Parameter2"; Value = "F"; VariantName = "[No Variations]"
Change component parameters (AddParameter): Name = "Parameter2Desc"; Value = "Tolerance Symbol"; VariantName = "[No Variations]"
Change component parameters (AddParameter): Name = "Parameter3"; Value = ""; VariantName = "[No Variations]"
Change component parameters (AddParameter): Name = "Parameter3Desc"; Value = ""; VariantName = "[No Variations]"
Change component parameters (AddParameter): Name = "Supplier 1"; Value = "Mouser"; VariantName = "[No Variations]"
Change component parameters (AddParameter): Name = "Supplier Part Number 1"; Value = "667-ERJ-U03F1002V"; VariantName = "[No Variations]"
Change component parameters (AddParameter): Name = "Value"; Value = "10k"; VariantName = "[No Variations]"
Change component parameters (AddParameter): Name = "ComponentLink1Description"; Value = "Datasheet"; VariantName = "3V3_to_3V3"
Change component parameters (AddParameter): Name = "ComponentLink1URL"; Value = "https://www.mouser.de/datasheet/2/315/AOA0000C334-1314047.pdf"; VariantName = "3V3_to_3V3"
Change component parameters (AddParameter): Name = "Created"; Value = "2019-12-08_Thilo_Wendt"; VariantName = "3V3_to_3V3"
Change component parameters (AddParameter): Name = "HelpURL"; Value = "https://www.mouser.de/datasheet/2/315/AOA0000C334-1314047.pdf"; VariantName = "3V3_to_3V3"
Change component parameters (AddParameter): Name = "MaxVoltage"; Value = "100"; VariantName = "3V3_to_3V3"
Change component parameters (AddParameter): Name = "MF"; Value = "Panasonic"; VariantName = "3V3_to_3V3"
Change component parameters (AddParameter): Name = "MPN"; Value = "ERJU03F1002V"; VariantName = "3V3_to_3V3"
Change component parameters (AddParameter): Name = "Package"; Value = "CurrentFootprint"; VariantName = "3V3_to_3V3"
Change component parameters (AddParameter): Name = "Parameter1"; Value = "V"; VariantName = "3V3_to_3V3"
Change component parameters (AddParameter): Name = "Parameter1Desc"; Value = "Package Method"; VariantName = "3V3_to_3V3"
Change component parameters (AddParameter): Name = "Parameter2"; Value = "F"; VariantName = "3V3_to_3V3"
Change component parameters (AddParameter): Name = "Parameter2Desc"; Value = "Tolerance Symbol"; VariantName = "3V3_to_3V3"
Change component parameters (AddParameter): Name = "Parameter3"; Value = ""; VariantName = "3V3_to_3V3"
Change component parameters (AddParameter): Name = "Parameter3Desc"; Value = ""; VariantName = "3V3_to_3V3"
Change component parameters (AddParameter): Name = "Supplier 1"; Value = "Mouser"; VariantName = "3V3_to_3V3"
Change component parameters (AddParameter): Name = "Supplier Part Number 1"; Value = "667-ERJ-U03F1002V"; VariantName = "3V3_to_3V3"
Change component parameters (AddParameter): Name = "Value"; Value = "10k"; VariantName = "3V3_to_3V3"
Change component parameters (AddParameter): Name = "ComponentLink1Description"; Value = "Datasheet"; VariantName = "3V3_to_RS422"
Change component parameters (AddParameter): Name = "ComponentLink1URL"; Value = "https://www.mouser.de/datasheet/2/315/AOA0000C334-1314047.pdf"; VariantName = "3V3_to_RS422"
Change component parameters (AddParameter): Name = "Created"; Value = "2019-12-08_Thilo_Wendt"; VariantName = "3V3_to_RS422"
Change component parameters (AddParameter): Name = "HelpURL"; Value = "https://www.mouser.de/datasheet/2/315/AOA0000C334-1314047.pdf"; VariantName = "3V3_to_RS422"
Change component parameters (AddParameter): Name = "MaxVoltage"; Value = "100"; VariantName = "3V3_to_RS422"
Change component parameters (AddParameter): Name = "MF"; Value = "Panasonic"; VariantName = "3V3_to_RS422"
Change component parameters (AddParameter): Name = "MPN"; Value = "ERJU03F1002V"; VariantName = "3V3_to_RS422"
Change component parameters (AddParameter): Name = "Package"; Value = "CurrentFootprint"; VariantName = "3V3_to_RS422"
Change component parameters (AddParameter): Name = "Parameter1"; Value = "V"; VariantName = "3V3_to_RS422"
Change component parameters (AddParameter): Name = "Parameter1Desc"; Value = "Package Method"; VariantName = "3V3_to_RS422"
Change component parameters (AddParameter): Name = "Parameter2"; Value = "F"; VariantName = "3V3_to_RS422"
Change component parameters (AddParameter): Name = "Parameter2Desc"; Value = "Tolerance Symbol"; VariantName = "3V3_to_RS422"
Change component parameters (AddParameter): Name = "Parameter3"; Value = ""; VariantName = "3V3_to_RS422"
Change component parameters (AddParameter): Name = "Parameter3Desc"; Value = ""; VariantName = "3V3_to_RS422"
Change component parameters (AddParameter): Name = "Supplier 1"; Value = "Mouser"; VariantName = "3V3_to_RS422"
Change component parameters (AddParameter): Name = "Supplier Part Number 1"; Value = "667-ERJ-U03F1002V"; VariantName = "3V3_to_RS422"
Change component parameters (AddParameter): Name = "Value"; Value = "10k"; VariantName = "3V3_to_RS422"
Change component parameters (AddParameter): Name = "ComponentLink1Description"; Value = "Datasheet"; VariantName = "RS422_to_3V3"
Change component parameters (AddParameter): Name = "ComponentLink1URL"; Value = "https://www.mouser.de/datasheet/2/315/AOA0000C334-1314047.pdf"; VariantName = "RS422_to_3V3"
Change component parameters (AddParameter): Name = "Created"; Value = "2019-12-08_Thilo_Wendt"; VariantName = "RS422_to_3V3"
Change component parameters (AddParameter): Name = "HelpURL"; Value = "https://www.mouser.de/datasheet/2/315/AOA0000C334-1314047.pdf"; VariantName = "RS422_to_3V3"
Change component parameters (AddParameter): Name = "MaxVoltage"; Value = "100"; VariantName = "RS422_to_3V3"
Change component parameters (AddParameter): Name = "MF"; Value = "Panasonic"; VariantName = "RS422_to_3V3"
Change component parameters (AddParameter): Name = "MPN"; Value = "ERJU03F1002V"; VariantName = "RS422_to_3V3"
Change component parameters (AddParameter): Name = "Package"; Value = "CurrentFootprint"; VariantName = "RS422_to_3V3"
Change component parameters (AddParameter): Name = "Parameter1"; Value = "V"; VariantName = "RS422_to_3V3"
Change component parameters (AddParameter): Name = "Parameter1Desc"; Value = "Package Method"; VariantName = "RS422_to_3V3"
Change component parameters (AddParameter): Name = "Parameter2"; Value = "F"; VariantName = "RS422_to_3V3"
Change component parameters (AddParameter): Name = "Parameter2Desc"; Value = "Tolerance Symbol"; VariantName = "RS422_to_3V3"
Change component parameters (AddParameter): Name = "Parameter3"; Value = ""; VariantName = "RS422_to_3V3"
Change component parameters (AddParameter): Name = "Parameter3Desc"; Value = ""; VariantName = "RS422_to_3V3"
Change component parameters (AddParameter): Name = "Supplier 1"; Value = "Mouser"; VariantName = "RS422_to_3V3"
Change component parameters (AddParameter): Name = "Supplier Part Number 1"; Value = "667-ERJ-U03F1002V"; VariantName = "RS422_to_3V3"
Change component parameters (AddParameter): Name = "Value"; Value = "10k"; VariantName = "RS422_to_3V3"
Change component parameters: Designator = "R35A"; Footprint = "RESC1608X55X30NL15T15"; UniqueID = "\REEOQYYS\IIHAQJIS\SHYXJNDG\LCGAWMUA"
Change component parameters. Clean all parameters for all variants
Change component parameters (AddParameter): Name = "ComponentLink1Description"; Value = "Datasheet"; VariantName = "[No Variations]"
Change component parameters (AddParameter): Name = "ComponentLink1URL"; Value = "https://www.mouser.de/datasheet/2/315/AOA0000C334-1314047.pdf"; VariantName = "[No Variations]"
Change component parameters (AddParameter): Name = "Created"; Value = "2019-12-08_Thilo_Wendt"; VariantName = "[No Variations]"
Change component parameters (AddParameter): Name = "HelpURL"; Value = "https://www.mouser.de/datasheet/2/315/AOA0000C334-1314047.pdf"; VariantName = "[No Variations]"
Change component parameters (AddParameter): Name = "MaxVoltage"; Value = "100"; VariantName = "[No Variations]"
Change component parameters (AddParameter): Name = "MF"; Value = "Panasonic"; VariantName = "[No Variations]"
Change component parameters (AddParameter): Name = "MPN"; Value = "ERJU03F1002V"; VariantName = "[No Variations]"
Change component parameters (AddParameter): Name = "Package"; Value = "CurrentFootprint"; VariantName = "[No Variations]"
Change component parameters (AddParameter): Name = "Parameter1"; Value = "V"; VariantName = "[No Variations]"
Change component parameters (AddParameter): Name = "Parameter1Desc"; Value = "Package Method"; VariantName = "[No Variations]"
Change component parameters (AddParameter): Name = "Parameter2"; Value = "F"; VariantName = "[No Variations]"
Change component parameters (AddParameter): Name = "Parameter2Desc"; Value = "Tolerance Symbol"; VariantName = "[No Variations]"
Change component parameters (AddParameter): Name = "Parameter3"; Value = ""; VariantName = "[No Variations]"
Change component parameters (AddParameter): Name = "Parameter3Desc"; Value = ""; VariantName = "[No Variations]"
Change component parameters (AddParameter): Name = "Supplier 1"; Value = "Mouser"; VariantName = "[No Variations]"
Change component parameters (AddParameter): Name = "Supplier Part Number 1"; Value = "667-ERJ-U03F1002V"; VariantName = "[No Variations]"
Change component parameters (AddParameter): Name = "Value"; Value = "10k"; VariantName = "[No Variations]"
Change component parameters (AddParameter): Name = "ComponentLink1Description"; Value = "Datasheet"; VariantName = "3V3_to_3V3"
Change component parameters (AddParameter): Name = "ComponentLink1URL"; Value = "https://www.mouser.de/datasheet/2/315/AOA0000C334-1314047.pdf"; VariantName = "3V3_to_3V3"
Change component parameters (AddParameter): Name = "Created"; Value = "2019-12-08_Thilo_Wendt"; VariantName = "3V3_to_3V3"
Change component parameters (AddParameter): Name = "HelpURL"; Value = "https://www.mouser.de/datasheet/2/315/AOA0000C334-1314047.pdf"; VariantName = "3V3_to_3V3"
Change component parameters (AddParameter): Name = "MaxVoltage"; Value = "100"; VariantName = "3V3_to_3V3"
Change component parameters (AddParameter): Name = "MF"; Value = "Panasonic"; VariantName = "3V3_to_3V3"
Change component parameters (AddParameter): Name = "MPN"; Value = "ERJU03F1002V"; VariantName = "3V3_to_3V3"
Change component parameters (AddParameter): Name = "Package"; Value = "CurrentFootprint"; VariantName = "3V3_to_3V3"
Change component parameters (AddParameter): Name = "Parameter1"; Value = "V"; VariantName = "3V3_to_3V3"
Change component parameters (AddParameter): Name = "Parameter1Desc"; Value = "Package Method"; VariantName = "3V3_to_3V3"
Change component parameters (AddParameter): Name = "Parameter2"; Value = "F"; VariantName = "3V3_to_3V3"
Change component parameters (AddParameter): Name = "Parameter2Desc"; Value = "Tolerance Symbol"; VariantName = "3V3_to_3V3"
Change component parameters (AddParameter): Name = "Parameter3"; Value = ""; VariantName = "3V3_to_3V3"
Change component parameters (AddParameter): Name = "Parameter3Desc"; Value = ""; VariantName = "3V3_to_3V3"
Change component parameters (AddParameter): Name = "Supplier 1"; Value = "Mouser"; VariantName = "3V3_to_3V3"
Change component parameters (AddParameter): Name = "Supplier Part Number 1"; Value = "667-ERJ-U03F1002V"; VariantName = "3V3_to_3V3"
Change component parameters (AddParameter): Name = "Value"; Value = "10k"; VariantName = "3V3_to_3V3"
Change component parameters (AddParameter): Name = "ComponentLink1Description"; Value = "Datasheet"; VariantName = "3V3_to_RS422"
Change component parameters (AddParameter): Name = "ComponentLink1URL"; Value = "https://www.mouser.de/datasheet/2/315/AOA0000C334-1314047.pdf"; VariantName = "3V3_to_RS422"
Change component parameters (AddParameter): Name = "Created"; Value = "2019-12-08_Thilo_Wendt"; VariantName = "3V3_to_RS422"
Change component parameters (AddParameter): Name = "HelpURL"; Value = "https://www.mouser.de/datasheet/2/315/AOA0000C334-1314047.pdf"; VariantName = "3V3_to_RS422"
Change component parameters (AddParameter): Name = "MaxVoltage"; Value = "100"; VariantName = "3V3_to_RS422"
Change component parameters (AddParameter): Name = "MF"; Value = "Panasonic"; VariantName = "3V3_to_RS422"
Change component parameters (AddParameter): Name = "MPN"; Value = "ERJU03F1002V"; VariantName = "3V3_to_RS422"
Change component parameters (AddParameter): Name = "Package"; Value = "CurrentFootprint"; VariantName = "3V3_to_RS422"
Change component parameters (AddParameter): Name = "Parameter1"; Value = "V"; VariantName = "3V3_to_RS422"
Change component parameters (AddParameter): Name = "Parameter1Desc"; Value = "Package Method"; VariantName = "3V3_to_RS422"
Change component parameters (AddParameter): Name = "Parameter2"; Value = "F"; VariantName = "3V3_to_RS422"
Change component parameters (AddParameter): Name = "Parameter2Desc"; Value = "Tolerance Symbol"; VariantName = "3V3_to_RS422"
Change component parameters (AddParameter): Name = "Parameter3"; Value = ""; VariantName = "3V3_to_RS422"
Change component parameters (AddParameter): Name = "Parameter3Desc"; Value = ""; VariantName = "3V3_to_RS422"
Change component parameters (AddParameter): Name = "Supplier 1"; Value = "Mouser"; VariantName = "3V3_to_RS422"
Change component parameters (AddParameter): Name = "Supplier Part Number 1"; Value = "667-ERJ-U03F1002V"; VariantName = "3V3_to_RS422"
Change component parameters (AddParameter): Name = "Value"; Value = "10k"; VariantName = "3V3_to_RS422"
Change component parameters (AddParameter): Name = "ComponentLink1Description"; Value = "Datasheet"; VariantName = "RS422_to_3V3"
Change component parameters (AddParameter): Name = "ComponentLink1URL"; Value = "https://www.mouser.de/datasheet/2/315/AOA0000C334-1314047.pdf"; VariantName = "RS422_to_3V3"
Change component parameters (AddParameter): Name = "Created"; Value = "2019-12-08_Thilo_Wendt"; VariantName = "RS422_to_3V3"
Change component parameters (AddParameter): Name = "HelpURL"; Value = "https://www.mouser.de/datasheet/2/315/AOA0000C334-1314047.pdf"; VariantName = "RS422_to_3V3"
Change component parameters (AddParameter): Name = "MaxVoltage"; Value = "100"; VariantName = "RS422_to_3V3"
Change component parameters (AddParameter): Name = "MF"; Value = "Panasonic"; VariantName = "RS422_to_3V3"
Change component parameters (AddParameter): Name = "MPN"; Value = "ERJU03F1002V"; VariantName = "RS422_to_3V3"
Change component parameters (AddParameter): Name = "Package"; Value = "CurrentFootprint"; VariantName = "RS422_to_3V3"
Change component parameters (AddParameter): Name = "Parameter1"; Value = "V"; VariantName = "RS422_to_3V3"
Change component parameters (AddParameter): Name = "Parameter1Desc"; Value = "Package Method"; VariantName = "RS422_to_3V3"
Change component parameters (AddParameter): Name = "Parameter2"; Value = "F"; VariantName = "RS422_to_3V3"
Change component parameters (AddParameter): Name = "Parameter2Desc"; Value = "Tolerance Symbol"; VariantName = "RS422_to_3V3"
Change component parameters (AddParameter): Name = "Parameter3"; Value = ""; VariantName = "RS422_to_3V3"
Change component parameters (AddParameter): Name = "Parameter3Desc"; Value = ""; VariantName = "RS422_to_3V3"
Change component parameters (AddParameter): Name = "Supplier 1"; Value = "Mouser"; VariantName = "RS422_to_3V3"
Change component parameters (AddParameter): Name = "Supplier Part Number 1"; Value = "667-ERJ-U03F1002V"; VariantName = "RS422_to_3V3"
Change component parameters (AddParameter): Name = "Value"; Value = "10k"; VariantName = "RS422_to_3V3"
Change component parameters: Designator = "R35B"; Footprint = "RESC1608X55X30NL15T15"; UniqueID = "\REEOQYYS\IIHAQJIS\VRXDBBMP\LCGAWMUA"
Change component parameters. Clean all parameters for all variants
Change component parameters (AddParameter): Name = "ComponentLink1Description"; Value = "Datasheet"; VariantName = "[No Variations]"
Change component parameters (AddParameter): Name = "ComponentLink1URL"; Value = "https://www.mouser.de/datasheet/2/315/AOA0000C334-1314047.pdf"; VariantName = "[No Variations]"
Change component parameters (AddParameter): Name = "Created"; Value = "2019-12-08_Thilo_Wendt"; VariantName = "[No Variations]"
Change component parameters (AddParameter): Name = "HelpURL"; Value = "https://www.mouser.de/datasheet/2/315/AOA0000C334-1314047.pdf"; VariantName = "[No Variations]"
Change component parameters (AddParameter): Name = "MaxVoltage"; Value = "100"; VariantName = "[No Variations]"
Change component parameters (AddParameter): Name = "MF"; Value = "Panasonic"; VariantName = "[No Variations]"
Change component parameters (AddParameter): Name = "MPN"; Value = "ERJU03F1002V"; VariantName = "[No Variations]"
Change component parameters (AddParameter): Name = "Package"; Value = "CurrentFootprint"; VariantName = "[No Variations]"
Change component parameters (AddParameter): Name = "Parameter1"; Value = "V"; VariantName = "[No Variations]"
Change component parameters (AddParameter): Name = "Parameter1Desc"; Value = "Package Method"; VariantName = "[No Variations]"
Change component parameters (AddParameter): Name = "Parameter2"; Value = "F"; VariantName = "[No Variations]"
Change component parameters (AddParameter): Name = "Parameter2Desc"; Value = "Tolerance Symbol"; VariantName = "[No Variations]"
Change component parameters (AddParameter): Name = "Parameter3"; Value = ""; VariantName = "[No Variations]"
Change component parameters (AddParameter): Name = "Parameter3Desc"; Value = ""; VariantName = "[No Variations]"
Change component parameters (AddParameter): Name = "Supplier 1"; Value = "Mouser"; VariantName = "[No Variations]"
Change component parameters (AddParameter): Name = "Supplier Part Number 1"; Value = "667-ERJ-U03F1002V"; VariantName = "[No Variations]"
Change component parameters (AddParameter): Name = "Value"; Value = "10k"; VariantName = "[No Variations]"
Change component parameters (AddParameter): Name = "ComponentLink1Description"; Value = "Datasheet"; VariantName = "3V3_to_3V3"
Change component parameters (AddParameter): Name = "ComponentLink1URL"; Value = "https://www.mouser.de/datasheet/2/315/AOA0000C334-1314047.pdf"; VariantName = "3V3_to_3V3"
Change component parameters (AddParameter): Name = "Created"; Value = "2019-12-08_Thilo_Wendt"; VariantName = "3V3_to_3V3"
Change component parameters (AddParameter): Name = "HelpURL"; Value = "https://www.mouser.de/datasheet/2/315/AOA0000C334-1314047.pdf"; VariantName = "3V3_to_3V3"
Change component parameters (AddParameter): Name = "MaxVoltage"; Value = "100"; VariantName = "3V3_to_3V3"
Change component parameters (AddParameter): Name = "MF"; Value = "Panasonic"; VariantName = "3V3_to_3V3"
Change component parameters (AddParameter): Name = "MPN"; Value = "ERJU03F1002V"; VariantName = "3V3_to_3V3"
Change component parameters (AddParameter): Name = "Package"; Value = "CurrentFootprint"; VariantName = "3V3_to_3V3"
Change component parameters (AddParameter): Name = "Parameter1"; Value = "V"; VariantName = "3V3_to_3V3"
Change component parameters (AddParameter): Name = "Parameter1Desc"; Value = "Package Method"; VariantName = "3V3_to_3V3"
Change component parameters (AddParameter): Name = "Parameter2"; Value = "F"; VariantName = "3V3_to_3V3"
Change component parameters (AddParameter): Name = "Parameter2Desc"; Value = "Tolerance Symbol"; VariantName = "3V3_to_3V3"
Change component parameters (AddParameter): Name = "Parameter3"; Value = ""; VariantName = "3V3_to_3V3"
Change component parameters (AddParameter): Name = "Parameter3Desc"; Value = ""; VariantName = "3V3_to_3V3"
Change component parameters (AddParameter): Name = "Supplier 1"; Value = "Mouser"; VariantName = "3V3_to_3V3"
Change component parameters (AddParameter): Name = "Supplier Part Number 1"; Value = "667-ERJ-U03F1002V"; VariantName = "3V3_to_3V3"
Change component parameters (AddParameter): Name = "Value"; Value = "10k"; VariantName = "3V3_to_3V3"
Change component parameters (AddParameter): Name = "ComponentLink1Description"; Value = "Datasheet"; VariantName = "3V3_to_RS422"
Change component parameters (AddParameter): Name = "ComponentLink1URL"; Value = "https://www.mouser.de/datasheet/2/315/AOA0000C334-1314047.pdf"; VariantName = "3V3_to_RS422"
Change component parameters (AddParameter): Name = "Created"; Value = "2019-12-08_Thilo_Wendt"; VariantName = "3V3_to_RS422"
Change component parameters (AddParameter): Name = "HelpURL"; Value = "https://www.mouser.de/datasheet/2/315/AOA0000C334-1314047.pdf"; VariantName = "3V3_to_RS422"
Change component parameters (AddParameter): Name = "MaxVoltage"; Value = "100"; VariantName = "3V3_to_RS422"
Change component parameters (AddParameter): Name = "MF"; Value = "Panasonic"; VariantName = "3V3_to_RS422"
Change component parameters (AddParameter): Name = "MPN"; Value = "ERJU03F1002V"; VariantName = "3V3_to_RS422"
Change component parameters (AddParameter): Name = "Package"; Value = "CurrentFootprint"; VariantName = "3V3_to_RS422"
Change component parameters (AddParameter): Name = "Parameter1"; Value = "V"; VariantName = "3V3_to_RS422"
Change component parameters (AddParameter): Name = "Parameter1Desc"; Value = "Package Method"; VariantName = "3V3_to_RS422"
Change component parameters (AddParameter): Name = "Parameter2"; Value = "F"; VariantName = "3V3_to_RS422"
Change component parameters (AddParameter): Name = "Parameter2Desc"; Value = "Tolerance Symbol"; VariantName = "3V3_to_RS422"
Change component parameters (AddParameter): Name = "Parameter3"; Value = ""; VariantName = "3V3_to_RS422"
Change component parameters (AddParameter): Name = "Parameter3Desc"; Value = ""; VariantName = "3V3_to_RS422"
Change component parameters (AddParameter): Name = "Supplier 1"; Value = "Mouser"; VariantName = "3V3_to_RS422"
Change component parameters (AddParameter): Name = "Supplier Part Number 1"; Value = "667-ERJ-U03F1002V"; VariantName = "3V3_to_RS422"
Change component parameters (AddParameter): Name = "Value"; Value = "10k"; VariantName = "3V3_to_RS422"
Change component parameters (AddParameter): Name = "ComponentLink1Description"; Value = "Datasheet"; VariantName = "RS422_to_3V3"
Change component parameters (AddParameter): Name = "ComponentLink1URL"; Value = "https://www.mouser.de/datasheet/2/315/AOA0000C334-1314047.pdf"; VariantName = "RS422_to_3V3"
Change component parameters (AddParameter): Name = "Created"; Value = "2019-12-08_Thilo_Wendt"; VariantName = "RS422_to_3V3"
Change component parameters (AddParameter): Name = "HelpURL"; Value = "https://www.mouser.de/datasheet/2/315/AOA0000C334-1314047.pdf"; VariantName = "RS422_to_3V3"
Change component parameters (AddParameter): Name = "MaxVoltage"; Value = "100"; VariantName = "RS422_to_3V3"
Change component parameters (AddParameter): Name = "MF"; Value = "Panasonic"; VariantName = "RS422_to_3V3"
Change component parameters (AddParameter): Name = "MPN"; Value = "ERJU03F1002V"; VariantName = "RS422_to_3V3"
Change component parameters (AddParameter): Name = "Package"; Value = "CurrentFootprint"; VariantName = "RS422_to_3V3"
Change component parameters (AddParameter): Name = "Parameter1"; Value = "V"; VariantName = "RS422_to_3V3"
Change component parameters (AddParameter): Name = "Parameter1Desc"; Value = "Package Method"; VariantName = "RS422_to_3V3"
Change component parameters (AddParameter): Name = "Parameter2"; Value = "F"; VariantName = "RS422_to_3V3"
Change component parameters (AddParameter): Name = "Parameter2Desc"; Value = "Tolerance Symbol"; VariantName = "RS422_to_3V3"
Change component parameters (AddParameter): Name = "Parameter3"; Value = ""; VariantName = "RS422_to_3V3"
Change component parameters (AddParameter): Name = "Parameter3Desc"; Value = ""; VariantName = "RS422_to_3V3"
Change component parameters (AddParameter): Name = "Supplier 1"; Value = "Mouser"; VariantName = "RS422_to_3V3"
Change component parameters (AddParameter): Name = "Supplier Part Number 1"; Value = "667-ERJ-U03F1002V"; VariantName = "RS422_to_3V3"
Change component parameters (AddParameter): Name = "Value"; Value = "10k"; VariantName = "RS422_to_3V3"
Change component parameters: Designator = "R36A"; Footprint = "RESC1608X55X30NL15T15"; UniqueID = "\REEOQYYS\IIHAQJIS\SHYXJNDG\XEFUWNUQ"
Change component parameters. Clean all parameters for all variants
Change component parameters (AddParameter): Name = "ComponentLink1Description"; Value = "Datasheet"; VariantName = "[No Variations]"
Change component parameters (AddParameter): Name = "ComponentLink1URL"; Value = "https://www.mouser.de/datasheet/2/315/AOA0000C334-1314047.pdf"; VariantName = "[No Variations]"
Change component parameters (AddParameter): Name = "Created"; Value = "2019-12-08_Thilo_Wendt"; VariantName = "[No Variations]"
Change component parameters (AddParameter): Name = "HelpURL"; Value = "https://www.mouser.de/datasheet/2/315/AOA0000C334-1314047.pdf"; VariantName = "[No Variations]"
Change component parameters (AddParameter): Name = "MaxVoltage"; Value = "100"; VariantName = "[No Variations]"
Change component parameters (AddParameter): Name = "MF"; Value = "Panasonic"; VariantName = "[No Variations]"
Change component parameters (AddParameter): Name = "MPN"; Value = "ERJU03F1002V"; VariantName = "[No Variations]"
Change component parameters (AddParameter): Name = "Package"; Value = "CurrentFootprint"; VariantName = "[No Variations]"
Change component parameters (AddParameter): Name = "Parameter1"; Value = "V"; VariantName = "[No Variations]"
Change component parameters (AddParameter): Name = "Parameter1Desc"; Value = "Package Method"; VariantName = "[No Variations]"
Change component parameters (AddParameter): Name = "Parameter2"; Value = "F"; VariantName = "[No Variations]"
Change component parameters (AddParameter): Name = "Parameter2Desc"; Value = "Tolerance Symbol"; VariantName = "[No Variations]"
Change component parameters (AddParameter): Name = "Parameter3"; Value = ""; VariantName = "[No Variations]"
Change component parameters (AddParameter): Name = "Parameter3Desc"; Value = ""; VariantName = "[No Variations]"
Change component parameters (AddParameter): Name = "Supplier 1"; Value = "Mouser"; VariantName = "[No Variations]"
Change component parameters (AddParameter): Name = "Supplier Part Number 1"; Value = "667-ERJ-U03F1002V"; VariantName = "[No Variations]"
Change component parameters (AddParameter): Name = "Value"; Value = "10k"; VariantName = "[No Variations]"
Change component parameters (AddParameter): Name = "ComponentLink1Description"; Value = "Datasheet"; VariantName = "3V3_to_3V3"
Change component parameters (AddParameter): Name = "ComponentLink1URL"; Value = "https://www.mouser.de/datasheet/2/315/AOA0000C334-1314047.pdf"; VariantName = "3V3_to_3V3"
Change component parameters (AddParameter): Name = "Created"; Value = "2019-12-08_Thilo_Wendt"; VariantName = "3V3_to_3V3"
Change component parameters (AddParameter): Name = "HelpURL"; Value = "https://www.mouser.de/datasheet/2/315/AOA0000C334-1314047.pdf"; VariantName = "3V3_to_3V3"
Change component parameters (AddParameter): Name = "MaxVoltage"; Value = "100"; VariantName = "3V3_to_3V3"
Change component parameters (AddParameter): Name = "MF"; Value = "Panasonic"; VariantName = "3V3_to_3V3"
Change component parameters (AddParameter): Name = "MPN"; Value = "ERJU03F1002V"; VariantName = "3V3_to_3V3"
Change component parameters (AddParameter): Name = "Package"; Value = "CurrentFootprint"; VariantName = "3V3_to_3V3"
Change component parameters (AddParameter): Name = "Parameter1"; Value = "V"; VariantName = "3V3_to_3V3"
Change component parameters (AddParameter): Name = "Parameter1Desc"; Value = "Package Method"; VariantName = "3V3_to_3V3"
Change component parameters (AddParameter): Name = "Parameter2"; Value = "F"; VariantName = "3V3_to_3V3"
Change component parameters (AddParameter): Name = "Parameter2Desc"; Value = "Tolerance Symbol"; VariantName = "3V3_to_3V3"
Change component parameters (AddParameter): Name = "Parameter3"; Value = ""; VariantName = "3V3_to_3V3"
Change component parameters (AddParameter): Name = "Parameter3Desc"; Value = ""; VariantName = "3V3_to_3V3"
Change component parameters (AddParameter): Name = "Supplier 1"; Value = "Mouser"; VariantName = "3V3_to_3V3"
Change component parameters (AddParameter): Name = "Supplier Part Number 1"; Value = "667-ERJ-U03F1002V"; VariantName = "3V3_to_3V3"
Change component parameters (AddParameter): Name = "Value"; Value = "10k"; VariantName = "3V3_to_3V3"
Change component parameters (AddParameter): Name = "ComponentLink1Description"; Value = "Datasheet"; VariantName = "3V3_to_RS422"
Change component parameters (AddParameter): Name = "ComponentLink1URL"; Value = "https://www.mouser.de/datasheet/2/315/AOA0000C334-1314047.pdf"; VariantName = "3V3_to_RS422"
Change component parameters (AddParameter): Name = "Created"; Value = "2019-12-08_Thilo_Wendt"; VariantName = "3V3_to_RS422"
Change component parameters (AddParameter): Name = "HelpURL"; Value = "https://www.mouser.de/datasheet/2/315/AOA0000C334-1314047.pdf"; VariantName = "3V3_to_RS422"
Change component parameters (AddParameter): Name = "MaxVoltage"; Value = "100"; VariantName = "3V3_to_RS422"
Change component parameters (AddParameter): Name = "MF"; Value = "Panasonic"; VariantName = "3V3_to_RS422"
Change component parameters (AddParameter): Name = "MPN"; Value = "ERJU03F1002V"; VariantName = "3V3_to_RS422"
Change component parameters (AddParameter): Name = "Package"; Value = "CurrentFootprint"; VariantName = "3V3_to_RS422"
Change component parameters (AddParameter): Name = "Parameter1"; Value = "V"; VariantName = "3V3_to_RS422"
Change component parameters (AddParameter): Name = "Parameter1Desc"; Value = "Package Method"; VariantName = "3V3_to_RS422"
Change component parameters (AddParameter): Name = "Parameter2"; Value = "F"; VariantName = "3V3_to_RS422"
Change component parameters (AddParameter): Name = "Parameter2Desc"; Value = "Tolerance Symbol"; VariantName = "3V3_to_RS422"
Change component parameters (AddParameter): Name = "Parameter3"; Value = ""; VariantName = "3V3_to_RS422"
Change component parameters (AddParameter): Name = "Parameter3Desc"; Value = ""; VariantName = "3V3_to_RS422"
Change component parameters (AddParameter): Name = "Supplier 1"; Value = "Mouser"; VariantName = "3V3_to_RS422"
Change component parameters (AddParameter): Name = "Supplier Part Number 1"; Value = "667-ERJ-U03F1002V"; VariantName = "3V3_to_RS422"
Change component parameters (AddParameter): Name = "Value"; Value = "10k"; VariantName = "3V3_to_RS422"
Change component parameters (AddParameter): Name = "ComponentLink1Description"; Value = "Datasheet"; VariantName = "RS422_to_3V3"
Change component parameters (AddParameter): Name = "ComponentLink1URL"; Value = "https://www.mouser.de/datasheet/2/315/AOA0000C334-1314047.pdf"; VariantName = "RS422_to_3V3"
Change component parameters (AddParameter): Name = "Created"; Value = "2019-12-08_Thilo_Wendt"; VariantName = "RS422_to_3V3"
Change component parameters (AddParameter): Name = "HelpURL"; Value = "https://www.mouser.de/datasheet/2/315/AOA0000C334-1314047.pdf"; VariantName = "RS422_to_3V3"
Change component parameters (AddParameter): Name = "MaxVoltage"; Value = "100"; VariantName = "RS422_to_3V3"
Change component parameters (AddParameter): Name = "MF"; Value = "Panasonic"; VariantName = "RS422_to_3V3"
Change component parameters (AddParameter): Name = "MPN"; Value = "ERJU03F1002V"; VariantName = "RS422_to_3V3"
Change component parameters (AddParameter): Name = "Package"; Value = "CurrentFootprint"; VariantName = "RS422_to_3V3"
Change component parameters (AddParameter): Name = "Parameter1"; Value = "V"; VariantName = "RS422_to_3V3"
Change component parameters (AddParameter): Name = "Parameter1Desc"; Value = "Package Method"; VariantName = "RS422_to_3V3"
Change component parameters (AddParameter): Name = "Parameter2"; Value = "F"; VariantName = "RS422_to_3V3"
Change component parameters (AddParameter): Name = "Parameter2Desc"; Value = "Tolerance Symbol"; VariantName = "RS422_to_3V3"
Change component parameters (AddParameter): Name = "Parameter3"; Value = ""; VariantName = "RS422_to_3V3"
Change component parameters (AddParameter): Name = "Parameter3Desc"; Value = ""; VariantName = "RS422_to_3V3"
Change component parameters (AddParameter): Name = "Supplier 1"; Value = "Mouser"; VariantName = "RS422_to_3V3"
Change component parameters (AddParameter): Name = "Supplier Part Number 1"; Value = "667-ERJ-U03F1002V"; VariantName = "RS422_to_3V3"
Change component parameters (AddParameter): Name = "Value"; Value = "10k"; VariantName = "RS422_to_3V3"
Change component parameters: Designator = "R36B"; Footprint = "RESC1608X55X30NL15T15"; UniqueID = "\REEOQYYS\IIHAQJIS\VRXDBBMP\XEFUWNUQ"
Change component parameters. Clean all parameters for all variants
Change component parameters (AddParameter): Name = "ComponentLink1Description"; Value = "Datasheet"; VariantName = "[No Variations]"
Change component parameters (AddParameter): Name = "ComponentLink1URL"; Value = "https://www.mouser.de/datasheet/2/315/AOA0000C334-1314047.pdf"; VariantName = "[No Variations]"
Change component parameters (AddParameter): Name = "Created"; Value = "2019-12-08_Thilo_Wendt"; VariantName = "[No Variations]"
Change component parameters (AddParameter): Name = "HelpURL"; Value = "https://www.mouser.de/datasheet/2/315/AOA0000C334-1314047.pdf"; VariantName = "[No Variations]"
Change component parameters (AddParameter): Name = "MaxVoltage"; Value = "100"; VariantName = "[No Variations]"
Change component parameters (AddParameter): Name = "MF"; Value = "Panasonic"; VariantName = "[No Variations]"
Change component parameters (AddParameter): Name = "MPN"; Value = "ERJU03F1002V"; VariantName = "[No Variations]"
Change component parameters (AddParameter): Name = "Package"; Value = "CurrentFootprint"; VariantName = "[No Variations]"
Change component parameters (AddParameter): Name = "Parameter1"; Value = "V"; VariantName = "[No Variations]"
Change component parameters (AddParameter): Name = "Parameter1Desc"; Value = "Package Method"; VariantName = "[No Variations]"
Change component parameters (AddParameter): Name = "Parameter2"; Value = "F"; VariantName = "[No Variations]"
Change component parameters (AddParameter): Name = "Parameter2Desc"; Value = "Tolerance Symbol"; VariantName = "[No Variations]"
Change component parameters (AddParameter): Name = "Parameter3"; Value = ""; VariantName = "[No Variations]"
Change component parameters (AddParameter): Name = "Parameter3Desc"; Value = ""; VariantName = "[No Variations]"
Change component parameters (AddParameter): Name = "Supplier 1"; Value = "Mouser"; VariantName = "[No Variations]"
Change component parameters (AddParameter): Name = "Supplier Part Number 1"; Value = "667-ERJ-U03F1002V"; VariantName = "[No Variations]"
Change component parameters (AddParameter): Name = "Value"; Value = "10k"; VariantName = "[No Variations]"
Change component parameters (AddParameter): Name = "ComponentLink1Description"; Value = "Datasheet"; VariantName = "3V3_to_3V3"
Change component parameters (AddParameter): Name = "ComponentLink1URL"; Value = "https://www.mouser.de/datasheet/2/315/AOA0000C334-1314047.pdf"; VariantName = "3V3_to_3V3"
Change component parameters (AddParameter): Name = "Created"; Value = "2019-12-08_Thilo_Wendt"; VariantName = "3V3_to_3V3"
Change component parameters (AddParameter): Name = "HelpURL"; Value = "https://www.mouser.de/datasheet/2/315/AOA0000C334-1314047.pdf"; VariantName = "3V3_to_3V3"
Change component parameters (AddParameter): Name = "MaxVoltage"; Value = "100"; VariantName = "3V3_to_3V3"
Change component parameters (AddParameter): Name = "MF"; Value = "Panasonic"; VariantName = "3V3_to_3V3"
Change component parameters (AddParameter): Name = "MPN"; Value = "ERJU03F1002V"; VariantName = "3V3_to_3V3"
Change component parameters (AddParameter): Name = "Package"; Value = "CurrentFootprint"; VariantName = "3V3_to_3V3"
Change component parameters (AddParameter): Name = "Parameter1"; Value = "V"; VariantName = "3V3_to_3V3"
Change component parameters (AddParameter): Name = "Parameter1Desc"; Value = "Package Method"; VariantName = "3V3_to_3V3"
Change component parameters (AddParameter): Name = "Parameter2"; Value = "F"; VariantName = "3V3_to_3V3"
Change component parameters (AddParameter): Name = "Parameter2Desc"; Value = "Tolerance Symbol"; VariantName = "3V3_to_3V3"
Change component parameters (AddParameter): Name = "Parameter3"; Value = ""; VariantName = "3V3_to_3V3"
Change component parameters (AddParameter): Name = "Parameter3Desc"; Value = ""; VariantName = "3V3_to_3V3"
Change component parameters (AddParameter): Name = "Supplier 1"; Value = "Mouser"; VariantName = "3V3_to_3V3"
Change component parameters (AddParameter): Name = "Supplier Part Number 1"; Value = "667-ERJ-U03F1002V"; VariantName = "3V3_to_3V3"
Change component parameters (AddParameter): Name = "Value"; Value = "10k"; VariantName = "3V3_to_3V3"
Change component parameters (AddParameter): Name = "ComponentLink1Description"; Value = "Datasheet"; VariantName = "3V3_to_RS422"
Change component parameters (AddParameter): Name = "ComponentLink1URL"; Value = "https://www.mouser.de/datasheet/2/315/AOA0000C334-1314047.pdf"; VariantName = "3V3_to_RS422"
Change component parameters (AddParameter): Name = "Created"; Value = "2019-12-08_Thilo_Wendt"; VariantName = "3V3_to_RS422"
Change component parameters (AddParameter): Name = "HelpURL"; Value = "https://www.mouser.de/datasheet/2/315/AOA0000C334-1314047.pdf"; VariantName = "3V3_to_RS422"
Change component parameters (AddParameter): Name = "MaxVoltage"; Value = "100"; VariantName = "3V3_to_RS422"
Change component parameters (AddParameter): Name = "MF"; Value = "Panasonic"; VariantName = "3V3_to_RS422"
Change component parameters (AddParameter): Name = "MPN"; Value = "ERJU03F1002V"; VariantName = "3V3_to_RS422"
Change component parameters (AddParameter): Name = "Package"; Value = "CurrentFootprint"; VariantName = "3V3_to_RS422"
Change component parameters (AddParameter): Name = "Parameter1"; Value = "V"; VariantName = "3V3_to_RS422"
Change component parameters (AddParameter): Name = "Parameter1Desc"; Value = "Package Method"; VariantName = "3V3_to_RS422"
Change component parameters (AddParameter): Name = "Parameter2"; Value = "F"; VariantName = "3V3_to_RS422"
Change component parameters (AddParameter): Name = "Parameter2Desc"; Value = "Tolerance Symbol"; VariantName = "3V3_to_RS422"
Change component parameters (AddParameter): Name = "Parameter3"; Value = ""; VariantName = "3V3_to_RS422"
Change component parameters (AddParameter): Name = "Parameter3Desc"; Value = ""; VariantName = "3V3_to_RS422"
Change component parameters (AddParameter): Name = "Supplier 1"; Value = "Mouser"; VariantName = "3V3_to_RS422"
Change component parameters (AddParameter): Name = "Supplier Part Number 1"; Value = "667-ERJ-U03F1002V"; VariantName = "3V3_to_RS422"
Change component parameters (AddParameter): Name = "Value"; Value = "10k"; VariantName = "3V3_to_RS422"
Change component parameters (AddParameter): Name = "ComponentLink1Description"; Value = "Datasheet"; VariantName = "RS422_to_3V3"
Change component parameters (AddParameter): Name = "ComponentLink1URL"; Value = "https://www.mouser.de/datasheet/2/315/AOA0000C334-1314047.pdf"; VariantName = "RS422_to_3V3"
Change component parameters (AddParameter): Name = "Created"; Value = "2019-12-08_Thilo_Wendt"; VariantName = "RS422_to_3V3"
Change component parameters (AddParameter): Name = "HelpURL"; Value = "https://www.mouser.de/datasheet/2/315/AOA0000C334-1314047.pdf"; VariantName = "RS422_to_3V3"
Change component parameters (AddParameter): Name = "MaxVoltage"; Value = "100"; VariantName = "RS422_to_3V3"
Change component parameters (AddParameter): Name = "MF"; Value = "Panasonic"; VariantName = "RS422_to_3V3"
Change component parameters (AddParameter): Name = "MPN"; Value = "ERJU03F1002V"; VariantName = "RS422_to_3V3"
Change component parameters (AddParameter): Name = "Package"; Value = "CurrentFootprint"; VariantName = "RS422_to_3V3"
Change component parameters (AddParameter): Name = "Parameter1"; Value = "V"; VariantName = "RS422_to_3V3"
Change component parameters (AddParameter): Name = "Parameter1Desc"; Value = "Package Method"; VariantName = "RS422_to_3V3"
Change component parameters (AddParameter): Name = "Parameter2"; Value = "F"; VariantName = "RS422_to_3V3"
Change component parameters (AddParameter): Name = "Parameter2Desc"; Value = "Tolerance Symbol"; VariantName = "RS422_to_3V3"
Change component parameters (AddParameter): Name = "Parameter3"; Value = ""; VariantName = "RS422_to_3V3"
Change component parameters (AddParameter): Name = "Parameter3Desc"; Value = ""; VariantName = "RS422_to_3V3"
Change component parameters (AddParameter): Name = "Supplier 1"; Value = "Mouser"; VariantName = "RS422_to_3V3"
Change component parameters (AddParameter): Name = "Supplier Part Number 1"; Value = "667-ERJ-U03F1002V"; VariantName = "RS422_to_3V3"
Change component parameters (AddParameter): Name = "Value"; Value = "10k"; VariantName = "RS422_to_3V3"
Change component parameters: Designator = "U5"; Footprint = "R78C1510"; UniqueID = "\SMQLPFVK\ZIHGQWSL"
Change component parameters. Clean all parameters for all variants
Change component parameters (AddParameter): Name = "ComponentLink1Description"; Value = "Datasheet"; VariantName = "[No Variations]"
Change component parameters (AddParameter): Name = "ComponentLink1URL"; Value = "https://www.recom-power.com/pdf/Innoline/R-78Cxx-1.0.pdf"; VariantName = "[No Variations]"
Change component parameters (AddParameter): Name = "Created"; Value = "2019-12-11_Thilo_Wendt"; VariantName = "[No Variations]"
Change component parameters (AddParameter): Name = "HelpURL"; Value = "https://www.recom-power.com/pdf/Innoline/R-78Cxx-1.0.pdf"; VariantName = "[No Variations]"
Change component parameters (AddParameter): Name = "MaxVoltage"; Value = "42"; VariantName = "[No Variations]"
Change component parameters (AddParameter): Name = "MF"; Value = "RECOM Power"; VariantName = "[No Variations]"
Change component parameters (AddParameter): Name = "MinVoltage"; Value = "18"; VariantName = "[No Variations]"
Change component parameters (AddParameter): Name = "MPN"; Value = "R-78C15-1.0"; VariantName = "[No Variations]"
Change component parameters (AddParameter): Name = "OutputVoltage"; Value = "15"; VariantName = "[No Variations]"
Change component parameters (AddParameter): Name = "Package"; Value = "CurrentFootprint"; VariantName = "[No Variations]"
Change component parameters (AddParameter): Name = "Value"; Value = "R-78C15-1.0"; VariantName = "[No Variations]"
Change component parameters (AddParameter): Name = "ComponentLink1Description"; Value = "Datasheet"; VariantName = "3V3_to_3V3"
Change component parameters (AddParameter): Name = "ComponentLink1URL"; Value = "https://www.recom-power.com/pdf/Innoline/R-78Cxx-1.0.pdf"; VariantName = "3V3_to_3V3"
Change component parameters (AddParameter): Name = "Created"; Value = "2019-12-11_Thilo_Wendt"; VariantName = "3V3_to_3V3"
Change component parameters (AddParameter): Name = "HelpURL"; Value = "https://www.recom-power.com/pdf/Innoline/R-78Cxx-1.0.pdf"; VariantName = "3V3_to_3V3"
Change component parameters (AddParameter): Name = "MaxVoltage"; Value = "42"; VariantName = "3V3_to_3V3"
Change component parameters (AddParameter): Name = "MF"; Value = "RECOM Power"; VariantName = "3V3_to_3V3"
Change component parameters (AddParameter): Name = "MinVoltage"; Value = "18"; VariantName = "3V3_to_3V3"
Change component parameters (AddParameter): Name = "MPN"; Value = "R-78C15-1.0"; VariantName = "3V3_to_3V3"
Change component parameters (AddParameter): Name = "OutputVoltage"; Value = "15"; VariantName = "3V3_to_3V3"
Change component parameters (AddParameter): Name = "Package"; Value = "CurrentFootprint"; VariantName = "3V3_to_3V3"
Change component parameters (AddParameter): Name = "Value"; Value = "R-78C15-1.0"; VariantName = "3V3_to_3V3"
Change component parameters (AddParameter): Name = "ComponentLink1Description"; Value = "Datasheet"; VariantName = "3V3_to_5V"
Change component parameters (AddParameter): Name = "ComponentLink1URL"; Value = "https://www.recom-power.com/pdf/Innoline/R-78Cxx-1.0.pdf"; VariantName = "3V3_to_5V"
Change component parameters (AddParameter): Name = "Created"; Value = "2019-12-11_Thilo_Wendt"; VariantName = "3V3_to_5V"
Change component parameters (AddParameter): Name = "HelpURL"; Value = "https://www.recom-power.com/pdf/Innoline/R-78Cxx-1.0.pdf"; VariantName = "3V3_to_5V"
Change component parameters (AddParameter): Name = "MaxVoltage"; Value = "42"; VariantName = "3V3_to_5V"
Change component parameters (AddParameter): Name = "MF"; Value = "RECOM Power"; VariantName = "3V3_to_5V"
Change component parameters (AddParameter): Name = "MinVoltage"; Value = "18"; VariantName = "3V3_to_5V"
Change component parameters (AddParameter): Name = "MPN"; Value = "R-78C15-1.0"; VariantName = "3V3_to_5V"
Change component parameters (AddParameter): Name = "OutputVoltage"; Value = "15"; VariantName = "3V3_to_5V"
Change component parameters (AddParameter): Name = "Package"; Value = "CurrentFootprint"; VariantName = "3V3_to_5V"
Change component parameters (AddParameter): Name = "Value"; Value = "R-78C15-1.0"; VariantName = "3V3_to_5V"
Change component parameters (AddParameter): Name = "ComponentLink1Description"; Value = "Datasheet"; VariantName = "3V3_to_RS422"
Change component parameters (AddParameter): Name = "ComponentLink1URL"; Value = "https://www.recom-power.com/pdf/Innoline/R-78Cxx-1.0.pdf"; VariantName = "3V3_to_RS422"
Change component parameters (AddParameter): Name = "Created"; Value = "2019-12-11_Thilo_Wendt"; VariantName = "3V3_to_RS422"
Change component parameters (AddParameter): Name = "HelpURL"; Value = "https://www.recom-power.com/pdf/Innoline/R-78Cxx-1.0.pdf"; VariantName = "3V3_to_RS422"
Change component parameters (AddParameter): Name = "MaxVoltage"; Value = "42"; VariantName = "3V3_to_RS422"
Change component parameters (AddParameter): Name = "MF"; Value = "RECOM Power"; VariantName = "3V3_to_RS422"
Change component parameters (AddParameter): Name = "MinVoltage"; Value = "18"; VariantName = "3V3_to_RS422"
Change component parameters (AddParameter): Name = "MPN"; Value = "R-78C15-1.0"; VariantName = "3V3_to_RS422"
Change component parameters (AddParameter): Name = "OutputVoltage"; Value = "15"; VariantName = "3V3_to_RS422"
Change component parameters (AddParameter): Name = "Package"; Value = "CurrentFootprint"; VariantName = "3V3_to_RS422"
Change component parameters (AddParameter): Name = "Value"; Value = "R-78C15-1.0"; VariantName = "3V3_to_RS422"
Change component parameters (AddParameter): Name = "ComponentLink1Description"; Value = "Datasheet"; VariantName = "RS422_to_3V3"
Change component parameters (AddParameter): Name = "ComponentLink1URL"; Value = "https://www.recom-power.com/pdf/Innoline/R-78Cxx-1.0.pdf"; VariantName = "RS422_to_3V3"
Change component parameters (AddParameter): Name = "Created"; Value = "2019-12-11_Thilo_Wendt"; VariantName = "RS422_to_3V3"
Change component parameters (AddParameter): Name = "HelpURL"; Value = "https://www.recom-power.com/pdf/Innoline/R-78Cxx-1.0.pdf"; VariantName = "RS422_to_3V3"
Change component parameters (AddParameter): Name = "MaxVoltage"; Value = "42"; VariantName = "RS422_to_3V3"
Change component parameters (AddParameter): Name = "MF"; Value = "RECOM Power"; VariantName = "RS422_to_3V3"
Change component parameters (AddParameter): Name = "MinVoltage"; Value = "18"; VariantName = "RS422_to_3V3"
Change component parameters (AddParameter): Name = "MPN"; Value = "R-78C15-1.0"; VariantName = "RS422_to_3V3"
Change component parameters (AddParameter): Name = "OutputVoltage"; Value = "15"; VariantName = "RS422_to_3V3"
Change component parameters (AddParameter): Name = "Package"; Value = "CurrentFootprint"; VariantName = "RS422_to_3V3"
Change component parameters (AddParameter): Name = "Value"; Value = "R-78C15-1.0"; VariantName = "RS422_to_3V3"
Change component parameters: Designator = "R32"; Footprint = "RESC1608X55X30NL15T15"; UniqueID = "\WHONMLKY\YZPUAALX"
Change component parameters. Clean all parameters for all variants
Change component parameters (AddParameter): Name = "ComponentLink1Description"; Value = "Datasheet"; VariantName = "[No Variations]"
Change component parameters (AddParameter): Name = "ComponentLink1URL"; Value = "https://www.mouser.de/datasheet/2/315/AOA0000C334-1314047.pdf"; VariantName = "[No Variations]"
Change component parameters (AddParameter): Name = "Created"; Value = "2019-12-08_Thilo_Wendt"; VariantName = "[No Variations]"
Change component parameters (AddParameter): Name = "HelpURL"; Value = "https://www.mouser.de/datasheet/2/315/AOA0000C334-1314047.pdf"; VariantName = "[No Variations]"
Change component parameters (AddParameter): Name = "MaxVoltage"; Value = "100"; VariantName = "[No Variations]"
Change component parameters (AddParameter): Name = "MF"; Value = "Panasonic"; VariantName = "[No Variations]"
Change component parameters (AddParameter): Name = "MPN"; Value = "ERJU030R00V"; VariantName = "[No Variations]"
Change component parameters (AddParameter): Name = "Package"; Value = "CurrentFootprint"; VariantName = "[No Variations]"
Change component parameters (AddParameter): Name = "Parameter1"; Value = "V"; VariantName = "[No Variations]"
Change component parameters (AddParameter): Name = "Parameter1Desc"; Value = "Package Method"; VariantName = "[No Variations]"
Change component parameters (AddParameter): Name = "Parameter2"; Value = "F"; VariantName = "[No Variations]"
Change component parameters (AddParameter): Name = "Parameter2Desc"; Value = "Tolerance Symbol"; VariantName = "[No Variations]"
Change component parameters (AddParameter): Name = "Parameter3"; Value = ""; VariantName = "[No Variations]"
Change component parameters (AddParameter): Name = "Parameter3Desc"; Value = ""; VariantName = "[No Variations]"
Change component parameters (AddParameter): Name = "Supplier 1"; Value = "Mouser"; VariantName = "[No Variations]"
Change component parameters (AddParameter): Name = "Supplier Part Number 1"; Value = "667-ERJ-U030R00V"; VariantName = "[No Variations]"
Change component parameters (AddParameter): Name = "Value"; Value = "0"; VariantName = "[No Variations]"
Change component parameters: Designator = "R31"; Footprint = "RESC1608X55X30NL15T15"; UniqueID = "\WHONMLKY\RSVGWDKZ"
Change component parameters. Clean all parameters for all variants
Change component parameters (AddParameter): Name = "ComponentLink1Description"; Value = "Datasheet"; VariantName = "[No Variations]"
Change component parameters (AddParameter): Name = "ComponentLink1URL"; Value = "https://www.mouser.de/datasheet/2/315/AOA0000C334-1314047.pdf"; VariantName = "[No Variations]"
Change component parameters (AddParameter): Name = "Created"; Value = "2019-12-08_Thilo_Wendt"; VariantName = "[No Variations]"
Change component parameters (AddParameter): Name = "HelpURL"; Value = "https://www.mouser.de/datasheet/2/315/AOA0000C334-1314047.pdf"; VariantName = "[No Variations]"
Change component parameters (AddParameter): Name = "MaxVoltage"; Value = "100"; VariantName = "[No Variations]"
Change component parameters (AddParameter): Name = "MF"; Value = "Panasonic"; VariantName = "[No Variations]"
Change component parameters (AddParameter): Name = "MPN"; Value = "ERJU030R00V"; VariantName = "[No Variations]"
Change component parameters (AddParameter): Name = "Package"; Value = "CurrentFootprint"; VariantName = "[No Variations]"
Change component parameters (AddParameter): Name = "Parameter1"; Value = "V"; VariantName = "[No Variations]"
Change component parameters (AddParameter): Name = "Parameter1Desc"; Value = "Package Method"; VariantName = "[No Variations]"
Change component parameters (AddParameter): Name = "Parameter2"; Value = "F"; VariantName = "[No Variations]"
Change component parameters (AddParameter): Name = "Parameter2Desc"; Value = "Tolerance Symbol"; VariantName = "[No Variations]"
Change component parameters (AddParameter): Name = "Parameter3"; Value = ""; VariantName = "[No Variations]"
Change component parameters (AddParameter): Name = "Parameter3Desc"; Value = ""; VariantName = "[No Variations]"
Change component parameters (AddParameter): Name = "Supplier 1"; Value = "Mouser"; VariantName = "[No Variations]"
Change component parameters (AddParameter): Name = "Supplier Part Number 1"; Value = "667-ERJ-U030R00V"; VariantName = "[No Variations]"
Change component parameters (AddParameter): Name = "Value"; Value = "0"; VariantName = "[No Variations]"
Change component parameters: Designator = "R3A"; Footprint = "RESC1608X55X30NL15T15"; UniqueID = "\REEOQYYS\LOSHMCEA\1DEFTBZMN\XWCIJMNU"
Change component parameters. Clean all parameters for all variants
Change component parameters (AddParameter): Name = "ComponentLink1Description"; Value = "Datasheet"; VariantName = "[No Variations]"
Change component parameters (AddParameter): Name = "ComponentLink1URL"; Value = "https://www.mouser.de/datasheet/2/315/AOA0000C334-1314047.pdf"; VariantName = "[No Variations]"
Change component parameters (AddParameter): Name = "Created"; Value = "2019-12-08_Thilo_Wendt"; VariantName = "[No Variations]"
Change component parameters (AddParameter): Name = "HelpURL"; Value = "https://www.mouser.de/datasheet/2/315/AOA0000C334-1314047.pdf"; VariantName = "[No Variations]"
Change component parameters (AddParameter): Name = "MaxVoltage"; Value = "100"; VariantName = "[No Variations]"
Change component parameters (AddParameter): Name = "MF"; Value = "Panasonic"; VariantName = "[No Variations]"
Change component parameters (AddParameter): Name = "MPN"; Value = "ERJU030R00V"; VariantName = "[No Variations]"
Change component parameters (AddParameter): Name = "Package"; Value = "CurrentFootprint"; VariantName = "[No Variations]"
Change component parameters (AddParameter): Name = "Parameter1"; Value = "V"; VariantName = "[No Variations]"
Change component parameters (AddParameter): Name = "Parameter1Desc"; Value = "Package Method"; VariantName = "[No Variations]"
Change component parameters (AddParameter): Name = "Parameter2"; Value = "F"; VariantName = "[No Variations]"
Change component parameters (AddParameter): Name = "Parameter2Desc"; Value = "Tolerance Symbol"; VariantName = "[No Variations]"
Change component parameters (AddParameter): Name = "Parameter3"; Value = ""; VariantName = "[No Variations]"
Change component parameters (AddParameter): Name = "Parameter3Desc"; Value = ""; VariantName = "[No Variations]"
Change component parameters (AddParameter): Name = "Supplier 1"; Value = "Mouser"; VariantName = "[No Variations]"
Change component parameters (AddParameter): Name = "Supplier Part Number 1"; Value = "667-ERJ-U030R00V"; VariantName = "[No Variations]"
Change component parameters (AddParameter): Name = "Value"; Value = "0"; VariantName = "[No Variations]"
Change component parameters (AddParameter): Name = "ComponentLink1Description"; Value = "Datasheet"; VariantName = "3V3_to_15V"
Change component parameters (AddParameter): Name = "ComponentLink1URL"; Value = "https://www.mouser.de/datasheet/2/315/AOA0000C334-1314047.pdf"; VariantName = "3V3_to_15V"
Change component parameters (AddParameter): Name = "Created"; Value = "2019-12-08_Thilo_Wendt"; VariantName = "3V3_to_15V"
Change component parameters (AddParameter): Name = "HelpURL"; Value = "https://www.mouser.de/datasheet/2/315/AOA0000C334-1314047.pdf"; VariantName = "3V3_to_15V"
Change component parameters (AddParameter): Name = "MaxVoltage"; Value = "100"; VariantName = "3V3_to_15V"
Change component parameters (AddParameter): Name = "MF"; Value = "Panasonic"; VariantName = "3V3_to_15V"
Change component parameters (AddParameter): Name = "MPN"; Value = "ERJU030R00V"; VariantName = "3V3_to_15V"
Change component parameters (AddParameter): Name = "Package"; Value = "CurrentFootprint"; VariantName = "3V3_to_15V"
Change component parameters (AddParameter): Name = "Parameter1"; Value = "V"; VariantName = "3V3_to_15V"
Change component parameters (AddParameter): Name = "Parameter1Desc"; Value = "Package Method"; VariantName = "3V3_to_15V"
Change component parameters (AddParameter): Name = "Parameter2"; Value = "F"; VariantName = "3V3_to_15V"
Change component parameters (AddParameter): Name = "Parameter2Desc"; Value = "Tolerance Symbol"; VariantName = "3V3_to_15V"
Change component parameters (AddParameter): Name = "Parameter3"; Value = ""; VariantName = "3V3_to_15V"
Change component parameters (AddParameter): Name = "Parameter3Desc"; Value = ""; VariantName = "3V3_to_15V"
Change component parameters (AddParameter): Name = "Supplier 1"; Value = "Mouser"; VariantName = "3V3_to_15V"
Change component parameters (AddParameter): Name = "Supplier Part Number 1"; Value = "667-ERJ-U030R00V"; VariantName = "3V3_to_15V"
Change component parameters (AddParameter): Name = "Value"; Value = "0"; VariantName = "3V3_to_15V"
Change component parameters (AddParameter): Name = "ComponentLink1Description"; Value = "Datasheet"; VariantName = "3V3_to_RS422"
Change component parameters (AddParameter): Name = "ComponentLink1URL"; Value = "https://www.mouser.de/datasheet/2/315/AOA0000C334-1314047.pdf"; VariantName = "3V3_to_RS422"
Change component parameters (AddParameter): Name = "Created"; Value = "2019-12-08_Thilo_Wendt"; VariantName = "3V3_to_RS422"
Change component parameters (AddParameter): Name = "HelpURL"; Value = "https://www.mouser.de/datasheet/2/315/AOA0000C334-1314047.pdf"; VariantName = "3V3_to_RS422"
Change component parameters (AddParameter): Name = "MaxVoltage"; Value = "100"; VariantName = "3V3_to_RS422"
Change component parameters (AddParameter): Name = "MF"; Value = "Panasonic"; VariantName = "3V3_to_RS422"
Change component parameters (AddParameter): Name = "MPN"; Value = "ERJU030R00V"; VariantName = "3V3_to_RS422"
Change component parameters (AddParameter): Name = "Package"; Value = "CurrentFootprint"; VariantName = "3V3_to_RS422"
Change component parameters (AddParameter): Name = "Parameter1"; Value = "V"; VariantName = "3V3_to_RS422"
Change component parameters (AddParameter): Name = "Parameter1Desc"; Value = "Package Method"; VariantName = "3V3_to_RS422"
Change component parameters (AddParameter): Name = "Parameter2"; Value = "F"; VariantName = "3V3_to_RS422"
Change component parameters (AddParameter): Name = "Parameter2Desc"; Value = "Tolerance Symbol"; VariantName = "3V3_to_RS422"
Change component parameters (AddParameter): Name = "Parameter3"; Value = ""; VariantName = "3V3_to_RS422"
Change component parameters (AddParameter): Name = "Parameter3Desc"; Value = ""; VariantName = "3V3_to_RS422"
Change component parameters (AddParameter): Name = "Supplier 1"; Value = "Mouser"; VariantName = "3V3_to_RS422"
Change component parameters (AddParameter): Name = "Supplier Part Number 1"; Value = "667-ERJ-U030R00V"; VariantName = "3V3_to_RS422"
Change component parameters (AddParameter): Name = "Value"; Value = "0"; VariantName = "3V3_to_RS422"
Change component parameters (AddParameter): Name = "ComponentLink1Description"; Value = "Datasheet"; VariantName = "RS422_to_3V3"
Change component parameters (AddParameter): Name = "ComponentLink1URL"; Value = "https://www.mouser.de/datasheet/2/315/AOA0000C334-1314047.pdf"; VariantName = "RS422_to_3V3"
Change component parameters (AddParameter): Name = "Created"; Value = "2019-12-08_Thilo_Wendt"; VariantName = "RS422_to_3V3"
Change component parameters (AddParameter): Name = "HelpURL"; Value = "https://www.mouser.de/datasheet/2/315/AOA0000C334-1314047.pdf"; VariantName = "RS422_to_3V3"
Change component parameters (AddParameter): Name = "MaxVoltage"; Value = "100"; VariantName = "RS422_to_3V3"
Change component parameters (AddParameter): Name = "MF"; Value = "Panasonic"; VariantName = "RS422_to_3V3"
Change component parameters (AddParameter): Name = "MPN"; Value = "ERJU030R00V"; VariantName = "RS422_to_3V3"
Change component parameters (AddParameter): Name = "Package"; Value = "CurrentFootprint"; VariantName = "RS422_to_3V3"
Change component parameters (AddParameter): Name = "Parameter1"; Value = "V"; VariantName = "RS422_to_3V3"
Change component parameters (AddParameter): Name = "Parameter1Desc"; Value = "Package Method"; VariantName = "RS422_to_3V3"
Change component parameters (AddParameter): Name = "Parameter2"; Value = "F"; VariantName = "RS422_to_3V3"
Change component parameters (AddParameter): Name = "Parameter2Desc"; Value = "Tolerance Symbol"; VariantName = "RS422_to_3V3"
Change component parameters (AddParameter): Name = "Parameter3"; Value = ""; VariantName = "RS422_to_3V3"
Change component parameters (AddParameter): Name = "Parameter3Desc"; Value = ""; VariantName = "RS422_to_3V3"
Change component parameters (AddParameter): Name = "Supplier 1"; Value = "Mouser"; VariantName = "RS422_to_3V3"
Change component parameters (AddParameter): Name = "Supplier Part Number 1"; Value = "667-ERJ-U030R00V"; VariantName = "RS422_to_3V3"
Change component parameters (AddParameter): Name = "Value"; Value = "0"; VariantName = "RS422_to_3V3"
Change component parameters: Designator = "R3B"; Footprint = "RESC1608X55X30NL15T15"; UniqueID = "\REEOQYYS\LOSHMCEA\2DEFTBZMN\XWCIJMNU"
Change component parameters. Clean all parameters for all variants
Change component parameters (AddParameter): Name = "ComponentLink1Description"; Value = "Datasheet"; VariantName = "[No Variations]"
Change component parameters (AddParameter): Name = "ComponentLink1URL"; Value = "https://www.mouser.de/datasheet/2/315/AOA0000C334-1314047.pdf"; VariantName = "[No Variations]"
Change component parameters (AddParameter): Name = "Created"; Value = "2019-12-08_Thilo_Wendt"; VariantName = "[No Variations]"
Change component parameters (AddParameter): Name = "HelpURL"; Value = "https://www.mouser.de/datasheet/2/315/AOA0000C334-1314047.pdf"; VariantName = "[No Variations]"
Change component parameters (AddParameter): Name = "MaxVoltage"; Value = "100"; VariantName = "[No Variations]"
Change component parameters (AddParameter): Name = "MF"; Value = "Panasonic"; VariantName = "[No Variations]"
Change component parameters (AddParameter): Name = "MPN"; Value = "ERJU030R00V"; VariantName = "[No Variations]"
Change component parameters (AddParameter): Name = "Package"; Value = "CurrentFootprint"; VariantName = "[No Variations]"
Change component parameters (AddParameter): Name = "Parameter1"; Value = "V"; VariantName = "[No Variations]"
Change component parameters (AddParameter): Name = "Parameter1Desc"; Value = "Package Method"; VariantName = "[No Variations]"
Change component parameters (AddParameter): Name = "Parameter2"; Value = "F"; VariantName = "[No Variations]"
Change component parameters (AddParameter): Name = "Parameter2Desc"; Value = "Tolerance Symbol"; VariantName = "[No Variations]"
Change component parameters (AddParameter): Name = "Parameter3"; Value = ""; VariantName = "[No Variations]"
Change component parameters (AddParameter): Name = "Parameter3Desc"; Value = ""; VariantName = "[No Variations]"
Change component parameters (AddParameter): Name = "Supplier 1"; Value = "Mouser"; VariantName = "[No Variations]"
Change component parameters (AddParameter): Name = "Supplier Part Number 1"; Value = "667-ERJ-U030R00V"; VariantName = "[No Variations]"
Change component parameters (AddParameter): Name = "Value"; Value = "0"; VariantName = "[No Variations]"
Change component parameters (AddParameter): Name = "ComponentLink1Description"; Value = "Datasheet"; VariantName = "3V3_to_15V"
Change component parameters (AddParameter): Name = "ComponentLink1URL"; Value = "https://www.mouser.de/datasheet/2/315/AOA0000C334-1314047.pdf"; VariantName = "3V3_to_15V"
Change component parameters (AddParameter): Name = "Created"; Value = "2019-12-08_Thilo_Wendt"; VariantName = "3V3_to_15V"
Change component parameters (AddParameter): Name = "HelpURL"; Value = "https://www.mouser.de/datasheet/2/315/AOA0000C334-1314047.pdf"; VariantName = "3V3_to_15V"
Change component parameters (AddParameter): Name = "MaxVoltage"; Value = "100"; VariantName = "3V3_to_15V"
Change component parameters (AddParameter): Name = "MF"; Value = "Panasonic"; VariantName = "3V3_to_15V"
Change component parameters (AddParameter): Name = "MPN"; Value = "ERJU030R00V"; VariantName = "3V3_to_15V"
Change component parameters (AddParameter): Name = "Package"; Value = "CurrentFootprint"; VariantName = "3V3_to_15V"
Change component parameters (AddParameter): Name = "Parameter1"; Value = "V"; VariantName = "3V3_to_15V"
Change component parameters (AddParameter): Name = "Parameter1Desc"; Value = "Package Method"; VariantName = "3V3_to_15V"
Change component parameters (AddParameter): Name = "Parameter2"; Value = "F"; VariantName = "3V3_to_15V"
Change component parameters (AddParameter): Name = "Parameter2Desc"; Value = "Tolerance Symbol"; VariantName = "3V3_to_15V"
Change component parameters (AddParameter): Name = "Parameter3"; Value = ""; VariantName = "3V3_to_15V"
Change component parameters (AddParameter): Name = "Parameter3Desc"; Value = ""; VariantName = "3V3_to_15V"
Change component parameters (AddParameter): Name = "Supplier 1"; Value = "Mouser"; VariantName = "3V3_to_15V"
Change component parameters (AddParameter): Name = "Supplier Part Number 1"; Value = "667-ERJ-U030R00V"; VariantName = "3V3_to_15V"
Change component parameters (AddParameter): Name = "Value"; Value = "0"; VariantName = "3V3_to_15V"
Change component parameters (AddParameter): Name = "ComponentLink1Description"; Value = "Datasheet"; VariantName = "3V3_to_RS422"
Change component parameters (AddParameter): Name = "ComponentLink1URL"; Value = "https://www.mouser.de/datasheet/2/315/AOA0000C334-1314047.pdf"; VariantName = "3V3_to_RS422"
Change component parameters (AddParameter): Name = "Created"; Value = "2019-12-08_Thilo_Wendt"; VariantName = "3V3_to_RS422"
Change component parameters (AddParameter): Name = "HelpURL"; Value = "https://www.mouser.de/datasheet/2/315/AOA0000C334-1314047.pdf"; VariantName = "3V3_to_RS422"
Change component parameters (AddParameter): Name = "MaxVoltage"; Value = "100"; VariantName = "3V3_to_RS422"
Change component parameters (AddParameter): Name = "MF"; Value = "Panasonic"; VariantName = "3V3_to_RS422"
Change component parameters (AddParameter): Name = "MPN"; Value = "ERJU030R00V"; VariantName = "3V3_to_RS422"
Change component parameters (AddParameter): Name = "Package"; Value = "CurrentFootprint"; VariantName = "3V3_to_RS422"
Change component parameters (AddParameter): Name = "Parameter1"; Value = "V"; VariantName = "3V3_to_RS422"
Change component parameters (AddParameter): Name = "Parameter1Desc"; Value = "Package Method"; VariantName = "3V3_to_RS422"
Change component parameters (AddParameter): Name = "Parameter2"; Value = "F"; VariantName = "3V3_to_RS422"
Change component parameters (AddParameter): Name = "Parameter2Desc"; Value = "Tolerance Symbol"; VariantName = "3V3_to_RS422"
Change component parameters (AddParameter): Name = "Parameter3"; Value = ""; VariantName = "3V3_to_RS422"
Change component parameters (AddParameter): Name = "Parameter3Desc"; Value = ""; VariantName = "3V3_to_RS422"
Change component parameters (AddParameter): Name = "Supplier 1"; Value = "Mouser"; VariantName = "3V3_to_RS422"
Change component parameters (AddParameter): Name = "Supplier Part Number 1"; Value = "667-ERJ-U030R00V"; VariantName = "3V3_to_RS422"
Change component parameters (AddParameter): Name = "Value"; Value = "0"; VariantName = "3V3_to_RS422"
Change component parameters (AddParameter): Name = "ComponentLink1Description"; Value = "Datasheet"; VariantName = "RS422_to_3V3"
Change component parameters (AddParameter): Name = "ComponentLink1URL"; Value = "https://www.mouser.de/datasheet/2/315/AOA0000C334-1314047.pdf"; VariantName = "RS422_to_3V3"
Change component parameters (AddParameter): Name = "Created"; Value = "2019-12-08_Thilo_Wendt"; VariantName = "RS422_to_3V3"
Change component parameters (AddParameter): Name = "HelpURL"; Value = "https://www.mouser.de/datasheet/2/315/AOA0000C334-1314047.pdf"; VariantName = "RS422_to_3V3"
Change component parameters (AddParameter): Name = "MaxVoltage"; Value = "100"; VariantName = "RS422_to_3V3"
Change component parameters (AddParameter): Name = "MF"; Value = "Panasonic"; VariantName = "RS422_to_3V3"
Change component parameters (AddParameter): Name = "MPN"; Value = "ERJU030R00V"; VariantName = "RS422_to_3V3"
Change component parameters (AddParameter): Name = "Package"; Value = "CurrentFootprint"; VariantName = "RS422_to_3V3"
Change component parameters (AddParameter): Name = "Parameter1"; Value = "V"; VariantName = "RS422_to_3V3"
Change component parameters (AddParameter): Name = "Parameter1Desc"; Value = "Package Method"; VariantName = "RS422_to_3V3"
Change component parameters (AddParameter): Name = "Parameter2"; Value = "F"; VariantName = "RS422_to_3V3"
Change component parameters (AddParameter): Name = "Parameter2Desc"; Value = "Tolerance Symbol"; VariantName = "RS422_to_3V3"
Change component parameters (AddParameter): Name = "Parameter3"; Value = ""; VariantName = "RS422_to_3V3"
Change component parameters (AddParameter): Name = "Parameter3Desc"; Value = ""; VariantName = "RS422_to_3V3"
Change component parameters (AddParameter): Name = "Supplier 1"; Value = "Mouser"; VariantName = "RS422_to_3V3"
Change component parameters (AddParameter): Name = "Supplier Part Number 1"; Value = "667-ERJ-U030R00V"; VariantName = "RS422_to_3V3"
Change component parameters (AddParameter): Name = "Value"; Value = "0"; VariantName = "RS422_to_3V3"
Change component parameters: Designator = "R3C"; Footprint = "RESC1608X55X30NL15T15"; UniqueID = "\REEOQYYS\LOSHMCEA\3DEFTBZMN\XWCIJMNU"
Change component parameters. Clean all parameters for all variants
Change component parameters (AddParameter): Name = "ComponentLink1Description"; Value = "Datasheet"; VariantName = "[No Variations]"
Change component parameters (AddParameter): Name = "ComponentLink1URL"; Value = "https://www.mouser.de/datasheet/2/315/AOA0000C334-1314047.pdf"; VariantName = "[No Variations]"
Change component parameters (AddParameter): Name = "Created"; Value = "2019-12-08_Thilo_Wendt"; VariantName = "[No Variations]"
Change component parameters (AddParameter): Name = "HelpURL"; Value = "https://www.mouser.de/datasheet/2/315/AOA0000C334-1314047.pdf"; VariantName = "[No Variations]"
Change component parameters (AddParameter): Name = "MaxVoltage"; Value = "100"; VariantName = "[No Variations]"
Change component parameters (AddParameter): Name = "MF"; Value = "Panasonic"; VariantName = "[No Variations]"
Change component parameters (AddParameter): Name = "MPN"; Value = "ERJU030R00V"; VariantName = "[No Variations]"
Change component parameters (AddParameter): Name = "Package"; Value = "CurrentFootprint"; VariantName = "[No Variations]"
Change component parameters (AddParameter): Name = "Parameter1"; Value = "V"; VariantName = "[No Variations]"
Change component parameters (AddParameter): Name = "Parameter1Desc"; Value = "Package Method"; VariantName = "[No Variations]"
Change component parameters (AddParameter): Name = "Parameter2"; Value = "F"; VariantName = "[No Variations]"
Change component parameters (AddParameter): Name = "Parameter2Desc"; Value = "Tolerance Symbol"; VariantName = "[No Variations]"
Change component parameters (AddParameter): Name = "Parameter3"; Value = ""; VariantName = "[No Variations]"
Change component parameters (AddParameter): Name = "Parameter3Desc"; Value = ""; VariantName = "[No Variations]"
Change component parameters (AddParameter): Name = "Supplier 1"; Value = "Mouser"; VariantName = "[No Variations]"
Change component parameters (AddParameter): Name = "Supplier Part Number 1"; Value = "667-ERJ-U030R00V"; VariantName = "[No Variations]"
Change component parameters (AddParameter): Name = "Value"; Value = "0"; VariantName = "[No Variations]"
Change component parameters (AddParameter): Name = "ComponentLink1Description"; Value = "Datasheet"; VariantName = "3V3_to_15V"
Change component parameters (AddParameter): Name = "ComponentLink1URL"; Value = "https://www.mouser.de/datasheet/2/315/AOA0000C334-1314047.pdf"; VariantName = "3V3_to_15V"
Change component parameters (AddParameter): Name = "Created"; Value = "2019-12-08_Thilo_Wendt"; VariantName = "3V3_to_15V"
Change component parameters (AddParameter): Name = "HelpURL"; Value = "https://www.mouser.de/datasheet/2/315/AOA0000C334-1314047.pdf"; VariantName = "3V3_to_15V"
Change component parameters (AddParameter): Name = "MaxVoltage"; Value = "100"; VariantName = "3V3_to_15V"
Change component parameters (AddParameter): Name = "MF"; Value = "Panasonic"; VariantName = "3V3_to_15V"
Change component parameters (AddParameter): Name = "MPN"; Value = "ERJU030R00V"; VariantName = "3V3_to_15V"
Change component parameters (AddParameter): Name = "Package"; Value = "CurrentFootprint"; VariantName = "3V3_to_15V"
Change component parameters (AddParameter): Name = "Parameter1"; Value = "V"; VariantName = "3V3_to_15V"
Change component parameters (AddParameter): Name = "Parameter1Desc"; Value = "Package Method"; VariantName = "3V3_to_15V"
Change component parameters (AddParameter): Name = "Parameter2"; Value = "F"; VariantName = "3V3_to_15V"
Change component parameters (AddParameter): Name = "Parameter2Desc"; Value = "Tolerance Symbol"; VariantName = "3V3_to_15V"
Change component parameters (AddParameter): Name = "Parameter3"; Value = ""; VariantName = "3V3_to_15V"
Change component parameters (AddParameter): Name = "Parameter3Desc"; Value = ""; VariantName = "3V3_to_15V"
Change component parameters (AddParameter): Name = "Supplier 1"; Value = "Mouser"; VariantName = "3V3_to_15V"
Change component parameters (AddParameter): Name = "Supplier Part Number 1"; Value = "667-ERJ-U030R00V"; VariantName = "3V3_to_15V"
Change component parameters (AddParameter): Name = "Value"; Value = "0"; VariantName = "3V3_to_15V"
Change component parameters (AddParameter): Name = "ComponentLink1Description"; Value = "Datasheet"; VariantName = "3V3_to_RS422"
Change component parameters (AddParameter): Name = "ComponentLink1URL"; Value = "https://www.mouser.de/datasheet/2/315/AOA0000C334-1314047.pdf"; VariantName = "3V3_to_RS422"
Change component parameters (AddParameter): Name = "Created"; Value = "2019-12-08_Thilo_Wendt"; VariantName = "3V3_to_RS422"
Change component parameters (AddParameter): Name = "HelpURL"; Value = "https://www.mouser.de/datasheet/2/315/AOA0000C334-1314047.pdf"; VariantName = "3V3_to_RS422"
Change component parameters (AddParameter): Name = "MaxVoltage"; Value = "100"; VariantName = "3V3_to_RS422"
Change component parameters (AddParameter): Name = "MF"; Value = "Panasonic"; VariantName = "3V3_to_RS422"
Change component parameters (AddParameter): Name = "MPN"; Value = "ERJU030R00V"; VariantName = "3V3_to_RS422"
Change component parameters (AddParameter): Name = "Package"; Value = "CurrentFootprint"; VariantName = "3V3_to_RS422"
Change component parameters (AddParameter): Name = "Parameter1"; Value = "V"; VariantName = "3V3_to_RS422"
Change component parameters (AddParameter): Name = "Parameter1Desc"; Value = "Package Method"; VariantName = "3V3_to_RS422"
Change component parameters (AddParameter): Name = "Parameter2"; Value = "F"; VariantName = "3V3_to_RS422"
Change component parameters (AddParameter): Name = "Parameter2Desc"; Value = "Tolerance Symbol"; VariantName = "3V3_to_RS422"
Change component parameters (AddParameter): Name = "Parameter3"; Value = ""; VariantName = "3V3_to_RS422"
Change component parameters (AddParameter): Name = "Parameter3Desc"; Value = ""; VariantName = "3V3_to_RS422"
Change component parameters (AddParameter): Name = "Supplier 1"; Value = "Mouser"; VariantName = "3V3_to_RS422"
Change component parameters (AddParameter): Name = "Supplier Part Number 1"; Value = "667-ERJ-U030R00V"; VariantName = "3V3_to_RS422"
Change component parameters (AddParameter): Name = "Value"; Value = "0"; VariantName = "3V3_to_RS422"
Change component parameters (AddParameter): Name = "ComponentLink1Description"; Value = "Datasheet"; VariantName = "RS422_to_3V3"
Change component parameters (AddParameter): Name = "ComponentLink1URL"; Value = "https://www.mouser.de/datasheet/2/315/AOA0000C334-1314047.pdf"; VariantName = "RS422_to_3V3"
Change component parameters (AddParameter): Name = "Created"; Value = "2019-12-08_Thilo_Wendt"; VariantName = "RS422_to_3V3"
Change component parameters (AddParameter): Name = "HelpURL"; Value = "https://www.mouser.de/datasheet/2/315/AOA0000C334-1314047.pdf"; VariantName = "RS422_to_3V3"
Change component parameters (AddParameter): Name = "MaxVoltage"; Value = "100"; VariantName = "RS422_to_3V3"
Change component parameters (AddParameter): Name = "MF"; Value = "Panasonic"; VariantName = "RS422_to_3V3"
Change component parameters (AddParameter): Name = "MPN"; Value = "ERJU030R00V"; VariantName = "RS422_to_3V3"
Change component parameters (AddParameter): Name = "Package"; Value = "CurrentFootprint"; VariantName = "RS422_to_3V3"
Change component parameters (AddParameter): Name = "Parameter1"; Value = "V"; VariantName = "RS422_to_3V3"
Change component parameters (AddParameter): Name = "Parameter1Desc"; Value = "Package Method"; VariantName = "RS422_to_3V3"
Change component parameters (AddParameter): Name = "Parameter2"; Value = "F"; VariantName = "RS422_to_3V3"
Change component parameters (AddParameter): Name = "Parameter2Desc"; Value = "Tolerance Symbol"; VariantName = "RS422_to_3V3"
Change component parameters (AddParameter): Name = "Parameter3"; Value = ""; VariantName = "RS422_to_3V3"
Change component parameters (AddParameter): Name = "Parameter3Desc"; Value = ""; VariantName = "RS422_to_3V3"
Change component parameters (AddParameter): Name = "Supplier 1"; Value = "Mouser"; VariantName = "RS422_to_3V3"
Change component parameters (AddParameter): Name = "Supplier Part Number 1"; Value = "667-ERJ-U030R00V"; VariantName = "RS422_to_3V3"
Change component parameters (AddParameter): Name = "Value"; Value = "0"; VariantName = "RS422_to_3V3"
Change component parameters: Designator = "R3D"; Footprint = "RESC1608X55X30NL15T15"; UniqueID = "\REEOQYYS\LOSHMCEA\4DEFTBZMN\XWCIJMNU"
Change component parameters. Clean all parameters for all variants
Change component parameters (AddParameter): Name = "ComponentLink1Description"; Value = "Datasheet"; VariantName = "[No Variations]"
Change component parameters (AddParameter): Name = "ComponentLink1URL"; Value = "https://www.mouser.de/datasheet/2/315/AOA0000C334-1314047.pdf"; VariantName = "[No Variations]"
Change component parameters (AddParameter): Name = "Created"; Value = "2019-12-08_Thilo_Wendt"; VariantName = "[No Variations]"
Change component parameters (AddParameter): Name = "HelpURL"; Value = "https://www.mouser.de/datasheet/2/315/AOA0000C334-1314047.pdf"; VariantName = "[No Variations]"
Change component parameters (AddParameter): Name = "MaxVoltage"; Value = "100"; VariantName = "[No Variations]"
Change component parameters (AddParameter): Name = "MF"; Value = "Panasonic"; VariantName = "[No Variations]"
Change component parameters (AddParameter): Name = "MPN"; Value = "ERJU030R00V"; VariantName = "[No Variations]"
Change component parameters (AddParameter): Name = "Package"; Value = "CurrentFootprint"; VariantName = "[No Variations]"
Change component parameters (AddParameter): Name = "Parameter1"; Value = "V"; VariantName = "[No Variations]"
Change component parameters (AddParameter): Name = "Parameter1Desc"; Value = "Package Method"; VariantName = "[No Variations]"
Change component parameters (AddParameter): Name = "Parameter2"; Value = "F"; VariantName = "[No Variations]"
Change component parameters (AddParameter): Name = "Parameter2Desc"; Value = "Tolerance Symbol"; VariantName = "[No Variations]"
Change component parameters (AddParameter): Name = "Parameter3"; Value = ""; VariantName = "[No Variations]"
Change component parameters (AddParameter): Name = "Parameter3Desc"; Value = ""; VariantName = "[No Variations]"
Change component parameters (AddParameter): Name = "Supplier 1"; Value = "Mouser"; VariantName = "[No Variations]"
Change component parameters (AddParameter): Name = "Supplier Part Number 1"; Value = "667-ERJ-U030R00V"; VariantName = "[No Variations]"
Change component parameters (AddParameter): Name = "Value"; Value = "0"; VariantName = "[No Variations]"
Change component parameters (AddParameter): Name = "ComponentLink1Description"; Value = "Datasheet"; VariantName = "3V3_to_15V"
Change component parameters (AddParameter): Name = "ComponentLink1URL"; Value = "https://www.mouser.de/datasheet/2/315/AOA0000C334-1314047.pdf"; VariantName = "3V3_to_15V"
Change component parameters (AddParameter): Name = "Created"; Value = "2019-12-08_Thilo_Wendt"; VariantName = "3V3_to_15V"
Change component parameters (AddParameter): Name = "HelpURL"; Value = "https://www.mouser.de/datasheet/2/315/AOA0000C334-1314047.pdf"; VariantName = "3V3_to_15V"
Change component parameters (AddParameter): Name = "MaxVoltage"; Value = "100"; VariantName = "3V3_to_15V"
Change component parameters (AddParameter): Name = "MF"; Value = "Panasonic"; VariantName = "3V3_to_15V"
Change component parameters (AddParameter): Name = "MPN"; Value = "ERJU030R00V"; VariantName = "3V3_to_15V"
Change component parameters (AddParameter): Name = "Package"; Value = "CurrentFootprint"; VariantName = "3V3_to_15V"
Change component parameters (AddParameter): Name = "Parameter1"; Value = "V"; VariantName = "3V3_to_15V"
Change component parameters (AddParameter): Name = "Parameter1Desc"; Value = "Package Method"; VariantName = "3V3_to_15V"
Change component parameters (AddParameter): Name = "Parameter2"; Value = "F"; VariantName = "3V3_to_15V"
Change component parameters (AddParameter): Name = "Parameter2Desc"; Value = "Tolerance Symbol"; VariantName = "3V3_to_15V"
Change component parameters (AddParameter): Name = "Parameter3"; Value = ""; VariantName = "3V3_to_15V"
Change component parameters (AddParameter): Name = "Parameter3Desc"; Value = ""; VariantName = "3V3_to_15V"
Change component parameters (AddParameter): Name = "Supplier 1"; Value = "Mouser"; VariantName = "3V3_to_15V"
Change component parameters (AddParameter): Name = "Supplier Part Number 1"; Value = "667-ERJ-U030R00V"; VariantName = "3V3_to_15V"
Change component parameters (AddParameter): Name = "Value"; Value = "0"; VariantName = "3V3_to_15V"
Change component parameters (AddParameter): Name = "ComponentLink1Description"; Value = "Datasheet"; VariantName = "3V3_to_RS422"
Change component parameters (AddParameter): Name = "ComponentLink1URL"; Value = "https://www.mouser.de/datasheet/2/315/AOA0000C334-1314047.pdf"; VariantName = "3V3_to_RS422"
Change component parameters (AddParameter): Name = "Created"; Value = "2019-12-08_Thilo_Wendt"; VariantName = "3V3_to_RS422"
Change component parameters (AddParameter): Name = "HelpURL"; Value = "https://www.mouser.de/datasheet/2/315/AOA0000C334-1314047.pdf"; VariantName = "3V3_to_RS422"
Change component parameters (AddParameter): Name = "MaxVoltage"; Value = "100"; VariantName = "3V3_to_RS422"
Change component parameters (AddParameter): Name = "MF"; Value = "Panasonic"; VariantName = "3V3_to_RS422"
Change component parameters (AddParameter): Name = "MPN"; Value = "ERJU030R00V"; VariantName = "3V3_to_RS422"
Change component parameters (AddParameter): Name = "Package"; Value = "CurrentFootprint"; VariantName = "3V3_to_RS422"
Change component parameters (AddParameter): Name = "Parameter1"; Value = "V"; VariantName = "3V3_to_RS422"
Change component parameters (AddParameter): Name = "Parameter1Desc"; Value = "Package Method"; VariantName = "3V3_to_RS422"
Change component parameters (AddParameter): Name = "Parameter2"; Value = "F"; VariantName = "3V3_to_RS422"
Change component parameters (AddParameter): Name = "Parameter2Desc"; Value = "Tolerance Symbol"; VariantName = "3V3_to_RS422"
Change component parameters (AddParameter): Name = "Parameter3"; Value = ""; VariantName = "3V3_to_RS422"
Change component parameters (AddParameter): Name = "Parameter3Desc"; Value = ""; VariantName = "3V3_to_RS422"
Change component parameters (AddParameter): Name = "Supplier 1"; Value = "Mouser"; VariantName = "3V3_to_RS422"
Change component parameters (AddParameter): Name = "Supplier Part Number 1"; Value = "667-ERJ-U030R00V"; VariantName = "3V3_to_RS422"
Change component parameters (AddParameter): Name = "Value"; Value = "0"; VariantName = "3V3_to_RS422"
Change component parameters (AddParameter): Name = "ComponentLink1Description"; Value = "Datasheet"; VariantName = "RS422_to_3V3"
Change component parameters (AddParameter): Name = "ComponentLink1URL"; Value = "https://www.mouser.de/datasheet/2/315/AOA0000C334-1314047.pdf"; VariantName = "RS422_to_3V3"
Change component parameters (AddParameter): Name = "Created"; Value = "2019-12-08_Thilo_Wendt"; VariantName = "RS422_to_3V3"
Change component parameters (AddParameter): Name = "HelpURL"; Value = "https://www.mouser.de/datasheet/2/315/AOA0000C334-1314047.pdf"; VariantName = "RS422_to_3V3"
Change component parameters (AddParameter): Name = "MaxVoltage"; Value = "100"; VariantName = "RS422_to_3V3"
Change component parameters (AddParameter): Name = "MF"; Value = "Panasonic"; VariantName = "RS422_to_3V3"
Change component parameters (AddParameter): Name = "MPN"; Value = "ERJU030R00V"; VariantName = "RS422_to_3V3"
Change component parameters (AddParameter): Name = "Package"; Value = "CurrentFootprint"; VariantName = "RS422_to_3V3"
Change component parameters (AddParameter): Name = "Parameter1"; Value = "V"; VariantName = "RS422_to_3V3"
Change component parameters (AddParameter): Name = "Parameter1Desc"; Value = "Package Method"; VariantName = "RS422_to_3V3"
Change component parameters (AddParameter): Name = "Parameter2"; Value = "F"; VariantName = "RS422_to_3V3"
Change component parameters (AddParameter): Name = "Parameter2Desc"; Value = "Tolerance Symbol"; VariantName = "RS422_to_3V3"
Change component parameters (AddParameter): Name = "Parameter3"; Value = ""; VariantName = "RS422_to_3V3"
Change component parameters (AddParameter): Name = "Parameter3Desc"; Value = ""; VariantName = "RS422_to_3V3"
Change component parameters (AddParameter): Name = "Supplier 1"; Value = "Mouser"; VariantName = "RS422_to_3V3"
Change component parameters (AddParameter): Name = "Supplier Part Number 1"; Value = "667-ERJ-U030R00V"; VariantName = "RS422_to_3V3"
Change component parameters (AddParameter): Name = "Value"; Value = "0"; VariantName = "RS422_to_3V3"
Change component parameters: Designator = "R3E"; Footprint = "RESC1608X55X30NL15T15"; UniqueID = "\REEOQYYS\LOSHMCEA\5DEFTBZMN\XWCIJMNU"
Change component parameters. Clean all parameters for all variants
Change component parameters (AddParameter): Name = "ComponentLink1Description"; Value = "Datasheet"; VariantName = "[No Variations]"
Change component parameters (AddParameter): Name = "ComponentLink1URL"; Value = "https://www.mouser.de/datasheet/2/315/AOA0000C334-1314047.pdf"; VariantName = "[No Variations]"
Change component parameters (AddParameter): Name = "Created"; Value = "2019-12-08_Thilo_Wendt"; VariantName = "[No Variations]"
Change component parameters (AddParameter): Name = "HelpURL"; Value = "https://www.mouser.de/datasheet/2/315/AOA0000C334-1314047.pdf"; VariantName = "[No Variations]"
Change component parameters (AddParameter): Name = "MaxVoltage"; Value = "100"; VariantName = "[No Variations]"
Change component parameters (AddParameter): Name = "MF"; Value = "Panasonic"; VariantName = "[No Variations]"
Change component parameters (AddParameter): Name = "MPN"; Value = "ERJU030R00V"; VariantName = "[No Variations]"
Change component parameters (AddParameter): Name = "Package"; Value = "CurrentFootprint"; VariantName = "[No Variations]"
Change component parameters (AddParameter): Name = "Parameter1"; Value = "V"; VariantName = "[No Variations]"
Change component parameters (AddParameter): Name = "Parameter1Desc"; Value = "Package Method"; VariantName = "[No Variations]"
Change component parameters (AddParameter): Name = "Parameter2"; Value = "F"; VariantName = "[No Variations]"
Change component parameters (AddParameter): Name = "Parameter2Desc"; Value = "Tolerance Symbol"; VariantName = "[No Variations]"
Change component parameters (AddParameter): Name = "Parameter3"; Value = ""; VariantName = "[No Variations]"
Change component parameters (AddParameter): Name = "Parameter3Desc"; Value = ""; VariantName = "[No Variations]"
Change component parameters (AddParameter): Name = "Supplier 1"; Value = "Mouser"; VariantName = "[No Variations]"
Change component parameters (AddParameter): Name = "Supplier Part Number 1"; Value = "667-ERJ-U030R00V"; VariantName = "[No Variations]"
Change component parameters (AddParameter): Name = "Value"; Value = "0"; VariantName = "[No Variations]"
Change component parameters (AddParameter): Name = "ComponentLink1Description"; Value = "Datasheet"; VariantName = "3V3_to_15V"
Change component parameters (AddParameter): Name = "ComponentLink1URL"; Value = "https://www.mouser.de/datasheet/2/315/AOA0000C334-1314047.pdf"; VariantName = "3V3_to_15V"
Change component parameters (AddParameter): Name = "Created"; Value = "2019-12-08_Thilo_Wendt"; VariantName = "3V3_to_15V"
Change component parameters (AddParameter): Name = "HelpURL"; Value = "https://www.mouser.de/datasheet/2/315/AOA0000C334-1314047.pdf"; VariantName = "3V3_to_15V"
Change component parameters (AddParameter): Name = "MaxVoltage"; Value = "100"; VariantName = "3V3_to_15V"
Change component parameters (AddParameter): Name = "MF"; Value = "Panasonic"; VariantName = "3V3_to_15V"
Change component parameters (AddParameter): Name = "MPN"; Value = "ERJU030R00V"; VariantName = "3V3_to_15V"
Change component parameters (AddParameter): Name = "Package"; Value = "CurrentFootprint"; VariantName = "3V3_to_15V"
Change component parameters (AddParameter): Name = "Parameter1"; Value = "V"; VariantName = "3V3_to_15V"
Change component parameters (AddParameter): Name = "Parameter1Desc"; Value = "Package Method"; VariantName = "3V3_to_15V"
Change component parameters (AddParameter): Name = "Parameter2"; Value = "F"; VariantName = "3V3_to_15V"
Change component parameters (AddParameter): Name = "Parameter2Desc"; Value = "Tolerance Symbol"; VariantName = "3V3_to_15V"
Change component parameters (AddParameter): Name = "Parameter3"; Value = ""; VariantName = "3V3_to_15V"
Change component parameters (AddParameter): Name = "Parameter3Desc"; Value = ""; VariantName = "3V3_to_15V"
Change component parameters (AddParameter): Name = "Supplier 1"; Value = "Mouser"; VariantName = "3V3_to_15V"
Change component parameters (AddParameter): Name = "Supplier Part Number 1"; Value = "667-ERJ-U030R00V"; VariantName = "3V3_to_15V"
Change component parameters (AddParameter): Name = "Value"; Value = "0"; VariantName = "3V3_to_15V"
Change component parameters (AddParameter): Name = "ComponentLink1Description"; Value = "Datasheet"; VariantName = "3V3_to_RS422"
Change component parameters (AddParameter): Name = "ComponentLink1URL"; Value = "https://www.mouser.de/datasheet/2/315/AOA0000C334-1314047.pdf"; VariantName = "3V3_to_RS422"
Change component parameters (AddParameter): Name = "Created"; Value = "2019-12-08_Thilo_Wendt"; VariantName = "3V3_to_RS422"
Change component parameters (AddParameter): Name = "HelpURL"; Value = "https://www.mouser.de/datasheet/2/315/AOA0000C334-1314047.pdf"; VariantName = "3V3_to_RS422"
Change component parameters (AddParameter): Name = "MaxVoltage"; Value = "100"; VariantName = "3V3_to_RS422"
Change component parameters (AddParameter): Name = "MF"; Value = "Panasonic"; VariantName = "3V3_to_RS422"
Change component parameters (AddParameter): Name = "MPN"; Value = "ERJU030R00V"; VariantName = "3V3_to_RS422"
Change component parameters (AddParameter): Name = "Package"; Value = "CurrentFootprint"; VariantName = "3V3_to_RS422"
Change component parameters (AddParameter): Name = "Parameter1"; Value = "V"; VariantName = "3V3_to_RS422"
Change component parameters (AddParameter): Name = "Parameter1Desc"; Value = "Package Method"; VariantName = "3V3_to_RS422"
Change component parameters (AddParameter): Name = "Parameter2"; Value = "F"; VariantName = "3V3_to_RS422"
Change component parameters (AddParameter): Name = "Parameter2Desc"; Value = "Tolerance Symbol"; VariantName = "3V3_to_RS422"
Change component parameters (AddParameter): Name = "Parameter3"; Value = ""; VariantName = "3V3_to_RS422"
Change component parameters (AddParameter): Name = "Parameter3Desc"; Value = ""; VariantName = "3V3_to_RS422"
Change component parameters (AddParameter): Name = "Supplier 1"; Value = "Mouser"; VariantName = "3V3_to_RS422"
Change component parameters (AddParameter): Name = "Supplier Part Number 1"; Value = "667-ERJ-U030R00V"; VariantName = "3V3_to_RS422"
Change component parameters (AddParameter): Name = "Value"; Value = "0"; VariantName = "3V3_to_RS422"
Change component parameters (AddParameter): Name = "ComponentLink1Description"; Value = "Datasheet"; VariantName = "RS422_to_3V3"
Change component parameters (AddParameter): Name = "ComponentLink1URL"; Value = "https://www.mouser.de/datasheet/2/315/AOA0000C334-1314047.pdf"; VariantName = "RS422_to_3V3"
Change component parameters (AddParameter): Name = "Created"; Value = "2019-12-08_Thilo_Wendt"; VariantName = "RS422_to_3V3"
Change component parameters (AddParameter): Name = "HelpURL"; Value = "https://www.mouser.de/datasheet/2/315/AOA0000C334-1314047.pdf"; VariantName = "RS422_to_3V3"
Change component parameters (AddParameter): Name = "MaxVoltage"; Value = "100"; VariantName = "RS422_to_3V3"
Change component parameters (AddParameter): Name = "MF"; Value = "Panasonic"; VariantName = "RS422_to_3V3"
Change component parameters (AddParameter): Name = "MPN"; Value = "ERJU030R00V"; VariantName = "RS422_to_3V3"
Change component parameters (AddParameter): Name = "Package"; Value = "CurrentFootprint"; VariantName = "RS422_to_3V3"
Change component parameters (AddParameter): Name = "Parameter1"; Value = "V"; VariantName = "RS422_to_3V3"
Change component parameters (AddParameter): Name = "Parameter1Desc"; Value = "Package Method"; VariantName = "RS422_to_3V3"
Change component parameters (AddParameter): Name = "Parameter2"; Value = "F"; VariantName = "RS422_to_3V3"
Change component parameters (AddParameter): Name = "Parameter2Desc"; Value = "Tolerance Symbol"; VariantName = "RS422_to_3V3"
Change component parameters (AddParameter): Name = "Parameter3"; Value = ""; VariantName = "RS422_to_3V3"
Change component parameters (AddParameter): Name = "Parameter3Desc"; Value = ""; VariantName = "RS422_to_3V3"
Change component parameters (AddParameter): Name = "Supplier 1"; Value = "Mouser"; VariantName = "RS422_to_3V3"
Change component parameters (AddParameter): Name = "Supplier Part Number 1"; Value = "667-ERJ-U030R00V"; VariantName = "RS422_to_3V3"
Change component parameters (AddParameter): Name = "Value"; Value = "0"; VariantName = "RS422_to_3V3"
Change component parameters: Designator = "R4A"; Footprint = "RESC1608X55X30NL15T15"; UniqueID = "\REEOQYYS\LOSHMCEA\1DEFTBZMN\RJCLTDSQ"
Change component parameters. Clean all parameters for all variants
Change component parameters (AddParameter): Name = "ComponentLink1Description"; Value = "Datasheet"; VariantName = "[No Variations]"
Change component parameters (AddParameter): Name = "ComponentLink1URL"; Value = "https://www.mouser.de/datasheet/2/315/AOA0000C334-1314047.pdf"; VariantName = "[No Variations]"
Change component parameters (AddParameter): Name = "Created"; Value = "2019-12-08_Thilo_Wendt"; VariantName = "[No Variations]"
Change component parameters (AddParameter): Name = "HelpURL"; Value = "https://www.mouser.de/datasheet/2/315/AOA0000C334-1314047.pdf"; VariantName = "[No Variations]"
Change component parameters (AddParameter): Name = "MaxVoltage"; Value = "100"; VariantName = "[No Variations]"
Change component parameters (AddParameter): Name = "MF"; Value = "Panasonic"; VariantName = "[No Variations]"
Change component parameters (AddParameter): Name = "MPN"; Value = "ERJU030R00V"; VariantName = "[No Variations]"
Change component parameters (AddParameter): Name = "Package"; Value = "CurrentFootprint"; VariantName = "[No Variations]"
Change component parameters (AddParameter): Name = "Parameter1"; Value = "V"; VariantName = "[No Variations]"
Change component parameters (AddParameter): Name = "Parameter1Desc"; Value = "Package Method"; VariantName = "[No Variations]"
Change component parameters (AddParameter): Name = "Parameter2"; Value = "F"; VariantName = "[No Variations]"
Change component parameters (AddParameter): Name = "Parameter2Desc"; Value = "Tolerance Symbol"; VariantName = "[No Variations]"
Change component parameters (AddParameter): Name = "Parameter3"; Value = ""; VariantName = "[No Variations]"
Change component parameters (AddParameter): Name = "Parameter3Desc"; Value = ""; VariantName = "[No Variations]"
Change component parameters (AddParameter): Name = "Supplier 1"; Value = "Mouser"; VariantName = "[No Variations]"
Change component parameters (AddParameter): Name = "Supplier Part Number 1"; Value = "667-ERJ-U030R00V"; VariantName = "[No Variations]"
Change component parameters (AddParameter): Name = "Value"; Value = "0"; VariantName = "[No Variations]"
Change component parameters (AddParameter): Name = "ComponentLink1Description"; Value = "Datasheet"; VariantName = "3V3_to_15V"
Change component parameters (AddParameter): Name = "ComponentLink1URL"; Value = "https://www.mouser.de/datasheet/2/315/AOA0000C334-1314047.pdf"; VariantName = "3V3_to_15V"
Change component parameters (AddParameter): Name = "Created"; Value = "2019-12-08_Thilo_Wendt"; VariantName = "3V3_to_15V"
Change component parameters (AddParameter): Name = "HelpURL"; Value = "https://www.mouser.de/datasheet/2/315/AOA0000C334-1314047.pdf"; VariantName = "3V3_to_15V"
Change component parameters (AddParameter): Name = "MaxVoltage"; Value = "100"; VariantName = "3V3_to_15V"
Change component parameters (AddParameter): Name = "MF"; Value = "Panasonic"; VariantName = "3V3_to_15V"
Change component parameters (AddParameter): Name = "MPN"; Value = "ERJU030R00V"; VariantName = "3V3_to_15V"
Change component parameters (AddParameter): Name = "Package"; Value = "CurrentFootprint"; VariantName = "3V3_to_15V"
Change component parameters (AddParameter): Name = "Parameter1"; Value = "V"; VariantName = "3V3_to_15V"
Change component parameters (AddParameter): Name = "Parameter1Desc"; Value = "Package Method"; VariantName = "3V3_to_15V"
Change component parameters (AddParameter): Name = "Parameter2"; Value = "F"; VariantName = "3V3_to_15V"
Change component parameters (AddParameter): Name = "Parameter2Desc"; Value = "Tolerance Symbol"; VariantName = "3V3_to_15V"
Change component parameters (AddParameter): Name = "Parameter3"; Value = ""; VariantName = "3V3_to_15V"
Change component parameters (AddParameter): Name = "Parameter3Desc"; Value = ""; VariantName = "3V3_to_15V"
Change component parameters (AddParameter): Name = "Supplier 1"; Value = "Mouser"; VariantName = "3V3_to_15V"
Change component parameters (AddParameter): Name = "Supplier Part Number 1"; Value = "667-ERJ-U030R00V"; VariantName = "3V3_to_15V"
Change component parameters (AddParameter): Name = "Value"; Value = "0"; VariantName = "3V3_to_15V"
Change component parameters (AddParameter): Name = "ComponentLink1Description"; Value = "Datasheet"; VariantName = "3V3_to_RS422"
Change component parameters (AddParameter): Name = "ComponentLink1URL"; Value = "https://www.mouser.de/datasheet/2/315/AOA0000C334-1314047.pdf"; VariantName = "3V3_to_RS422"
Change component parameters (AddParameter): Name = "Created"; Value = "2019-12-08_Thilo_Wendt"; VariantName = "3V3_to_RS422"
Change component parameters (AddParameter): Name = "HelpURL"; Value = "https://www.mouser.de/datasheet/2/315/AOA0000C334-1314047.pdf"; VariantName = "3V3_to_RS422"
Change component parameters (AddParameter): Name = "MaxVoltage"; Value = "100"; VariantName = "3V3_to_RS422"
Change component parameters (AddParameter): Name = "MF"; Value = "Panasonic"; VariantName = "3V3_to_RS422"
Change component parameters (AddParameter): Name = "MPN"; Value = "ERJU030R00V"; VariantName = "3V3_to_RS422"
Change component parameters (AddParameter): Name = "Package"; Value = "CurrentFootprint"; VariantName = "3V3_to_RS422"
Change component parameters (AddParameter): Name = "Parameter1"; Value = "V"; VariantName = "3V3_to_RS422"
Change component parameters (AddParameter): Name = "Parameter1Desc"; Value = "Package Method"; VariantName = "3V3_to_RS422"
Change component parameters (AddParameter): Name = "Parameter2"; Value = "F"; VariantName = "3V3_to_RS422"
Change component parameters (AddParameter): Name = "Parameter2Desc"; Value = "Tolerance Symbol"; VariantName = "3V3_to_RS422"
Change component parameters (AddParameter): Name = "Parameter3"; Value = ""; VariantName = "3V3_to_RS422"
Change component parameters (AddParameter): Name = "Parameter3Desc"; Value = ""; VariantName = "3V3_to_RS422"
Change component parameters (AddParameter): Name = "Supplier 1"; Value = "Mouser"; VariantName = "3V3_to_RS422"
Change component parameters (AddParameter): Name = "Supplier Part Number 1"; Value = "667-ERJ-U030R00V"; VariantName = "3V3_to_RS422"
Change component parameters (AddParameter): Name = "Value"; Value = "0"; VariantName = "3V3_to_RS422"
Change component parameters (AddParameter): Name = "ComponentLink1Description"; Value = "Datasheet"; VariantName = "RS422_to_3V3"
Change component parameters (AddParameter): Name = "ComponentLink1URL"; Value = "https://www.mouser.de/datasheet/2/315/AOA0000C334-1314047.pdf"; VariantName = "RS422_to_3V3"
Change component parameters (AddParameter): Name = "Created"; Value = "2019-12-08_Thilo_Wendt"; VariantName = "RS422_to_3V3"
Change component parameters (AddParameter): Name = "HelpURL"; Value = "https://www.mouser.de/datasheet/2/315/AOA0000C334-1314047.pdf"; VariantName = "RS422_to_3V3"
Change component parameters (AddParameter): Name = "MaxVoltage"; Value = "100"; VariantName = "RS422_to_3V3"
Change component parameters (AddParameter): Name = "MF"; Value = "Panasonic"; VariantName = "RS422_to_3V3"
Change component parameters (AddParameter): Name = "MPN"; Value = "ERJU030R00V"; VariantName = "RS422_to_3V3"
Change component parameters (AddParameter): Name = "Package"; Value = "CurrentFootprint"; VariantName = "RS422_to_3V3"
Change component parameters (AddParameter): Name = "Parameter1"; Value = "V"; VariantName = "RS422_to_3V3"
Change component parameters (AddParameter): Name = "Parameter1Desc"; Value = "Package Method"; VariantName = "RS422_to_3V3"
Change component parameters (AddParameter): Name = "Parameter2"; Value = "F"; VariantName = "RS422_to_3V3"
Change component parameters (AddParameter): Name = "Parameter2Desc"; Value = "Tolerance Symbol"; VariantName = "RS422_to_3V3"
Change component parameters (AddParameter): Name = "Parameter3"; Value = ""; VariantName = "RS422_to_3V3"
Change component parameters (AddParameter): Name = "Parameter3Desc"; Value = ""; VariantName = "RS422_to_3V3"
Change component parameters (AddParameter): Name = "Supplier 1"; Value = "Mouser"; VariantName = "RS422_to_3V3"
Change component parameters (AddParameter): Name = "Supplier Part Number 1"; Value = "667-ERJ-U030R00V"; VariantName = "RS422_to_3V3"
Change component parameters (AddParameter): Name = "Value"; Value = "0"; VariantName = "RS422_to_3V3"
Change component parameters: Designator = "R4B"; Footprint = "RESC1608X55X30NL15T15"; UniqueID = "\REEOQYYS\LOSHMCEA\2DEFTBZMN\RJCLTDSQ"
Change component parameters. Clean all parameters for all variants
Change component parameters (AddParameter): Name = "ComponentLink1Description"; Value = "Datasheet"; VariantName = "[No Variations]"
Change component parameters (AddParameter): Name = "ComponentLink1URL"; Value = "https://www.mouser.de/datasheet/2/315/AOA0000C334-1314047.pdf"; VariantName = "[No Variations]"
Change component parameters (AddParameter): Name = "Created"; Value = "2019-12-08_Thilo_Wendt"; VariantName = "[No Variations]"
Change component parameters (AddParameter): Name = "HelpURL"; Value = "https://www.mouser.de/datasheet/2/315/AOA0000C334-1314047.pdf"; VariantName = "[No Variations]"
Change component parameters (AddParameter): Name = "MaxVoltage"; Value = "100"; VariantName = "[No Variations]"
Change component parameters (AddParameter): Name = "MF"; Value = "Panasonic"; VariantName = "[No Variations]"
Change component parameters (AddParameter): Name = "MPN"; Value = "ERJU030R00V"; VariantName = "[No Variations]"
Change component parameters (AddParameter): Name = "Package"; Value = "CurrentFootprint"; VariantName = "[No Variations]"
Change component parameters (AddParameter): Name = "Parameter1"; Value = "V"; VariantName = "[No Variations]"
Change component parameters (AddParameter): Name = "Parameter1Desc"; Value = "Package Method"; VariantName = "[No Variations]"
Change component parameters (AddParameter): Name = "Parameter2"; Value = "F"; VariantName = "[No Variations]"
Change component parameters (AddParameter): Name = "Parameter2Desc"; Value = "Tolerance Symbol"; VariantName = "[No Variations]"
Change component parameters (AddParameter): Name = "Parameter3"; Value = ""; VariantName = "[No Variations]"
Change component parameters (AddParameter): Name = "Parameter3Desc"; Value = ""; VariantName = "[No Variations]"
Change component parameters (AddParameter): Name = "Supplier 1"; Value = "Mouser"; VariantName = "[No Variations]"
Change component parameters (AddParameter): Name = "Supplier Part Number 1"; Value = "667-ERJ-U030R00V"; VariantName = "[No Variations]"
Change component parameters (AddParameter): Name = "Value"; Value = "0"; VariantName = "[No Variations]"
Change component parameters (AddParameter): Name = "ComponentLink1Description"; Value = "Datasheet"; VariantName = "3V3_to_15V"
Change component parameters (AddParameter): Name = "ComponentLink1URL"; Value = "https://www.mouser.de/datasheet/2/315/AOA0000C334-1314047.pdf"; VariantName = "3V3_to_15V"
Change component parameters (AddParameter): Name = "Created"; Value = "2019-12-08_Thilo_Wendt"; VariantName = "3V3_to_15V"
Change component parameters (AddParameter): Name = "HelpURL"; Value = "https://www.mouser.de/datasheet/2/315/AOA0000C334-1314047.pdf"; VariantName = "3V3_to_15V"
Change component parameters (AddParameter): Name = "MaxVoltage"; Value = "100"; VariantName = "3V3_to_15V"
Change component parameters (AddParameter): Name = "MF"; Value = "Panasonic"; VariantName = "3V3_to_15V"
Change component parameters (AddParameter): Name = "MPN"; Value = "ERJU030R00V"; VariantName = "3V3_to_15V"
Change component parameters (AddParameter): Name = "Package"; Value = "CurrentFootprint"; VariantName = "3V3_to_15V"
Change component parameters (AddParameter): Name = "Parameter1"; Value = "V"; VariantName = "3V3_to_15V"
Change component parameters (AddParameter): Name = "Parameter1Desc"; Value = "Package Method"; VariantName = "3V3_to_15V"
Change component parameters (AddParameter): Name = "Parameter2"; Value = "F"; VariantName = "3V3_to_15V"
Change component parameters (AddParameter): Name = "Parameter2Desc"; Value = "Tolerance Symbol"; VariantName = "3V3_to_15V"
Change component parameters (AddParameter): Name = "Parameter3"; Value = ""; VariantName = "3V3_to_15V"
Change component parameters (AddParameter): Name = "Parameter3Desc"; Value = ""; VariantName = "3V3_to_15V"
Change component parameters (AddParameter): Name = "Supplier 1"; Value = "Mouser"; VariantName = "3V3_to_15V"
Change component parameters (AddParameter): Name = "Supplier Part Number 1"; Value = "667-ERJ-U030R00V"; VariantName = "3V3_to_15V"
Change component parameters (AddParameter): Name = "Value"; Value = "0"; VariantName = "3V3_to_15V"
Change component parameters (AddParameter): Name = "ComponentLink1Description"; Value = "Datasheet"; VariantName = "3V3_to_RS422"
Change component parameters (AddParameter): Name = "ComponentLink1URL"; Value = "https://www.mouser.de/datasheet/2/315/AOA0000C334-1314047.pdf"; VariantName = "3V3_to_RS422"
Change component parameters (AddParameter): Name = "Created"; Value = "2019-12-08_Thilo_Wendt"; VariantName = "3V3_to_RS422"
Change component parameters (AddParameter): Name = "HelpURL"; Value = "https://www.mouser.de/datasheet/2/315/AOA0000C334-1314047.pdf"; VariantName = "3V3_to_RS422"
Change component parameters (AddParameter): Name = "MaxVoltage"; Value = "100"; VariantName = "3V3_to_RS422"
Change component parameters (AddParameter): Name = "MF"; Value = "Panasonic"; VariantName = "3V3_to_RS422"
Change component parameters (AddParameter): Name = "MPN"; Value = "ERJU030R00V"; VariantName = "3V3_to_RS422"
Change component parameters (AddParameter): Name = "Package"; Value = "CurrentFootprint"; VariantName = "3V3_to_RS422"
Change component parameters (AddParameter): Name = "Parameter1"; Value = "V"; VariantName = "3V3_to_RS422"
Change component parameters (AddParameter): Name = "Parameter1Desc"; Value = "Package Method"; VariantName = "3V3_to_RS422"
Change component parameters (AddParameter): Name = "Parameter2"; Value = "F"; VariantName = "3V3_to_RS422"
Change component parameters (AddParameter): Name = "Parameter2Desc"; Value = "Tolerance Symbol"; VariantName = "3V3_to_RS422"
Change component parameters (AddParameter): Name = "Parameter3"; Value = ""; VariantName = "3V3_to_RS422"
Change component parameters (AddParameter): Name = "Parameter3Desc"; Value = ""; VariantName = "3V3_to_RS422"
Change component parameters (AddParameter): Name = "Supplier 1"; Value = "Mouser"; VariantName = "3V3_to_RS422"
Change component parameters (AddParameter): Name = "Supplier Part Number 1"; Value = "667-ERJ-U030R00V"; VariantName = "3V3_to_RS422"
Change component parameters (AddParameter): Name = "Value"; Value = "0"; VariantName = "3V3_to_RS422"
Change component parameters (AddParameter): Name = "ComponentLink1Description"; Value = "Datasheet"; VariantName = "RS422_to_3V3"
Change component parameters (AddParameter): Name = "ComponentLink1URL"; Value = "https://www.mouser.de/datasheet/2/315/AOA0000C334-1314047.pdf"; VariantName = "RS422_to_3V3"
Change component parameters (AddParameter): Name = "Created"; Value = "2019-12-08_Thilo_Wendt"; VariantName = "RS422_to_3V3"
Change component parameters (AddParameter): Name = "HelpURL"; Value = "https://www.mouser.de/datasheet/2/315/AOA0000C334-1314047.pdf"; VariantName = "RS422_to_3V3"
Change component parameters (AddParameter): Name = "MaxVoltage"; Value = "100"; VariantName = "RS422_to_3V3"
Change component parameters (AddParameter): Name = "MF"; Value = "Panasonic"; VariantName = "RS422_to_3V3"
Change component parameters (AddParameter): Name = "MPN"; Value = "ERJU030R00V"; VariantName = "RS422_to_3V3"
Change component parameters (AddParameter): Name = "Package"; Value = "CurrentFootprint"; VariantName = "RS422_to_3V3"
Change component parameters (AddParameter): Name = "Parameter1"; Value = "V"; VariantName = "RS422_to_3V3"
Change component parameters (AddParameter): Name = "Parameter1Desc"; Value = "Package Method"; VariantName = "RS422_to_3V3"
Change component parameters (AddParameter): Name = "Parameter2"; Value = "F"; VariantName = "RS422_to_3V3"
Change component parameters (AddParameter): Name = "Parameter2Desc"; Value = "Tolerance Symbol"; VariantName = "RS422_to_3V3"
Change component parameters (AddParameter): Name = "Parameter3"; Value = ""; VariantName = "RS422_to_3V3"
Change component parameters (AddParameter): Name = "Parameter3Desc"; Value = ""; VariantName = "RS422_to_3V3"
Change component parameters (AddParameter): Name = "Supplier 1"; Value = "Mouser"; VariantName = "RS422_to_3V3"
Change component parameters (AddParameter): Name = "Supplier Part Number 1"; Value = "667-ERJ-U030R00V"; VariantName = "RS422_to_3V3"
Change component parameters (AddParameter): Name = "Value"; Value = "0"; VariantName = "RS422_to_3V3"
Change component parameters: Designator = "R4C"; Footprint = "RESC1608X55X30NL15T15"; UniqueID = "\REEOQYYS\LOSHMCEA\3DEFTBZMN\RJCLTDSQ"
Change component parameters. Clean all parameters for all variants
Change component parameters (AddParameter): Name = "ComponentLink1Description"; Value = "Datasheet"; VariantName = "[No Variations]"
Change component parameters (AddParameter): Name = "ComponentLink1URL"; Value = "https://www.mouser.de/datasheet/2/315/AOA0000C334-1314047.pdf"; VariantName = "[No Variations]"
Change component parameters (AddParameter): Name = "Created"; Value = "2019-12-08_Thilo_Wendt"; VariantName = "[No Variations]"
Change component parameters (AddParameter): Name = "HelpURL"; Value = "https://www.mouser.de/datasheet/2/315/AOA0000C334-1314047.pdf"; VariantName = "[No Variations]"
Change component parameters (AddParameter): Name = "MaxVoltage"; Value = "100"; VariantName = "[No Variations]"
Change component parameters (AddParameter): Name = "MF"; Value = "Panasonic"; VariantName = "[No Variations]"
Change component parameters (AddParameter): Name = "MPN"; Value = "ERJU030R00V"; VariantName = "[No Variations]"
Change component parameters (AddParameter): Name = "Package"; Value = "CurrentFootprint"; VariantName = "[No Variations]"
Change component parameters (AddParameter): Name = "Parameter1"; Value = "V"; VariantName = "[No Variations]"
Change component parameters (AddParameter): Name = "Parameter1Desc"; Value = "Package Method"; VariantName = "[No Variations]"
Change component parameters (AddParameter): Name = "Parameter2"; Value = "F"; VariantName = "[No Variations]"
Change component parameters (AddParameter): Name = "Parameter2Desc"; Value = "Tolerance Symbol"; VariantName = "[No Variations]"
Change component parameters (AddParameter): Name = "Parameter3"; Value = ""; VariantName = "[No Variations]"
Change component parameters (AddParameter): Name = "Parameter3Desc"; Value = ""; VariantName = "[No Variations]"
Change component parameters (AddParameter): Name = "Supplier 1"; Value = "Mouser"; VariantName = "[No Variations]"
Change component parameters (AddParameter): Name = "Supplier Part Number 1"; Value = "667-ERJ-U030R00V"; VariantName = "[No Variations]"
Change component parameters (AddParameter): Name = "Value"; Value = "0"; VariantName = "[No Variations]"
Change component parameters (AddParameter): Name = "ComponentLink1Description"; Value = "Datasheet"; VariantName = "3V3_to_15V"
Change component parameters (AddParameter): Name = "ComponentLink1URL"; Value = "https://www.mouser.de/datasheet/2/315/AOA0000C334-1314047.pdf"; VariantName = "3V3_to_15V"
Change component parameters (AddParameter): Name = "Created"; Value = "2019-12-08_Thilo_Wendt"; VariantName = "3V3_to_15V"
Change component parameters (AddParameter): Name = "HelpURL"; Value = "https://www.mouser.de/datasheet/2/315/AOA0000C334-1314047.pdf"; VariantName = "3V3_to_15V"
Change component parameters (AddParameter): Name = "MaxVoltage"; Value = "100"; VariantName = "3V3_to_15V"
Change component parameters (AddParameter): Name = "MF"; Value = "Panasonic"; VariantName = "3V3_to_15V"
Change component parameters (AddParameter): Name = "MPN"; Value = "ERJU030R00V"; VariantName = "3V3_to_15V"
Change component parameters (AddParameter): Name = "Package"; Value = "CurrentFootprint"; VariantName = "3V3_to_15V"
Change component parameters (AddParameter): Name = "Parameter1"; Value = "V"; VariantName = "3V3_to_15V"
Change component parameters (AddParameter): Name = "Parameter1Desc"; Value = "Package Method"; VariantName = "3V3_to_15V"
Change component parameters (AddParameter): Name = "Parameter2"; Value = "F"; VariantName = "3V3_to_15V"
Change component parameters (AddParameter): Name = "Parameter2Desc"; Value = "Tolerance Symbol"; VariantName = "3V3_to_15V"
Change component parameters (AddParameter): Name = "Parameter3"; Value = ""; VariantName = "3V3_to_15V"
Change component parameters (AddParameter): Name = "Parameter3Desc"; Value = ""; VariantName = "3V3_to_15V"
Change component parameters (AddParameter): Name = "Supplier 1"; Value = "Mouser"; VariantName = "3V3_to_15V"
Change component parameters (AddParameter): Name = "Supplier Part Number 1"; Value = "667-ERJ-U030R00V"; VariantName = "3V3_to_15V"
Change component parameters (AddParameter): Name = "Value"; Value = "0"; VariantName = "3V3_to_15V"
Change component parameters (AddParameter): Name = "ComponentLink1Description"; Value = "Datasheet"; VariantName = "3V3_to_RS422"
Change component parameters (AddParameter): Name = "ComponentLink1URL"; Value = "https://www.mouser.de/datasheet/2/315/AOA0000C334-1314047.pdf"; VariantName = "3V3_to_RS422"
Change component parameters (AddParameter): Name = "Created"; Value = "2019-12-08_Thilo_Wendt"; VariantName = "3V3_to_RS422"
Change component parameters (AddParameter): Name = "HelpURL"; Value = "https://www.mouser.de/datasheet/2/315/AOA0000C334-1314047.pdf"; VariantName = "3V3_to_RS422"
Change component parameters (AddParameter): Name = "MaxVoltage"; Value = "100"; VariantName = "3V3_to_RS422"
Change component parameters (AddParameter): Name = "MF"; Value = "Panasonic"; VariantName = "3V3_to_RS422"
Change component parameters (AddParameter): Name = "MPN"; Value = "ERJU030R00V"; VariantName = "3V3_to_RS422"
Change component parameters (AddParameter): Name = "Package"; Value = "CurrentFootprint"; VariantName = "3V3_to_RS422"
Change component parameters (AddParameter): Name = "Parameter1"; Value = "V"; VariantName = "3V3_to_RS422"
Change component parameters (AddParameter): Name = "Parameter1Desc"; Value = "Package Method"; VariantName = "3V3_to_RS422"
Change component parameters (AddParameter): Name = "Parameter2"; Value = "F"; VariantName = "3V3_to_RS422"
Change component parameters (AddParameter): Name = "Parameter2Desc"; Value = "Tolerance Symbol"; VariantName = "3V3_to_RS422"
Change component parameters (AddParameter): Name = "Parameter3"; Value = ""; VariantName = "3V3_to_RS422"
Change component parameters (AddParameter): Name = "Parameter3Desc"; Value = ""; VariantName = "3V3_to_RS422"
Change component parameters (AddParameter): Name = "Supplier 1"; Value = "Mouser"; VariantName = "3V3_to_RS422"
Change component parameters (AddParameter): Name = "Supplier Part Number 1"; Value = "667-ERJ-U030R00V"; VariantName = "3V3_to_RS422"
Change component parameters (AddParameter): Name = "Value"; Value = "0"; VariantName = "3V3_to_RS422"
Change component parameters (AddParameter): Name = "ComponentLink1Description"; Value = "Datasheet"; VariantName = "RS422_to_3V3"
Change component parameters (AddParameter): Name = "ComponentLink1URL"; Value = "https://www.mouser.de/datasheet/2/315/AOA0000C334-1314047.pdf"; VariantName = "RS422_to_3V3"
Change component parameters (AddParameter): Name = "Created"; Value = "2019-12-08_Thilo_Wendt"; VariantName = "RS422_to_3V3"
Change component parameters (AddParameter): Name = "HelpURL"; Value = "https://www.mouser.de/datasheet/2/315/AOA0000C334-1314047.pdf"; VariantName = "RS422_to_3V3"
Change component parameters (AddParameter): Name = "MaxVoltage"; Value = "100"; VariantName = "RS422_to_3V3"
Change component parameters (AddParameter): Name = "MF"; Value = "Panasonic"; VariantName = "RS422_to_3V3"
Change component parameters (AddParameter): Name = "MPN"; Value = "ERJU030R00V"; VariantName = "RS422_to_3V3"
Change component parameters (AddParameter): Name = "Package"; Value = "CurrentFootprint"; VariantName = "RS422_to_3V3"
Change component parameters (AddParameter): Name = "Parameter1"; Value = "V"; VariantName = "RS422_to_3V3"
Change component parameters (AddParameter): Name = "Parameter1Desc"; Value = "Package Method"; VariantName = "RS422_to_3V3"
Change component parameters (AddParameter): Name = "Parameter2"; Value = "F"; VariantName = "RS422_to_3V3"
Change component parameters (AddParameter): Name = "Parameter2Desc"; Value = "Tolerance Symbol"; VariantName = "RS422_to_3V3"
Change component parameters (AddParameter): Name = "Parameter3"; Value = ""; VariantName = "RS422_to_3V3"
Change component parameters (AddParameter): Name = "Parameter3Desc"; Value = ""; VariantName = "RS422_to_3V3"
Change component parameters (AddParameter): Name = "Supplier 1"; Value = "Mouser"; VariantName = "RS422_to_3V3"
Change component parameters (AddParameter): Name = "Supplier Part Number 1"; Value = "667-ERJ-U030R00V"; VariantName = "RS422_to_3V3"
Change component parameters (AddParameter): Name = "Value"; Value = "0"; VariantName = "RS422_to_3V3"
Change component parameters: Designator = "R4D"; Footprint = "RESC1608X55X30NL15T15"; UniqueID = "\REEOQYYS\LOSHMCEA\4DEFTBZMN\RJCLTDSQ"
Change component parameters. Clean all parameters for all variants
Change component parameters (AddParameter): Name = "ComponentLink1Description"; Value = "Datasheet"; VariantName = "[No Variations]"
Change component parameters (AddParameter): Name = "ComponentLink1URL"; Value = "https://www.mouser.de/datasheet/2/315/AOA0000C334-1314047.pdf"; VariantName = "[No Variations]"
Change component parameters (AddParameter): Name = "Created"; Value = "2019-12-08_Thilo_Wendt"; VariantName = "[No Variations]"
Change component parameters (AddParameter): Name = "HelpURL"; Value = "https://www.mouser.de/datasheet/2/315/AOA0000C334-1314047.pdf"; VariantName = "[No Variations]"
Change component parameters (AddParameter): Name = "MaxVoltage"; Value = "100"; VariantName = "[No Variations]"
Change component parameters (AddParameter): Name = "MF"; Value = "Panasonic"; VariantName = "[No Variations]"
Change component parameters (AddParameter): Name = "MPN"; Value = "ERJU030R00V"; VariantName = "[No Variations]"
Change component parameters (AddParameter): Name = "Package"; Value = "CurrentFootprint"; VariantName = "[No Variations]"
Change component parameters (AddParameter): Name = "Parameter1"; Value = "V"; VariantName = "[No Variations]"
Change component parameters (AddParameter): Name = "Parameter1Desc"; Value = "Package Method"; VariantName = "[No Variations]"
Change component parameters (AddParameter): Name = "Parameter2"; Value = "F"; VariantName = "[No Variations]"
Change component parameters (AddParameter): Name = "Parameter2Desc"; Value = "Tolerance Symbol"; VariantName = "[No Variations]"
Change component parameters (AddParameter): Name = "Parameter3"; Value = ""; VariantName = "[No Variations]"
Change component parameters (AddParameter): Name = "Parameter3Desc"; Value = ""; VariantName = "[No Variations]"
Change component parameters (AddParameter): Name = "Supplier 1"; Value = "Mouser"; VariantName = "[No Variations]"
Change component parameters (AddParameter): Name = "Supplier Part Number 1"; Value = "667-ERJ-U030R00V"; VariantName = "[No Variations]"
Change component parameters (AddParameter): Name = "Value"; Value = "0"; VariantName = "[No Variations]"
Change component parameters (AddParameter): Name = "ComponentLink1Description"; Value = "Datasheet"; VariantName = "3V3_to_15V"
Change component parameters (AddParameter): Name = "ComponentLink1URL"; Value = "https://www.mouser.de/datasheet/2/315/AOA0000C334-1314047.pdf"; VariantName = "3V3_to_15V"
Change component parameters (AddParameter): Name = "Created"; Value = "2019-12-08_Thilo_Wendt"; VariantName = "3V3_to_15V"
Change component parameters (AddParameter): Name = "HelpURL"; Value = "https://www.mouser.de/datasheet/2/315/AOA0000C334-1314047.pdf"; VariantName = "3V3_to_15V"
Change component parameters (AddParameter): Name = "MaxVoltage"; Value = "100"; VariantName = "3V3_to_15V"
Change component parameters (AddParameter): Name = "MF"; Value = "Panasonic"; VariantName = "3V3_to_15V"
Change component parameters (AddParameter): Name = "MPN"; Value = "ERJU030R00V"; VariantName = "3V3_to_15V"
Change component parameters (AddParameter): Name = "Package"; Value = "CurrentFootprint"; VariantName = "3V3_to_15V"
Change component parameters (AddParameter): Name = "Parameter1"; Value = "V"; VariantName = "3V3_to_15V"
Change component parameters (AddParameter): Name = "Parameter1Desc"; Value = "Package Method"; VariantName = "3V3_to_15V"
Change component parameters (AddParameter): Name = "Parameter2"; Value = "F"; VariantName = "3V3_to_15V"
Change component parameters (AddParameter): Name = "Parameter2Desc"; Value = "Tolerance Symbol"; VariantName = "3V3_to_15V"
Change component parameters (AddParameter): Name = "Parameter3"; Value = ""; VariantName = "3V3_to_15V"
Change component parameters (AddParameter): Name = "Parameter3Desc"; Value = ""; VariantName = "3V3_to_15V"
Change component parameters (AddParameter): Name = "Supplier 1"; Value = "Mouser"; VariantName = "3V3_to_15V"
Change component parameters (AddParameter): Name = "Supplier Part Number 1"; Value = "667-ERJ-U030R00V"; VariantName = "3V3_to_15V"
Change component parameters (AddParameter): Name = "Value"; Value = "0"; VariantName = "3V3_to_15V"
Change component parameters (AddParameter): Name = "ComponentLink1Description"; Value = "Datasheet"; VariantName = "3V3_to_RS422"
Change component parameters (AddParameter): Name = "ComponentLink1URL"; Value = "https://www.mouser.de/datasheet/2/315/AOA0000C334-1314047.pdf"; VariantName = "3V3_to_RS422"
Change component parameters (AddParameter): Name = "Created"; Value = "2019-12-08_Thilo_Wendt"; VariantName = "3V3_to_RS422"
Change component parameters (AddParameter): Name = "HelpURL"; Value = "https://www.mouser.de/datasheet/2/315/AOA0000C334-1314047.pdf"; VariantName = "3V3_to_RS422"
Change component parameters (AddParameter): Name = "MaxVoltage"; Value = "100"; VariantName = "3V3_to_RS422"
Change component parameters (AddParameter): Name = "MF"; Value = "Panasonic"; VariantName = "3V3_to_RS422"
Change component parameters (AddParameter): Name = "MPN"; Value = "ERJU030R00V"; VariantName = "3V3_to_RS422"
Change component parameters (AddParameter): Name = "Package"; Value = "CurrentFootprint"; VariantName = "3V3_to_RS422"
Change component parameters (AddParameter): Name = "Parameter1"; Value = "V"; VariantName = "3V3_to_RS422"
Change component parameters (AddParameter): Name = "Parameter1Desc"; Value = "Package Method"; VariantName = "3V3_to_RS422"
Change component parameters (AddParameter): Name = "Parameter2"; Value = "F"; VariantName = "3V3_to_RS422"
Change component parameters (AddParameter): Name = "Parameter2Desc"; Value = "Tolerance Symbol"; VariantName = "3V3_to_RS422"
Change component parameters (AddParameter): Name = "Parameter3"; Value = ""; VariantName = "3V3_to_RS422"
Change component parameters (AddParameter): Name = "Parameter3Desc"; Value = ""; VariantName = "3V3_to_RS422"
Change component parameters (AddParameter): Name = "Supplier 1"; Value = "Mouser"; VariantName = "3V3_to_RS422"
Change component parameters (AddParameter): Name = "Supplier Part Number 1"; Value = "667-ERJ-U030R00V"; VariantName = "3V3_to_RS422"
Change component parameters (AddParameter): Name = "Value"; Value = "0"; VariantName = "3V3_to_RS422"
Change component parameters (AddParameter): Name = "ComponentLink1Description"; Value = "Datasheet"; VariantName = "RS422_to_3V3"
Change component parameters (AddParameter): Name = "ComponentLink1URL"; Value = "https://www.mouser.de/datasheet/2/315/AOA0000C334-1314047.pdf"; VariantName = "RS422_to_3V3"
Change component parameters (AddParameter): Name = "Created"; Value = "2019-12-08_Thilo_Wendt"; VariantName = "RS422_to_3V3"
Change component parameters (AddParameter): Name = "HelpURL"; Value = "https://www.mouser.de/datasheet/2/315/AOA0000C334-1314047.pdf"; VariantName = "RS422_to_3V3"
Change component parameters (AddParameter): Name = "MaxVoltage"; Value = "100"; VariantName = "RS422_to_3V3"
Change component parameters (AddParameter): Name = "MF"; Value = "Panasonic"; VariantName = "RS422_to_3V3"
Change component parameters (AddParameter): Name = "MPN"; Value = "ERJU030R00V"; VariantName = "RS422_to_3V3"
Change component parameters (AddParameter): Name = "Package"; Value = "CurrentFootprint"; VariantName = "RS422_to_3V3"
Change component parameters (AddParameter): Name = "Parameter1"; Value = "V"; VariantName = "RS422_to_3V3"
Change component parameters (AddParameter): Name = "Parameter1Desc"; Value = "Package Method"; VariantName = "RS422_to_3V3"
Change component parameters (AddParameter): Name = "Parameter2"; Value = "F"; VariantName = "RS422_to_3V3"
Change component parameters (AddParameter): Name = "Parameter2Desc"; Value = "Tolerance Symbol"; VariantName = "RS422_to_3V3"
Change component parameters (AddParameter): Name = "Parameter3"; Value = ""; VariantName = "RS422_to_3V3"
Change component parameters (AddParameter): Name = "Parameter3Desc"; Value = ""; VariantName = "RS422_to_3V3"
Change component parameters (AddParameter): Name = "Supplier 1"; Value = "Mouser"; VariantName = "RS422_to_3V3"
Change component parameters (AddParameter): Name = "Supplier Part Number 1"; Value = "667-ERJ-U030R00V"; VariantName = "RS422_to_3V3"
Change component parameters (AddParameter): Name = "Value"; Value = "0"; VariantName = "RS422_to_3V3"
Change component parameters: Designator = "R4E"; Footprint = "RESC1608X55X30NL15T15"; UniqueID = "\REEOQYYS\LOSHMCEA\5DEFTBZMN\RJCLTDSQ"
Change component parameters. Clean all parameters for all variants
Change component parameters (AddParameter): Name = "ComponentLink1Description"; Value = "Datasheet"; VariantName = "[No Variations]"
Change component parameters (AddParameter): Name = "ComponentLink1URL"; Value = "https://www.mouser.de/datasheet/2/315/AOA0000C334-1314047.pdf"; VariantName = "[No Variations]"
Change component parameters (AddParameter): Name = "Created"; Value = "2019-12-08_Thilo_Wendt"; VariantName = "[No Variations]"
Change component parameters (AddParameter): Name = "HelpURL"; Value = "https://www.mouser.de/datasheet/2/315/AOA0000C334-1314047.pdf"; VariantName = "[No Variations]"
Change component parameters (AddParameter): Name = "MaxVoltage"; Value = "100"; VariantName = "[No Variations]"
Change component parameters (AddParameter): Name = "MF"; Value = "Panasonic"; VariantName = "[No Variations]"
Change component parameters (AddParameter): Name = "MPN"; Value = "ERJU030R00V"; VariantName = "[No Variations]"
Change component parameters (AddParameter): Name = "Package"; Value = "CurrentFootprint"; VariantName = "[No Variations]"
Change component parameters (AddParameter): Name = "Parameter1"; Value = "V"; VariantName = "[No Variations]"
Change component parameters (AddParameter): Name = "Parameter1Desc"; Value = "Package Method"; VariantName = "[No Variations]"
Change component parameters (AddParameter): Name = "Parameter2"; Value = "F"; VariantName = "[No Variations]"
Change component parameters (AddParameter): Name = "Parameter2Desc"; Value = "Tolerance Symbol"; VariantName = "[No Variations]"
Change component parameters (AddParameter): Name = "Parameter3"; Value = ""; VariantName = "[No Variations]"
Change component parameters (AddParameter): Name = "Parameter3Desc"; Value = ""; VariantName = "[No Variations]"
Change component parameters (AddParameter): Name = "Supplier 1"; Value = "Mouser"; VariantName = "[No Variations]"
Change component parameters (AddParameter): Name = "Supplier Part Number 1"; Value = "667-ERJ-U030R00V"; VariantName = "[No Variations]"
Change component parameters (AddParameter): Name = "Value"; Value = "0"; VariantName = "[No Variations]"
Change component parameters (AddParameter): Name = "ComponentLink1Description"; Value = "Datasheet"; VariantName = "3V3_to_15V"
Change component parameters (AddParameter): Name = "ComponentLink1URL"; Value = "https://www.mouser.de/datasheet/2/315/AOA0000C334-1314047.pdf"; VariantName = "3V3_to_15V"
Change component parameters (AddParameter): Name = "Created"; Value = "2019-12-08_Thilo_Wendt"; VariantName = "3V3_to_15V"
Change component parameters (AddParameter): Name = "HelpURL"; Value = "https://www.mouser.de/datasheet/2/315/AOA0000C334-1314047.pdf"; VariantName = "3V3_to_15V"
Change component parameters (AddParameter): Name = "MaxVoltage"; Value = "100"; VariantName = "3V3_to_15V"
Change component parameters (AddParameter): Name = "MF"; Value = "Panasonic"; VariantName = "3V3_to_15V"
Change component parameters (AddParameter): Name = "MPN"; Value = "ERJU030R00V"; VariantName = "3V3_to_15V"
Change component parameters (AddParameter): Name = "Package"; Value = "CurrentFootprint"; VariantName = "3V3_to_15V"
Change component parameters (AddParameter): Name = "Parameter1"; Value = "V"; VariantName = "3V3_to_15V"
Change component parameters (AddParameter): Name = "Parameter1Desc"; Value = "Package Method"; VariantName = "3V3_to_15V"
Change component parameters (AddParameter): Name = "Parameter2"; Value = "F"; VariantName = "3V3_to_15V"
Change component parameters (AddParameter): Name = "Parameter2Desc"; Value = "Tolerance Symbol"; VariantName = "3V3_to_15V"
Change component parameters (AddParameter): Name = "Parameter3"; Value = ""; VariantName = "3V3_to_15V"
Change component parameters (AddParameter): Name = "Parameter3Desc"; Value = ""; VariantName = "3V3_to_15V"
Change component parameters (AddParameter): Name = "Supplier 1"; Value = "Mouser"; VariantName = "3V3_to_15V"
Change component parameters (AddParameter): Name = "Supplier Part Number 1"; Value = "667-ERJ-U030R00V"; VariantName = "3V3_to_15V"
Change component parameters (AddParameter): Name = "Value"; Value = "0"; VariantName = "3V3_to_15V"
Change component parameters (AddParameter): Name = "ComponentLink1Description"; Value = "Datasheet"; VariantName = "3V3_to_RS422"
Change component parameters (AddParameter): Name = "ComponentLink1URL"; Value = "https://www.mouser.de/datasheet/2/315/AOA0000C334-1314047.pdf"; VariantName = "3V3_to_RS422"
Change component parameters (AddParameter): Name = "Created"; Value = "2019-12-08_Thilo_Wendt"; VariantName = "3V3_to_RS422"
Change component parameters (AddParameter): Name = "HelpURL"; Value = "https://www.mouser.de/datasheet/2/315/AOA0000C334-1314047.pdf"; VariantName = "3V3_to_RS422"
Change component parameters (AddParameter): Name = "MaxVoltage"; Value = "100"; VariantName = "3V3_to_RS422"
Change component parameters (AddParameter): Name = "MF"; Value = "Panasonic"; VariantName = "3V3_to_RS422"
Change component parameters (AddParameter): Name = "MPN"; Value = "ERJU030R00V"; VariantName = "3V3_to_RS422"
Change component parameters (AddParameter): Name = "Package"; Value = "CurrentFootprint"; VariantName = "3V3_to_RS422"
Change component parameters (AddParameter): Name = "Parameter1"; Value = "V"; VariantName = "3V3_to_RS422"
Change component parameters (AddParameter): Name = "Parameter1Desc"; Value = "Package Method"; VariantName = "3V3_to_RS422"
Change component parameters (AddParameter): Name = "Parameter2"; Value = "F"; VariantName = "3V3_to_RS422"
Change component parameters (AddParameter): Name = "Parameter2Desc"; Value = "Tolerance Symbol"; VariantName = "3V3_to_RS422"
Change component parameters (AddParameter): Name = "Parameter3"; Value = ""; VariantName = "3V3_to_RS422"
Change component parameters (AddParameter): Name = "Parameter3Desc"; Value = ""; VariantName = "3V3_to_RS422"
Change component parameters (AddParameter): Name = "Supplier 1"; Value = "Mouser"; VariantName = "3V3_to_RS422"
Change component parameters (AddParameter): Name = "Supplier Part Number 1"; Value = "667-ERJ-U030R00V"; VariantName = "3V3_to_RS422"
Change component parameters (AddParameter): Name = "Value"; Value = "0"; VariantName = "3V3_to_RS422"
Change component parameters (AddParameter): Name = "ComponentLink1Description"; Value = "Datasheet"; VariantName = "RS422_to_3V3"
Change component parameters (AddParameter): Name = "ComponentLink1URL"; Value = "https://www.mouser.de/datasheet/2/315/AOA0000C334-1314047.pdf"; VariantName = "RS422_to_3V3"
Change component parameters (AddParameter): Name = "Created"; Value = "2019-12-08_Thilo_Wendt"; VariantName = "RS422_to_3V3"
Change component parameters (AddParameter): Name = "HelpURL"; Value = "https://www.mouser.de/datasheet/2/315/AOA0000C334-1314047.pdf"; VariantName = "RS422_to_3V3"
Change component parameters (AddParameter): Name = "MaxVoltage"; Value = "100"; VariantName = "RS422_to_3V3"
Change component parameters (AddParameter): Name = "MF"; Value = "Panasonic"; VariantName = "RS422_to_3V3"
Change component parameters (AddParameter): Name = "MPN"; Value = "ERJU030R00V"; VariantName = "RS422_to_3V3"
Change component parameters (AddParameter): Name = "Package"; Value = "CurrentFootprint"; VariantName = "RS422_to_3V3"
Change component parameters (AddParameter): Name = "Parameter1"; Value = "V"; VariantName = "RS422_to_3V3"
Change component parameters (AddParameter): Name = "Parameter1Desc"; Value = "Package Method"; VariantName = "RS422_to_3V3"
Change component parameters (AddParameter): Name = "Parameter2"; Value = "F"; VariantName = "RS422_to_3V3"
Change component parameters (AddParameter): Name = "Parameter2Desc"; Value = "Tolerance Symbol"; VariantName = "RS422_to_3V3"
Change component parameters (AddParameter): Name = "Parameter3"; Value = ""; VariantName = "RS422_to_3V3"
Change component parameters (AddParameter): Name = "Parameter3Desc"; Value = ""; VariantName = "RS422_to_3V3"
Change component parameters (AddParameter): Name = "Supplier 1"; Value = "Mouser"; VariantName = "RS422_to_3V3"
Change component parameters (AddParameter): Name = "Supplier Part Number 1"; Value = "667-ERJ-U030R00V"; VariantName = "RS422_to_3V3"
Change component parameters (AddParameter): Name = "Value"; Value = "0"; VariantName = "RS422_to_3V3"
Change component parameters: Designator = "R5A"; Footprint = "RESC1608X55X30NL15T15"; UniqueID = "\REEOQYYS\LOSHMCEA\1DEFTBZMN\UWYBJKHT"
Change component parameters. Clean all parameters for all variants
Change component parameters (AddParameter): Name = "ComponentLink1Description"; Value = "Datasheet"; VariantName = "[No Variations]"
Change component parameters (AddParameter): Name = "ComponentLink1URL"; Value = "https://www.mouser.de/datasheet/2/315/AOA0000C334-1314047.pdf"; VariantName = "[No Variations]"
Change component parameters (AddParameter): Name = "Created"; Value = "2019-12-08_Thilo_Wendt"; VariantName = "[No Variations]"
Change component parameters (AddParameter): Name = "HelpURL"; Value = "https://www.mouser.de/datasheet/2/315/AOA0000C334-1314047.pdf"; VariantName = "[No Variations]"
Change component parameters (AddParameter): Name = "MaxVoltage"; Value = "100"; VariantName = "[No Variations]"
Change component parameters (AddParameter): Name = "MF"; Value = "Panasonic"; VariantName = "[No Variations]"
Change component parameters (AddParameter): Name = "MPN"; Value = "ERJU030R00V"; VariantName = "[No Variations]"
Change component parameters (AddParameter): Name = "Package"; Value = "CurrentFootprint"; VariantName = "[No Variations]"
Change component parameters (AddParameter): Name = "Parameter1"; Value = "V"; VariantName = "[No Variations]"
Change component parameters (AddParameter): Name = "Parameter1Desc"; Value = "Package Method"; VariantName = "[No Variations]"
Change component parameters (AddParameter): Name = "Parameter2"; Value = "F"; VariantName = "[No Variations]"
Change component parameters (AddParameter): Name = "Parameter2Desc"; Value = "Tolerance Symbol"; VariantName = "[No Variations]"
Change component parameters (AddParameter): Name = "Parameter3"; Value = ""; VariantName = "[No Variations]"
Change component parameters (AddParameter): Name = "Parameter3Desc"; Value = ""; VariantName = "[No Variations]"
Change component parameters (AddParameter): Name = "Supplier 1"; Value = "Mouser"; VariantName = "[No Variations]"
Change component parameters (AddParameter): Name = "Supplier Part Number 1"; Value = "667-ERJ-U030R00V"; VariantName = "[No Variations]"
Change component parameters (AddParameter): Name = "Value"; Value = "0"; VariantName = "[No Variations]"
Change component parameters (AddParameter): Name = "ComponentLink1Description"; Value = "Datasheet"; VariantName = "3V3_to_15V"
Change component parameters (AddParameter): Name = "ComponentLink1URL"; Value = "https://www.mouser.de/datasheet/2/315/AOA0000C334-1314047.pdf"; VariantName = "3V3_to_15V"
Change component parameters (AddParameter): Name = "Created"; Value = "2019-12-08_Thilo_Wendt"; VariantName = "3V3_to_15V"
Change component parameters (AddParameter): Name = "HelpURL"; Value = "https://www.mouser.de/datasheet/2/315/AOA0000C334-1314047.pdf"; VariantName = "3V3_to_15V"
Change component parameters (AddParameter): Name = "MaxVoltage"; Value = "100"; VariantName = "3V3_to_15V"
Change component parameters (AddParameter): Name = "MF"; Value = "Panasonic"; VariantName = "3V3_to_15V"
Change component parameters (AddParameter): Name = "MPN"; Value = "ERJU030R00V"; VariantName = "3V3_to_15V"
Change component parameters (AddParameter): Name = "Package"; Value = "CurrentFootprint"; VariantName = "3V3_to_15V"
Change component parameters (AddParameter): Name = "Parameter1"; Value = "V"; VariantName = "3V3_to_15V"
Change component parameters (AddParameter): Name = "Parameter1Desc"; Value = "Package Method"; VariantName = "3V3_to_15V"
Change component parameters (AddParameter): Name = "Parameter2"; Value = "F"; VariantName = "3V3_to_15V"
Change component parameters (AddParameter): Name = "Parameter2Desc"; Value = "Tolerance Symbol"; VariantName = "3V3_to_15V"
Change component parameters (AddParameter): Name = "Parameter3"; Value = ""; VariantName = "3V3_to_15V"
Change component parameters (AddParameter): Name = "Parameter3Desc"; Value = ""; VariantName = "3V3_to_15V"
Change component parameters (AddParameter): Name = "Supplier 1"; Value = "Mouser"; VariantName = "3V3_to_15V"
Change component parameters (AddParameter): Name = "Supplier Part Number 1"; Value = "667-ERJ-U030R00V"; VariantName = "3V3_to_15V"
Change component parameters (AddParameter): Name = "Value"; Value = "0"; VariantName = "3V3_to_15V"
Change component parameters (AddParameter): Name = "ComponentLink1Description"; Value = "Datasheet"; VariantName = "3V3_to_RS422"
Change component parameters (AddParameter): Name = "ComponentLink1URL"; Value = "https://www.mouser.de/datasheet/2/315/AOA0000C334-1314047.pdf"; VariantName = "3V3_to_RS422"
Change component parameters (AddParameter): Name = "Created"; Value = "2019-12-08_Thilo_Wendt"; VariantName = "3V3_to_RS422"
Change component parameters (AddParameter): Name = "HelpURL"; Value = "https://www.mouser.de/datasheet/2/315/AOA0000C334-1314047.pdf"; VariantName = "3V3_to_RS422"
Change component parameters (AddParameter): Name = "MaxVoltage"; Value = "100"; VariantName = "3V3_to_RS422"
Change component parameters (AddParameter): Name = "MF"; Value = "Panasonic"; VariantName = "3V3_to_RS422"
Change component parameters (AddParameter): Name = "MPN"; Value = "ERJU030R00V"; VariantName = "3V3_to_RS422"
Change component parameters (AddParameter): Name = "Package"; Value = "CurrentFootprint"; VariantName = "3V3_to_RS422"
Change component parameters (AddParameter): Name = "Parameter1"; Value = "V"; VariantName = "3V3_to_RS422"
Change component parameters (AddParameter): Name = "Parameter1Desc"; Value = "Package Method"; VariantName = "3V3_to_RS422"
Change component parameters (AddParameter): Name = "Parameter2"; Value = "F"; VariantName = "3V3_to_RS422"
Change component parameters (AddParameter): Name = "Parameter2Desc"; Value = "Tolerance Symbol"; VariantName = "3V3_to_RS422"
Change component parameters (AddParameter): Name = "Parameter3"; Value = ""; VariantName = "3V3_to_RS422"
Change component parameters (AddParameter): Name = "Parameter3Desc"; Value = ""; VariantName = "3V3_to_RS422"
Change component parameters (AddParameter): Name = "Supplier 1"; Value = "Mouser"; VariantName = "3V3_to_RS422"
Change component parameters (AddParameter): Name = "Supplier Part Number 1"; Value = "667-ERJ-U030R00V"; VariantName = "3V3_to_RS422"
Change component parameters (AddParameter): Name = "Value"; Value = "0"; VariantName = "3V3_to_RS422"
Change component parameters (AddParameter): Name = "ComponentLink1Description"; Value = "Datasheet"; VariantName = "RS422_to_3V3"
Change component parameters (AddParameter): Name = "ComponentLink1URL"; Value = "https://www.mouser.de/datasheet/2/315/AOA0000C334-1314047.pdf"; VariantName = "RS422_to_3V3"
Change component parameters (AddParameter): Name = "Created"; Value = "2019-12-08_Thilo_Wendt"; VariantName = "RS422_to_3V3"
Change component parameters (AddParameter): Name = "HelpURL"; Value = "https://www.mouser.de/datasheet/2/315/AOA0000C334-1314047.pdf"; VariantName = "RS422_to_3V3"
Change component parameters (AddParameter): Name = "MaxVoltage"; Value = "100"; VariantName = "RS422_to_3V3"
Change component parameters (AddParameter): Name = "MF"; Value = "Panasonic"; VariantName = "RS422_to_3V3"
Change component parameters (AddParameter): Name = "MPN"; Value = "ERJU030R00V"; VariantName = "RS422_to_3V3"
Change component parameters (AddParameter): Name = "Package"; Value = "CurrentFootprint"; VariantName = "RS422_to_3V3"
Change component parameters (AddParameter): Name = "Parameter1"; Value = "V"; VariantName = "RS422_to_3V3"
Change component parameters (AddParameter): Name = "Parameter1Desc"; Value = "Package Method"; VariantName = "RS422_to_3V3"
Change component parameters (AddParameter): Name = "Parameter2"; Value = "F"; VariantName = "RS422_to_3V3"
Change component parameters (AddParameter): Name = "Parameter2Desc"; Value = "Tolerance Symbol"; VariantName = "RS422_to_3V3"
Change component parameters (AddParameter): Name = "Parameter3"; Value = ""; VariantName = "RS422_to_3V3"
Change component parameters (AddParameter): Name = "Parameter3Desc"; Value = ""; VariantName = "RS422_to_3V3"
Change component parameters (AddParameter): Name = "Supplier 1"; Value = "Mouser"; VariantName = "RS422_to_3V3"
Change component parameters (AddParameter): Name = "Supplier Part Number 1"; Value = "667-ERJ-U030R00V"; VariantName = "RS422_to_3V3"
Change component parameters (AddParameter): Name = "Value"; Value = "0"; VariantName = "RS422_to_3V3"
Change component parameters: Designator = "R5B"; Footprint = "RESC1608X55X30NL15T15"; UniqueID = "\REEOQYYS\LOSHMCEA\2DEFTBZMN\UWYBJKHT"
Change component parameters. Clean all parameters for all variants
Change component parameters (AddParameter): Name = "ComponentLink1Description"; Value = "Datasheet"; VariantName = "[No Variations]"
Change component parameters (AddParameter): Name = "ComponentLink1URL"; Value = "https://www.mouser.de/datasheet/2/315/AOA0000C334-1314047.pdf"; VariantName = "[No Variations]"
Change component parameters (AddParameter): Name = "Created"; Value = "2019-12-08_Thilo_Wendt"; VariantName = "[No Variations]"
Change component parameters (AddParameter): Name = "HelpURL"; Value = "https://www.mouser.de/datasheet/2/315/AOA0000C334-1314047.pdf"; VariantName = "[No Variations]"
Change component parameters (AddParameter): Name = "MaxVoltage"; Value = "100"; VariantName = "[No Variations]"
Change component parameters (AddParameter): Name = "MF"; Value = "Panasonic"; VariantName = "[No Variations]"
Change component parameters (AddParameter): Name = "MPN"; Value = "ERJU030R00V"; VariantName = "[No Variations]"
Change component parameters (AddParameter): Name = "Package"; Value = "CurrentFootprint"; VariantName = "[No Variations]"
Change component parameters (AddParameter): Name = "Parameter1"; Value = "V"; VariantName = "[No Variations]"
Change component parameters (AddParameter): Name = "Parameter1Desc"; Value = "Package Method"; VariantName = "[No Variations]"
Change component parameters (AddParameter): Name = "Parameter2"; Value = "F"; VariantName = "[No Variations]"
Change component parameters (AddParameter): Name = "Parameter2Desc"; Value = "Tolerance Symbol"; VariantName = "[No Variations]"
Change component parameters (AddParameter): Name = "Parameter3"; Value = ""; VariantName = "[No Variations]"
Change component parameters (AddParameter): Name = "Parameter3Desc"; Value = ""; VariantName = "[No Variations]"
Change component parameters (AddParameter): Name = "Supplier 1"; Value = "Mouser"; VariantName = "[No Variations]"
Change component parameters (AddParameter): Name = "Supplier Part Number 1"; Value = "667-ERJ-U030R00V"; VariantName = "[No Variations]"
Change component parameters (AddParameter): Name = "Value"; Value = "0"; VariantName = "[No Variations]"
Change component parameters (AddParameter): Name = "ComponentLink1Description"; Value = "Datasheet"; VariantName = "3V3_to_15V"
Change component parameters (AddParameter): Name = "ComponentLink1URL"; Value = "https://www.mouser.de/datasheet/2/315/AOA0000C334-1314047.pdf"; VariantName = "3V3_to_15V"
Change component parameters (AddParameter): Name = "Created"; Value = "2019-12-08_Thilo_Wendt"; VariantName = "3V3_to_15V"
Change component parameters (AddParameter): Name = "HelpURL"; Value = "https://www.mouser.de/datasheet/2/315/AOA0000C334-1314047.pdf"; VariantName = "3V3_to_15V"
Change component parameters (AddParameter): Name = "MaxVoltage"; Value = "100"; VariantName = "3V3_to_15V"
Change component parameters (AddParameter): Name = "MF"; Value = "Panasonic"; VariantName = "3V3_to_15V"
Change component parameters (AddParameter): Name = "MPN"; Value = "ERJU030R00V"; VariantName = "3V3_to_15V"
Change component parameters (AddParameter): Name = "Package"; Value = "CurrentFootprint"; VariantName = "3V3_to_15V"
Change component parameters (AddParameter): Name = "Parameter1"; Value = "V"; VariantName = "3V3_to_15V"
Change component parameters (AddParameter): Name = "Parameter1Desc"; Value = "Package Method"; VariantName = "3V3_to_15V"
Change component parameters (AddParameter): Name = "Parameter2"; Value = "F"; VariantName = "3V3_to_15V"
Change component parameters (AddParameter): Name = "Parameter2Desc"; Value = "Tolerance Symbol"; VariantName = "3V3_to_15V"
Change component parameters (AddParameter): Name = "Parameter3"; Value = ""; VariantName = "3V3_to_15V"
Change component parameters (AddParameter): Name = "Parameter3Desc"; Value = ""; VariantName = "3V3_to_15V"
Change component parameters (AddParameter): Name = "Supplier 1"; Value = "Mouser"; VariantName = "3V3_to_15V"
Change component parameters (AddParameter): Name = "Supplier Part Number 1"; Value = "667-ERJ-U030R00V"; VariantName = "3V3_to_15V"
Change component parameters (AddParameter): Name = "Value"; Value = "0"; VariantName = "3V3_to_15V"
Change component parameters (AddParameter): Name = "ComponentLink1Description"; Value = "Datasheet"; VariantName = "3V3_to_RS422"
Change component parameters (AddParameter): Name = "ComponentLink1URL"; Value = "https://www.mouser.de/datasheet/2/315/AOA0000C334-1314047.pdf"; VariantName = "3V3_to_RS422"
Change component parameters (AddParameter): Name = "Created"; Value = "2019-12-08_Thilo_Wendt"; VariantName = "3V3_to_RS422"
Change component parameters (AddParameter): Name = "HelpURL"; Value = "https://www.mouser.de/datasheet/2/315/AOA0000C334-1314047.pdf"; VariantName = "3V3_to_RS422"
Change component parameters (AddParameter): Name = "MaxVoltage"; Value = "100"; VariantName = "3V3_to_RS422"
Change component parameters (AddParameter): Name = "MF"; Value = "Panasonic"; VariantName = "3V3_to_RS422"
Change component parameters (AddParameter): Name = "MPN"; Value = "ERJU030R00V"; VariantName = "3V3_to_RS422"
Change component parameters (AddParameter): Name = "Package"; Value = "CurrentFootprint"; VariantName = "3V3_to_RS422"
Change component parameters (AddParameter): Name = "Parameter1"; Value = "V"; VariantName = "3V3_to_RS422"
Change component parameters (AddParameter): Name = "Parameter1Desc"; Value = "Package Method"; VariantName = "3V3_to_RS422"
Change component parameters (AddParameter): Name = "Parameter2"; Value = "F"; VariantName = "3V3_to_RS422"
Change component parameters (AddParameter): Name = "Parameter2Desc"; Value = "Tolerance Symbol"; VariantName = "3V3_to_RS422"
Change component parameters (AddParameter): Name = "Parameter3"; Value = ""; VariantName = "3V3_to_RS422"
Change component parameters (AddParameter): Name = "Parameter3Desc"; Value = ""; VariantName = "3V3_to_RS422"
Change component parameters (AddParameter): Name = "Supplier 1"; Value = "Mouser"; VariantName = "3V3_to_RS422"
Change component parameters (AddParameter): Name = "Supplier Part Number 1"; Value = "667-ERJ-U030R00V"; VariantName = "3V3_to_RS422"
Change component parameters (AddParameter): Name = "Value"; Value = "0"; VariantName = "3V3_to_RS422"
Change component parameters (AddParameter): Name = "ComponentLink1Description"; Value = "Datasheet"; VariantName = "RS422_to_3V3"
Change component parameters (AddParameter): Name = "ComponentLink1URL"; Value = "https://www.mouser.de/datasheet/2/315/AOA0000C334-1314047.pdf"; VariantName = "RS422_to_3V3"
Change component parameters (AddParameter): Name = "Created"; Value = "2019-12-08_Thilo_Wendt"; VariantName = "RS422_to_3V3"
Change component parameters (AddParameter): Name = "HelpURL"; Value = "https://www.mouser.de/datasheet/2/315/AOA0000C334-1314047.pdf"; VariantName = "RS422_to_3V3"
Change component parameters (AddParameter): Name = "MaxVoltage"; Value = "100"; VariantName = "RS422_to_3V3"
Change component parameters (AddParameter): Name = "MF"; Value = "Panasonic"; VariantName = "RS422_to_3V3"
Change component parameters (AddParameter): Name = "MPN"; Value = "ERJU030R00V"; VariantName = "RS422_to_3V3"
Change component parameters (AddParameter): Name = "Package"; Value = "CurrentFootprint"; VariantName = "RS422_to_3V3"
Change component parameters (AddParameter): Name = "Parameter1"; Value = "V"; VariantName = "RS422_to_3V3"
Change component parameters (AddParameter): Name = "Parameter1Desc"; Value = "Package Method"; VariantName = "RS422_to_3V3"
Change component parameters (AddParameter): Name = "Parameter2"; Value = "F"; VariantName = "RS422_to_3V3"
Change component parameters (AddParameter): Name = "Parameter2Desc"; Value = "Tolerance Symbol"; VariantName = "RS422_to_3V3"
Change component parameters (AddParameter): Name = "Parameter3"; Value = ""; VariantName = "RS422_to_3V3"
Change component parameters (AddParameter): Name = "Parameter3Desc"; Value = ""; VariantName = "RS422_to_3V3"
Change component parameters (AddParameter): Name = "Supplier 1"; Value = "Mouser"; VariantName = "RS422_to_3V3"
Change component parameters (AddParameter): Name = "Supplier Part Number 1"; Value = "667-ERJ-U030R00V"; VariantName = "RS422_to_3V3"
Change component parameters (AddParameter): Name = "Value"; Value = "0"; VariantName = "RS422_to_3V3"
Change component parameters: Designator = "R5C"; Footprint = "RESC1608X55X30NL15T15"; UniqueID = "\REEOQYYS\LOSHMCEA\3DEFTBZMN\UWYBJKHT"
Change component parameters. Clean all parameters for all variants
Change component parameters (AddParameter): Name = "ComponentLink1Description"; Value = "Datasheet"; VariantName = "[No Variations]"
Change component parameters (AddParameter): Name = "ComponentLink1URL"; Value = "https://www.mouser.de/datasheet/2/315/AOA0000C334-1314047.pdf"; VariantName = "[No Variations]"
Change component parameters (AddParameter): Name = "Created"; Value = "2019-12-08_Thilo_Wendt"; VariantName = "[No Variations]"
Change component parameters (AddParameter): Name = "HelpURL"; Value = "https://www.mouser.de/datasheet/2/315/AOA0000C334-1314047.pdf"; VariantName = "[No Variations]"
Change component parameters (AddParameter): Name = "MaxVoltage"; Value = "100"; VariantName = "[No Variations]"
Change component parameters (AddParameter): Name = "MF"; Value = "Panasonic"; VariantName = "[No Variations]"
Change component parameters (AddParameter): Name = "MPN"; Value = "ERJU030R00V"; VariantName = "[No Variations]"
Change component parameters (AddParameter): Name = "Package"; Value = "CurrentFootprint"; VariantName = "[No Variations]"
Change component parameters (AddParameter): Name = "Parameter1"; Value = "V"; VariantName = "[No Variations]"
Change component parameters (AddParameter): Name = "Parameter1Desc"; Value = "Package Method"; VariantName = "[No Variations]"
Change component parameters (AddParameter): Name = "Parameter2"; Value = "F"; VariantName = "[No Variations]"
Change component parameters (AddParameter): Name = "Parameter2Desc"; Value = "Tolerance Symbol"; VariantName = "[No Variations]"
Change component parameters (AddParameter): Name = "Parameter3"; Value = ""; VariantName = "[No Variations]"
Change component parameters (AddParameter): Name = "Parameter3Desc"; Value = ""; VariantName = "[No Variations]"
Change component parameters (AddParameter): Name = "Supplier 1"; Value = "Mouser"; VariantName = "[No Variations]"
Change component parameters (AddParameter): Name = "Supplier Part Number 1"; Value = "667-ERJ-U030R00V"; VariantName = "[No Variations]"
Change component parameters (AddParameter): Name = "Value"; Value = "0"; VariantName = "[No Variations]"
Change component parameters (AddParameter): Name = "ComponentLink1Description"; Value = "Datasheet"; VariantName = "3V3_to_15V"
Change component parameters (AddParameter): Name = "ComponentLink1URL"; Value = "https://www.mouser.de/datasheet/2/315/AOA0000C334-1314047.pdf"; VariantName = "3V3_to_15V"
Change component parameters (AddParameter): Name = "Created"; Value = "2019-12-08_Thilo_Wendt"; VariantName = "3V3_to_15V"
Change component parameters (AddParameter): Name = "HelpURL"; Value = "https://www.mouser.de/datasheet/2/315/AOA0000C334-1314047.pdf"; VariantName = "3V3_to_15V"
Change component parameters (AddParameter): Name = "MaxVoltage"; Value = "100"; VariantName = "3V3_to_15V"
Change component parameters (AddParameter): Name = "MF"; Value = "Panasonic"; VariantName = "3V3_to_15V"
Change component parameters (AddParameter): Name = "MPN"; Value = "ERJU030R00V"; VariantName = "3V3_to_15V"
Change component parameters (AddParameter): Name = "Package"; Value = "CurrentFootprint"; VariantName = "3V3_to_15V"
Change component parameters (AddParameter): Name = "Parameter1"; Value = "V"; VariantName = "3V3_to_15V"
Change component parameters (AddParameter): Name = "Parameter1Desc"; Value = "Package Method"; VariantName = "3V3_to_15V"
Change component parameters (AddParameter): Name = "Parameter2"; Value = "F"; VariantName = "3V3_to_15V"
Change component parameters (AddParameter): Name = "Parameter2Desc"; Value = "Tolerance Symbol"; VariantName = "3V3_to_15V"
Change component parameters (AddParameter): Name = "Parameter3"; Value = ""; VariantName = "3V3_to_15V"
Change component parameters (AddParameter): Name = "Parameter3Desc"; Value = ""; VariantName = "3V3_to_15V"
Change component parameters (AddParameter): Name = "Supplier 1"; Value = "Mouser"; VariantName = "3V3_to_15V"
Change component parameters (AddParameter): Name = "Supplier Part Number 1"; Value = "667-ERJ-U030R00V"; VariantName = "3V3_to_15V"
Change component parameters (AddParameter): Name = "Value"; Value = "0"; VariantName = "3V3_to_15V"
Change component parameters (AddParameter): Name = "ComponentLink1Description"; Value = "Datasheet"; VariantName = "3V3_to_RS422"
Change component parameters (AddParameter): Name = "ComponentLink1URL"; Value = "https://www.mouser.de/datasheet/2/315/AOA0000C334-1314047.pdf"; VariantName = "3V3_to_RS422"
Change component parameters (AddParameter): Name = "Created"; Value = "2019-12-08_Thilo_Wendt"; VariantName = "3V3_to_RS422"
Change component parameters (AddParameter): Name = "HelpURL"; Value = "https://www.mouser.de/datasheet/2/315/AOA0000C334-1314047.pdf"; VariantName = "3V3_to_RS422"
Change component parameters (AddParameter): Name = "MaxVoltage"; Value = "100"; VariantName = "3V3_to_RS422"
Change component parameters (AddParameter): Name = "MF"; Value = "Panasonic"; VariantName = "3V3_to_RS422"
Change component parameters (AddParameter): Name = "MPN"; Value = "ERJU030R00V"; VariantName = "3V3_to_RS422"
Change component parameters (AddParameter): Name = "Package"; Value = "CurrentFootprint"; VariantName = "3V3_to_RS422"
Change component parameters (AddParameter): Name = "Parameter1"; Value = "V"; VariantName = "3V3_to_RS422"
Change component parameters (AddParameter): Name = "Parameter1Desc"; Value = "Package Method"; VariantName = "3V3_to_RS422"
Change component parameters (AddParameter): Name = "Parameter2"; Value = "F"; VariantName = "3V3_to_RS422"
Change component parameters (AddParameter): Name = "Parameter2Desc"; Value = "Tolerance Symbol"; VariantName = "3V3_to_RS422"
Change component parameters (AddParameter): Name = "Parameter3"; Value = ""; VariantName = "3V3_to_RS422"
Change component parameters (AddParameter): Name = "Parameter3Desc"; Value = ""; VariantName = "3V3_to_RS422"
Change component parameters (AddParameter): Name = "Supplier 1"; Value = "Mouser"; VariantName = "3V3_to_RS422"
Change component parameters (AddParameter): Name = "Supplier Part Number 1"; Value = "667-ERJ-U030R00V"; VariantName = "3V3_to_RS422"
Change component parameters (AddParameter): Name = "Value"; Value = "0"; VariantName = "3V3_to_RS422"
Change component parameters (AddParameter): Name = "ComponentLink1Description"; Value = "Datasheet"; VariantName = "RS422_to_3V3"
Change component parameters (AddParameter): Name = "ComponentLink1URL"; Value = "https://www.mouser.de/datasheet/2/315/AOA0000C334-1314047.pdf"; VariantName = "RS422_to_3V3"
Change component parameters (AddParameter): Name = "Created"; Value = "2019-12-08_Thilo_Wendt"; VariantName = "RS422_to_3V3"
Change component parameters (AddParameter): Name = "HelpURL"; Value = "https://www.mouser.de/datasheet/2/315/AOA0000C334-1314047.pdf"; VariantName = "RS422_to_3V3"
Change component parameters (AddParameter): Name = "MaxVoltage"; Value = "100"; VariantName = "RS422_to_3V3"
Change component parameters (AddParameter): Name = "MF"; Value = "Panasonic"; VariantName = "RS422_to_3V3"
Change component parameters (AddParameter): Name = "MPN"; Value = "ERJU030R00V"; VariantName = "RS422_to_3V3"
Change component parameters (AddParameter): Name = "Package"; Value = "CurrentFootprint"; VariantName = "RS422_to_3V3"
Change component parameters (AddParameter): Name = "Parameter1"; Value = "V"; VariantName = "RS422_to_3V3"
Change component parameters (AddParameter): Name = "Parameter1Desc"; Value = "Package Method"; VariantName = "RS422_to_3V3"
Change component parameters (AddParameter): Name = "Parameter2"; Value = "F"; VariantName = "RS422_to_3V3"
Change component parameters (AddParameter): Name = "Parameter2Desc"; Value = "Tolerance Symbol"; VariantName = "RS422_to_3V3"
Change component parameters (AddParameter): Name = "Parameter3"; Value = ""; VariantName = "RS422_to_3V3"
Change component parameters (AddParameter): Name = "Parameter3Desc"; Value = ""; VariantName = "RS422_to_3V3"
Change component parameters (AddParameter): Name = "Supplier 1"; Value = "Mouser"; VariantName = "RS422_to_3V3"
Change component parameters (AddParameter): Name = "Supplier Part Number 1"; Value = "667-ERJ-U030R00V"; VariantName = "RS422_to_3V3"
Change component parameters (AddParameter): Name = "Value"; Value = "0"; VariantName = "RS422_to_3V3"
Change component parameters: Designator = "R5D"; Footprint = "RESC1608X55X30NL15T15"; UniqueID = "\REEOQYYS\LOSHMCEA\4DEFTBZMN\UWYBJKHT"
Change component parameters. Clean all parameters for all variants
Change component parameters (AddParameter): Name = "ComponentLink1Description"; Value = "Datasheet"; VariantName = "[No Variations]"
Change component parameters (AddParameter): Name = "ComponentLink1URL"; Value = "https://www.mouser.de/datasheet/2/315/AOA0000C334-1314047.pdf"; VariantName = "[No Variations]"
Change component parameters (AddParameter): Name = "Created"; Value = "2019-12-08_Thilo_Wendt"; VariantName = "[No Variations]"
Change component parameters (AddParameter): Name = "HelpURL"; Value = "https://www.mouser.de/datasheet/2/315/AOA0000C334-1314047.pdf"; VariantName = "[No Variations]"
Change component parameters (AddParameter): Name = "MaxVoltage"; Value = "100"; VariantName = "[No Variations]"
Change component parameters (AddParameter): Name = "MF"; Value = "Panasonic"; VariantName = "[No Variations]"
Change component parameters (AddParameter): Name = "MPN"; Value = "ERJU030R00V"; VariantName = "[No Variations]"
Change component parameters (AddParameter): Name = "Package"; Value = "CurrentFootprint"; VariantName = "[No Variations]"
Change component parameters (AddParameter): Name = "Parameter1"; Value = "V"; VariantName = "[No Variations]"
Change component parameters (AddParameter): Name = "Parameter1Desc"; Value = "Package Method"; VariantName = "[No Variations]"
Change component parameters (AddParameter): Name = "Parameter2"; Value = "F"; VariantName = "[No Variations]"
Change component parameters (AddParameter): Name = "Parameter2Desc"; Value = "Tolerance Symbol"; VariantName = "[No Variations]"
Change component parameters (AddParameter): Name = "Parameter3"; Value = ""; VariantName = "[No Variations]"
Change component parameters (AddParameter): Name = "Parameter3Desc"; Value = ""; VariantName = "[No Variations]"
Change component parameters (AddParameter): Name = "Supplier 1"; Value = "Mouser"; VariantName = "[No Variations]"
Change component parameters (AddParameter): Name = "Supplier Part Number 1"; Value = "667-ERJ-U030R00V"; VariantName = "[No Variations]"
Change component parameters (AddParameter): Name = "Value"; Value = "0"; VariantName = "[No Variations]"
Change component parameters (AddParameter): Name = "ComponentLink1Description"; Value = "Datasheet"; VariantName = "3V3_to_15V"
Change component parameters (AddParameter): Name = "ComponentLink1URL"; Value = "https://www.mouser.de/datasheet/2/315/AOA0000C334-1314047.pdf"; VariantName = "3V3_to_15V"
Change component parameters (AddParameter): Name = "Created"; Value = "2019-12-08_Thilo_Wendt"; VariantName = "3V3_to_15V"
Change component parameters (AddParameter): Name = "HelpURL"; Value = "https://www.mouser.de/datasheet/2/315/AOA0000C334-1314047.pdf"; VariantName = "3V3_to_15V"
Change component parameters (AddParameter): Name = "MaxVoltage"; Value = "100"; VariantName = "3V3_to_15V"
Change component parameters (AddParameter): Name = "MF"; Value = "Panasonic"; VariantName = "3V3_to_15V"
Change component parameters (AddParameter): Name = "MPN"; Value = "ERJU030R00V"; VariantName = "3V3_to_15V"
Change component parameters (AddParameter): Name = "Package"; Value = "CurrentFootprint"; VariantName = "3V3_to_15V"
Change component parameters (AddParameter): Name = "Parameter1"; Value = "V"; VariantName = "3V3_to_15V"
Change component parameters (AddParameter): Name = "Parameter1Desc"; Value = "Package Method"; VariantName = "3V3_to_15V"
Change component parameters (AddParameter): Name = "Parameter2"; Value = "F"; VariantName = "3V3_to_15V"
Change component parameters (AddParameter): Name = "Parameter2Desc"; Value = "Tolerance Symbol"; VariantName = "3V3_to_15V"
Change component parameters (AddParameter): Name = "Parameter3"; Value = ""; VariantName = "3V3_to_15V"
Change component parameters (AddParameter): Name = "Parameter3Desc"; Value = ""; VariantName = "3V3_to_15V"
Change component parameters (AddParameter): Name = "Supplier 1"; Value = "Mouser"; VariantName = "3V3_to_15V"
Change component parameters (AddParameter): Name = "Supplier Part Number 1"; Value = "667-ERJ-U030R00V"; VariantName = "3V3_to_15V"
Change component parameters (AddParameter): Name = "Value"; Value = "0"; VariantName = "3V3_to_15V"
Change component parameters (AddParameter): Name = "ComponentLink1Description"; Value = "Datasheet"; VariantName = "3V3_to_RS422"
Change component parameters (AddParameter): Name = "ComponentLink1URL"; Value = "https://www.mouser.de/datasheet/2/315/AOA0000C334-1314047.pdf"; VariantName = "3V3_to_RS422"
Change component parameters (AddParameter): Name = "Created"; Value = "2019-12-08_Thilo_Wendt"; VariantName = "3V3_to_RS422"
Change component parameters (AddParameter): Name = "HelpURL"; Value = "https://www.mouser.de/datasheet/2/315/AOA0000C334-1314047.pdf"; VariantName = "3V3_to_RS422"
Change component parameters (AddParameter): Name = "MaxVoltage"; Value = "100"; VariantName = "3V3_to_RS422"
Change component parameters (AddParameter): Name = "MF"; Value = "Panasonic"; VariantName = "3V3_to_RS422"
Change component parameters (AddParameter): Name = "MPN"; Value = "ERJU030R00V"; VariantName = "3V3_to_RS422"
Change component parameters (AddParameter): Name = "Package"; Value = "CurrentFootprint"; VariantName = "3V3_to_RS422"
Change component parameters (AddParameter): Name = "Parameter1"; Value = "V"; VariantName = "3V3_to_RS422"
Change component parameters (AddParameter): Name = "Parameter1Desc"; Value = "Package Method"; VariantName = "3V3_to_RS422"
Change component parameters (AddParameter): Name = "Parameter2"; Value = "F"; VariantName = "3V3_to_RS422"
Change component parameters (AddParameter): Name = "Parameter2Desc"; Value = "Tolerance Symbol"; VariantName = "3V3_to_RS422"
Change component parameters (AddParameter): Name = "Parameter3"; Value = ""; VariantName = "3V3_to_RS422"
Change component parameters (AddParameter): Name = "Parameter3Desc"; Value = ""; VariantName = "3V3_to_RS422"
Change component parameters (AddParameter): Name = "Supplier 1"; Value = "Mouser"; VariantName = "3V3_to_RS422"
Change component parameters (AddParameter): Name = "Supplier Part Number 1"; Value = "667-ERJ-U030R00V"; VariantName = "3V3_to_RS422"
Change component parameters (AddParameter): Name = "Value"; Value = "0"; VariantName = "3V3_to_RS422"
Change component parameters (AddParameter): Name = "ComponentLink1Description"; Value = "Datasheet"; VariantName = "RS422_to_3V3"
Change component parameters (AddParameter): Name = "ComponentLink1URL"; Value = "https://www.mouser.de/datasheet/2/315/AOA0000C334-1314047.pdf"; VariantName = "RS422_to_3V3"
Change component parameters (AddParameter): Name = "Created"; Value = "2019-12-08_Thilo_Wendt"; VariantName = "RS422_to_3V3"
Change component parameters (AddParameter): Name = "HelpURL"; Value = "https://www.mouser.de/datasheet/2/315/AOA0000C334-1314047.pdf"; VariantName = "RS422_to_3V3"
Change component parameters (AddParameter): Name = "MaxVoltage"; Value = "100"; VariantName = "RS422_to_3V3"
Change component parameters (AddParameter): Name = "MF"; Value = "Panasonic"; VariantName = "RS422_to_3V3"
Change component parameters (AddParameter): Name = "MPN"; Value = "ERJU030R00V"; VariantName = "RS422_to_3V3"
Change component parameters (AddParameter): Name = "Package"; Value = "CurrentFootprint"; VariantName = "RS422_to_3V3"
Change component parameters (AddParameter): Name = "Parameter1"; Value = "V"; VariantName = "RS422_to_3V3"
Change component parameters (AddParameter): Name = "Parameter1Desc"; Value = "Package Method"; VariantName = "RS422_to_3V3"
Change component parameters (AddParameter): Name = "Parameter2"; Value = "F"; VariantName = "RS422_to_3V3"
Change component parameters (AddParameter): Name = "Parameter2Desc"; Value = "Tolerance Symbol"; VariantName = "RS422_to_3V3"
Change component parameters (AddParameter): Name = "Parameter3"; Value = ""; VariantName = "RS422_to_3V3"
Change component parameters (AddParameter): Name = "Parameter3Desc"; Value = ""; VariantName = "RS422_to_3V3"
Change component parameters (AddParameter): Name = "Supplier 1"; Value = "Mouser"; VariantName = "RS422_to_3V3"
Change component parameters (AddParameter): Name = "Supplier Part Number 1"; Value = "667-ERJ-U030R00V"; VariantName = "RS422_to_3V3"
Change component parameters (AddParameter): Name = "Value"; Value = "0"; VariantName = "RS422_to_3V3"
Change component parameters: Designator = "R5E"; Footprint = "RESC1608X55X30NL15T15"; UniqueID = "\REEOQYYS\LOSHMCEA\5DEFTBZMN\UWYBJKHT"
Change component parameters. Clean all parameters for all variants
Change component parameters (AddParameter): Name = "ComponentLink1Description"; Value = "Datasheet"; VariantName = "[No Variations]"
Change component parameters (AddParameter): Name = "ComponentLink1URL"; Value = "https://www.mouser.de/datasheet/2/315/AOA0000C334-1314047.pdf"; VariantName = "[No Variations]"
Change component parameters (AddParameter): Name = "Created"; Value = "2019-12-08_Thilo_Wendt"; VariantName = "[No Variations]"
Change component parameters (AddParameter): Name = "HelpURL"; Value = "https://www.mouser.de/datasheet/2/315/AOA0000C334-1314047.pdf"; VariantName = "[No Variations]"
Change component parameters (AddParameter): Name = "MaxVoltage"; Value = "100"; VariantName = "[No Variations]"
Change component parameters (AddParameter): Name = "MF"; Value = "Panasonic"; VariantName = "[No Variations]"
Change component parameters (AddParameter): Name = "MPN"; Value = "ERJU030R00V"; VariantName = "[No Variations]"
Change component parameters (AddParameter): Name = "Package"; Value = "CurrentFootprint"; VariantName = "[No Variations]"
Change component parameters (AddParameter): Name = "Parameter1"; Value = "V"; VariantName = "[No Variations]"
Change component parameters (AddParameter): Name = "Parameter1Desc"; Value = "Package Method"; VariantName = "[No Variations]"
Change component parameters (AddParameter): Name = "Parameter2"; Value = "F"; VariantName = "[No Variations]"
Change component parameters (AddParameter): Name = "Parameter2Desc"; Value = "Tolerance Symbol"; VariantName = "[No Variations]"
Change component parameters (AddParameter): Name = "Parameter3"; Value = ""; VariantName = "[No Variations]"
Change component parameters (AddParameter): Name = "Parameter3Desc"; Value = ""; VariantName = "[No Variations]"
Change component parameters (AddParameter): Name = "Supplier 1"; Value = "Mouser"; VariantName = "[No Variations]"
Change component parameters (AddParameter): Name = "Supplier Part Number 1"; Value = "667-ERJ-U030R00V"; VariantName = "[No Variations]"
Change component parameters (AddParameter): Name = "Value"; Value = "0"; VariantName = "[No Variations]"
Change component parameters (AddParameter): Name = "ComponentLink1Description"; Value = "Datasheet"; VariantName = "3V3_to_15V"
Change component parameters (AddParameter): Name = "ComponentLink1URL"; Value = "https://www.mouser.de/datasheet/2/315/AOA0000C334-1314047.pdf"; VariantName = "3V3_to_15V"
Change component parameters (AddParameter): Name = "Created"; Value = "2019-12-08_Thilo_Wendt"; VariantName = "3V3_to_15V"
Change component parameters (AddParameter): Name = "HelpURL"; Value = "https://www.mouser.de/datasheet/2/315/AOA0000C334-1314047.pdf"; VariantName = "3V3_to_15V"
Change component parameters (AddParameter): Name = "MaxVoltage"; Value = "100"; VariantName = "3V3_to_15V"
Change component parameters (AddParameter): Name = "MF"; Value = "Panasonic"; VariantName = "3V3_to_15V"
Change component parameters (AddParameter): Name = "MPN"; Value = "ERJU030R00V"; VariantName = "3V3_to_15V"
Change component parameters (AddParameter): Name = "Package"; Value = "CurrentFootprint"; VariantName = "3V3_to_15V"
Change component parameters (AddParameter): Name = "Parameter1"; Value = "V"; VariantName = "3V3_to_15V"
Change component parameters (AddParameter): Name = "Parameter1Desc"; Value = "Package Method"; VariantName = "3V3_to_15V"
Change component parameters (AddParameter): Name = "Parameter2"; Value = "F"; VariantName = "3V3_to_15V"
Change component parameters (AddParameter): Name = "Parameter2Desc"; Value = "Tolerance Symbol"; VariantName = "3V3_to_15V"
Change component parameters (AddParameter): Name = "Parameter3"; Value = ""; VariantName = "3V3_to_15V"
Change component parameters (AddParameter): Name = "Parameter3Desc"; Value = ""; VariantName = "3V3_to_15V"
Change component parameters (AddParameter): Name = "Supplier 1"; Value = "Mouser"; VariantName = "3V3_to_15V"
Change component parameters (AddParameter): Name = "Supplier Part Number 1"; Value = "667-ERJ-U030R00V"; VariantName = "3V3_to_15V"
Change component parameters (AddParameter): Name = "Value"; Value = "0"; VariantName = "3V3_to_15V"
Change component parameters (AddParameter): Name = "ComponentLink1Description"; Value = "Datasheet"; VariantName = "3V3_to_RS422"
Change component parameters (AddParameter): Name = "ComponentLink1URL"; Value = "https://www.mouser.de/datasheet/2/315/AOA0000C334-1314047.pdf"; VariantName = "3V3_to_RS422"
Change component parameters (AddParameter): Name = "Created"; Value = "2019-12-08_Thilo_Wendt"; VariantName = "3V3_to_RS422"
Change component parameters (AddParameter): Name = "HelpURL"; Value = "https://www.mouser.de/datasheet/2/315/AOA0000C334-1314047.pdf"; VariantName = "3V3_to_RS422"
Change component parameters (AddParameter): Name = "MaxVoltage"; Value = "100"; VariantName = "3V3_to_RS422"
Change component parameters (AddParameter): Name = "MF"; Value = "Panasonic"; VariantName = "3V3_to_RS422"
Change component parameters (AddParameter): Name = "MPN"; Value = "ERJU030R00V"; VariantName = "3V3_to_RS422"
Change component parameters (AddParameter): Name = "Package"; Value = "CurrentFootprint"; VariantName = "3V3_to_RS422"
Change component parameters (AddParameter): Name = "Parameter1"; Value = "V"; VariantName = "3V3_to_RS422"
Change component parameters (AddParameter): Name = "Parameter1Desc"; Value = "Package Method"; VariantName = "3V3_to_RS422"
Change component parameters (AddParameter): Name = "Parameter2"; Value = "F"; VariantName = "3V3_to_RS422"
Change component parameters (AddParameter): Name = "Parameter2Desc"; Value = "Tolerance Symbol"; VariantName = "3V3_to_RS422"
Change component parameters (AddParameter): Name = "Parameter3"; Value = ""; VariantName = "3V3_to_RS422"
Change component parameters (AddParameter): Name = "Parameter3Desc"; Value = ""; VariantName = "3V3_to_RS422"
Change component parameters (AddParameter): Name = "Supplier 1"; Value = "Mouser"; VariantName = "3V3_to_RS422"
Change component parameters (AddParameter): Name = "Supplier Part Number 1"; Value = "667-ERJ-U030R00V"; VariantName = "3V3_to_RS422"
Change component parameters (AddParameter): Name = "Value"; Value = "0"; VariantName = "3V3_to_RS422"
Change component parameters (AddParameter): Name = "ComponentLink1Description"; Value = "Datasheet"; VariantName = "RS422_to_3V3"
Change component parameters (AddParameter): Name = "ComponentLink1URL"; Value = "https://www.mouser.de/datasheet/2/315/AOA0000C334-1314047.pdf"; VariantName = "RS422_to_3V3"
Change component parameters (AddParameter): Name = "Created"; Value = "2019-12-08_Thilo_Wendt"; VariantName = "RS422_to_3V3"
Change component parameters (AddParameter): Name = "HelpURL"; Value = "https://www.mouser.de/datasheet/2/315/AOA0000C334-1314047.pdf"; VariantName = "RS422_to_3V3"
Change component parameters (AddParameter): Name = "MaxVoltage"; Value = "100"; VariantName = "RS422_to_3V3"
Change component parameters (AddParameter): Name = "MF"; Value = "Panasonic"; VariantName = "RS422_to_3V3"
Change component parameters (AddParameter): Name = "MPN"; Value = "ERJU030R00V"; VariantName = "RS422_to_3V3"
Change component parameters (AddParameter): Name = "Package"; Value = "CurrentFootprint"; VariantName = "RS422_to_3V3"
Change component parameters (AddParameter): Name = "Parameter1"; Value = "V"; VariantName = "RS422_to_3V3"
Change component parameters (AddParameter): Name = "Parameter1Desc"; Value = "Package Method"; VariantName = "RS422_to_3V3"
Change component parameters (AddParameter): Name = "Parameter2"; Value = "F"; VariantName = "RS422_to_3V3"
Change component parameters (AddParameter): Name = "Parameter2Desc"; Value = "Tolerance Symbol"; VariantName = "RS422_to_3V3"
Change component parameters (AddParameter): Name = "Parameter3"; Value = ""; VariantName = "RS422_to_3V3"
Change component parameters (AddParameter): Name = "Parameter3Desc"; Value = ""; VariantName = "RS422_to_3V3"
Change component parameters (AddParameter): Name = "Supplier 1"; Value = "Mouser"; VariantName = "RS422_to_3V3"
Change component parameters (AddParameter): Name = "Supplier Part Number 1"; Value = "667-ERJ-U030R00V"; VariantName = "RS422_to_3V3"
Change component parameters (AddParameter): Name = "Value"; Value = "0"; VariantName = "RS422_to_3V3"
Change component parameters: Designator = "R6A"; Footprint = "RESC1608X55X30NL15T15"; UniqueID = "\REEOQYYS\LOSHMCEA\1DEFTBZMN\XQOTLDFB"
Change component parameters. Clean all parameters for all variants
Change component parameters (AddParameter): Name = "ComponentLink1Description"; Value = "Datasheet"; VariantName = "[No Variations]"
Change component parameters (AddParameter): Name = "ComponentLink1URL"; Value = "https://www.mouser.de/datasheet/2/315/AOA0000C334-1314047.pdf"; VariantName = "[No Variations]"
Change component parameters (AddParameter): Name = "Created"; Value = "2019-12-08_Thilo_Wendt"; VariantName = "[No Variations]"
Change component parameters (AddParameter): Name = "HelpURL"; Value = "https://www.mouser.de/datasheet/2/315/AOA0000C334-1314047.pdf"; VariantName = "[No Variations]"
Change component parameters (AddParameter): Name = "MaxVoltage"; Value = "100"; VariantName = "[No Variations]"
Change component parameters (AddParameter): Name = "MF"; Value = "Panasonic"; VariantName = "[No Variations]"
Change component parameters (AddParameter): Name = "MPN"; Value = "ERJU030R00V"; VariantName = "[No Variations]"
Change component parameters (AddParameter): Name = "Package"; Value = "CurrentFootprint"; VariantName = "[No Variations]"
Change component parameters (AddParameter): Name = "Parameter1"; Value = "V"; VariantName = "[No Variations]"
Change component parameters (AddParameter): Name = "Parameter1Desc"; Value = "Package Method"; VariantName = "[No Variations]"
Change component parameters (AddParameter): Name = "Parameter2"; Value = "F"; VariantName = "[No Variations]"
Change component parameters (AddParameter): Name = "Parameter2Desc"; Value = "Tolerance Symbol"; VariantName = "[No Variations]"
Change component parameters (AddParameter): Name = "Parameter3"; Value = ""; VariantName = "[No Variations]"
Change component parameters (AddParameter): Name = "Parameter3Desc"; Value = ""; VariantName = "[No Variations]"
Change component parameters (AddParameter): Name = "Supplier 1"; Value = "Mouser"; VariantName = "[No Variations]"
Change component parameters (AddParameter): Name = "Supplier Part Number 1"; Value = "667-ERJ-U030R00V"; VariantName = "[No Variations]"
Change component parameters (AddParameter): Name = "Value"; Value = "0"; VariantName = "[No Variations]"
Change component parameters (AddParameter): Name = "ComponentLink1Description"; Value = "Datasheet"; VariantName = "3V3_to_15V"
Change component parameters (AddParameter): Name = "ComponentLink1URL"; Value = "https://www.mouser.de/datasheet/2/315/AOA0000C334-1314047.pdf"; VariantName = "3V3_to_15V"
Change component parameters (AddParameter): Name = "Created"; Value = "2019-12-08_Thilo_Wendt"; VariantName = "3V3_to_15V"
Change component parameters (AddParameter): Name = "HelpURL"; Value = "https://www.mouser.de/datasheet/2/315/AOA0000C334-1314047.pdf"; VariantName = "3V3_to_15V"
Change component parameters (AddParameter): Name = "MaxVoltage"; Value = "100"; VariantName = "3V3_to_15V"
Change component parameters (AddParameter): Name = "MF"; Value = "Panasonic"; VariantName = "3V3_to_15V"
Change component parameters (AddParameter): Name = "MPN"; Value = "ERJU030R00V"; VariantName = "3V3_to_15V"
Change component parameters (AddParameter): Name = "Package"; Value = "CurrentFootprint"; VariantName = "3V3_to_15V"
Change component parameters (AddParameter): Name = "Parameter1"; Value = "V"; VariantName = "3V3_to_15V"
Change component parameters (AddParameter): Name = "Parameter1Desc"; Value = "Package Method"; VariantName = "3V3_to_15V"
Change component parameters (AddParameter): Name = "Parameter2"; Value = "F"; VariantName = "3V3_to_15V"
Change component parameters (AddParameter): Name = "Parameter2Desc"; Value = "Tolerance Symbol"; VariantName = "3V3_to_15V"
Change component parameters (AddParameter): Name = "Parameter3"; Value = ""; VariantName = "3V3_to_15V"
Change component parameters (AddParameter): Name = "Parameter3Desc"; Value = ""; VariantName = "3V3_to_15V"
Change component parameters (AddParameter): Name = "Supplier 1"; Value = "Mouser"; VariantName = "3V3_to_15V"
Change component parameters (AddParameter): Name = "Supplier Part Number 1"; Value = "667-ERJ-U030R00V"; VariantName = "3V3_to_15V"
Change component parameters (AddParameter): Name = "Value"; Value = "0"; VariantName = "3V3_to_15V"
Change component parameters (AddParameter): Name = "ComponentLink1Description"; Value = "Datasheet"; VariantName = "3V3_to_RS422"
Change component parameters (AddParameter): Name = "ComponentLink1URL"; Value = "https://www.mouser.de/datasheet/2/315/AOA0000C334-1314047.pdf"; VariantName = "3V3_to_RS422"
Change component parameters (AddParameter): Name = "Created"; Value = "2019-12-08_Thilo_Wendt"; VariantName = "3V3_to_RS422"
Change component parameters (AddParameter): Name = "HelpURL"; Value = "https://www.mouser.de/datasheet/2/315/AOA0000C334-1314047.pdf"; VariantName = "3V3_to_RS422"
Change component parameters (AddParameter): Name = "MaxVoltage"; Value = "100"; VariantName = "3V3_to_RS422"
Change component parameters (AddParameter): Name = "MF"; Value = "Panasonic"; VariantName = "3V3_to_RS422"
Change component parameters (AddParameter): Name = "MPN"; Value = "ERJU030R00V"; VariantName = "3V3_to_RS422"
Change component parameters (AddParameter): Name = "Package"; Value = "CurrentFootprint"; VariantName = "3V3_to_RS422"
Change component parameters (AddParameter): Name = "Parameter1"; Value = "V"; VariantName = "3V3_to_RS422"
Change component parameters (AddParameter): Name = "Parameter1Desc"; Value = "Package Method"; VariantName = "3V3_to_RS422"
Change component parameters (AddParameter): Name = "Parameter2"; Value = "F"; VariantName = "3V3_to_RS422"
Change component parameters (AddParameter): Name = "Parameter2Desc"; Value = "Tolerance Symbol"; VariantName = "3V3_to_RS422"
Change component parameters (AddParameter): Name = "Parameter3"; Value = ""; VariantName = "3V3_to_RS422"
Change component parameters (AddParameter): Name = "Parameter3Desc"; Value = ""; VariantName = "3V3_to_RS422"
Change component parameters (AddParameter): Name = "Supplier 1"; Value = "Mouser"; VariantName = "3V3_to_RS422"
Change component parameters (AddParameter): Name = "Supplier Part Number 1"; Value = "667-ERJ-U030R00V"; VariantName = "3V3_to_RS422"
Change component parameters (AddParameter): Name = "Value"; Value = "0"; VariantName = "3V3_to_RS422"
Change component parameters (AddParameter): Name = "ComponentLink1Description"; Value = "Datasheet"; VariantName = "RS422_to_3V3"
Change component parameters (AddParameter): Name = "ComponentLink1URL"; Value = "https://www.mouser.de/datasheet/2/315/AOA0000C334-1314047.pdf"; VariantName = "RS422_to_3V3"
Change component parameters (AddParameter): Name = "Created"; Value = "2019-12-08_Thilo_Wendt"; VariantName = "RS422_to_3V3"
Change component parameters (AddParameter): Name = "HelpURL"; Value = "https://www.mouser.de/datasheet/2/315/AOA0000C334-1314047.pdf"; VariantName = "RS422_to_3V3"
Change component parameters (AddParameter): Name = "MaxVoltage"; Value = "100"; VariantName = "RS422_to_3V3"
Change component parameters (AddParameter): Name = "MF"; Value = "Panasonic"; VariantName = "RS422_to_3V3"
Change component parameters (AddParameter): Name = "MPN"; Value = "ERJU030R00V"; VariantName = "RS422_to_3V3"
Change component parameters (AddParameter): Name = "Package"; Value = "CurrentFootprint"; VariantName = "RS422_to_3V3"
Change component parameters (AddParameter): Name = "Parameter1"; Value = "V"; VariantName = "RS422_to_3V3"
Change component parameters (AddParameter): Name = "Parameter1Desc"; Value = "Package Method"; VariantName = "RS422_to_3V3"
Change component parameters (AddParameter): Name = "Parameter2"; Value = "F"; VariantName = "RS422_to_3V3"
Change component parameters (AddParameter): Name = "Parameter2Desc"; Value = "Tolerance Symbol"; VariantName = "RS422_to_3V3"
Change component parameters (AddParameter): Name = "Parameter3"; Value = ""; VariantName = "RS422_to_3V3"
Change component parameters (AddParameter): Name = "Parameter3Desc"; Value = ""; VariantName = "RS422_to_3V3"
Change component parameters (AddParameter): Name = "Supplier 1"; Value = "Mouser"; VariantName = "RS422_to_3V3"
Change component parameters (AddParameter): Name = "Supplier Part Number 1"; Value = "667-ERJ-U030R00V"; VariantName = "RS422_to_3V3"
Change component parameters (AddParameter): Name = "Value"; Value = "0"; VariantName = "RS422_to_3V3"
Change component parameters: Designator = "R6B"; Footprint = "RESC1608X55X30NL15T15"; UniqueID = "\REEOQYYS\LOSHMCEA\2DEFTBZMN\XQOTLDFB"
Change component parameters. Clean all parameters for all variants
Change component parameters (AddParameter): Name = "ComponentLink1Description"; Value = "Datasheet"; VariantName = "[No Variations]"
Change component parameters (AddParameter): Name = "ComponentLink1URL"; Value = "https://www.mouser.de/datasheet/2/315/AOA0000C334-1314047.pdf"; VariantName = "[No Variations]"
Change component parameters (AddParameter): Name = "Created"; Value = "2019-12-08_Thilo_Wendt"; VariantName = "[No Variations]"
Change component parameters (AddParameter): Name = "HelpURL"; Value = "https://www.mouser.de/datasheet/2/315/AOA0000C334-1314047.pdf"; VariantName = "[No Variations]"
Change component parameters (AddParameter): Name = "MaxVoltage"; Value = "100"; VariantName = "[No Variations]"
Change component parameters (AddParameter): Name = "MF"; Value = "Panasonic"; VariantName = "[No Variations]"
Change component parameters (AddParameter): Name = "MPN"; Value = "ERJU030R00V"; VariantName = "[No Variations]"
Change component parameters (AddParameter): Name = "Package"; Value = "CurrentFootprint"; VariantName = "[No Variations]"
Change component parameters (AddParameter): Name = "Parameter1"; Value = "V"; VariantName = "[No Variations]"
Change component parameters (AddParameter): Name = "Parameter1Desc"; Value = "Package Method"; VariantName = "[No Variations]"
Change component parameters (AddParameter): Name = "Parameter2"; Value = "F"; VariantName = "[No Variations]"
Change component parameters (AddParameter): Name = "Parameter2Desc"; Value = "Tolerance Symbol"; VariantName = "[No Variations]"
Change component parameters (AddParameter): Name = "Parameter3"; Value = ""; VariantName = "[No Variations]"
Change component parameters (AddParameter): Name = "Parameter3Desc"; Value = ""; VariantName = "[No Variations]"
Change component parameters (AddParameter): Name = "Supplier 1"; Value = "Mouser"; VariantName = "[No Variations]"
Change component parameters (AddParameter): Name = "Supplier Part Number 1"; Value = "667-ERJ-U030R00V"; VariantName = "[No Variations]"
Change component parameters (AddParameter): Name = "Value"; Value = "0"; VariantName = "[No Variations]"
Change component parameters (AddParameter): Name = "ComponentLink1Description"; Value = "Datasheet"; VariantName = "3V3_to_15V"
Change component parameters (AddParameter): Name = "ComponentLink1URL"; Value = "https://www.mouser.de/datasheet/2/315/AOA0000C334-1314047.pdf"; VariantName = "3V3_to_15V"
Change component parameters (AddParameter): Name = "Created"; Value = "2019-12-08_Thilo_Wendt"; VariantName = "3V3_to_15V"
Change component parameters (AddParameter): Name = "HelpURL"; Value = "https://www.mouser.de/datasheet/2/315/AOA0000C334-1314047.pdf"; VariantName = "3V3_to_15V"
Change component parameters (AddParameter): Name = "MaxVoltage"; Value = "100"; VariantName = "3V3_to_15V"
Change component parameters (AddParameter): Name = "MF"; Value = "Panasonic"; VariantName = "3V3_to_15V"
Change component parameters (AddParameter): Name = "MPN"; Value = "ERJU030R00V"; VariantName = "3V3_to_15V"
Change component parameters (AddParameter): Name = "Package"; Value = "CurrentFootprint"; VariantName = "3V3_to_15V"
Change component parameters (AddParameter): Name = "Parameter1"; Value = "V"; VariantName = "3V3_to_15V"
Change component parameters (AddParameter): Name = "Parameter1Desc"; Value = "Package Method"; VariantName = "3V3_to_15V"
Change component parameters (AddParameter): Name = "Parameter2"; Value = "F"; VariantName = "3V3_to_15V"
Change component parameters (AddParameter): Name = "Parameter2Desc"; Value = "Tolerance Symbol"; VariantName = "3V3_to_15V"
Change component parameters (AddParameter): Name = "Parameter3"; Value = ""; VariantName = "3V3_to_15V"
Change component parameters (AddParameter): Name = "Parameter3Desc"; Value = ""; VariantName = "3V3_to_15V"
Change component parameters (AddParameter): Name = "Supplier 1"; Value = "Mouser"; VariantName = "3V3_to_15V"
Change component parameters (AddParameter): Name = "Supplier Part Number 1"; Value = "667-ERJ-U030R00V"; VariantName = "3V3_to_15V"
Change component parameters (AddParameter): Name = "Value"; Value = "0"; VariantName = "3V3_to_15V"
Change component parameters (AddParameter): Name = "ComponentLink1Description"; Value = "Datasheet"; VariantName = "3V3_to_RS422"
Change component parameters (AddParameter): Name = "ComponentLink1URL"; Value = "https://www.mouser.de/datasheet/2/315/AOA0000C334-1314047.pdf"; VariantName = "3V3_to_RS422"
Change component parameters (AddParameter): Name = "Created"; Value = "2019-12-08_Thilo_Wendt"; VariantName = "3V3_to_RS422"
Change component parameters (AddParameter): Name = "HelpURL"; Value = "https://www.mouser.de/datasheet/2/315/AOA0000C334-1314047.pdf"; VariantName = "3V3_to_RS422"
Change component parameters (AddParameter): Name = "MaxVoltage"; Value = "100"; VariantName = "3V3_to_RS422"
Change component parameters (AddParameter): Name = "MF"; Value = "Panasonic"; VariantName = "3V3_to_RS422"
Change component parameters (AddParameter): Name = "MPN"; Value = "ERJU030R00V"; VariantName = "3V3_to_RS422"
Change component parameters (AddParameter): Name = "Package"; Value = "CurrentFootprint"; VariantName = "3V3_to_RS422"
Change component parameters (AddParameter): Name = "Parameter1"; Value = "V"; VariantName = "3V3_to_RS422"
Change component parameters (AddParameter): Name = "Parameter1Desc"; Value = "Package Method"; VariantName = "3V3_to_RS422"
Change component parameters (AddParameter): Name = "Parameter2"; Value = "F"; VariantName = "3V3_to_RS422"
Change component parameters (AddParameter): Name = "Parameter2Desc"; Value = "Tolerance Symbol"; VariantName = "3V3_to_RS422"
Change component parameters (AddParameter): Name = "Parameter3"; Value = ""; VariantName = "3V3_to_RS422"
Change component parameters (AddParameter): Name = "Parameter3Desc"; Value = ""; VariantName = "3V3_to_RS422"
Change component parameters (AddParameter): Name = "Supplier 1"; Value = "Mouser"; VariantName = "3V3_to_RS422"
Change component parameters (AddParameter): Name = "Supplier Part Number 1"; Value = "667-ERJ-U030R00V"; VariantName = "3V3_to_RS422"
Change component parameters (AddParameter): Name = "Value"; Value = "0"; VariantName = "3V3_to_RS422"
Change component parameters (AddParameter): Name = "ComponentLink1Description"; Value = "Datasheet"; VariantName = "RS422_to_3V3"
Change component parameters (AddParameter): Name = "ComponentLink1URL"; Value = "https://www.mouser.de/datasheet/2/315/AOA0000C334-1314047.pdf"; VariantName = "RS422_to_3V3"
Change component parameters (AddParameter): Name = "Created"; Value = "2019-12-08_Thilo_Wendt"; VariantName = "RS422_to_3V3"
Change component parameters (AddParameter): Name = "HelpURL"; Value = "https://www.mouser.de/datasheet/2/315/AOA0000C334-1314047.pdf"; VariantName = "RS422_to_3V3"
Change component parameters (AddParameter): Name = "MaxVoltage"; Value = "100"; VariantName = "RS422_to_3V3"
Change component parameters (AddParameter): Name = "MF"; Value = "Panasonic"; VariantName = "RS422_to_3V3"
Change component parameters (AddParameter): Name = "MPN"; Value = "ERJU030R00V"; VariantName = "RS422_to_3V3"
Change component parameters (AddParameter): Name = "Package"; Value = "CurrentFootprint"; VariantName = "RS422_to_3V3"
Change component parameters (AddParameter): Name = "Parameter1"; Value = "V"; VariantName = "RS422_to_3V3"
Change component parameters (AddParameter): Name = "Parameter1Desc"; Value = "Package Method"; VariantName = "RS422_to_3V3"
Change component parameters (AddParameter): Name = "Parameter2"; Value = "F"; VariantName = "RS422_to_3V3"
Change component parameters (AddParameter): Name = "Parameter2Desc"; Value = "Tolerance Symbol"; VariantName = "RS422_to_3V3"
Change component parameters (AddParameter): Name = "Parameter3"; Value = ""; VariantName = "RS422_to_3V3"
Change component parameters (AddParameter): Name = "Parameter3Desc"; Value = ""; VariantName = "RS422_to_3V3"
Change component parameters (AddParameter): Name = "Supplier 1"; Value = "Mouser"; VariantName = "RS422_to_3V3"
Change component parameters (AddParameter): Name = "Supplier Part Number 1"; Value = "667-ERJ-U030R00V"; VariantName = "RS422_to_3V3"
Change component parameters (AddParameter): Name = "Value"; Value = "0"; VariantName = "RS422_to_3V3"
Change component parameters: Designator = "R6C"; Footprint = "RESC1608X55X30NL15T15"; UniqueID = "\REEOQYYS\LOSHMCEA\3DEFTBZMN\XQOTLDFB"
Change component parameters. Clean all parameters for all variants
Change component parameters (AddParameter): Name = "ComponentLink1Description"; Value = "Datasheet"; VariantName = "[No Variations]"
Change component parameters (AddParameter): Name = "ComponentLink1URL"; Value = "https://www.mouser.de/datasheet/2/315/AOA0000C334-1314047.pdf"; VariantName = "[No Variations]"
Change component parameters (AddParameter): Name = "Created"; Value = "2019-12-08_Thilo_Wendt"; VariantName = "[No Variations]"
Change component parameters (AddParameter): Name = "HelpURL"; Value = "https://www.mouser.de/datasheet/2/315/AOA0000C334-1314047.pdf"; VariantName = "[No Variations]"
Change component parameters (AddParameter): Name = "MaxVoltage"; Value = "100"; VariantName = "[No Variations]"
Change component parameters (AddParameter): Name = "MF"; Value = "Panasonic"; VariantName = "[No Variations]"
Change component parameters (AddParameter): Name = "MPN"; Value = "ERJU030R00V"; VariantName = "[No Variations]"
Change component parameters (AddParameter): Name = "Package"; Value = "CurrentFootprint"; VariantName = "[No Variations]"
Change component parameters (AddParameter): Name = "Parameter1"; Value = "V"; VariantName = "[No Variations]"
Change component parameters (AddParameter): Name = "Parameter1Desc"; Value = "Package Method"; VariantName = "[No Variations]"
Change component parameters (AddParameter): Name = "Parameter2"; Value = "F"; VariantName = "[No Variations]"
Change component parameters (AddParameter): Name = "Parameter2Desc"; Value = "Tolerance Symbol"; VariantName = "[No Variations]"
Change component parameters (AddParameter): Name = "Parameter3"; Value = ""; VariantName = "[No Variations]"
Change component parameters (AddParameter): Name = "Parameter3Desc"; Value = ""; VariantName = "[No Variations]"
Change component parameters (AddParameter): Name = "Supplier 1"; Value = "Mouser"; VariantName = "[No Variations]"
Change component parameters (AddParameter): Name = "Supplier Part Number 1"; Value = "667-ERJ-U030R00V"; VariantName = "[No Variations]"
Change component parameters (AddParameter): Name = "Value"; Value = "0"; VariantName = "[No Variations]"
Change component parameters (AddParameter): Name = "ComponentLink1Description"; Value = "Datasheet"; VariantName = "3V3_to_15V"
Change component parameters (AddParameter): Name = "ComponentLink1URL"; Value = "https://www.mouser.de/datasheet/2/315/AOA0000C334-1314047.pdf"; VariantName = "3V3_to_15V"
Change component parameters (AddParameter): Name = "Created"; Value = "2019-12-08_Thilo_Wendt"; VariantName = "3V3_to_15V"
Change component parameters (AddParameter): Name = "HelpURL"; Value = "https://www.mouser.de/datasheet/2/315/AOA0000C334-1314047.pdf"; VariantName = "3V3_to_15V"
Change component parameters (AddParameter): Name = "MaxVoltage"; Value = "100"; VariantName = "3V3_to_15V"
Change component parameters (AddParameter): Name = "MF"; Value = "Panasonic"; VariantName = "3V3_to_15V"
Change component parameters (AddParameter): Name = "MPN"; Value = "ERJU030R00V"; VariantName = "3V3_to_15V"
Change component parameters (AddParameter): Name = "Package"; Value = "CurrentFootprint"; VariantName = "3V3_to_15V"
Change component parameters (AddParameter): Name = "Parameter1"; Value = "V"; VariantName = "3V3_to_15V"
Change component parameters (AddParameter): Name = "Parameter1Desc"; Value = "Package Method"; VariantName = "3V3_to_15V"
Change component parameters (AddParameter): Name = "Parameter2"; Value = "F"; VariantName = "3V3_to_15V"
Change component parameters (AddParameter): Name = "Parameter2Desc"; Value = "Tolerance Symbol"; VariantName = "3V3_to_15V"
Change component parameters (AddParameter): Name = "Parameter3"; Value = ""; VariantName = "3V3_to_15V"
Change component parameters (AddParameter): Name = "Parameter3Desc"; Value = ""; VariantName = "3V3_to_15V"
Change component parameters (AddParameter): Name = "Supplier 1"; Value = "Mouser"; VariantName = "3V3_to_15V"
Change component parameters (AddParameter): Name = "Supplier Part Number 1"; Value = "667-ERJ-U030R00V"; VariantName = "3V3_to_15V"
Change component parameters (AddParameter): Name = "Value"; Value = "0"; VariantName = "3V3_to_15V"
Change component parameters (AddParameter): Name = "ComponentLink1Description"; Value = "Datasheet"; VariantName = "3V3_to_RS422"
Change component parameters (AddParameter): Name = "ComponentLink1URL"; Value = "https://www.mouser.de/datasheet/2/315/AOA0000C334-1314047.pdf"; VariantName = "3V3_to_RS422"
Change component parameters (AddParameter): Name = "Created"; Value = "2019-12-08_Thilo_Wendt"; VariantName = "3V3_to_RS422"
Change component parameters (AddParameter): Name = "HelpURL"; Value = "https://www.mouser.de/datasheet/2/315/AOA0000C334-1314047.pdf"; VariantName = "3V3_to_RS422"
Change component parameters (AddParameter): Name = "MaxVoltage"; Value = "100"; VariantName = "3V3_to_RS422"
Change component parameters (AddParameter): Name = "MF"; Value = "Panasonic"; VariantName = "3V3_to_RS422"
Change component parameters (AddParameter): Name = "MPN"; Value = "ERJU030R00V"; VariantName = "3V3_to_RS422"
Change component parameters (AddParameter): Name = "Package"; Value = "CurrentFootprint"; VariantName = "3V3_to_RS422"
Change component parameters (AddParameter): Name = "Parameter1"; Value = "V"; VariantName = "3V3_to_RS422"
Change component parameters (AddParameter): Name = "Parameter1Desc"; Value = "Package Method"; VariantName = "3V3_to_RS422"
Change component parameters (AddParameter): Name = "Parameter2"; Value = "F"; VariantName = "3V3_to_RS422"
Change component parameters (AddParameter): Name = "Parameter2Desc"; Value = "Tolerance Symbol"; VariantName = "3V3_to_RS422"
Change component parameters (AddParameter): Name = "Parameter3"; Value = ""; VariantName = "3V3_to_RS422"
Change component parameters (AddParameter): Name = "Parameter3Desc"; Value = ""; VariantName = "3V3_to_RS422"
Change component parameters (AddParameter): Name = "Supplier 1"; Value = "Mouser"; VariantName = "3V3_to_RS422"
Change component parameters (AddParameter): Name = "Supplier Part Number 1"; Value = "667-ERJ-U030R00V"; VariantName = "3V3_to_RS422"
Change component parameters (AddParameter): Name = "Value"; Value = "0"; VariantName = "3V3_to_RS422"
Change component parameters (AddParameter): Name = "ComponentLink1Description"; Value = "Datasheet"; VariantName = "RS422_to_3V3"
Change component parameters (AddParameter): Name = "ComponentLink1URL"; Value = "https://www.mouser.de/datasheet/2/315/AOA0000C334-1314047.pdf"; VariantName = "RS422_to_3V3"
Change component parameters (AddParameter): Name = "Created"; Value = "2019-12-08_Thilo_Wendt"; VariantName = "RS422_to_3V3"
Change component parameters (AddParameter): Name = "HelpURL"; Value = "https://www.mouser.de/datasheet/2/315/AOA0000C334-1314047.pdf"; VariantName = "RS422_to_3V3"
Change component parameters (AddParameter): Name = "MaxVoltage"; Value = "100"; VariantName = "RS422_to_3V3"
Change component parameters (AddParameter): Name = "MF"; Value = "Panasonic"; VariantName = "RS422_to_3V3"
Change component parameters (AddParameter): Name = "MPN"; Value = "ERJU030R00V"; VariantName = "RS422_to_3V3"
Change component parameters (AddParameter): Name = "Package"; Value = "CurrentFootprint"; VariantName = "RS422_to_3V3"
Change component parameters (AddParameter): Name = "Parameter1"; Value = "V"; VariantName = "RS422_to_3V3"
Change component parameters (AddParameter): Name = "Parameter1Desc"; Value = "Package Method"; VariantName = "RS422_to_3V3"
Change component parameters (AddParameter): Name = "Parameter2"; Value = "F"; VariantName = "RS422_to_3V3"
Change component parameters (AddParameter): Name = "Parameter2Desc"; Value = "Tolerance Symbol"; VariantName = "RS422_to_3V3"
Change component parameters (AddParameter): Name = "Parameter3"; Value = ""; VariantName = "RS422_to_3V3"
Change component parameters (AddParameter): Name = "Parameter3Desc"; Value = ""; VariantName = "RS422_to_3V3"
Change component parameters (AddParameter): Name = "Supplier 1"; Value = "Mouser"; VariantName = "RS422_to_3V3"
Change component parameters (AddParameter): Name = "Supplier Part Number 1"; Value = "667-ERJ-U030R00V"; VariantName = "RS422_to_3V3"
Change component parameters (AddParameter): Name = "Value"; Value = "0"; VariantName = "RS422_to_3V3"
Change component parameters: Designator = "R6D"; Footprint = "RESC1608X55X30NL15T15"; UniqueID = "\REEOQYYS\LOSHMCEA\4DEFTBZMN\XQOTLDFB"
Change component parameters. Clean all parameters for all variants
Change component parameters (AddParameter): Name = "ComponentLink1Description"; Value = "Datasheet"; VariantName = "[No Variations]"
Change component parameters (AddParameter): Name = "ComponentLink1URL"; Value = "https://www.mouser.de/datasheet/2/315/AOA0000C334-1314047.pdf"; VariantName = "[No Variations]"
Change component parameters (AddParameter): Name = "Created"; Value = "2019-12-08_Thilo_Wendt"; VariantName = "[No Variations]"
Change component parameters (AddParameter): Name = "HelpURL"; Value = "https://www.mouser.de/datasheet/2/315/AOA0000C334-1314047.pdf"; VariantName = "[No Variations]"
Change component parameters (AddParameter): Name = "MaxVoltage"; Value = "100"; VariantName = "[No Variations]"
Change component parameters (AddParameter): Name = "MF"; Value = "Panasonic"; VariantName = "[No Variations]"
Change component parameters (AddParameter): Name = "MPN"; Value = "ERJU030R00V"; VariantName = "[No Variations]"
Change component parameters (AddParameter): Name = "Package"; Value = "CurrentFootprint"; VariantName = "[No Variations]"
Change component parameters (AddParameter): Name = "Parameter1"; Value = "V"; VariantName = "[No Variations]"
Change component parameters (AddParameter): Name = "Parameter1Desc"; Value = "Package Method"; VariantName = "[No Variations]"
Change component parameters (AddParameter): Name = "Parameter2"; Value = "F"; VariantName = "[No Variations]"
Change component parameters (AddParameter): Name = "Parameter2Desc"; Value = "Tolerance Symbol"; VariantName = "[No Variations]"
Change component parameters (AddParameter): Name = "Parameter3"; Value = ""; VariantName = "[No Variations]"
Change component parameters (AddParameter): Name = "Parameter3Desc"; Value = ""; VariantName = "[No Variations]"
Change component parameters (AddParameter): Name = "Supplier 1"; Value = "Mouser"; VariantName = "[No Variations]"
Change component parameters (AddParameter): Name = "Supplier Part Number 1"; Value = "667-ERJ-U030R00V"; VariantName = "[No Variations]"
Change component parameters (AddParameter): Name = "Value"; Value = "0"; VariantName = "[No Variations]"
Change component parameters (AddParameter): Name = "ComponentLink1Description"; Value = "Datasheet"; VariantName = "3V3_to_15V"
Change component parameters (AddParameter): Name = "ComponentLink1URL"; Value = "https://www.mouser.de/datasheet/2/315/AOA0000C334-1314047.pdf"; VariantName = "3V3_to_15V"
Change component parameters (AddParameter): Name = "Created"; Value = "2019-12-08_Thilo_Wendt"; VariantName = "3V3_to_15V"
Change component parameters (AddParameter): Name = "HelpURL"; Value = "https://www.mouser.de/datasheet/2/315/AOA0000C334-1314047.pdf"; VariantName = "3V3_to_15V"
Change component parameters (AddParameter): Name = "MaxVoltage"; Value = "100"; VariantName = "3V3_to_15V"
Change component parameters (AddParameter): Name = "MF"; Value = "Panasonic"; VariantName = "3V3_to_15V"
Change component parameters (AddParameter): Name = "MPN"; Value = "ERJU030R00V"; VariantName = "3V3_to_15V"
Change component parameters (AddParameter): Name = "Package"; Value = "CurrentFootprint"; VariantName = "3V3_to_15V"
Change component parameters (AddParameter): Name = "Parameter1"; Value = "V"; VariantName = "3V3_to_15V"
Change component parameters (AddParameter): Name = "Parameter1Desc"; Value = "Package Method"; VariantName = "3V3_to_15V"
Change component parameters (AddParameter): Name = "Parameter2"; Value = "F"; VariantName = "3V3_to_15V"
Change component parameters (AddParameter): Name = "Parameter2Desc"; Value = "Tolerance Symbol"; VariantName = "3V3_to_15V"
Change component parameters (AddParameter): Name = "Parameter3"; Value = ""; VariantName = "3V3_to_15V"
Change component parameters (AddParameter): Name = "Parameter3Desc"; Value = ""; VariantName = "3V3_to_15V"
Change component parameters (AddParameter): Name = "Supplier 1"; Value = "Mouser"; VariantName = "3V3_to_15V"
Change component parameters (AddParameter): Name = "Supplier Part Number 1"; Value = "667-ERJ-U030R00V"; VariantName = "3V3_to_15V"
Change component parameters (AddParameter): Name = "Value"; Value = "0"; VariantName = "3V3_to_15V"
Change component parameters (AddParameter): Name = "ComponentLink1Description"; Value = "Datasheet"; VariantName = "3V3_to_RS422"
Change component parameters (AddParameter): Name = "ComponentLink1URL"; Value = "https://www.mouser.de/datasheet/2/315/AOA0000C334-1314047.pdf"; VariantName = "3V3_to_RS422"
Change component parameters (AddParameter): Name = "Created"; Value = "2019-12-08_Thilo_Wendt"; VariantName = "3V3_to_RS422"
Change component parameters (AddParameter): Name = "HelpURL"; Value = "https://www.mouser.de/datasheet/2/315/AOA0000C334-1314047.pdf"; VariantName = "3V3_to_RS422"
Change component parameters (AddParameter): Name = "MaxVoltage"; Value = "100"; VariantName = "3V3_to_RS422"
Change component parameters (AddParameter): Name = "MF"; Value = "Panasonic"; VariantName = "3V3_to_RS422"
Change component parameters (AddParameter): Name = "MPN"; Value = "ERJU030R00V"; VariantName = "3V3_to_RS422"
Change component parameters (AddParameter): Name = "Package"; Value = "CurrentFootprint"; VariantName = "3V3_to_RS422"
Change component parameters (AddParameter): Name = "Parameter1"; Value = "V"; VariantName = "3V3_to_RS422"
Change component parameters (AddParameter): Name = "Parameter1Desc"; Value = "Package Method"; VariantName = "3V3_to_RS422"
Change component parameters (AddParameter): Name = "Parameter2"; Value = "F"; VariantName = "3V3_to_RS422"
Change component parameters (AddParameter): Name = "Parameter2Desc"; Value = "Tolerance Symbol"; VariantName = "3V3_to_RS422"
Change component parameters (AddParameter): Name = "Parameter3"; Value = ""; VariantName = "3V3_to_RS422"
Change component parameters (AddParameter): Name = "Parameter3Desc"; Value = ""; VariantName = "3V3_to_RS422"
Change component parameters (AddParameter): Name = "Supplier 1"; Value = "Mouser"; VariantName = "3V3_to_RS422"
Change component parameters (AddParameter): Name = "Supplier Part Number 1"; Value = "667-ERJ-U030R00V"; VariantName = "3V3_to_RS422"
Change component parameters (AddParameter): Name = "Value"; Value = "0"; VariantName = "3V3_to_RS422"
Change component parameters (AddParameter): Name = "ComponentLink1Description"; Value = "Datasheet"; VariantName = "RS422_to_3V3"
Change component parameters (AddParameter): Name = "ComponentLink1URL"; Value = "https://www.mouser.de/datasheet/2/315/AOA0000C334-1314047.pdf"; VariantName = "RS422_to_3V3"
Change component parameters (AddParameter): Name = "Created"; Value = "2019-12-08_Thilo_Wendt"; VariantName = "RS422_to_3V3"
Change component parameters (AddParameter): Name = "HelpURL"; Value = "https://www.mouser.de/datasheet/2/315/AOA0000C334-1314047.pdf"; VariantName = "RS422_to_3V3"
Change component parameters (AddParameter): Name = "MaxVoltage"; Value = "100"; VariantName = "RS422_to_3V3"
Change component parameters (AddParameter): Name = "MF"; Value = "Panasonic"; VariantName = "RS422_to_3V3"
Change component parameters (AddParameter): Name = "MPN"; Value = "ERJU030R00V"; VariantName = "RS422_to_3V3"
Change component parameters (AddParameter): Name = "Package"; Value = "CurrentFootprint"; VariantName = "RS422_to_3V3"
Change component parameters (AddParameter): Name = "Parameter1"; Value = "V"; VariantName = "RS422_to_3V3"
Change component parameters (AddParameter): Name = "Parameter1Desc"; Value = "Package Method"; VariantName = "RS422_to_3V3"
Change component parameters (AddParameter): Name = "Parameter2"; Value = "F"; VariantName = "RS422_to_3V3"
Change component parameters (AddParameter): Name = "Parameter2Desc"; Value = "Tolerance Symbol"; VariantName = "RS422_to_3V3"
Change component parameters (AddParameter): Name = "Parameter3"; Value = ""; VariantName = "RS422_to_3V3"
Change component parameters (AddParameter): Name = "Parameter3Desc"; Value = ""; VariantName = "RS422_to_3V3"
Change component parameters (AddParameter): Name = "Supplier 1"; Value = "Mouser"; VariantName = "RS422_to_3V3"
Change component parameters (AddParameter): Name = "Supplier Part Number 1"; Value = "667-ERJ-U030R00V"; VariantName = "RS422_to_3V3"
Change component parameters (AddParameter): Name = "Value"; Value = "0"; VariantName = "RS422_to_3V3"
Change component parameters: Designator = "R6E"; Footprint = "RESC1608X55X30NL15T15"; UniqueID = "\REEOQYYS\LOSHMCEA\5DEFTBZMN\XQOTLDFB"
Change component parameters. Clean all parameters for all variants
Change component parameters (AddParameter): Name = "ComponentLink1Description"; Value = "Datasheet"; VariantName = "[No Variations]"
Change component parameters (AddParameter): Name = "ComponentLink1URL"; Value = "https://www.mouser.de/datasheet/2/315/AOA0000C334-1314047.pdf"; VariantName = "[No Variations]"
Change component parameters (AddParameter): Name = "Created"; Value = "2019-12-08_Thilo_Wendt"; VariantName = "[No Variations]"
Change component parameters (AddParameter): Name = "HelpURL"; Value = "https://www.mouser.de/datasheet/2/315/AOA0000C334-1314047.pdf"; VariantName = "[No Variations]"
Change component parameters (AddParameter): Name = "MaxVoltage"; Value = "100"; VariantName = "[No Variations]"
Change component parameters (AddParameter): Name = "MF"; Value = "Panasonic"; VariantName = "[No Variations]"
Change component parameters (AddParameter): Name = "MPN"; Value = "ERJU030R00V"; VariantName = "[No Variations]"
Change component parameters (AddParameter): Name = "Package"; Value = "CurrentFootprint"; VariantName = "[No Variations]"
Change component parameters (AddParameter): Name = "Parameter1"; Value = "V"; VariantName = "[No Variations]"
Change component parameters (AddParameter): Name = "Parameter1Desc"; Value = "Package Method"; VariantName = "[No Variations]"
Change component parameters (AddParameter): Name = "Parameter2"; Value = "F"; VariantName = "[No Variations]"
Change component parameters (AddParameter): Name = "Parameter2Desc"; Value = "Tolerance Symbol"; VariantName = "[No Variations]"
Change component parameters (AddParameter): Name = "Parameter3"; Value = ""; VariantName = "[No Variations]"
Change component parameters (AddParameter): Name = "Parameter3Desc"; Value = ""; VariantName = "[No Variations]"
Change component parameters (AddParameter): Name = "Supplier 1"; Value = "Mouser"; VariantName = "[No Variations]"
Change component parameters (AddParameter): Name = "Supplier Part Number 1"; Value = "667-ERJ-U030R00V"; VariantName = "[No Variations]"
Change component parameters (AddParameter): Name = "Value"; Value = "0"; VariantName = "[No Variations]"
Change component parameters (AddParameter): Name = "ComponentLink1Description"; Value = "Datasheet"; VariantName = "3V3_to_15V"
Change component parameters (AddParameter): Name = "ComponentLink1URL"; Value = "https://www.mouser.de/datasheet/2/315/AOA0000C334-1314047.pdf"; VariantName = "3V3_to_15V"
Change component parameters (AddParameter): Name = "Created"; Value = "2019-12-08_Thilo_Wendt"; VariantName = "3V3_to_15V"
Change component parameters (AddParameter): Name = "HelpURL"; Value = "https://www.mouser.de/datasheet/2/315/AOA0000C334-1314047.pdf"; VariantName = "3V3_to_15V"
Change component parameters (AddParameter): Name = "MaxVoltage"; Value = "100"; VariantName = "3V3_to_15V"
Change component parameters (AddParameter): Name = "MF"; Value = "Panasonic"; VariantName = "3V3_to_15V"
Change component parameters (AddParameter): Name = "MPN"; Value = "ERJU030R00V"; VariantName = "3V3_to_15V"
Change component parameters (AddParameter): Name = "Package"; Value = "CurrentFootprint"; VariantName = "3V3_to_15V"
Change component parameters (AddParameter): Name = "Parameter1"; Value = "V"; VariantName = "3V3_to_15V"
Change component parameters (AddParameter): Name = "Parameter1Desc"; Value = "Package Method"; VariantName = "3V3_to_15V"
Change component parameters (AddParameter): Name = "Parameter2"; Value = "F"; VariantName = "3V3_to_15V"
Change component parameters (AddParameter): Name = "Parameter2Desc"; Value = "Tolerance Symbol"; VariantName = "3V3_to_15V"
Change component parameters (AddParameter): Name = "Parameter3"; Value = ""; VariantName = "3V3_to_15V"
Change component parameters (AddParameter): Name = "Parameter3Desc"; Value = ""; VariantName = "3V3_to_15V"
Change component parameters (AddParameter): Name = "Supplier 1"; Value = "Mouser"; VariantName = "3V3_to_15V"
Change component parameters (AddParameter): Name = "Supplier Part Number 1"; Value = "667-ERJ-U030R00V"; VariantName = "3V3_to_15V"
Change component parameters (AddParameter): Name = "Value"; Value = "0"; VariantName = "3V3_to_15V"
Change component parameters (AddParameter): Name = "ComponentLink1Description"; Value = "Datasheet"; VariantName = "3V3_to_RS422"
Change component parameters (AddParameter): Name = "ComponentLink1URL"; Value = "https://www.mouser.de/datasheet/2/315/AOA0000C334-1314047.pdf"; VariantName = "3V3_to_RS422"
Change component parameters (AddParameter): Name = "Created"; Value = "2019-12-08_Thilo_Wendt"; VariantName = "3V3_to_RS422"
Change component parameters (AddParameter): Name = "HelpURL"; Value = "https://www.mouser.de/datasheet/2/315/AOA0000C334-1314047.pdf"; VariantName = "3V3_to_RS422"
Change component parameters (AddParameter): Name = "MaxVoltage"; Value = "100"; VariantName = "3V3_to_RS422"
Change component parameters (AddParameter): Name = "MF"; Value = "Panasonic"; VariantName = "3V3_to_RS422"
Change component parameters (AddParameter): Name = "MPN"; Value = "ERJU030R00V"; VariantName = "3V3_to_RS422"
Change component parameters (AddParameter): Name = "Package"; Value = "CurrentFootprint"; VariantName = "3V3_to_RS422"
Change component parameters (AddParameter): Name = "Parameter1"; Value = "V"; VariantName = "3V3_to_RS422"
Change component parameters (AddParameter): Name = "Parameter1Desc"; Value = "Package Method"; VariantName = "3V3_to_RS422"
Change component parameters (AddParameter): Name = "Parameter2"; Value = "F"; VariantName = "3V3_to_RS422"
Change component parameters (AddParameter): Name = "Parameter2Desc"; Value = "Tolerance Symbol"; VariantName = "3V3_to_RS422"
Change component parameters (AddParameter): Name = "Parameter3"; Value = ""; VariantName = "3V3_to_RS422"
Change component parameters (AddParameter): Name = "Parameter3Desc"; Value = ""; VariantName = "3V3_to_RS422"
Change component parameters (AddParameter): Name = "Supplier 1"; Value = "Mouser"; VariantName = "3V3_to_RS422"
Change component parameters (AddParameter): Name = "Supplier Part Number 1"; Value = "667-ERJ-U030R00V"; VariantName = "3V3_to_RS422"
Change component parameters (AddParameter): Name = "Value"; Value = "0"; VariantName = "3V3_to_RS422"
Change component parameters (AddParameter): Name = "ComponentLink1Description"; Value = "Datasheet"; VariantName = "RS422_to_3V3"
Change component parameters (AddParameter): Name = "ComponentLink1URL"; Value = "https://www.mouser.de/datasheet/2/315/AOA0000C334-1314047.pdf"; VariantName = "RS422_to_3V3"
Change component parameters (AddParameter): Name = "Created"; Value = "2019-12-08_Thilo_Wendt"; VariantName = "RS422_to_3V3"
Change component parameters (AddParameter): Name = "HelpURL"; Value = "https://www.mouser.de/datasheet/2/315/AOA0000C334-1314047.pdf"; VariantName = "RS422_to_3V3"
Change component parameters (AddParameter): Name = "MaxVoltage"; Value = "100"; VariantName = "RS422_to_3V3"
Change component parameters (AddParameter): Name = "MF"; Value = "Panasonic"; VariantName = "RS422_to_3V3"
Change component parameters (AddParameter): Name = "MPN"; Value = "ERJU030R00V"; VariantName = "RS422_to_3V3"
Change component parameters (AddParameter): Name = "Package"; Value = "CurrentFootprint"; VariantName = "RS422_to_3V3"
Change component parameters (AddParameter): Name = "Parameter1"; Value = "V"; VariantName = "RS422_to_3V3"
Change component parameters (AddParameter): Name = "Parameter1Desc"; Value = "Package Method"; VariantName = "RS422_to_3V3"
Change component parameters (AddParameter): Name = "Parameter2"; Value = "F"; VariantName = "RS422_to_3V3"
Change component parameters (AddParameter): Name = "Parameter2Desc"; Value = "Tolerance Symbol"; VariantName = "RS422_to_3V3"
Change component parameters (AddParameter): Name = "Parameter3"; Value = ""; VariantName = "RS422_to_3V3"
Change component parameters (AddParameter): Name = "Parameter3Desc"; Value = ""; VariantName = "RS422_to_3V3"
Change component parameters (AddParameter): Name = "Supplier 1"; Value = "Mouser"; VariantName = "RS422_to_3V3"
Change component parameters (AddParameter): Name = "Supplier Part Number 1"; Value = "667-ERJ-U030R00V"; VariantName = "RS422_to_3V3"
Change component parameters (AddParameter): Name = "Value"; Value = "0"; VariantName = "RS422_to_3V3"
Change component parameters: Designator = "R7A"; Footprint = "RESC1608X55X30NL15T15"; UniqueID = "\REEOQYYS\LOSHMCEA\1DEFTBZMN\HPIPXNJK"
Change component parameters. Clean all parameters for all variants
Change component parameters (AddParameter): Name = "ComponentLink1Description"; Value = "Datasheet"; VariantName = "[No Variations]"
Change component parameters (AddParameter): Name = "ComponentLink1URL"; Value = "https://www.mouser.de/datasheet/2/315/AOA0000C334-1314047.pdf"; VariantName = "[No Variations]"
Change component parameters (AddParameter): Name = "Created"; Value = "2019-12-08_Thilo_Wendt"; VariantName = "[No Variations]"
Change component parameters (AddParameter): Name = "HelpURL"; Value = "https://www.mouser.de/datasheet/2/315/AOA0000C334-1314047.pdf"; VariantName = "[No Variations]"
Change component parameters (AddParameter): Name = "MaxVoltage"; Value = "100"; VariantName = "[No Variations]"
Change component parameters (AddParameter): Name = "MF"; Value = "Panasonic"; VariantName = "[No Variations]"
Change component parameters (AddParameter): Name = "MPN"; Value = "ERJU030R00V"; VariantName = "[No Variations]"
Change component parameters (AddParameter): Name = "Package"; Value = "CurrentFootprint"; VariantName = "[No Variations]"
Change component parameters (AddParameter): Name = "Parameter1"; Value = "V"; VariantName = "[No Variations]"
Change component parameters (AddParameter): Name = "Parameter1Desc"; Value = "Package Method"; VariantName = "[No Variations]"
Change component parameters (AddParameter): Name = "Parameter2"; Value = "F"; VariantName = "[No Variations]"
Change component parameters (AddParameter): Name = "Parameter2Desc"; Value = "Tolerance Symbol"; VariantName = "[No Variations]"
Change component parameters (AddParameter): Name = "Parameter3"; Value = ""; VariantName = "[No Variations]"
Change component parameters (AddParameter): Name = "Parameter3Desc"; Value = ""; VariantName = "[No Variations]"
Change component parameters (AddParameter): Name = "Supplier 1"; Value = "Mouser"; VariantName = "[No Variations]"
Change component parameters (AddParameter): Name = "Supplier Part Number 1"; Value = "667-ERJ-U030R00V"; VariantName = "[No Variations]"
Change component parameters (AddParameter): Name = "Value"; Value = "0"; VariantName = "[No Variations]"
Change component parameters (AddParameter): Name = "ComponentLink1Description"; Value = "Datasheet"; VariantName = "3V3_to_15V"
Change component parameters (AddParameter): Name = "ComponentLink1URL"; Value = "https://www.mouser.de/datasheet/2/315/AOA0000C334-1314047.pdf"; VariantName = "3V3_to_15V"
Change component parameters (AddParameter): Name = "Created"; Value = "2019-12-08_Thilo_Wendt"; VariantName = "3V3_to_15V"
Change component parameters (AddParameter): Name = "HelpURL"; Value = "https://www.mouser.de/datasheet/2/315/AOA0000C334-1314047.pdf"; VariantName = "3V3_to_15V"
Change component parameters (AddParameter): Name = "MaxVoltage"; Value = "100"; VariantName = "3V3_to_15V"
Change component parameters (AddParameter): Name = "MF"; Value = "Panasonic"; VariantName = "3V3_to_15V"
Change component parameters (AddParameter): Name = "MPN"; Value = "ERJU030R00V"; VariantName = "3V3_to_15V"
Change component parameters (AddParameter): Name = "Package"; Value = "CurrentFootprint"; VariantName = "3V3_to_15V"
Change component parameters (AddParameter): Name = "Parameter1"; Value = "V"; VariantName = "3V3_to_15V"
Change component parameters (AddParameter): Name = "Parameter1Desc"; Value = "Package Method"; VariantName = "3V3_to_15V"
Change component parameters (AddParameter): Name = "Parameter2"; Value = "F"; VariantName = "3V3_to_15V"
Change component parameters (AddParameter): Name = "Parameter2Desc"; Value = "Tolerance Symbol"; VariantName = "3V3_to_15V"
Change component parameters (AddParameter): Name = "Parameter3"; Value = ""; VariantName = "3V3_to_15V"
Change component parameters (AddParameter): Name = "Parameter3Desc"; Value = ""; VariantName = "3V3_to_15V"
Change component parameters (AddParameter): Name = "Supplier 1"; Value = "Mouser"; VariantName = "3V3_to_15V"
Change component parameters (AddParameter): Name = "Supplier Part Number 1"; Value = "667-ERJ-U030R00V"; VariantName = "3V3_to_15V"
Change component parameters (AddParameter): Name = "Value"; Value = "0"; VariantName = "3V3_to_15V"
Change component parameters (AddParameter): Name = "ComponentLink1Description"; Value = "Datasheet"; VariantName = "3V3_to_RS422"
Change component parameters (AddParameter): Name = "ComponentLink1URL"; Value = "https://www.mouser.de/datasheet/2/315/AOA0000C334-1314047.pdf"; VariantName = "3V3_to_RS422"
Change component parameters (AddParameter): Name = "Created"; Value = "2019-12-08_Thilo_Wendt"; VariantName = "3V3_to_RS422"
Change component parameters (AddParameter): Name = "HelpURL"; Value = "https://www.mouser.de/datasheet/2/315/AOA0000C334-1314047.pdf"; VariantName = "3V3_to_RS422"
Change component parameters (AddParameter): Name = "MaxVoltage"; Value = "100"; VariantName = "3V3_to_RS422"
Change component parameters (AddParameter): Name = "MF"; Value = "Panasonic"; VariantName = "3V3_to_RS422"
Change component parameters (AddParameter): Name = "MPN"; Value = "ERJU030R00V"; VariantName = "3V3_to_RS422"
Change component parameters (AddParameter): Name = "Package"; Value = "CurrentFootprint"; VariantName = "3V3_to_RS422"
Change component parameters (AddParameter): Name = "Parameter1"; Value = "V"; VariantName = "3V3_to_RS422"
Change component parameters (AddParameter): Name = "Parameter1Desc"; Value = "Package Method"; VariantName = "3V3_to_RS422"
Change component parameters (AddParameter): Name = "Parameter2"; Value = "F"; VariantName = "3V3_to_RS422"
Change component parameters (AddParameter): Name = "Parameter2Desc"; Value = "Tolerance Symbol"; VariantName = "3V3_to_RS422"
Change component parameters (AddParameter): Name = "Parameter3"; Value = ""; VariantName = "3V3_to_RS422"
Change component parameters (AddParameter): Name = "Parameter3Desc"; Value = ""; VariantName = "3V3_to_RS422"
Change component parameters (AddParameter): Name = "Supplier 1"; Value = "Mouser"; VariantName = "3V3_to_RS422"
Change component parameters (AddParameter): Name = "Supplier Part Number 1"; Value = "667-ERJ-U030R00V"; VariantName = "3V3_to_RS422"
Change component parameters (AddParameter): Name = "Value"; Value = "0"; VariantName = "3V3_to_RS422"
Change component parameters (AddParameter): Name = "ComponentLink1Description"; Value = "Datasheet"; VariantName = "RS422_to_3V3"
Change component parameters (AddParameter): Name = "ComponentLink1URL"; Value = "https://www.mouser.de/datasheet/2/315/AOA0000C334-1314047.pdf"; VariantName = "RS422_to_3V3"
Change component parameters (AddParameter): Name = "Created"; Value = "2019-12-08_Thilo_Wendt"; VariantName = "RS422_to_3V3"
Change component parameters (AddParameter): Name = "HelpURL"; Value = "https://www.mouser.de/datasheet/2/315/AOA0000C334-1314047.pdf"; VariantName = "RS422_to_3V3"
Change component parameters (AddParameter): Name = "MaxVoltage"; Value = "100"; VariantName = "RS422_to_3V3"
Change component parameters (AddParameter): Name = "MF"; Value = "Panasonic"; VariantName = "RS422_to_3V3"
Change component parameters (AddParameter): Name = "MPN"; Value = "ERJU030R00V"; VariantName = "RS422_to_3V3"
Change component parameters (AddParameter): Name = "Package"; Value = "CurrentFootprint"; VariantName = "RS422_to_3V3"
Change component parameters (AddParameter): Name = "Parameter1"; Value = "V"; VariantName = "RS422_to_3V3"
Change component parameters (AddParameter): Name = "Parameter1Desc"; Value = "Package Method"; VariantName = "RS422_to_3V3"
Change component parameters (AddParameter): Name = "Parameter2"; Value = "F"; VariantName = "RS422_to_3V3"
Change component parameters (AddParameter): Name = "Parameter2Desc"; Value = "Tolerance Symbol"; VariantName = "RS422_to_3V3"
Change component parameters (AddParameter): Name = "Parameter3"; Value = ""; VariantName = "RS422_to_3V3"
Change component parameters (AddParameter): Name = "Parameter3Desc"; Value = ""; VariantName = "RS422_to_3V3"
Change component parameters (AddParameter): Name = "Supplier 1"; Value = "Mouser"; VariantName = "RS422_to_3V3"
Change component parameters (AddParameter): Name = "Supplier Part Number 1"; Value = "667-ERJ-U030R00V"; VariantName = "RS422_to_3V3"
Change component parameters (AddParameter): Name = "Value"; Value = "0"; VariantName = "RS422_to_3V3"
Change component parameters: Designator = "R7B"; Footprint = "RESC1608X55X30NL15T15"; UniqueID = "\REEOQYYS\LOSHMCEA\2DEFTBZMN\HPIPXNJK"
Change component parameters. Clean all parameters for all variants
Change component parameters (AddParameter): Name = "ComponentLink1Description"; Value = "Datasheet"; VariantName = "[No Variations]"
Change component parameters (AddParameter): Name = "ComponentLink1URL"; Value = "https://www.mouser.de/datasheet/2/315/AOA0000C334-1314047.pdf"; VariantName = "[No Variations]"
Change component parameters (AddParameter): Name = "Created"; Value = "2019-12-08_Thilo_Wendt"; VariantName = "[No Variations]"
Change component parameters (AddParameter): Name = "HelpURL"; Value = "https://www.mouser.de/datasheet/2/315/AOA0000C334-1314047.pdf"; VariantName = "[No Variations]"
Change component parameters (AddParameter): Name = "MaxVoltage"; Value = "100"; VariantName = "[No Variations]"
Change component parameters (AddParameter): Name = "MF"; Value = "Panasonic"; VariantName = "[No Variations]"
Change component parameters (AddParameter): Name = "MPN"; Value = "ERJU030R00V"; VariantName = "[No Variations]"
Change component parameters (AddParameter): Name = "Package"; Value = "CurrentFootprint"; VariantName = "[No Variations]"
Change component parameters (AddParameter): Name = "Parameter1"; Value = "V"; VariantName = "[No Variations]"
Change component parameters (AddParameter): Name = "Parameter1Desc"; Value = "Package Method"; VariantName = "[No Variations]"
Change component parameters (AddParameter): Name = "Parameter2"; Value = "F"; VariantName = "[No Variations]"
Change component parameters (AddParameter): Name = "Parameter2Desc"; Value = "Tolerance Symbol"; VariantName = "[No Variations]"
Change component parameters (AddParameter): Name = "Parameter3"; Value = ""; VariantName = "[No Variations]"
Change component parameters (AddParameter): Name = "Parameter3Desc"; Value = ""; VariantName = "[No Variations]"
Change component parameters (AddParameter): Name = "Supplier 1"; Value = "Mouser"; VariantName = "[No Variations]"
Change component parameters (AddParameter): Name = "Supplier Part Number 1"; Value = "667-ERJ-U030R00V"; VariantName = "[No Variations]"
Change component parameters (AddParameter): Name = "Value"; Value = "0"; VariantName = "[No Variations]"
Change component parameters (AddParameter): Name = "ComponentLink1Description"; Value = "Datasheet"; VariantName = "3V3_to_15V"
Change component parameters (AddParameter): Name = "ComponentLink1URL"; Value = "https://www.mouser.de/datasheet/2/315/AOA0000C334-1314047.pdf"; VariantName = "3V3_to_15V"
Change component parameters (AddParameter): Name = "Created"; Value = "2019-12-08_Thilo_Wendt"; VariantName = "3V3_to_15V"
Change component parameters (AddParameter): Name = "HelpURL"; Value = "https://www.mouser.de/datasheet/2/315/AOA0000C334-1314047.pdf"; VariantName = "3V3_to_15V"
Change component parameters (AddParameter): Name = "MaxVoltage"; Value = "100"; VariantName = "3V3_to_15V"
Change component parameters (AddParameter): Name = "MF"; Value = "Panasonic"; VariantName = "3V3_to_15V"
Change component parameters (AddParameter): Name = "MPN"; Value = "ERJU030R00V"; VariantName = "3V3_to_15V"
Change component parameters (AddParameter): Name = "Package"; Value = "CurrentFootprint"; VariantName = "3V3_to_15V"
Change component parameters (AddParameter): Name = "Parameter1"; Value = "V"; VariantName = "3V3_to_15V"
Change component parameters (AddParameter): Name = "Parameter1Desc"; Value = "Package Method"; VariantName = "3V3_to_15V"
Change component parameters (AddParameter): Name = "Parameter2"; Value = "F"; VariantName = "3V3_to_15V"
Change component parameters (AddParameter): Name = "Parameter2Desc"; Value = "Tolerance Symbol"; VariantName = "3V3_to_15V"
Change component parameters (AddParameter): Name = "Parameter3"; Value = ""; VariantName = "3V3_to_15V"
Change component parameters (AddParameter): Name = "Parameter3Desc"; Value = ""; VariantName = "3V3_to_15V"
Change component parameters (AddParameter): Name = "Supplier 1"; Value = "Mouser"; VariantName = "3V3_to_15V"
Change component parameters (AddParameter): Name = "Supplier Part Number 1"; Value = "667-ERJ-U030R00V"; VariantName = "3V3_to_15V"
Change component parameters (AddParameter): Name = "Value"; Value = "0"; VariantName = "3V3_to_15V"
Change component parameters (AddParameter): Name = "ComponentLink1Description"; Value = "Datasheet"; VariantName = "3V3_to_RS422"
Change component parameters (AddParameter): Name = "ComponentLink1URL"; Value = "https://www.mouser.de/datasheet/2/315/AOA0000C334-1314047.pdf"; VariantName = "3V3_to_RS422"
Change component parameters (AddParameter): Name = "Created"; Value = "2019-12-08_Thilo_Wendt"; VariantName = "3V3_to_RS422"
Change component parameters (AddParameter): Name = "HelpURL"; Value = "https://www.mouser.de/datasheet/2/315/AOA0000C334-1314047.pdf"; VariantName = "3V3_to_RS422"
Change component parameters (AddParameter): Name = "MaxVoltage"; Value = "100"; VariantName = "3V3_to_RS422"
Change component parameters (AddParameter): Name = "MF"; Value = "Panasonic"; VariantName = "3V3_to_RS422"
Change component parameters (AddParameter): Name = "MPN"; Value = "ERJU030R00V"; VariantName = "3V3_to_RS422"
Change component parameters (AddParameter): Name = "Package"; Value = "CurrentFootprint"; VariantName = "3V3_to_RS422"
Change component parameters (AddParameter): Name = "Parameter1"; Value = "V"; VariantName = "3V3_to_RS422"
Change component parameters (AddParameter): Name = "Parameter1Desc"; Value = "Package Method"; VariantName = "3V3_to_RS422"
Change component parameters (AddParameter): Name = "Parameter2"; Value = "F"; VariantName = "3V3_to_RS422"
Change component parameters (AddParameter): Name = "Parameter2Desc"; Value = "Tolerance Symbol"; VariantName = "3V3_to_RS422"
Change component parameters (AddParameter): Name = "Parameter3"; Value = ""; VariantName = "3V3_to_RS422"
Change component parameters (AddParameter): Name = "Parameter3Desc"; Value = ""; VariantName = "3V3_to_RS422"
Change component parameters (AddParameter): Name = "Supplier 1"; Value = "Mouser"; VariantName = "3V3_to_RS422"
Change component parameters (AddParameter): Name = "Supplier Part Number 1"; Value = "667-ERJ-U030R00V"; VariantName = "3V3_to_RS422"
Change component parameters (AddParameter): Name = "Value"; Value = "0"; VariantName = "3V3_to_RS422"
Change component parameters (AddParameter): Name = "ComponentLink1Description"; Value = "Datasheet"; VariantName = "RS422_to_3V3"
Change component parameters (AddParameter): Name = "ComponentLink1URL"; Value = "https://www.mouser.de/datasheet/2/315/AOA0000C334-1314047.pdf"; VariantName = "RS422_to_3V3"
Change component parameters (AddParameter): Name = "Created"; Value = "2019-12-08_Thilo_Wendt"; VariantName = "RS422_to_3V3"
Change component parameters (AddParameter): Name = "HelpURL"; Value = "https://www.mouser.de/datasheet/2/315/AOA0000C334-1314047.pdf"; VariantName = "RS422_to_3V3"
Change component parameters (AddParameter): Name = "MaxVoltage"; Value = "100"; VariantName = "RS422_to_3V3"
Change component parameters (AddParameter): Name = "MF"; Value = "Panasonic"; VariantName = "RS422_to_3V3"
Change component parameters (AddParameter): Name = "MPN"; Value = "ERJU030R00V"; VariantName = "RS422_to_3V3"
Change component parameters (AddParameter): Name = "Package"; Value = "CurrentFootprint"; VariantName = "RS422_to_3V3"
Change component parameters (AddParameter): Name = "Parameter1"; Value = "V"; VariantName = "RS422_to_3V3"
Change component parameters (AddParameter): Name = "Parameter1Desc"; Value = "Package Method"; VariantName = "RS422_to_3V3"
Change component parameters (AddParameter): Name = "Parameter2"; Value = "F"; VariantName = "RS422_to_3V3"
Change component parameters (AddParameter): Name = "Parameter2Desc"; Value = "Tolerance Symbol"; VariantName = "RS422_to_3V3"
Change component parameters (AddParameter): Name = "Parameter3"; Value = ""; VariantName = "RS422_to_3V3"
Change component parameters (AddParameter): Name = "Parameter3Desc"; Value = ""; VariantName = "RS422_to_3V3"
Change component parameters (AddParameter): Name = "Supplier 1"; Value = "Mouser"; VariantName = "RS422_to_3V3"
Change component parameters (AddParameter): Name = "Supplier Part Number 1"; Value = "667-ERJ-U030R00V"; VariantName = "RS422_to_3V3"
Change component parameters (AddParameter): Name = "Value"; Value = "0"; VariantName = "RS422_to_3V3"
Change component parameters: Designator = "R7C"; Footprint = "RESC1608X55X30NL15T15"; UniqueID = "\REEOQYYS\LOSHMCEA\3DEFTBZMN\HPIPXNJK"
Change component parameters. Clean all parameters for all variants
Change component parameters (AddParameter): Name = "ComponentLink1Description"; Value = "Datasheet"; VariantName = "[No Variations]"
Change component parameters (AddParameter): Name = "ComponentLink1URL"; Value = "https://www.mouser.de/datasheet/2/315/AOA0000C334-1314047.pdf"; VariantName = "[No Variations]"
Change component parameters (AddParameter): Name = "Created"; Value = "2019-12-08_Thilo_Wendt"; VariantName = "[No Variations]"
Change component parameters (AddParameter): Name = "HelpURL"; Value = "https://www.mouser.de/datasheet/2/315/AOA0000C334-1314047.pdf"; VariantName = "[No Variations]"
Change component parameters (AddParameter): Name = "MaxVoltage"; Value = "100"; VariantName = "[No Variations]"
Change component parameters (AddParameter): Name = "MF"; Value = "Panasonic"; VariantName = "[No Variations]"
Change component parameters (AddParameter): Name = "MPN"; Value = "ERJU030R00V"; VariantName = "[No Variations]"
Change component parameters (AddParameter): Name = "Package"; Value = "CurrentFootprint"; VariantName = "[No Variations]"
Change component parameters (AddParameter): Name = "Parameter1"; Value = "V"; VariantName = "[No Variations]"
Change component parameters (AddParameter): Name = "Parameter1Desc"; Value = "Package Method"; VariantName = "[No Variations]"
Change component parameters (AddParameter): Name = "Parameter2"; Value = "F"; VariantName = "[No Variations]"
Change component parameters (AddParameter): Name = "Parameter2Desc"; Value = "Tolerance Symbol"; VariantName = "[No Variations]"
Change component parameters (AddParameter): Name = "Parameter3"; Value = ""; VariantName = "[No Variations]"
Change component parameters (AddParameter): Name = "Parameter3Desc"; Value = ""; VariantName = "[No Variations]"
Change component parameters (AddParameter): Name = "Supplier 1"; Value = "Mouser"; VariantName = "[No Variations]"
Change component parameters (AddParameter): Name = "Supplier Part Number 1"; Value = "667-ERJ-U030R00V"; VariantName = "[No Variations]"
Change component parameters (AddParameter): Name = "Value"; Value = "0"; VariantName = "[No Variations]"
Change component parameters (AddParameter): Name = "ComponentLink1Description"; Value = "Datasheet"; VariantName = "3V3_to_15V"
Change component parameters (AddParameter): Name = "ComponentLink1URL"; Value = "https://www.mouser.de/datasheet/2/315/AOA0000C334-1314047.pdf"; VariantName = "3V3_to_15V"
Change component parameters (AddParameter): Name = "Created"; Value = "2019-12-08_Thilo_Wendt"; VariantName = "3V3_to_15V"
Change component parameters (AddParameter): Name = "HelpURL"; Value = "https://www.mouser.de/datasheet/2/315/AOA0000C334-1314047.pdf"; VariantName = "3V3_to_15V"
Change component parameters (AddParameter): Name = "MaxVoltage"; Value = "100"; VariantName = "3V3_to_15V"
Change component parameters (AddParameter): Name = "MF"; Value = "Panasonic"; VariantName = "3V3_to_15V"
Change component parameters (AddParameter): Name = "MPN"; Value = "ERJU030R00V"; VariantName = "3V3_to_15V"
Change component parameters (AddParameter): Name = "Package"; Value = "CurrentFootprint"; VariantName = "3V3_to_15V"
Change component parameters (AddParameter): Name = "Parameter1"; Value = "V"; VariantName = "3V3_to_15V"
Change component parameters (AddParameter): Name = "Parameter1Desc"; Value = "Package Method"; VariantName = "3V3_to_15V"
Change component parameters (AddParameter): Name = "Parameter2"; Value = "F"; VariantName = "3V3_to_15V"
Change component parameters (AddParameter): Name = "Parameter2Desc"; Value = "Tolerance Symbol"; VariantName = "3V3_to_15V"
Change component parameters (AddParameter): Name = "Parameter3"; Value = ""; VariantName = "3V3_to_15V"
Change component parameters (AddParameter): Name = "Parameter3Desc"; Value = ""; VariantName = "3V3_to_15V"
Change component parameters (AddParameter): Name = "Supplier 1"; Value = "Mouser"; VariantName = "3V3_to_15V"
Change component parameters (AddParameter): Name = "Supplier Part Number 1"; Value = "667-ERJ-U030R00V"; VariantName = "3V3_to_15V"
Change component parameters (AddParameter): Name = "Value"; Value = "0"; VariantName = "3V3_to_15V"
Change component parameters (AddParameter): Name = "ComponentLink1Description"; Value = "Datasheet"; VariantName = "3V3_to_RS422"
Change component parameters (AddParameter): Name = "ComponentLink1URL"; Value = "https://www.mouser.de/datasheet/2/315/AOA0000C334-1314047.pdf"; VariantName = "3V3_to_RS422"
Change component parameters (AddParameter): Name = "Created"; Value = "2019-12-08_Thilo_Wendt"; VariantName = "3V3_to_RS422"
Change component parameters (AddParameter): Name = "HelpURL"; Value = "https://www.mouser.de/datasheet/2/315/AOA0000C334-1314047.pdf"; VariantName = "3V3_to_RS422"
Change component parameters (AddParameter): Name = "MaxVoltage"; Value = "100"; VariantName = "3V3_to_RS422"
Change component parameters (AddParameter): Name = "MF"; Value = "Panasonic"; VariantName = "3V3_to_RS422"
Change component parameters (AddParameter): Name = "MPN"; Value = "ERJU030R00V"; VariantName = "3V3_to_RS422"
Change component parameters (AddParameter): Name = "Package"; Value = "CurrentFootprint"; VariantName = "3V3_to_RS422"
Change component parameters (AddParameter): Name = "Parameter1"; Value = "V"; VariantName = "3V3_to_RS422"
Change component parameters (AddParameter): Name = "Parameter1Desc"; Value = "Package Method"; VariantName = "3V3_to_RS422"
Change component parameters (AddParameter): Name = "Parameter2"; Value = "F"; VariantName = "3V3_to_RS422"
Change component parameters (AddParameter): Name = "Parameter2Desc"; Value = "Tolerance Symbol"; VariantName = "3V3_to_RS422"
Change component parameters (AddParameter): Name = "Parameter3"; Value = ""; VariantName = "3V3_to_RS422"
Change component parameters (AddParameter): Name = "Parameter3Desc"; Value = ""; VariantName = "3V3_to_RS422"
Change component parameters (AddParameter): Name = "Supplier 1"; Value = "Mouser"; VariantName = "3V3_to_RS422"
Change component parameters (AddParameter): Name = "Supplier Part Number 1"; Value = "667-ERJ-U030R00V"; VariantName = "3V3_to_RS422"
Change component parameters (AddParameter): Name = "Value"; Value = "0"; VariantName = "3V3_to_RS422"
Change component parameters (AddParameter): Name = "ComponentLink1Description"; Value = "Datasheet"; VariantName = "RS422_to_3V3"
Change component parameters (AddParameter): Name = "ComponentLink1URL"; Value = "https://www.mouser.de/datasheet/2/315/AOA0000C334-1314047.pdf"; VariantName = "RS422_to_3V3"
Change component parameters (AddParameter): Name = "Created"; Value = "2019-12-08_Thilo_Wendt"; VariantName = "RS422_to_3V3"
Change component parameters (AddParameter): Name = "HelpURL"; Value = "https://www.mouser.de/datasheet/2/315/AOA0000C334-1314047.pdf"; VariantName = "RS422_to_3V3"
Change component parameters (AddParameter): Name = "MaxVoltage"; Value = "100"; VariantName = "RS422_to_3V3"
Change component parameters (AddParameter): Name = "MF"; Value = "Panasonic"; VariantName = "RS422_to_3V3"
Change component parameters (AddParameter): Name = "MPN"; Value = "ERJU030R00V"; VariantName = "RS422_to_3V3"
Change component parameters (AddParameter): Name = "Package"; Value = "CurrentFootprint"; VariantName = "RS422_to_3V3"
Change component parameters (AddParameter): Name = "Parameter1"; Value = "V"; VariantName = "RS422_to_3V3"
Change component parameters (AddParameter): Name = "Parameter1Desc"; Value = "Package Method"; VariantName = "RS422_to_3V3"
Change component parameters (AddParameter): Name = "Parameter2"; Value = "F"; VariantName = "RS422_to_3V3"
Change component parameters (AddParameter): Name = "Parameter2Desc"; Value = "Tolerance Symbol"; VariantName = "RS422_to_3V3"
Change component parameters (AddParameter): Name = "Parameter3"; Value = ""; VariantName = "RS422_to_3V3"
Change component parameters (AddParameter): Name = "Parameter3Desc"; Value = ""; VariantName = "RS422_to_3V3"
Change component parameters (AddParameter): Name = "Supplier 1"; Value = "Mouser"; VariantName = "RS422_to_3V3"
Change component parameters (AddParameter): Name = "Supplier Part Number 1"; Value = "667-ERJ-U030R00V"; VariantName = "RS422_to_3V3"
Change component parameters (AddParameter): Name = "Value"; Value = "0"; VariantName = "RS422_to_3V3"
Change component parameters: Designator = "R7D"; Footprint = "RESC1608X55X30NL15T15"; UniqueID = "\REEOQYYS\LOSHMCEA\4DEFTBZMN\HPIPXNJK"
Change component parameters. Clean all parameters for all variants
Change component parameters (AddParameter): Name = "ComponentLink1Description"; Value = "Datasheet"; VariantName = "[No Variations]"
Change component parameters (AddParameter): Name = "ComponentLink1URL"; Value = "https://www.mouser.de/datasheet/2/315/AOA0000C334-1314047.pdf"; VariantName = "[No Variations]"
Change component parameters (AddParameter): Name = "Created"; Value = "2019-12-08_Thilo_Wendt"; VariantName = "[No Variations]"
Change component parameters (AddParameter): Name = "HelpURL"; Value = "https://www.mouser.de/datasheet/2/315/AOA0000C334-1314047.pdf"; VariantName = "[No Variations]"
Change component parameters (AddParameter): Name = "MaxVoltage"; Value = "100"; VariantName = "[No Variations]"
Change component parameters (AddParameter): Name = "MF"; Value = "Panasonic"; VariantName = "[No Variations]"
Change component parameters (AddParameter): Name = "MPN"; Value = "ERJU030R00V"; VariantName = "[No Variations]"
Change component parameters (AddParameter): Name = "Package"; Value = "CurrentFootprint"; VariantName = "[No Variations]"
Change component parameters (AddParameter): Name = "Parameter1"; Value = "V"; VariantName = "[No Variations]"
Change component parameters (AddParameter): Name = "Parameter1Desc"; Value = "Package Method"; VariantName = "[No Variations]"
Change component parameters (AddParameter): Name = "Parameter2"; Value = "F"; VariantName = "[No Variations]"
Change component parameters (AddParameter): Name = "Parameter2Desc"; Value = "Tolerance Symbol"; VariantName = "[No Variations]"
Change component parameters (AddParameter): Name = "Parameter3"; Value = ""; VariantName = "[No Variations]"
Change component parameters (AddParameter): Name = "Parameter3Desc"; Value = ""; VariantName = "[No Variations]"
Change component parameters (AddParameter): Name = "Supplier 1"; Value = "Mouser"; VariantName = "[No Variations]"
Change component parameters (AddParameter): Name = "Supplier Part Number 1"; Value = "667-ERJ-U030R00V"; VariantName = "[No Variations]"
Change component parameters (AddParameter): Name = "Value"; Value = "0"; VariantName = "[No Variations]"
Change component parameters (AddParameter): Name = "ComponentLink1Description"; Value = "Datasheet"; VariantName = "3V3_to_15V"
Change component parameters (AddParameter): Name = "ComponentLink1URL"; Value = "https://www.mouser.de/datasheet/2/315/AOA0000C334-1314047.pdf"; VariantName = "3V3_to_15V"
Change component parameters (AddParameter): Name = "Created"; Value = "2019-12-08_Thilo_Wendt"; VariantName = "3V3_to_15V"
Change component parameters (AddParameter): Name = "HelpURL"; Value = "https://www.mouser.de/datasheet/2/315/AOA0000C334-1314047.pdf"; VariantName = "3V3_to_15V"
Change component parameters (AddParameter): Name = "MaxVoltage"; Value = "100"; VariantName = "3V3_to_15V"
Change component parameters (AddParameter): Name = "MF"; Value = "Panasonic"; VariantName = "3V3_to_15V"
Change component parameters (AddParameter): Name = "MPN"; Value = "ERJU030R00V"; VariantName = "3V3_to_15V"
Change component parameters (AddParameter): Name = "Package"; Value = "CurrentFootprint"; VariantName = "3V3_to_15V"
Change component parameters (AddParameter): Name = "Parameter1"; Value = "V"; VariantName = "3V3_to_15V"
Change component parameters (AddParameter): Name = "Parameter1Desc"; Value = "Package Method"; VariantName = "3V3_to_15V"
Change component parameters (AddParameter): Name = "Parameter2"; Value = "F"; VariantName = "3V3_to_15V"
Change component parameters (AddParameter): Name = "Parameter2Desc"; Value = "Tolerance Symbol"; VariantName = "3V3_to_15V"
Change component parameters (AddParameter): Name = "Parameter3"; Value = ""; VariantName = "3V3_to_15V"
Change component parameters (AddParameter): Name = "Parameter3Desc"; Value = ""; VariantName = "3V3_to_15V"
Change component parameters (AddParameter): Name = "Supplier 1"; Value = "Mouser"; VariantName = "3V3_to_15V"
Change component parameters (AddParameter): Name = "Supplier Part Number 1"; Value = "667-ERJ-U030R00V"; VariantName = "3V3_to_15V"
Change component parameters (AddParameter): Name = "Value"; Value = "0"; VariantName = "3V3_to_15V"
Change component parameters (AddParameter): Name = "ComponentLink1Description"; Value = "Datasheet"; VariantName = "3V3_to_RS422"
Change component parameters (AddParameter): Name = "ComponentLink1URL"; Value = "https://www.mouser.de/datasheet/2/315/AOA0000C334-1314047.pdf"; VariantName = "3V3_to_RS422"
Change component parameters (AddParameter): Name = "Created"; Value = "2019-12-08_Thilo_Wendt"; VariantName = "3V3_to_RS422"
Change component parameters (AddParameter): Name = "HelpURL"; Value = "https://www.mouser.de/datasheet/2/315/AOA0000C334-1314047.pdf"; VariantName = "3V3_to_RS422"
Change component parameters (AddParameter): Name = "MaxVoltage"; Value = "100"; VariantName = "3V3_to_RS422"
Change component parameters (AddParameter): Name = "MF"; Value = "Panasonic"; VariantName = "3V3_to_RS422"
Change component parameters (AddParameter): Name = "MPN"; Value = "ERJU030R00V"; VariantName = "3V3_to_RS422"
Change component parameters (AddParameter): Name = "Package"; Value = "CurrentFootprint"; VariantName = "3V3_to_RS422"
Change component parameters (AddParameter): Name = "Parameter1"; Value = "V"; VariantName = "3V3_to_RS422"
Change component parameters (AddParameter): Name = "Parameter1Desc"; Value = "Package Method"; VariantName = "3V3_to_RS422"
Change component parameters (AddParameter): Name = "Parameter2"; Value = "F"; VariantName = "3V3_to_RS422"
Change component parameters (AddParameter): Name = "Parameter2Desc"; Value = "Tolerance Symbol"; VariantName = "3V3_to_RS422"
Change component parameters (AddParameter): Name = "Parameter3"; Value = ""; VariantName = "3V3_to_RS422"
Change component parameters (AddParameter): Name = "Parameter3Desc"; Value = ""; VariantName = "3V3_to_RS422"
Change component parameters (AddParameter): Name = "Supplier 1"; Value = "Mouser"; VariantName = "3V3_to_RS422"
Change component parameters (AddParameter): Name = "Supplier Part Number 1"; Value = "667-ERJ-U030R00V"; VariantName = "3V3_to_RS422"
Change component parameters (AddParameter): Name = "Value"; Value = "0"; VariantName = "3V3_to_RS422"
Change component parameters (AddParameter): Name = "ComponentLink1Description"; Value = "Datasheet"; VariantName = "RS422_to_3V3"
Change component parameters (AddParameter): Name = "ComponentLink1URL"; Value = "https://www.mouser.de/datasheet/2/315/AOA0000C334-1314047.pdf"; VariantName = "RS422_to_3V3"
Change component parameters (AddParameter): Name = "Created"; Value = "2019-12-08_Thilo_Wendt"; VariantName = "RS422_to_3V3"
Change component parameters (AddParameter): Name = "HelpURL"; Value = "https://www.mouser.de/datasheet/2/315/AOA0000C334-1314047.pdf"; VariantName = "RS422_to_3V3"
Change component parameters (AddParameter): Name = "MaxVoltage"; Value = "100"; VariantName = "RS422_to_3V3"
Change component parameters (AddParameter): Name = "MF"; Value = "Panasonic"; VariantName = "RS422_to_3V3"
Change component parameters (AddParameter): Name = "MPN"; Value = "ERJU030R00V"; VariantName = "RS422_to_3V3"
Change component parameters (AddParameter): Name = "Package"; Value = "CurrentFootprint"; VariantName = "RS422_to_3V3"
Change component parameters (AddParameter): Name = "Parameter1"; Value = "V"; VariantName = "RS422_to_3V3"
Change component parameters (AddParameter): Name = "Parameter1Desc"; Value = "Package Method"; VariantName = "RS422_to_3V3"
Change component parameters (AddParameter): Name = "Parameter2"; Value = "F"; VariantName = "RS422_to_3V3"
Change component parameters (AddParameter): Name = "Parameter2Desc"; Value = "Tolerance Symbol"; VariantName = "RS422_to_3V3"
Change component parameters (AddParameter): Name = "Parameter3"; Value = ""; VariantName = "RS422_to_3V3"
Change component parameters (AddParameter): Name = "Parameter3Desc"; Value = ""; VariantName = "RS422_to_3V3"
Change component parameters (AddParameter): Name = "Supplier 1"; Value = "Mouser"; VariantName = "RS422_to_3V3"
Change component parameters (AddParameter): Name = "Supplier Part Number 1"; Value = "667-ERJ-U030R00V"; VariantName = "RS422_to_3V3"
Change component parameters (AddParameter): Name = "Value"; Value = "0"; VariantName = "RS422_to_3V3"
Change component parameters: Designator = "R7E"; Footprint = "RESC1608X55X30NL15T15"; UniqueID = "\REEOQYYS\LOSHMCEA\5DEFTBZMN\HPIPXNJK"
Change component parameters. Clean all parameters for all variants
Change component parameters (AddParameter): Name = "ComponentLink1Description"; Value = "Datasheet"; VariantName = "[No Variations]"
Change component parameters (AddParameter): Name = "ComponentLink1URL"; Value = "https://www.mouser.de/datasheet/2/315/AOA0000C334-1314047.pdf"; VariantName = "[No Variations]"
Change component parameters (AddParameter): Name = "Created"; Value = "2019-12-08_Thilo_Wendt"; VariantName = "[No Variations]"
Change component parameters (AddParameter): Name = "HelpURL"; Value = "https://www.mouser.de/datasheet/2/315/AOA0000C334-1314047.pdf"; VariantName = "[No Variations]"
Change component parameters (AddParameter): Name = "MaxVoltage"; Value = "100"; VariantName = "[No Variations]"
Change component parameters (AddParameter): Name = "MF"; Value = "Panasonic"; VariantName = "[No Variations]"
Change component parameters (AddParameter): Name = "MPN"; Value = "ERJU030R00V"; VariantName = "[No Variations]"
Change component parameters (AddParameter): Name = "Package"; Value = "CurrentFootprint"; VariantName = "[No Variations]"
Change component parameters (AddParameter): Name = "Parameter1"; Value = "V"; VariantName = "[No Variations]"
Change component parameters (AddParameter): Name = "Parameter1Desc"; Value = "Package Method"; VariantName = "[No Variations]"
Change component parameters (AddParameter): Name = "Parameter2"; Value = "F"; VariantName = "[No Variations]"
Change component parameters (AddParameter): Name = "Parameter2Desc"; Value = "Tolerance Symbol"; VariantName = "[No Variations]"
Change component parameters (AddParameter): Name = "Parameter3"; Value = ""; VariantName = "[No Variations]"
Change component parameters (AddParameter): Name = "Parameter3Desc"; Value = ""; VariantName = "[No Variations]"
Change component parameters (AddParameter): Name = "Supplier 1"; Value = "Mouser"; VariantName = "[No Variations]"
Change component parameters (AddParameter): Name = "Supplier Part Number 1"; Value = "667-ERJ-U030R00V"; VariantName = "[No Variations]"
Change component parameters (AddParameter): Name = "Value"; Value = "0"; VariantName = "[No Variations]"
Change component parameters (AddParameter): Name = "ComponentLink1Description"; Value = "Datasheet"; VariantName = "3V3_to_15V"
Change component parameters (AddParameter): Name = "ComponentLink1URL"; Value = "https://www.mouser.de/datasheet/2/315/AOA0000C334-1314047.pdf"; VariantName = "3V3_to_15V"
Change component parameters (AddParameter): Name = "Created"; Value = "2019-12-08_Thilo_Wendt"; VariantName = "3V3_to_15V"
Change component parameters (AddParameter): Name = "HelpURL"; Value = "https://www.mouser.de/datasheet/2/315/AOA0000C334-1314047.pdf"; VariantName = "3V3_to_15V"
Change component parameters (AddParameter): Name = "MaxVoltage"; Value = "100"; VariantName = "3V3_to_15V"
Change component parameters (AddParameter): Name = "MF"; Value = "Panasonic"; VariantName = "3V3_to_15V"
Change component parameters (AddParameter): Name = "MPN"; Value = "ERJU030R00V"; VariantName = "3V3_to_15V"
Change component parameters (AddParameter): Name = "Package"; Value = "CurrentFootprint"; VariantName = "3V3_to_15V"
Change component parameters (AddParameter): Name = "Parameter1"; Value = "V"; VariantName = "3V3_to_15V"
Change component parameters (AddParameter): Name = "Parameter1Desc"; Value = "Package Method"; VariantName = "3V3_to_15V"
Change component parameters (AddParameter): Name = "Parameter2"; Value = "F"; VariantName = "3V3_to_15V"
Change component parameters (AddParameter): Name = "Parameter2Desc"; Value = "Tolerance Symbol"; VariantName = "3V3_to_15V"
Change component parameters (AddParameter): Name = "Parameter3"; Value = ""; VariantName = "3V3_to_15V"
Change component parameters (AddParameter): Name = "Parameter3Desc"; Value = ""; VariantName = "3V3_to_15V"
Change component parameters (AddParameter): Name = "Supplier 1"; Value = "Mouser"; VariantName = "3V3_to_15V"
Change component parameters (AddParameter): Name = "Supplier Part Number 1"; Value = "667-ERJ-U030R00V"; VariantName = "3V3_to_15V"
Change component parameters (AddParameter): Name = "Value"; Value = "0"; VariantName = "3V3_to_15V"
Change component parameters (AddParameter): Name = "ComponentLink1Description"; Value = "Datasheet"; VariantName = "3V3_to_RS422"
Change component parameters (AddParameter): Name = "ComponentLink1URL"; Value = "https://www.mouser.de/datasheet/2/315/AOA0000C334-1314047.pdf"; VariantName = "3V3_to_RS422"
Change component parameters (AddParameter): Name = "Created"; Value = "2019-12-08_Thilo_Wendt"; VariantName = "3V3_to_RS422"
Change component parameters (AddParameter): Name = "HelpURL"; Value = "https://www.mouser.de/datasheet/2/315/AOA0000C334-1314047.pdf"; VariantName = "3V3_to_RS422"
Change component parameters (AddParameter): Name = "MaxVoltage"; Value = "100"; VariantName = "3V3_to_RS422"
Change component parameters (AddParameter): Name = "MF"; Value = "Panasonic"; VariantName = "3V3_to_RS422"
Change component parameters (AddParameter): Name = "MPN"; Value = "ERJU030R00V"; VariantName = "3V3_to_RS422"
Change component parameters (AddParameter): Name = "Package"; Value = "CurrentFootprint"; VariantName = "3V3_to_RS422"
Change component parameters (AddParameter): Name = "Parameter1"; Value = "V"; VariantName = "3V3_to_RS422"
Change component parameters (AddParameter): Name = "Parameter1Desc"; Value = "Package Method"; VariantName = "3V3_to_RS422"
Change component parameters (AddParameter): Name = "Parameter2"; Value = "F"; VariantName = "3V3_to_RS422"
Change component parameters (AddParameter): Name = "Parameter2Desc"; Value = "Tolerance Symbol"; VariantName = "3V3_to_RS422"
Change component parameters (AddParameter): Name = "Parameter3"; Value = ""; VariantName = "3V3_to_RS422"
Change component parameters (AddParameter): Name = "Parameter3Desc"; Value = ""; VariantName = "3V3_to_RS422"
Change component parameters (AddParameter): Name = "Supplier 1"; Value = "Mouser"; VariantName = "3V3_to_RS422"
Change component parameters (AddParameter): Name = "Supplier Part Number 1"; Value = "667-ERJ-U030R00V"; VariantName = "3V3_to_RS422"
Change component parameters (AddParameter): Name = "Value"; Value = "0"; VariantName = "3V3_to_RS422"
Change component parameters (AddParameter): Name = "ComponentLink1Description"; Value = "Datasheet"; VariantName = "RS422_to_3V3"
Change component parameters (AddParameter): Name = "ComponentLink1URL"; Value = "https://www.mouser.de/datasheet/2/315/AOA0000C334-1314047.pdf"; VariantName = "RS422_to_3V3"
Change component parameters (AddParameter): Name = "Created"; Value = "2019-12-08_Thilo_Wendt"; VariantName = "RS422_to_3V3"
Change component parameters (AddParameter): Name = "HelpURL"; Value = "https://www.mouser.de/datasheet/2/315/AOA0000C334-1314047.pdf"; VariantName = "RS422_to_3V3"
Change component parameters (AddParameter): Name = "MaxVoltage"; Value = "100"; VariantName = "RS422_to_3V3"
Change component parameters (AddParameter): Name = "MF"; Value = "Panasonic"; VariantName = "RS422_to_3V3"
Change component parameters (AddParameter): Name = "MPN"; Value = "ERJU030R00V"; VariantName = "RS422_to_3V3"
Change component parameters (AddParameter): Name = "Package"; Value = "CurrentFootprint"; VariantName = "RS422_to_3V3"
Change component parameters (AddParameter): Name = "Parameter1"; Value = "V"; VariantName = "RS422_to_3V3"
Change component parameters (AddParameter): Name = "Parameter1Desc"; Value = "Package Method"; VariantName = "RS422_to_3V3"
Change component parameters (AddParameter): Name = "Parameter2"; Value = "F"; VariantName = "RS422_to_3V3"
Change component parameters (AddParameter): Name = "Parameter2Desc"; Value = "Tolerance Symbol"; VariantName = "RS422_to_3V3"
Change component parameters (AddParameter): Name = "Parameter3"; Value = ""; VariantName = "RS422_to_3V3"
Change component parameters (AddParameter): Name = "Parameter3Desc"; Value = ""; VariantName = "RS422_to_3V3"
Change component parameters (AddParameter): Name = "Supplier 1"; Value = "Mouser"; VariantName = "RS422_to_3V3"
Change component parameters (AddParameter): Name = "Supplier Part Number 1"; Value = "667-ERJ-U030R00V"; VariantName = "RS422_to_3V3"
Change component parameters (AddParameter): Name = "Value"; Value = "0"; VariantName = "RS422_to_3V3"
Change component parameters: Designator = "R8A"; Footprint = "RESC1608X55X30NL15T15"; UniqueID = "\REEOQYYS\LOSHMCEA\1DEFTBZMN\IBUSNIEJ"
Change component parameters. Clean all parameters for all variants
Change component parameters (AddParameter): Name = "ComponentLink1Description"; Value = "Datasheet"; VariantName = "[No Variations]"
Change component parameters (AddParameter): Name = "ComponentLink1URL"; Value = "https://www.mouser.de/datasheet/2/315/AOA0000C334-1314047.pdf"; VariantName = "[No Variations]"
Change component parameters (AddParameter): Name = "Created"; Value = "2019-12-08_Thilo_Wendt"; VariantName = "[No Variations]"
Change component parameters (AddParameter): Name = "HelpURL"; Value = "https://www.mouser.de/datasheet/2/315/AOA0000C334-1314047.pdf"; VariantName = "[No Variations]"
Change component parameters (AddParameter): Name = "MaxVoltage"; Value = "100"; VariantName = "[No Variations]"
Change component parameters (AddParameter): Name = "MF"; Value = "Panasonic"; VariantName = "[No Variations]"
Change component parameters (AddParameter): Name = "MPN"; Value = "ERJU030R00V"; VariantName = "[No Variations]"
Change component parameters (AddParameter): Name = "Package"; Value = "CurrentFootprint"; VariantName = "[No Variations]"
Change component parameters (AddParameter): Name = "Parameter1"; Value = "V"; VariantName = "[No Variations]"
Change component parameters (AddParameter): Name = "Parameter1Desc"; Value = "Package Method"; VariantName = "[No Variations]"
Change component parameters (AddParameter): Name = "Parameter2"; Value = "F"; VariantName = "[No Variations]"
Change component parameters (AddParameter): Name = "Parameter2Desc"; Value = "Tolerance Symbol"; VariantName = "[No Variations]"
Change component parameters (AddParameter): Name = "Parameter3"; Value = ""; VariantName = "[No Variations]"
Change component parameters (AddParameter): Name = "Parameter3Desc"; Value = ""; VariantName = "[No Variations]"
Change component parameters (AddParameter): Name = "Supplier 1"; Value = "Mouser"; VariantName = "[No Variations]"
Change component parameters (AddParameter): Name = "Supplier Part Number 1"; Value = "667-ERJ-U030R00V"; VariantName = "[No Variations]"
Change component parameters (AddParameter): Name = "Value"; Value = "0"; VariantName = "[No Variations]"
Change component parameters (AddParameter): Name = "ComponentLink1Description"; Value = "Datasheet"; VariantName = "3V3_to_15V"
Change component parameters (AddParameter): Name = "ComponentLink1URL"; Value = "https://www.mouser.de/datasheet/2/315/AOA0000C334-1314047.pdf"; VariantName = "3V3_to_15V"
Change component parameters (AddParameter): Name = "Created"; Value = "2019-12-08_Thilo_Wendt"; VariantName = "3V3_to_15V"
Change component parameters (AddParameter): Name = "HelpURL"; Value = "https://www.mouser.de/datasheet/2/315/AOA0000C334-1314047.pdf"; VariantName = "3V3_to_15V"
Change component parameters (AddParameter): Name = "MaxVoltage"; Value = "100"; VariantName = "3V3_to_15V"
Change component parameters (AddParameter): Name = "MF"; Value = "Panasonic"; VariantName = "3V3_to_15V"
Change component parameters (AddParameter): Name = "MPN"; Value = "ERJU030R00V"; VariantName = "3V3_to_15V"
Change component parameters (AddParameter): Name = "Package"; Value = "CurrentFootprint"; VariantName = "3V3_to_15V"
Change component parameters (AddParameter): Name = "Parameter1"; Value = "V"; VariantName = "3V3_to_15V"
Change component parameters (AddParameter): Name = "Parameter1Desc"; Value = "Package Method"; VariantName = "3V3_to_15V"
Change component parameters (AddParameter): Name = "Parameter2"; Value = "F"; VariantName = "3V3_to_15V"
Change component parameters (AddParameter): Name = "Parameter2Desc"; Value = "Tolerance Symbol"; VariantName = "3V3_to_15V"
Change component parameters (AddParameter): Name = "Parameter3"; Value = ""; VariantName = "3V3_to_15V"
Change component parameters (AddParameter): Name = "Parameter3Desc"; Value = ""; VariantName = "3V3_to_15V"
Change component parameters (AddParameter): Name = "Supplier 1"; Value = "Mouser"; VariantName = "3V3_to_15V"
Change component parameters (AddParameter): Name = "Supplier Part Number 1"; Value = "667-ERJ-U030R00V"; VariantName = "3V3_to_15V"
Change component parameters (AddParameter): Name = "Value"; Value = "0"; VariantName = "3V3_to_15V"
Change component parameters (AddParameter): Name = "ComponentLink1Description"; Value = "Datasheet"; VariantName = "3V3_to_RS422"
Change component parameters (AddParameter): Name = "ComponentLink1URL"; Value = "https://www.mouser.de/datasheet/2/315/AOA0000C334-1314047.pdf"; VariantName = "3V3_to_RS422"
Change component parameters (AddParameter): Name = "Created"; Value = "2019-12-08_Thilo_Wendt"; VariantName = "3V3_to_RS422"
Change component parameters (AddParameter): Name = "HelpURL"; Value = "https://www.mouser.de/datasheet/2/315/AOA0000C334-1314047.pdf"; VariantName = "3V3_to_RS422"
Change component parameters (AddParameter): Name = "MaxVoltage"; Value = "100"; VariantName = "3V3_to_RS422"
Change component parameters (AddParameter): Name = "MF"; Value = "Panasonic"; VariantName = "3V3_to_RS422"
Change component parameters (AddParameter): Name = "MPN"; Value = "ERJU030R00V"; VariantName = "3V3_to_RS422"
Change component parameters (AddParameter): Name = "Package"; Value = "CurrentFootprint"; VariantName = "3V3_to_RS422"
Change component parameters (AddParameter): Name = "Parameter1"; Value = "V"; VariantName = "3V3_to_RS422"
Change component parameters (AddParameter): Name = "Parameter1Desc"; Value = "Package Method"; VariantName = "3V3_to_RS422"
Change component parameters (AddParameter): Name = "Parameter2"; Value = "F"; VariantName = "3V3_to_RS422"
Change component parameters (AddParameter): Name = "Parameter2Desc"; Value = "Tolerance Symbol"; VariantName = "3V3_to_RS422"
Change component parameters (AddParameter): Name = "Parameter3"; Value = ""; VariantName = "3V3_to_RS422"
Change component parameters (AddParameter): Name = "Parameter3Desc"; Value = ""; VariantName = "3V3_to_RS422"
Change component parameters (AddParameter): Name = "Supplier 1"; Value = "Mouser"; VariantName = "3V3_to_RS422"
Change component parameters (AddParameter): Name = "Supplier Part Number 1"; Value = "667-ERJ-U030R00V"; VariantName = "3V3_to_RS422"
Change component parameters (AddParameter): Name = "Value"; Value = "0"; VariantName = "3V3_to_RS422"
Change component parameters (AddParameter): Name = "ComponentLink1Description"; Value = "Datasheet"; VariantName = "RS422_to_3V3"
Change component parameters (AddParameter): Name = "ComponentLink1URL"; Value = "https://www.mouser.de/datasheet/2/315/AOA0000C334-1314047.pdf"; VariantName = "RS422_to_3V3"
Change component parameters (AddParameter): Name = "Created"; Value = "2019-12-08_Thilo_Wendt"; VariantName = "RS422_to_3V3"
Change component parameters (AddParameter): Name = "HelpURL"; Value = "https://www.mouser.de/datasheet/2/315/AOA0000C334-1314047.pdf"; VariantName = "RS422_to_3V3"
Change component parameters (AddParameter): Name = "MaxVoltage"; Value = "100"; VariantName = "RS422_to_3V3"
Change component parameters (AddParameter): Name = "MF"; Value = "Panasonic"; VariantName = "RS422_to_3V3"
Change component parameters (AddParameter): Name = "MPN"; Value = "ERJU030R00V"; VariantName = "RS422_to_3V3"
Change component parameters (AddParameter): Name = "Package"; Value = "CurrentFootprint"; VariantName = "RS422_to_3V3"
Change component parameters (AddParameter): Name = "Parameter1"; Value = "V"; VariantName = "RS422_to_3V3"
Change component parameters (AddParameter): Name = "Parameter1Desc"; Value = "Package Method"; VariantName = "RS422_to_3V3"
Change component parameters (AddParameter): Name = "Parameter2"; Value = "F"; VariantName = "RS422_to_3V3"
Change component parameters (AddParameter): Name = "Parameter2Desc"; Value = "Tolerance Symbol"; VariantName = "RS422_to_3V3"
Change component parameters (AddParameter): Name = "Parameter3"; Value = ""; VariantName = "RS422_to_3V3"
Change component parameters (AddParameter): Name = "Parameter3Desc"; Value = ""; VariantName = "RS422_to_3V3"
Change component parameters (AddParameter): Name = "Supplier 1"; Value = "Mouser"; VariantName = "RS422_to_3V3"
Change component parameters (AddParameter): Name = "Supplier Part Number 1"; Value = "667-ERJ-U030R00V"; VariantName = "RS422_to_3V3"
Change component parameters (AddParameter): Name = "Value"; Value = "0"; VariantName = "RS422_to_3V3"
Change component parameters: Designator = "R8B"; Footprint = "RESC1608X55X30NL15T15"; UniqueID = "\REEOQYYS\LOSHMCEA\2DEFTBZMN\IBUSNIEJ"
Change component parameters. Clean all parameters for all variants
Change component parameters (AddParameter): Name = "ComponentLink1Description"; Value = "Datasheet"; VariantName = "[No Variations]"
Change component parameters (AddParameter): Name = "ComponentLink1URL"; Value = "https://www.mouser.de/datasheet/2/315/AOA0000C334-1314047.pdf"; VariantName = "[No Variations]"
Change component parameters (AddParameter): Name = "Created"; Value = "2019-12-08_Thilo_Wendt"; VariantName = "[No Variations]"
Change component parameters (AddParameter): Name = "HelpURL"; Value = "https://www.mouser.de/datasheet/2/315/AOA0000C334-1314047.pdf"; VariantName = "[No Variations]"
Change component parameters (AddParameter): Name = "MaxVoltage"; Value = "100"; VariantName = "[No Variations]"
Change component parameters (AddParameter): Name = "MF"; Value = "Panasonic"; VariantName = "[No Variations]"
Change component parameters (AddParameter): Name = "MPN"; Value = "ERJU030R00V"; VariantName = "[No Variations]"
Change component parameters (AddParameter): Name = "Package"; Value = "CurrentFootprint"; VariantName = "[No Variations]"
Change component parameters (AddParameter): Name = "Parameter1"; Value = "V"; VariantName = "[No Variations]"
Change component parameters (AddParameter): Name = "Parameter1Desc"; Value = "Package Method"; VariantName = "[No Variations]"
Change component parameters (AddParameter): Name = "Parameter2"; Value = "F"; VariantName = "[No Variations]"
Change component parameters (AddParameter): Name = "Parameter2Desc"; Value = "Tolerance Symbol"; VariantName = "[No Variations]"
Change component parameters (AddParameter): Name = "Parameter3"; Value = ""; VariantName = "[No Variations]"
Change component parameters (AddParameter): Name = "Parameter3Desc"; Value = ""; VariantName = "[No Variations]"
Change component parameters (AddParameter): Name = "Supplier 1"; Value = "Mouser"; VariantName = "[No Variations]"
Change component parameters (AddParameter): Name = "Supplier Part Number 1"; Value = "667-ERJ-U030R00V"; VariantName = "[No Variations]"
Change component parameters (AddParameter): Name = "Value"; Value = "0"; VariantName = "[No Variations]"
Change component parameters (AddParameter): Name = "ComponentLink1Description"; Value = "Datasheet"; VariantName = "3V3_to_15V"
Change component parameters (AddParameter): Name = "ComponentLink1URL"; Value = "https://www.mouser.de/datasheet/2/315/AOA0000C334-1314047.pdf"; VariantName = "3V3_to_15V"
Change component parameters (AddParameter): Name = "Created"; Value = "2019-12-08_Thilo_Wendt"; VariantName = "3V3_to_15V"
Change component parameters (AddParameter): Name = "HelpURL"; Value = "https://www.mouser.de/datasheet/2/315/AOA0000C334-1314047.pdf"; VariantName = "3V3_to_15V"
Change component parameters (AddParameter): Name = "MaxVoltage"; Value = "100"; VariantName = "3V3_to_15V"
Change component parameters (AddParameter): Name = "MF"; Value = "Panasonic"; VariantName = "3V3_to_15V"
Change component parameters (AddParameter): Name = "MPN"; Value = "ERJU030R00V"; VariantName = "3V3_to_15V"
Change component parameters (AddParameter): Name = "Package"; Value = "CurrentFootprint"; VariantName = "3V3_to_15V"
Change component parameters (AddParameter): Name = "Parameter1"; Value = "V"; VariantName = "3V3_to_15V"
Change component parameters (AddParameter): Name = "Parameter1Desc"; Value = "Package Method"; VariantName = "3V3_to_15V"
Change component parameters (AddParameter): Name = "Parameter2"; Value = "F"; VariantName = "3V3_to_15V"
Change component parameters (AddParameter): Name = "Parameter2Desc"; Value = "Tolerance Symbol"; VariantName = "3V3_to_15V"
Change component parameters (AddParameter): Name = "Parameter3"; Value = ""; VariantName = "3V3_to_15V"
Change component parameters (AddParameter): Name = "Parameter3Desc"; Value = ""; VariantName = "3V3_to_15V"
Change component parameters (AddParameter): Name = "Supplier 1"; Value = "Mouser"; VariantName = "3V3_to_15V"
Change component parameters (AddParameter): Name = "Supplier Part Number 1"; Value = "667-ERJ-U030R00V"; VariantName = "3V3_to_15V"
Change component parameters (AddParameter): Name = "Value"; Value = "0"; VariantName = "3V3_to_15V"
Change component parameters (AddParameter): Name = "ComponentLink1Description"; Value = "Datasheet"; VariantName = "3V3_to_RS422"
Change component parameters (AddParameter): Name = "ComponentLink1URL"; Value = "https://www.mouser.de/datasheet/2/315/AOA0000C334-1314047.pdf"; VariantName = "3V3_to_RS422"
Change component parameters (AddParameter): Name = "Created"; Value = "2019-12-08_Thilo_Wendt"; VariantName = "3V3_to_RS422"
Change component parameters (AddParameter): Name = "HelpURL"; Value = "https://www.mouser.de/datasheet/2/315/AOA0000C334-1314047.pdf"; VariantName = "3V3_to_RS422"
Change component parameters (AddParameter): Name = "MaxVoltage"; Value = "100"; VariantName = "3V3_to_RS422"
Change component parameters (AddParameter): Name = "MF"; Value = "Panasonic"; VariantName = "3V3_to_RS422"
Change component parameters (AddParameter): Name = "MPN"; Value = "ERJU030R00V"; VariantName = "3V3_to_RS422"
Change component parameters (AddParameter): Name = "Package"; Value = "CurrentFootprint"; VariantName = "3V3_to_RS422"
Change component parameters (AddParameter): Name = "Parameter1"; Value = "V"; VariantName = "3V3_to_RS422"
Change component parameters (AddParameter): Name = "Parameter1Desc"; Value = "Package Method"; VariantName = "3V3_to_RS422"
Change component parameters (AddParameter): Name = "Parameter2"; Value = "F"; VariantName = "3V3_to_RS422"
Change component parameters (AddParameter): Name = "Parameter2Desc"; Value = "Tolerance Symbol"; VariantName = "3V3_to_RS422"
Change component parameters (AddParameter): Name = "Parameter3"; Value = ""; VariantName = "3V3_to_RS422"
Change component parameters (AddParameter): Name = "Parameter3Desc"; Value = ""; VariantName = "3V3_to_RS422"
Change component parameters (AddParameter): Name = "Supplier 1"; Value = "Mouser"; VariantName = "3V3_to_RS422"
Change component parameters (AddParameter): Name = "Supplier Part Number 1"; Value = "667-ERJ-U030R00V"; VariantName = "3V3_to_RS422"
Change component parameters (AddParameter): Name = "Value"; Value = "0"; VariantName = "3V3_to_RS422"
Change component parameters (AddParameter): Name = "ComponentLink1Description"; Value = "Datasheet"; VariantName = "RS422_to_3V3"
Change component parameters (AddParameter): Name = "ComponentLink1URL"; Value = "https://www.mouser.de/datasheet/2/315/AOA0000C334-1314047.pdf"; VariantName = "RS422_to_3V3"
Change component parameters (AddParameter): Name = "Created"; Value = "2019-12-08_Thilo_Wendt"; VariantName = "RS422_to_3V3"
Change component parameters (AddParameter): Name = "HelpURL"; Value = "https://www.mouser.de/datasheet/2/315/AOA0000C334-1314047.pdf"; VariantName = "RS422_to_3V3"
Change component parameters (AddParameter): Name = "MaxVoltage"; Value = "100"; VariantName = "RS422_to_3V3"
Change component parameters (AddParameter): Name = "MF"; Value = "Panasonic"; VariantName = "RS422_to_3V3"
Change component parameters (AddParameter): Name = "MPN"; Value = "ERJU030R00V"; VariantName = "RS422_to_3V3"
Change component parameters (AddParameter): Name = "Package"; Value = "CurrentFootprint"; VariantName = "RS422_to_3V3"
Change component parameters (AddParameter): Name = "Parameter1"; Value = "V"; VariantName = "RS422_to_3V3"
Change component parameters (AddParameter): Name = "Parameter1Desc"; Value = "Package Method"; VariantName = "RS422_to_3V3"
Change component parameters (AddParameter): Name = "Parameter2"; Value = "F"; VariantName = "RS422_to_3V3"
Change component parameters (AddParameter): Name = "Parameter2Desc"; Value = "Tolerance Symbol"; VariantName = "RS422_to_3V3"
Change component parameters (AddParameter): Name = "Parameter3"; Value = ""; VariantName = "RS422_to_3V3"
Change component parameters (AddParameter): Name = "Parameter3Desc"; Value = ""; VariantName = "RS422_to_3V3"
Change component parameters (AddParameter): Name = "Supplier 1"; Value = "Mouser"; VariantName = "RS422_to_3V3"
Change component parameters (AddParameter): Name = "Supplier Part Number 1"; Value = "667-ERJ-U030R00V"; VariantName = "RS422_to_3V3"
Change component parameters (AddParameter): Name = "Value"; Value = "0"; VariantName = "RS422_to_3V3"
Change component parameters: Designator = "R8C"; Footprint = "RESC1608X55X30NL15T15"; UniqueID = "\REEOQYYS\LOSHMCEA\3DEFTBZMN\IBUSNIEJ"
Change component parameters. Clean all parameters for all variants
Change component parameters (AddParameter): Name = "ComponentLink1Description"; Value = "Datasheet"; VariantName = "[No Variations]"
Change component parameters (AddParameter): Name = "ComponentLink1URL"; Value = "https://www.mouser.de/datasheet/2/315/AOA0000C334-1314047.pdf"; VariantName = "[No Variations]"
Change component parameters (AddParameter): Name = "Created"; Value = "2019-12-08_Thilo_Wendt"; VariantName = "[No Variations]"
Change component parameters (AddParameter): Name = "HelpURL"; Value = "https://www.mouser.de/datasheet/2/315/AOA0000C334-1314047.pdf"; VariantName = "[No Variations]"
Change component parameters (AddParameter): Name = "MaxVoltage"; Value = "100"; VariantName = "[No Variations]"
Change component parameters (AddParameter): Name = "MF"; Value = "Panasonic"; VariantName = "[No Variations]"
Change component parameters (AddParameter): Name = "MPN"; Value = "ERJU030R00V"; VariantName = "[No Variations]"
Change component parameters (AddParameter): Name = "Package"; Value = "CurrentFootprint"; VariantName = "[No Variations]"
Change component parameters (AddParameter): Name = "Parameter1"; Value = "V"; VariantName = "[No Variations]"
Change component parameters (AddParameter): Name = "Parameter1Desc"; Value = "Package Method"; VariantName = "[No Variations]"
Change component parameters (AddParameter): Name = "Parameter2"; Value = "F"; VariantName = "[No Variations]"
Change component parameters (AddParameter): Name = "Parameter2Desc"; Value = "Tolerance Symbol"; VariantName = "[No Variations]"
Change component parameters (AddParameter): Name = "Parameter3"; Value = ""; VariantName = "[No Variations]"
Change component parameters (AddParameter): Name = "Parameter3Desc"; Value = ""; VariantName = "[No Variations]"
Change component parameters (AddParameter): Name = "Supplier 1"; Value = "Mouser"; VariantName = "[No Variations]"
Change component parameters (AddParameter): Name = "Supplier Part Number 1"; Value = "667-ERJ-U030R00V"; VariantName = "[No Variations]"
Change component parameters (AddParameter): Name = "Value"; Value = "0"; VariantName = "[No Variations]"
Change component parameters (AddParameter): Name = "ComponentLink1Description"; Value = "Datasheet"; VariantName = "3V3_to_15V"
Change component parameters (AddParameter): Name = "ComponentLink1URL"; Value = "https://www.mouser.de/datasheet/2/315/AOA0000C334-1314047.pdf"; VariantName = "3V3_to_15V"
Change component parameters (AddParameter): Name = "Created"; Value = "2019-12-08_Thilo_Wendt"; VariantName = "3V3_to_15V"
Change component parameters (AddParameter): Name = "HelpURL"; Value = "https://www.mouser.de/datasheet/2/315/AOA0000C334-1314047.pdf"; VariantName = "3V3_to_15V"
Change component parameters (AddParameter): Name = "MaxVoltage"; Value = "100"; VariantName = "3V3_to_15V"
Change component parameters (AddParameter): Name = "MF"; Value = "Panasonic"; VariantName = "3V3_to_15V"
Change component parameters (AddParameter): Name = "MPN"; Value = "ERJU030R00V"; VariantName = "3V3_to_15V"
Change component parameters (AddParameter): Name = "Package"; Value = "CurrentFootprint"; VariantName = "3V3_to_15V"
Change component parameters (AddParameter): Name = "Parameter1"; Value = "V"; VariantName = "3V3_to_15V"
Change component parameters (AddParameter): Name = "Parameter1Desc"; Value = "Package Method"; VariantName = "3V3_to_15V"
Change component parameters (AddParameter): Name = "Parameter2"; Value = "F"; VariantName = "3V3_to_15V"
Change component parameters (AddParameter): Name = "Parameter2Desc"; Value = "Tolerance Symbol"; VariantName = "3V3_to_15V"
Change component parameters (AddParameter): Name = "Parameter3"; Value = ""; VariantName = "3V3_to_15V"
Change component parameters (AddParameter): Name = "Parameter3Desc"; Value = ""; VariantName = "3V3_to_15V"
Change component parameters (AddParameter): Name = "Supplier 1"; Value = "Mouser"; VariantName = "3V3_to_15V"
Change component parameters (AddParameter): Name = "Supplier Part Number 1"; Value = "667-ERJ-U030R00V"; VariantName = "3V3_to_15V"
Change component parameters (AddParameter): Name = "Value"; Value = "0"; VariantName = "3V3_to_15V"
Change component parameters (AddParameter): Name = "ComponentLink1Description"; Value = "Datasheet"; VariantName = "3V3_to_RS422"
Change component parameters (AddParameter): Name = "ComponentLink1URL"; Value = "https://www.mouser.de/datasheet/2/315/AOA0000C334-1314047.pdf"; VariantName = "3V3_to_RS422"
Change component parameters (AddParameter): Name = "Created"; Value = "2019-12-08_Thilo_Wendt"; VariantName = "3V3_to_RS422"
Change component parameters (AddParameter): Name = "HelpURL"; Value = "https://www.mouser.de/datasheet/2/315/AOA0000C334-1314047.pdf"; VariantName = "3V3_to_RS422"
Change component parameters (AddParameter): Name = "MaxVoltage"; Value = "100"; VariantName = "3V3_to_RS422"
Change component parameters (AddParameter): Name = "MF"; Value = "Panasonic"; VariantName = "3V3_to_RS422"
Change component parameters (AddParameter): Name = "MPN"; Value = "ERJU030R00V"; VariantName = "3V3_to_RS422"
Change component parameters (AddParameter): Name = "Package"; Value = "CurrentFootprint"; VariantName = "3V3_to_RS422"
Change component parameters (AddParameter): Name = "Parameter1"; Value = "V"; VariantName = "3V3_to_RS422"
Change component parameters (AddParameter): Name = "Parameter1Desc"; Value = "Package Method"; VariantName = "3V3_to_RS422"
Change component parameters (AddParameter): Name = "Parameter2"; Value = "F"; VariantName = "3V3_to_RS422"
Change component parameters (AddParameter): Name = "Parameter2Desc"; Value = "Tolerance Symbol"; VariantName = "3V3_to_RS422"
Change component parameters (AddParameter): Name = "Parameter3"; Value = ""; VariantName = "3V3_to_RS422"
Change component parameters (AddParameter): Name = "Parameter3Desc"; Value = ""; VariantName = "3V3_to_RS422"
Change component parameters (AddParameter): Name = "Supplier 1"; Value = "Mouser"; VariantName = "3V3_to_RS422"
Change component parameters (AddParameter): Name = "Supplier Part Number 1"; Value = "667-ERJ-U030R00V"; VariantName = "3V3_to_RS422"
Change component parameters (AddParameter): Name = "Value"; Value = "0"; VariantName = "3V3_to_RS422"
Change component parameters (AddParameter): Name = "ComponentLink1Description"; Value = "Datasheet"; VariantName = "RS422_to_3V3"
Change component parameters (AddParameter): Name = "ComponentLink1URL"; Value = "https://www.mouser.de/datasheet/2/315/AOA0000C334-1314047.pdf"; VariantName = "RS422_to_3V3"
Change component parameters (AddParameter): Name = "Created"; Value = "2019-12-08_Thilo_Wendt"; VariantName = "RS422_to_3V3"
Change component parameters (AddParameter): Name = "HelpURL"; Value = "https://www.mouser.de/datasheet/2/315/AOA0000C334-1314047.pdf"; VariantName = "RS422_to_3V3"
Change component parameters (AddParameter): Name = "MaxVoltage"; Value = "100"; VariantName = "RS422_to_3V3"
Change component parameters (AddParameter): Name = "MF"; Value = "Panasonic"; VariantName = "RS422_to_3V3"
Change component parameters (AddParameter): Name = "MPN"; Value = "ERJU030R00V"; VariantName = "RS422_to_3V3"
Change component parameters (AddParameter): Name = "Package"; Value = "CurrentFootprint"; VariantName = "RS422_to_3V3"
Change component parameters (AddParameter): Name = "Parameter1"; Value = "V"; VariantName = "RS422_to_3V3"
Change component parameters (AddParameter): Name = "Parameter1Desc"; Value = "Package Method"; VariantName = "RS422_to_3V3"
Change component parameters (AddParameter): Name = "Parameter2"; Value = "F"; VariantName = "RS422_to_3V3"
Change component parameters (AddParameter): Name = "Parameter2Desc"; Value = "Tolerance Symbol"; VariantName = "RS422_to_3V3"
Change component parameters (AddParameter): Name = "Parameter3"; Value = ""; VariantName = "RS422_to_3V3"
Change component parameters (AddParameter): Name = "Parameter3Desc"; Value = ""; VariantName = "RS422_to_3V3"
Change component parameters (AddParameter): Name = "Supplier 1"; Value = "Mouser"; VariantName = "RS422_to_3V3"
Change component parameters (AddParameter): Name = "Supplier Part Number 1"; Value = "667-ERJ-U030R00V"; VariantName = "RS422_to_3V3"
Change component parameters (AddParameter): Name = "Value"; Value = "0"; VariantName = "RS422_to_3V3"
Change component parameters: Designator = "R8D"; Footprint = "RESC1608X55X30NL15T15"; UniqueID = "\REEOQYYS\LOSHMCEA\4DEFTBZMN\IBUSNIEJ"
Change component parameters. Clean all parameters for all variants
Change component parameters (AddParameter): Name = "ComponentLink1Description"; Value = "Datasheet"; VariantName = "[No Variations]"
Change component parameters (AddParameter): Name = "ComponentLink1URL"; Value = "https://www.mouser.de/datasheet/2/315/AOA0000C334-1314047.pdf"; VariantName = "[No Variations]"
Change component parameters (AddParameter): Name = "Created"; Value = "2019-12-08_Thilo_Wendt"; VariantName = "[No Variations]"
Change component parameters (AddParameter): Name = "HelpURL"; Value = "https://www.mouser.de/datasheet/2/315/AOA0000C334-1314047.pdf"; VariantName = "[No Variations]"
Change component parameters (AddParameter): Name = "MaxVoltage"; Value = "100"; VariantName = "[No Variations]"
Change component parameters (AddParameter): Name = "MF"; Value = "Panasonic"; VariantName = "[No Variations]"
Change component parameters (AddParameter): Name = "MPN"; Value = "ERJU030R00V"; VariantName = "[No Variations]"
Change component parameters (AddParameter): Name = "Package"; Value = "CurrentFootprint"; VariantName = "[No Variations]"
Change component parameters (AddParameter): Name = "Parameter1"; Value = "V"; VariantName = "[No Variations]"
Change component parameters (AddParameter): Name = "Parameter1Desc"; Value = "Package Method"; VariantName = "[No Variations]"
Change component parameters (AddParameter): Name = "Parameter2"; Value = "F"; VariantName = "[No Variations]"
Change component parameters (AddParameter): Name = "Parameter2Desc"; Value = "Tolerance Symbol"; VariantName = "[No Variations]"
Change component parameters (AddParameter): Name = "Parameter3"; Value = ""; VariantName = "[No Variations]"
Change component parameters (AddParameter): Name = "Parameter3Desc"; Value = ""; VariantName = "[No Variations]"
Change component parameters (AddParameter): Name = "Supplier 1"; Value = "Mouser"; VariantName = "[No Variations]"
Change component parameters (AddParameter): Name = "Supplier Part Number 1"; Value = "667-ERJ-U030R00V"; VariantName = "[No Variations]"
Change component parameters (AddParameter): Name = "Value"; Value = "0"; VariantName = "[No Variations]"
Change component parameters (AddParameter): Name = "ComponentLink1Description"; Value = "Datasheet"; VariantName = "3V3_to_15V"
Change component parameters (AddParameter): Name = "ComponentLink1URL"; Value = "https://www.mouser.de/datasheet/2/315/AOA0000C334-1314047.pdf"; VariantName = "3V3_to_15V"
Change component parameters (AddParameter): Name = "Created"; Value = "2019-12-08_Thilo_Wendt"; VariantName = "3V3_to_15V"
Change component parameters (AddParameter): Name = "HelpURL"; Value = "https://www.mouser.de/datasheet/2/315/AOA0000C334-1314047.pdf"; VariantName = "3V3_to_15V"
Change component parameters (AddParameter): Name = "MaxVoltage"; Value = "100"; VariantName = "3V3_to_15V"
Change component parameters (AddParameter): Name = "MF"; Value = "Panasonic"; VariantName = "3V3_to_15V"
Change component parameters (AddParameter): Name = "MPN"; Value = "ERJU030R00V"; VariantName = "3V3_to_15V"
Change component parameters (AddParameter): Name = "Package"; Value = "CurrentFootprint"; VariantName = "3V3_to_15V"
Change component parameters (AddParameter): Name = "Parameter1"; Value = "V"; VariantName = "3V3_to_15V"
Change component parameters (AddParameter): Name = "Parameter1Desc"; Value = "Package Method"; VariantName = "3V3_to_15V"
Change component parameters (AddParameter): Name = "Parameter2"; Value = "F"; VariantName = "3V3_to_15V"
Change component parameters (AddParameter): Name = "Parameter2Desc"; Value = "Tolerance Symbol"; VariantName = "3V3_to_15V"
Change component parameters (AddParameter): Name = "Parameter3"; Value = ""; VariantName = "3V3_to_15V"
Change component parameters (AddParameter): Name = "Parameter3Desc"; Value = ""; VariantName = "3V3_to_15V"
Change component parameters (AddParameter): Name = "Supplier 1"; Value = "Mouser"; VariantName = "3V3_to_15V"
Change component parameters (AddParameter): Name = "Supplier Part Number 1"; Value = "667-ERJ-U030R00V"; VariantName = "3V3_to_15V"
Change component parameters (AddParameter): Name = "Value"; Value = "0"; VariantName = "3V3_to_15V"
Change component parameters (AddParameter): Name = "ComponentLink1Description"; Value = "Datasheet"; VariantName = "3V3_to_RS422"
Change component parameters (AddParameter): Name = "ComponentLink1URL"; Value = "https://www.mouser.de/datasheet/2/315/AOA0000C334-1314047.pdf"; VariantName = "3V3_to_RS422"
Change component parameters (AddParameter): Name = "Created"; Value = "2019-12-08_Thilo_Wendt"; VariantName = "3V3_to_RS422"
Change component parameters (AddParameter): Name = "HelpURL"; Value = "https://www.mouser.de/datasheet/2/315/AOA0000C334-1314047.pdf"; VariantName = "3V3_to_RS422"
Change component parameters (AddParameter): Name = "MaxVoltage"; Value = "100"; VariantName = "3V3_to_RS422"
Change component parameters (AddParameter): Name = "MF"; Value = "Panasonic"; VariantName = "3V3_to_RS422"
Change component parameters (AddParameter): Name = "MPN"; Value = "ERJU030R00V"; VariantName = "3V3_to_RS422"
Change component parameters (AddParameter): Name = "Package"; Value = "CurrentFootprint"; VariantName = "3V3_to_RS422"
Change component parameters (AddParameter): Name = "Parameter1"; Value = "V"; VariantName = "3V3_to_RS422"
Change component parameters (AddParameter): Name = "Parameter1Desc"; Value = "Package Method"; VariantName = "3V3_to_RS422"
Change component parameters (AddParameter): Name = "Parameter2"; Value = "F"; VariantName = "3V3_to_RS422"
Change component parameters (AddParameter): Name = "Parameter2Desc"; Value = "Tolerance Symbol"; VariantName = "3V3_to_RS422"
Change component parameters (AddParameter): Name = "Parameter3"; Value = ""; VariantName = "3V3_to_RS422"
Change component parameters (AddParameter): Name = "Parameter3Desc"; Value = ""; VariantName = "3V3_to_RS422"
Change component parameters (AddParameter): Name = "Supplier 1"; Value = "Mouser"; VariantName = "3V3_to_RS422"
Change component parameters (AddParameter): Name = "Supplier Part Number 1"; Value = "667-ERJ-U030R00V"; VariantName = "3V3_to_RS422"
Change component parameters (AddParameter): Name = "Value"; Value = "0"; VariantName = "3V3_to_RS422"
Change component parameters (AddParameter): Name = "ComponentLink1Description"; Value = "Datasheet"; VariantName = "RS422_to_3V3"
Change component parameters (AddParameter): Name = "ComponentLink1URL"; Value = "https://www.mouser.de/datasheet/2/315/AOA0000C334-1314047.pdf"; VariantName = "RS422_to_3V3"
Change component parameters (AddParameter): Name = "Created"; Value = "2019-12-08_Thilo_Wendt"; VariantName = "RS422_to_3V3"
Change component parameters (AddParameter): Name = "HelpURL"; Value = "https://www.mouser.de/datasheet/2/315/AOA0000C334-1314047.pdf"; VariantName = "RS422_to_3V3"
Change component parameters (AddParameter): Name = "MaxVoltage"; Value = "100"; VariantName = "RS422_to_3V3"
Change component parameters (AddParameter): Name = "MF"; Value = "Panasonic"; VariantName = "RS422_to_3V3"
Change component parameters (AddParameter): Name = "MPN"; Value = "ERJU030R00V"; VariantName = "RS422_to_3V3"
Change component parameters (AddParameter): Name = "Package"; Value = "CurrentFootprint"; VariantName = "RS422_to_3V3"
Change component parameters (AddParameter): Name = "Parameter1"; Value = "V"; VariantName = "RS422_to_3V3"
Change component parameters (AddParameter): Name = "Parameter1Desc"; Value = "Package Method"; VariantName = "RS422_to_3V3"
Change component parameters (AddParameter): Name = "Parameter2"; Value = "F"; VariantName = "RS422_to_3V3"
Change component parameters (AddParameter): Name = "Parameter2Desc"; Value = "Tolerance Symbol"; VariantName = "RS422_to_3V3"
Change component parameters (AddParameter): Name = "Parameter3"; Value = ""; VariantName = "RS422_to_3V3"
Change component parameters (AddParameter): Name = "Parameter3Desc"; Value = ""; VariantName = "RS422_to_3V3"
Change component parameters (AddParameter): Name = "Supplier 1"; Value = "Mouser"; VariantName = "RS422_to_3V3"
Change component parameters (AddParameter): Name = "Supplier Part Number 1"; Value = "667-ERJ-U030R00V"; VariantName = "RS422_to_3V3"
Change component parameters (AddParameter): Name = "Value"; Value = "0"; VariantName = "RS422_to_3V3"
Change component parameters: Designator = "R8E"; Footprint = "RESC1608X55X30NL15T15"; UniqueID = "\REEOQYYS\LOSHMCEA\5DEFTBZMN\IBUSNIEJ"
Change component parameters. Clean all parameters for all variants
Change component parameters (AddParameter): Name = "ComponentLink1Description"; Value = "Datasheet"; VariantName = "[No Variations]"
Change component parameters (AddParameter): Name = "ComponentLink1URL"; Value = "https://www.mouser.de/datasheet/2/315/AOA0000C334-1314047.pdf"; VariantName = "[No Variations]"
Change component parameters (AddParameter): Name = "Created"; Value = "2019-12-08_Thilo_Wendt"; VariantName = "[No Variations]"
Change component parameters (AddParameter): Name = "HelpURL"; Value = "https://www.mouser.de/datasheet/2/315/AOA0000C334-1314047.pdf"; VariantName = "[No Variations]"
Change component parameters (AddParameter): Name = "MaxVoltage"; Value = "100"; VariantName = "[No Variations]"
Change component parameters (AddParameter): Name = "MF"; Value = "Panasonic"; VariantName = "[No Variations]"
Change component parameters (AddParameter): Name = "MPN"; Value = "ERJU030R00V"; VariantName = "[No Variations]"
Change component parameters (AddParameter): Name = "Package"; Value = "CurrentFootprint"; VariantName = "[No Variations]"
Change component parameters (AddParameter): Name = "Parameter1"; Value = "V"; VariantName = "[No Variations]"
Change component parameters (AddParameter): Name = "Parameter1Desc"; Value = "Package Method"; VariantName = "[No Variations]"
Change component parameters (AddParameter): Name = "Parameter2"; Value = "F"; VariantName = "[No Variations]"
Change component parameters (AddParameter): Name = "Parameter2Desc"; Value = "Tolerance Symbol"; VariantName = "[No Variations]"
Change component parameters (AddParameter): Name = "Parameter3"; Value = ""; VariantName = "[No Variations]"
Change component parameters (AddParameter): Name = "Parameter3Desc"; Value = ""; VariantName = "[No Variations]"
Change component parameters (AddParameter): Name = "Supplier 1"; Value = "Mouser"; VariantName = "[No Variations]"
Change component parameters (AddParameter): Name = "Supplier Part Number 1"; Value = "667-ERJ-U030R00V"; VariantName = "[No Variations]"
Change component parameters (AddParameter): Name = "Value"; Value = "0"; VariantName = "[No Variations]"
Change component parameters (AddParameter): Name = "ComponentLink1Description"; Value = "Datasheet"; VariantName = "3V3_to_15V"
Change component parameters (AddParameter): Name = "ComponentLink1URL"; Value = "https://www.mouser.de/datasheet/2/315/AOA0000C334-1314047.pdf"; VariantName = "3V3_to_15V"
Change component parameters (AddParameter): Name = "Created"; Value = "2019-12-08_Thilo_Wendt"; VariantName = "3V3_to_15V"
Change component parameters (AddParameter): Name = "HelpURL"; Value = "https://www.mouser.de/datasheet/2/315/AOA0000C334-1314047.pdf"; VariantName = "3V3_to_15V"
Change component parameters (AddParameter): Name = "MaxVoltage"; Value = "100"; VariantName = "3V3_to_15V"
Change component parameters (AddParameter): Name = "MF"; Value = "Panasonic"; VariantName = "3V3_to_15V"
Change component parameters (AddParameter): Name = "MPN"; Value = "ERJU030R00V"; VariantName = "3V3_to_15V"
Change component parameters (AddParameter): Name = "Package"; Value = "CurrentFootprint"; VariantName = "3V3_to_15V"
Change component parameters (AddParameter): Name = "Parameter1"; Value = "V"; VariantName = "3V3_to_15V"
Change component parameters (AddParameter): Name = "Parameter1Desc"; Value = "Package Method"; VariantName = "3V3_to_15V"
Change component parameters (AddParameter): Name = "Parameter2"; Value = "F"; VariantName = "3V3_to_15V"
Change component parameters (AddParameter): Name = "Parameter2Desc"; Value = "Tolerance Symbol"; VariantName = "3V3_to_15V"
Change component parameters (AddParameter): Name = "Parameter3"; Value = ""; VariantName = "3V3_to_15V"
Change component parameters (AddParameter): Name = "Parameter3Desc"; Value = ""; VariantName = "3V3_to_15V"
Change component parameters (AddParameter): Name = "Supplier 1"; Value = "Mouser"; VariantName = "3V3_to_15V"
Change component parameters (AddParameter): Name = "Supplier Part Number 1"; Value = "667-ERJ-U030R00V"; VariantName = "3V3_to_15V"
Change component parameters (AddParameter): Name = "Value"; Value = "0"; VariantName = "3V3_to_15V"
Change component parameters (AddParameter): Name = "ComponentLink1Description"; Value = "Datasheet"; VariantName = "3V3_to_RS422"
Change component parameters (AddParameter): Name = "ComponentLink1URL"; Value = "https://www.mouser.de/datasheet/2/315/AOA0000C334-1314047.pdf"; VariantName = "3V3_to_RS422"
Change component parameters (AddParameter): Name = "Created"; Value = "2019-12-08_Thilo_Wendt"; VariantName = "3V3_to_RS422"
Change component parameters (AddParameter): Name = "HelpURL"; Value = "https://www.mouser.de/datasheet/2/315/AOA0000C334-1314047.pdf"; VariantName = "3V3_to_RS422"
Change component parameters (AddParameter): Name = "MaxVoltage"; Value = "100"; VariantName = "3V3_to_RS422"
Change component parameters (AddParameter): Name = "MF"; Value = "Panasonic"; VariantName = "3V3_to_RS422"
Change component parameters (AddParameter): Name = "MPN"; Value = "ERJU030R00V"; VariantName = "3V3_to_RS422"
Change component parameters (AddParameter): Name = "Package"; Value = "CurrentFootprint"; VariantName = "3V3_to_RS422"
Change component parameters (AddParameter): Name = "Parameter1"; Value = "V"; VariantName = "3V3_to_RS422"
Change component parameters (AddParameter): Name = "Parameter1Desc"; Value = "Package Method"; VariantName = "3V3_to_RS422"
Change component parameters (AddParameter): Name = "Parameter2"; Value = "F"; VariantName = "3V3_to_RS422"
Change component parameters (AddParameter): Name = "Parameter2Desc"; Value = "Tolerance Symbol"; VariantName = "3V3_to_RS422"
Change component parameters (AddParameter): Name = "Parameter3"; Value = ""; VariantName = "3V3_to_RS422"
Change component parameters (AddParameter): Name = "Parameter3Desc"; Value = ""; VariantName = "3V3_to_RS422"
Change component parameters (AddParameter): Name = "Supplier 1"; Value = "Mouser"; VariantName = "3V3_to_RS422"
Change component parameters (AddParameter): Name = "Supplier Part Number 1"; Value = "667-ERJ-U030R00V"; VariantName = "3V3_to_RS422"
Change component parameters (AddParameter): Name = "Value"; Value = "0"; VariantName = "3V3_to_RS422"
Change component parameters (AddParameter): Name = "ComponentLink1Description"; Value = "Datasheet"; VariantName = "RS422_to_3V3"
Change component parameters (AddParameter): Name = "ComponentLink1URL"; Value = "https://www.mouser.de/datasheet/2/315/AOA0000C334-1314047.pdf"; VariantName = "RS422_to_3V3"
Change component parameters (AddParameter): Name = "Created"; Value = "2019-12-08_Thilo_Wendt"; VariantName = "RS422_to_3V3"
Change component parameters (AddParameter): Name = "HelpURL"; Value = "https://www.mouser.de/datasheet/2/315/AOA0000C334-1314047.pdf"; VariantName = "RS422_to_3V3"
Change component parameters (AddParameter): Name = "MaxVoltage"; Value = "100"; VariantName = "RS422_to_3V3"
Change component parameters (AddParameter): Name = "MF"; Value = "Panasonic"; VariantName = "RS422_to_3V3"
Change component parameters (AddParameter): Name = "MPN"; Value = "ERJU030R00V"; VariantName = "RS422_to_3V3"
Change component parameters (AddParameter): Name = "Package"; Value = "CurrentFootprint"; VariantName = "RS422_to_3V3"
Change component parameters (AddParameter): Name = "Parameter1"; Value = "V"; VariantName = "RS422_to_3V3"
Change component parameters (AddParameter): Name = "Parameter1Desc"; Value = "Package Method"; VariantName = "RS422_to_3V3"
Change component parameters (AddParameter): Name = "Parameter2"; Value = "F"; VariantName = "RS422_to_3V3"
Change component parameters (AddParameter): Name = "Parameter2Desc"; Value = "Tolerance Symbol"; VariantName = "RS422_to_3V3"
Change component parameters (AddParameter): Name = "Parameter3"; Value = ""; VariantName = "RS422_to_3V3"
Change component parameters (AddParameter): Name = "Parameter3Desc"; Value = ""; VariantName = "RS422_to_3V3"
Change component parameters (AddParameter): Name = "Supplier 1"; Value = "Mouser"; VariantName = "RS422_to_3V3"
Change component parameters (AddParameter): Name = "Supplier Part Number 1"; Value = "667-ERJ-U030R00V"; VariantName = "RS422_to_3V3"
Change component parameters (AddParameter): Name = "Value"; Value = "0"; VariantName = "RS422_to_3V3"
Change component parameters: Designator = "R2"; Footprint = "RESC3216X70X50LL20T25_CONFIG"; UniqueID = "\REEOQYYS\LOSHMCEA\TPCLPYHI"
Change component parameters. Clean all parameters for all variants
Change component parameters (AddParameter): Name = "ComponentLink1Description"; Value = "Datasheet"; VariantName = "[No Variations]"
Change component parameters (AddParameter): Name = "ComponentLink1URL"; Value = "https://www.mouser.de/datasheet/2/315/AOA0000C334-1314047.pdf"; VariantName = "[No Variations]"
Change component parameters (AddParameter): Name = "Created"; Value = "2018_09_04_AGeiger"; VariantName = "[No Variations]"
Change component parameters (AddParameter): Name = "HelpURL"; Value = "https://www.mouser.de/datasheet/2/315/AOA0000C334-1314047.pdf"; VariantName = "[No Variations]"
Change component parameters (AddParameter): Name = "MaxVoltage"; Value = "100"; VariantName = "[No Variations]"
Change component parameters (AddParameter): Name = "MF"; Value = "Panasonic"; VariantName = "[No Variations]"
Change component parameters (AddParameter): Name = "MPN"; Value = "ERJU080R00V"; VariantName = "[No Variations]"
Change component parameters (AddParameter): Name = "Package"; Value = "CurrentFootprint"; VariantName = "[No Variations]"
Change component parameters (AddParameter): Name = "Parameter1"; Value = "V"; VariantName = "[No Variations]"
Change component parameters (AddParameter): Name = "Parameter1Desc"; Value = "Package Method"; VariantName = "[No Variations]"
Change component parameters (AddParameter): Name = "Parameter2"; Value = "F"; VariantName = "[No Variations]"
Change component parameters (AddParameter): Name = "Parameter2Desc"; Value = "Tolerance Symbol"; VariantName = "[No Variations]"
Change component parameters (AddParameter): Name = "Parameter3"; Value = ""; VariantName = "[No Variations]"
Change component parameters (AddParameter): Name = "Parameter3Desc"; Value = ""; VariantName = "[No Variations]"
Change component parameters (AddParameter): Name = "Supplier 1"; Value = "Mouser"; VariantName = "[No Variations]"
Change component parameters (AddParameter): Name = "Supplier Part Number 1"; Value = "667-ERJ-U080R00V"; VariantName = "[No Variations]"
Change component parameters (AddParameter): Name = "Value"; Value = "0"; VariantName = "[No Variations]"
Change component parameters (AddParameter): Name = "ComponentLink1Description"; Value = "Datasheet"; VariantName = "3V3_to_3V3"
Change component parameters (AddParameter): Name = "ComponentLink1URL"; Value = "https://www.mouser.de/datasheet/2/315/AOA0000C334-1314047.pdf"; VariantName = "3V3_to_3V3"
Change component parameters (AddParameter): Name = "Created"; Value = "2018_09_04_AGeiger"; VariantName = "3V3_to_3V3"
Change component parameters (AddParameter): Name = "HelpURL"; Value = "https://www.mouser.de/datasheet/2/315/AOA0000C334-1314047.pdf"; VariantName = "3V3_to_3V3"
Change component parameters (AddParameter): Name = "MaxVoltage"; Value = "100"; VariantName = "3V3_to_3V3"
Change component parameters (AddParameter): Name = "MF"; Value = "Panasonic"; VariantName = "3V3_to_3V3"
Change component parameters (AddParameter): Name = "MPN"; Value = "ERJU080R00V"; VariantName = "3V3_to_3V3"
Change component parameters (AddParameter): Name = "Package"; Value = "CurrentFootprint"; VariantName = "3V3_to_3V3"
Change component parameters (AddParameter): Name = "Parameter1"; Value = "V"; VariantName = "3V3_to_3V3"
Change component parameters (AddParameter): Name = "Parameter1Desc"; Value = "Package Method"; VariantName = "3V3_to_3V3"
Change component parameters (AddParameter): Name = "Parameter2"; Value = "F"; VariantName = "3V3_to_3V3"
Change component parameters (AddParameter): Name = "Parameter2Desc"; Value = "Tolerance Symbol"; VariantName = "3V3_to_3V3"
Change component parameters (AddParameter): Name = "Parameter3"; Value = ""; VariantName = "3V3_to_3V3"
Change component parameters (AddParameter): Name = "Parameter3Desc"; Value = ""; VariantName = "3V3_to_3V3"
Change component parameters (AddParameter): Name = "Supplier 1"; Value = "Mouser"; VariantName = "3V3_to_3V3"
Change component parameters (AddParameter): Name = "Supplier Part Number 1"; Value = "667-ERJ-U080R00V"; VariantName = "3V3_to_3V3"
Change component parameters (AddParameter): Name = "Value"; Value = "0"; VariantName = "3V3_to_3V3"
Change component parameters (AddParameter): Name = "ComponentLink1Description"; Value = "Datasheet"; VariantName = "3V3_to_RS422"
Change component parameters (AddParameter): Name = "ComponentLink1URL"; Value = "https://www.mouser.de/datasheet/2/315/AOA0000C334-1314047.pdf"; VariantName = "3V3_to_RS422"
Change component parameters (AddParameter): Name = "Created"; Value = "2018_09_04_AGeiger"; VariantName = "3V3_to_RS422"
Change component parameters (AddParameter): Name = "HelpURL"; Value = "https://www.mouser.de/datasheet/2/315/AOA0000C334-1314047.pdf"; VariantName = "3V3_to_RS422"
Change component parameters (AddParameter): Name = "MaxVoltage"; Value = "100"; VariantName = "3V3_to_RS422"
Change component parameters (AddParameter): Name = "MF"; Value = "Panasonic"; VariantName = "3V3_to_RS422"
Change component parameters (AddParameter): Name = "MPN"; Value = "ERJU080R00V"; VariantName = "3V3_to_RS422"
Change component parameters (AddParameter): Name = "Package"; Value = "CurrentFootprint"; VariantName = "3V3_to_RS422"
Change component parameters (AddParameter): Name = "Parameter1"; Value = "V"; VariantName = "3V3_to_RS422"
Change component parameters (AddParameter): Name = "Parameter1Desc"; Value = "Package Method"; VariantName = "3V3_to_RS422"
Change component parameters (AddParameter): Name = "Parameter2"; Value = "F"; VariantName = "3V3_to_RS422"
Change component parameters (AddParameter): Name = "Parameter2Desc"; Value = "Tolerance Symbol"; VariantName = "3V3_to_RS422"
Change component parameters (AddParameter): Name = "Parameter3"; Value = ""; VariantName = "3V3_to_RS422"
Change component parameters (AddParameter): Name = "Parameter3Desc"; Value = ""; VariantName = "3V3_to_RS422"
Change component parameters (AddParameter): Name = "Supplier 1"; Value = "Mouser"; VariantName = "3V3_to_RS422"
Change component parameters (AddParameter): Name = "Supplier Part Number 1"; Value = "667-ERJ-U080R00V"; VariantName = "3V3_to_RS422"
Change component parameters (AddParameter): Name = "Value"; Value = "0"; VariantName = "3V3_to_RS422"
Change component parameters (AddParameter): Name = "ComponentLink1Description"; Value = "Datasheet"; VariantName = "RS422_to_3V3"
Change component parameters (AddParameter): Name = "ComponentLink1URL"; Value = "https://www.mouser.de/datasheet/2/315/AOA0000C334-1314047.pdf"; VariantName = "RS422_to_3V3"
Change component parameters (AddParameter): Name = "Created"; Value = "2018_09_04_AGeiger"; VariantName = "RS422_to_3V3"
Change component parameters (AddParameter): Name = "HelpURL"; Value = "https://www.mouser.de/datasheet/2/315/AOA0000C334-1314047.pdf"; VariantName = "RS422_to_3V3"
Change component parameters (AddParameter): Name = "MaxVoltage"; Value = "100"; VariantName = "RS422_to_3V3"
Change component parameters (AddParameter): Name = "MF"; Value = "Panasonic"; VariantName = "RS422_to_3V3"
Change component parameters (AddParameter): Name = "MPN"; Value = "ERJU080R00V"; VariantName = "RS422_to_3V3"
Change component parameters (AddParameter): Name = "Package"; Value = "CurrentFootprint"; VariantName = "RS422_to_3V3"
Change component parameters (AddParameter): Name = "Parameter1"; Value = "V"; VariantName = "RS422_to_3V3"
Change component parameters (AddParameter): Name = "Parameter1Desc"; Value = "Package Method"; VariantName = "RS422_to_3V3"
Change component parameters (AddParameter): Name = "Parameter2"; Value = "F"; VariantName = "RS422_to_3V3"
Change component parameters (AddParameter): Name = "Parameter2Desc"; Value = "Tolerance Symbol"; VariantName = "RS422_to_3V3"
Change component parameters (AddParameter): Name = "Parameter3"; Value = ""; VariantName = "RS422_to_3V3"
Change component parameters (AddParameter): Name = "Parameter3Desc"; Value = ""; VariantName = "RS422_to_3V3"
Change component parameters (AddParameter): Name = "Supplier 1"; Value = "Mouser"; VariantName = "RS422_to_3V3"
Change component parameters (AddParameter): Name = "Supplier Part Number 1"; Value = "667-ERJ-U080R00V"; VariantName = "RS422_to_3V3"
Change component parameters (AddParameter): Name = "Value"; Value = "0"; VariantName = "RS422_to_3V3"
Change component parameters: Designator = "R1"; Footprint = "RESC3216X70X50LL20T25_CONFIG"; UniqueID = "\REEOQYYS\IIHAQJIS\RETMDXMW"
Change component parameters. Clean all parameters for all variants
Change component parameters (AddParameter): Name = "ComponentLink1Description"; Value = "Datasheet"; VariantName = "[No Variations]"
Change component parameters (AddParameter): Name = "ComponentLink1URL"; Value = "https://www.mouser.de/datasheet/2/315/AOA0000C334-1314047.pdf"; VariantName = "[No Variations]"
Change component parameters (AddParameter): Name = "Created"; Value = "2018_09_04_AGeiger"; VariantName = "[No Variations]"
Change component parameters (AddParameter): Name = "HelpURL"; Value = "https://www.mouser.de/datasheet/2/315/AOA0000C334-1314047.pdf"; VariantName = "[No Variations]"
Change component parameters (AddParameter): Name = "MaxVoltage"; Value = "100"; VariantName = "[No Variations]"
Change component parameters (AddParameter): Name = "MF"; Value = "Panasonic"; VariantName = "[No Variations]"
Change component parameters (AddParameter): Name = "MPN"; Value = "ERJU080R00V"; VariantName = "[No Variations]"
Change component parameters (AddParameter): Name = "Package"; Value = "CurrentFootprint"; VariantName = "[No Variations]"
Change component parameters (AddParameter): Name = "Parameter1"; Value = "V"; VariantName = "[No Variations]"
Change component parameters (AddParameter): Name = "Parameter1Desc"; Value = "Package Method"; VariantName = "[No Variations]"
Change component parameters (AddParameter): Name = "Parameter2"; Value = "F"; VariantName = "[No Variations]"
Change component parameters (AddParameter): Name = "Parameter2Desc"; Value = "Tolerance Symbol"; VariantName = "[No Variations]"
Change component parameters (AddParameter): Name = "Parameter3"; Value = ""; VariantName = "[No Variations]"
Change component parameters (AddParameter): Name = "Parameter3Desc"; Value = ""; VariantName = "[No Variations]"
Change component parameters (AddParameter): Name = "Supplier 1"; Value = "Mouser"; VariantName = "[No Variations]"
Change component parameters (AddParameter): Name = "Supplier Part Number 1"; Value = "667-ERJ-U080R00V"; VariantName = "[No Variations]"
Change component parameters (AddParameter): Name = "Value"; Value = "0"; VariantName = "[No Variations]"
Change component parameters (AddParameter): Name = "ComponentLink1Description"; Value = "Datasheet"; VariantName = "3V3_to_3V3"
Change component parameters (AddParameter): Name = "ComponentLink1URL"; Value = "https://www.mouser.de/datasheet/2/315/AOA0000C334-1314047.pdf"; VariantName = "3V3_to_3V3"
Change component parameters (AddParameter): Name = "Created"; Value = "2018_09_04_AGeiger"; VariantName = "3V3_to_3V3"
Change component parameters (AddParameter): Name = "HelpURL"; Value = "https://www.mouser.de/datasheet/2/315/AOA0000C334-1314047.pdf"; VariantName = "3V3_to_3V3"
Change component parameters (AddParameter): Name = "MaxVoltage"; Value = "100"; VariantName = "3V3_to_3V3"
Change component parameters (AddParameter): Name = "MF"; Value = "Panasonic"; VariantName = "3V3_to_3V3"
Change component parameters (AddParameter): Name = "MPN"; Value = "ERJU080R00V"; VariantName = "3V3_to_3V3"
Change component parameters (AddParameter): Name = "Package"; Value = "CurrentFootprint"; VariantName = "3V3_to_3V3"
Change component parameters (AddParameter): Name = "Parameter1"; Value = "V"; VariantName = "3V3_to_3V3"
Change component parameters (AddParameter): Name = "Parameter1Desc"; Value = "Package Method"; VariantName = "3V3_to_3V3"
Change component parameters (AddParameter): Name = "Parameter2"; Value = "F"; VariantName = "3V3_to_3V3"
Change component parameters (AddParameter): Name = "Parameter2Desc"; Value = "Tolerance Symbol"; VariantName = "3V3_to_3V3"
Change component parameters (AddParameter): Name = "Parameter3"; Value = ""; VariantName = "3V3_to_3V3"
Change component parameters (AddParameter): Name = "Parameter3Desc"; Value = ""; VariantName = "3V3_to_3V3"
Change component parameters (AddParameter): Name = "Supplier 1"; Value = "Mouser"; VariantName = "3V3_to_3V3"
Change component parameters (AddParameter): Name = "Supplier Part Number 1"; Value = "667-ERJ-U080R00V"; VariantName = "3V3_to_3V3"
Change component parameters (AddParameter): Name = "Value"; Value = "0"; VariantName = "3V3_to_3V3"
Change component parameters (AddParameter): Name = "ComponentLink1Description"; Value = "Datasheet"; VariantName = "3V3_to_15V"
Change component parameters (AddParameter): Name = "ComponentLink1URL"; Value = "https://www.mouser.de/datasheet/2/315/AOA0000C334-1314047.pdf"; VariantName = "3V3_to_15V"
Change component parameters (AddParameter): Name = "Created"; Value = "2018_09_04_AGeiger"; VariantName = "3V3_to_15V"
Change component parameters (AddParameter): Name = "HelpURL"; Value = "https://www.mouser.de/datasheet/2/315/AOA0000C334-1314047.pdf"; VariantName = "3V3_to_15V"
Change component parameters (AddParameter): Name = "MaxVoltage"; Value = "100"; VariantName = "3V3_to_15V"
Change component parameters (AddParameter): Name = "MF"; Value = "Panasonic"; VariantName = "3V3_to_15V"
Change component parameters (AddParameter): Name = "MPN"; Value = "ERJU080R00V"; VariantName = "3V3_to_15V"
Change component parameters (AddParameter): Name = "Package"; Value = "CurrentFootprint"; VariantName = "3V3_to_15V"
Change component parameters (AddParameter): Name = "Parameter1"; Value = "V"; VariantName = "3V3_to_15V"
Change component parameters (AddParameter): Name = "Parameter1Desc"; Value = "Package Method"; VariantName = "3V3_to_15V"
Change component parameters (AddParameter): Name = "Parameter2"; Value = "F"; VariantName = "3V3_to_15V"
Change component parameters (AddParameter): Name = "Parameter2Desc"; Value = "Tolerance Symbol"; VariantName = "3V3_to_15V"
Change component parameters (AddParameter): Name = "Parameter3"; Value = ""; VariantName = "3V3_to_15V"
Change component parameters (AddParameter): Name = "Parameter3Desc"; Value = ""; VariantName = "3V3_to_15V"
Change component parameters (AddParameter): Name = "Supplier 1"; Value = "Mouser"; VariantName = "3V3_to_15V"
Change component parameters (AddParameter): Name = "Supplier Part Number 1"; Value = "667-ERJ-U080R00V"; VariantName = "3V3_to_15V"
Change component parameters (AddParameter): Name = "Value"; Value = "0"; VariantName = "3V3_to_15V"
Change component parameters (AddParameter): Name = "ComponentLink1Description"; Value = "Datasheet"; VariantName = "3V3_to_RS422"
Change component parameters (AddParameter): Name = "ComponentLink1URL"; Value = "https://www.mouser.de/datasheet/2/315/AOA0000C334-1314047.pdf"; VariantName = "3V3_to_RS422"
Change component parameters (AddParameter): Name = "Created"; Value = "2018_09_04_AGeiger"; VariantName = "3V3_to_RS422"
Change component parameters (AddParameter): Name = "HelpURL"; Value = "https://www.mouser.de/datasheet/2/315/AOA0000C334-1314047.pdf"; VariantName = "3V3_to_RS422"
Change component parameters (AddParameter): Name = "MaxVoltage"; Value = "100"; VariantName = "3V3_to_RS422"
Change component parameters (AddParameter): Name = "MF"; Value = "Panasonic"; VariantName = "3V3_to_RS422"
Change component parameters (AddParameter): Name = "MPN"; Value = "ERJU080R00V"; VariantName = "3V3_to_RS422"
Change component parameters (AddParameter): Name = "Package"; Value = "CurrentFootprint"; VariantName = "3V3_to_RS422"
Change component parameters (AddParameter): Name = "Parameter1"; Value = "V"; VariantName = "3V3_to_RS422"
Change component parameters (AddParameter): Name = "Parameter1Desc"; Value = "Package Method"; VariantName = "3V3_to_RS422"
Change component parameters (AddParameter): Name = "Parameter2"; Value = "F"; VariantName = "3V3_to_RS422"
Change component parameters (AddParameter): Name = "Parameter2Desc"; Value = "Tolerance Symbol"; VariantName = "3V3_to_RS422"
Change component parameters (AddParameter): Name = "Parameter3"; Value = ""; VariantName = "3V3_to_RS422"
Change component parameters (AddParameter): Name = "Parameter3Desc"; Value = ""; VariantName = "3V3_to_RS422"
Change component parameters (AddParameter): Name = "Supplier 1"; Value = "Mouser"; VariantName = "3V3_to_RS422"
Change component parameters (AddParameter): Name = "Supplier Part Number 1"; Value = "667-ERJ-U080R00V"; VariantName = "3V3_to_RS422"
Change component parameters (AddParameter): Name = "Value"; Value = "0"; VariantName = "3V3_to_RS422"
Change component parameters (AddParameter): Name = "ComponentLink1Description"; Value = "Datasheet"; VariantName = "RS422_to_3V3"
Change component parameters (AddParameter): Name = "ComponentLink1URL"; Value = "https://www.mouser.de/datasheet/2/315/AOA0000C334-1314047.pdf"; VariantName = "RS422_to_3V3"
Change component parameters (AddParameter): Name = "Created"; Value = "2018_09_04_AGeiger"; VariantName = "RS422_to_3V3"
Change component parameters (AddParameter): Name = "HelpURL"; Value = "https://www.mouser.de/datasheet/2/315/AOA0000C334-1314047.pdf"; VariantName = "RS422_to_3V3"
Change component parameters (AddParameter): Name = "MaxVoltage"; Value = "100"; VariantName = "RS422_to_3V3"
Change component parameters (AddParameter): Name = "MF"; Value = "Panasonic"; VariantName = "RS422_to_3V3"
Change component parameters (AddParameter): Name = "MPN"; Value = "ERJU080R00V"; VariantName = "RS422_to_3V3"
Change component parameters (AddParameter): Name = "Package"; Value = "CurrentFootprint"; VariantName = "RS422_to_3V3"
Change component parameters (AddParameter): Name = "Parameter1"; Value = "V"; VariantName = "RS422_to_3V3"
Change component parameters (AddParameter): Name = "Parameter1Desc"; Value = "Package Method"; VariantName = "RS422_to_3V3"
Change component parameters (AddParameter): Name = "Parameter2"; Value = "F"; VariantName = "RS422_to_3V3"
Change component parameters (AddParameter): Name = "Parameter2Desc"; Value = "Tolerance Symbol"; VariantName = "RS422_to_3V3"
Change component parameters (AddParameter): Name = "Parameter3"; Value = ""; VariantName = "RS422_to_3V3"
Change component parameters (AddParameter): Name = "Parameter3Desc"; Value = ""; VariantName = "RS422_to_3V3"
Change component parameters (AddParameter): Name = "Supplier 1"; Value = "Mouser"; VariantName = "RS422_to_3V3"
Change component parameters (AddParameter): Name = "Supplier Part Number 1"; Value = "667-ERJ-U080R00V"; VariantName = "RS422_to_3V3"
Change component parameters (AddParameter): Name = "Value"; Value = "0"; VariantName = "RS422_to_3V3"
Change Net Name : Old Net Name=NetR23_2 New Net Name=NetR2_2
Change Net Name : Old Net Name=NetR32A_2 New Net Name=NetR33A_2
Change Net Name : Old Net Name=NetR32B_2 New Net Name=NetR33B_2
Change Net Name : Old Net Name=NetR33A_1 New Net Name=NetR34A_1
Change Net Name : Old Net Name=NetR33B_1 New Net Name=NetR34B_1
Change Net Name : Old Net Name=NetR34A_2 New Net Name=NetR35A_2
Change Net Name : Old Net Name=NetR34B_2 New Net Name=NetR35B_2
Change Net Name : Old Net Name=NetR35A_1 New Net Name=NetR36A_1
Change Net Name : Old Net Name=NetR35B_1 New Net Name=NetR36B_1
