Change component parameters: Designator = "R1"; Footprint = "RESC1608X55X30NL15T15"; UniqueID = "\WHONMLKY\YZPUAALX"
Change component parameters. Clean all parameters for all variants
Change component parameters (AddParameter): Name = "ComponentLink1Description"; Value = "Datasheet"; VariantName = "[No Variations]"
Change component parameters (AddParameter): Name = "ComponentLink1URL"; Value = "https://www.mouser.de/datasheet/2/315/AOA0000C334-1314047.pdf"; VariantName = "[No Variations]"
Change component parameters (AddParameter): Name = "Created"; Value = "2019-12-08_Thilo_Wendt"; VariantName = "[No Variations]"
Change component parameters (AddParameter): Name = "HelpURL"; Value = "https://www.mouser.de/datasheet/2/315/AOA0000C334-1314047.pdf"; VariantName = "[No Variations]"
Change component parameters (AddParameter): Name = "MaxVoltage"; Value = "100"; VariantName = "[No Variations]"
Change component parameters (AddParameter): Name = "MF"; Value = "Panasonic"; VariantName = "[No Variations]"
Change component parameters (AddParameter): Name = "MPN"; Value = "ERJS030R00V"; VariantName = "[No Variations]"
Change component parameters (AddParameter): Name = "Package"; Value = "CurrentFootprint"; VariantName = "[No Variations]"
Change component parameters (AddParameter): Name = "Parameter1"; Value = "V"; VariantName = "[No Variations]"
Change component parameters (AddParameter): Name = "Parameter1Desc"; Value = "Package Method"; VariantName = "[No Variations]"
Change component parameters (AddParameter): Name = "Parameter2"; Value = "F"; VariantName = "[No Variations]"
Change component parameters (AddParameter): Name = "Parameter2Desc"; Value = "Tolerance Symbol"; VariantName = "[No Variations]"
Change component parameters (AddParameter): Name = "Parameter3"; Value = ""; VariantName = "[No Variations]"
Change component parameters (AddParameter): Name = "Parameter3Desc"; Value = ""; VariantName = "[No Variations]"
Change component parameters (AddParameter): Name = "Supplier1"; Value = "https://de.farnell.com/w/search?qualifizierungsstandard-der-automobilindustrie=aec-q200&range=inc-in-stock&st=erju"; VariantName = "[No Variations]"
Change component parameters (AddParameter): Name = "Value"; Value = "0"; VariantName = "[No Variations]"
Change component parameters: Designator = "R2"; Footprint = "RESC1608X55X30NL15T15"; UniqueID = "\WHONMLKY\RSVGWDKZ"
Change component parameters. Clean all parameters for all variants
Change component parameters (AddParameter): Name = "ComponentLink1Description"; Value = "Datasheet"; VariantName = "[No Variations]"
Change component parameters (AddParameter): Name = "ComponentLink1URL"; Value = "https://www.mouser.de/datasheet/2/315/AOA0000C334-1314047.pdf"; VariantName = "[No Variations]"
Change component parameters (AddParameter): Name = "Created"; Value = "2019-12-08_Thilo_Wendt"; VariantName = "[No Variations]"
Change component parameters (AddParameter): Name = "HelpURL"; Value = "https://www.mouser.de/datasheet/2/315/AOA0000C334-1314047.pdf"; VariantName = "[No Variations]"
Change component parameters (AddParameter): Name = "MaxVoltage"; Value = "100"; VariantName = "[No Variations]"
Change component parameters (AddParameter): Name = "MF"; Value = "Panasonic"; VariantName = "[No Variations]"
Change component parameters (AddParameter): Name = "MPN"; Value = "ERJS030R00V"; VariantName = "[No Variations]"
Change component parameters (AddParameter): Name = "Package"; Value = "CurrentFootprint"; VariantName = "[No Variations]"
Change component parameters (AddParameter): Name = "Parameter1"; Value = "V"; VariantName = "[No Variations]"
Change component parameters (AddParameter): Name = "Parameter1Desc"; Value = "Package Method"; VariantName = "[No Variations]"
Change component parameters (AddParameter): Name = "Parameter2"; Value = "F"; VariantName = "[No Variations]"
Change component parameters (AddParameter): Name = "Parameter2Desc"; Value = "Tolerance Symbol"; VariantName = "[No Variations]"
Change component parameters (AddParameter): Name = "Parameter3"; Value = ""; VariantName = "[No Variations]"
Change component parameters (AddParameter): Name = "Parameter3Desc"; Value = ""; VariantName = "[No Variations]"
Change component parameters (AddParameter): Name = "Supplier1"; Value = "https://de.farnell.com/w/search?qualifizierungsstandard-der-automobilindustrie=aec-q200&range=inc-in-stock&st=erju"; VariantName = "[No Variations]"
Change component parameters (AddParameter): Name = "Value"; Value = "0"; VariantName = "[No Variations]"
Change component parameters: Designator = "R3A"; Footprint = "RESC1608X55X30NL15T15"; UniqueID = "\REEOQYYS\LOSHMCEA\1DEFTBZMN\XWCIJMNU"
Change component parameters. Clean all parameters for all variants
Change component parameters (AddParameter): Name = "ComponentLink1Description"; Value = "Datasheet"; VariantName = "[No Variations]"
Change component parameters (AddParameter): Name = "ComponentLink1URL"; Value = "https://www.mouser.de/datasheet/2/315/AOA0000C334-1314047.pdf"; VariantName = "[No Variations]"
Change component parameters (AddParameter): Name = "Created"; Value = "2019-12-08_Thilo_Wendt"; VariantName = "[No Variations]"
Change component parameters (AddParameter): Name = "HelpURL"; Value = "https://www.mouser.de/datasheet/2/315/AOA0000C334-1314047.pdf"; VariantName = "[No Variations]"
Change component parameters (AddParameter): Name = "MaxVoltage"; Value = "100"; VariantName = "[No Variations]"
Change component parameters (AddParameter): Name = "MF"; Value = "Panasonic"; VariantName = "[No Variations]"
Change component parameters (AddParameter): Name = "MPN"; Value = "ERJS030R00V"; VariantName = "[No Variations]"
Change component parameters (AddParameter): Name = "Package"; Value = "CurrentFootprint"; VariantName = "[No Variations]"
Change component parameters (AddParameter): Name = "Parameter1"; Value = "V"; VariantName = "[No Variations]"
Change component parameters (AddParameter): Name = "Parameter1Desc"; Value = "Package Method"; VariantName = "[No Variations]"
Change component parameters (AddParameter): Name = "Parameter2"; Value = "F"; VariantName = "[No Variations]"
Change component parameters (AddParameter): Name = "Parameter2Desc"; Value = "Tolerance Symbol"; VariantName = "[No Variations]"
Change component parameters (AddParameter): Name = "Parameter3"; Value = ""; VariantName = "[No Variations]"
Change component parameters (AddParameter): Name = "Parameter3Desc"; Value = ""; VariantName = "[No Variations]"
Change component parameters (AddParameter): Name = "Supplier1"; Value = "https://de.farnell.com/w/search?qualifizierungsstandard-der-automobilindustrie=aec-q200&range=inc-in-stock&st=erju"; VariantName = "[No Variations]"
Change component parameters (AddParameter): Name = "Value"; Value = "0"; VariantName = "[No Variations]"
Change component parameters (AddParameter): Name = "ComponentLink1Description"; Value = "Datasheet"; VariantName = "3V3_to_15V"
Change component parameters (AddParameter): Name = "ComponentLink1URL"; Value = "https://www.mouser.de/datasheet/2/315/AOA0000C334-1314047.pdf"; VariantName = "3V3_to_15V"
Change component parameters (AddParameter): Name = "Created"; Value = "2019-12-08_Thilo_Wendt"; VariantName = "3V3_to_15V"
Change component parameters (AddParameter): Name = "HelpURL"; Value = "https://www.mouser.de/datasheet/2/315/AOA0000C334-1314047.pdf"; VariantName = "3V3_to_15V"
Change component parameters (AddParameter): Name = "MaxVoltage"; Value = "100"; VariantName = "3V3_to_15V"
Change component parameters (AddParameter): Name = "MF"; Value = "Panasonic"; VariantName = "3V3_to_15V"
Change component parameters (AddParameter): Name = "MPN"; Value = "ERJS030R00V"; VariantName = "3V3_to_15V"
Change component parameters (AddParameter): Name = "Package"; Value = "CurrentFootprint"; VariantName = "3V3_to_15V"
Change component parameters (AddParameter): Name = "Parameter1"; Value = "V"; VariantName = "3V3_to_15V"
Change component parameters (AddParameter): Name = "Parameter1Desc"; Value = "Package Method"; VariantName = "3V3_to_15V"
Change component parameters (AddParameter): Name = "Parameter2"; Value = "F"; VariantName = "3V3_to_15V"
Change component parameters (AddParameter): Name = "Parameter2Desc"; Value = "Tolerance Symbol"; VariantName = "3V3_to_15V"
Change component parameters (AddParameter): Name = "Parameter3"; Value = ""; VariantName = "3V3_to_15V"
Change component parameters (AddParameter): Name = "Parameter3Desc"; Value = ""; VariantName = "3V3_to_15V"
Change component parameters (AddParameter): Name = "Supplier1"; Value = "https://de.farnell.com/w/search?qualifizierungsstandard-der-automobilindustrie=aec-q200&range=inc-in-stock&st=erju"; VariantName = "3V3_to_15V"
Change component parameters (AddParameter): Name = "Value"; Value = "0"; VariantName = "3V3_to_15V"
Change component parameters (AddParameter): Name = "ComponentLink1Description"; Value = "Datasheet"; VariantName = "3V3_to_RS422"
Change component parameters (AddParameter): Name = "ComponentLink1URL"; Value = "https://www.mouser.de/datasheet/2/315/AOA0000C334-1314047.pdf"; VariantName = "3V3_to_RS422"
Change component parameters (AddParameter): Name = "Created"; Value = "2019-12-08_Thilo_Wendt"; VariantName = "3V3_to_RS422"
Change component parameters (AddParameter): Name = "HelpURL"; Value = "https://www.mouser.de/datasheet/2/315/AOA0000C334-1314047.pdf"; VariantName = "3V3_to_RS422"
Change component parameters (AddParameter): Name = "MaxVoltage"; Value = "100"; VariantName = "3V3_to_RS422"
Change component parameters (AddParameter): Name = "MF"; Value = "Panasonic"; VariantName = "3V3_to_RS422"
Change component parameters (AddParameter): Name = "MPN"; Value = "ERJS030R00V"; VariantName = "3V3_to_RS422"
Change component parameters (AddParameter): Name = "Package"; Value = "CurrentFootprint"; VariantName = "3V3_to_RS422"
Change component parameters (AddParameter): Name = "Parameter1"; Value = "V"; VariantName = "3V3_to_RS422"
Change component parameters (AddParameter): Name = "Parameter1Desc"; Value = "Package Method"; VariantName = "3V3_to_RS422"
Change component parameters (AddParameter): Name = "Parameter2"; Value = "F"; VariantName = "3V3_to_RS422"
Change component parameters (AddParameter): Name = "Parameter2Desc"; Value = "Tolerance Symbol"; VariantName = "3V3_to_RS422"
Change component parameters (AddParameter): Name = "Parameter3"; Value = ""; VariantName = "3V3_to_RS422"
Change component parameters (AddParameter): Name = "Parameter3Desc"; Value = ""; VariantName = "3V3_to_RS422"
Change component parameters (AddParameter): Name = "Supplier1"; Value = "https://de.farnell.com/w/search?qualifizierungsstandard-der-automobilindustrie=aec-q200&range=inc-in-stock&st=erju"; VariantName = "3V3_to_RS422"
Change component parameters (AddParameter): Name = "Value"; Value = "0"; VariantName = "3V3_to_RS422"
Change component parameters (AddParameter): Name = "ComponentLink1Description"; Value = "Datasheet"; VariantName = "RS422_to_3V3"
Change component parameters (AddParameter): Name = "ComponentLink1URL"; Value = "https://www.mouser.de/datasheet/2/315/AOA0000C334-1314047.pdf"; VariantName = "RS422_to_3V3"
Change component parameters (AddParameter): Name = "Created"; Value = "2019-12-08_Thilo_Wendt"; VariantName = "RS422_to_3V3"
Change component parameters (AddParameter): Name = "HelpURL"; Value = "https://www.mouser.de/datasheet/2/315/AOA0000C334-1314047.pdf"; VariantName = "RS422_to_3V3"
Change component parameters (AddParameter): Name = "MaxVoltage"; Value = "100"; VariantName = "RS422_to_3V3"
Change component parameters (AddParameter): Name = "MF"; Value = "Panasonic"; VariantName = "RS422_to_3V3"
Change component parameters (AddParameter): Name = "MPN"; Value = "ERJS030R00V"; VariantName = "RS422_to_3V3"
Change component parameters (AddParameter): Name = "Package"; Value = "CurrentFootprint"; VariantName = "RS422_to_3V3"
Change component parameters (AddParameter): Name = "Parameter1"; Value = "V"; VariantName = "RS422_to_3V3"
Change component parameters (AddParameter): Name = "Parameter1Desc"; Value = "Package Method"; VariantName = "RS422_to_3V3"
Change component parameters (AddParameter): Name = "Parameter2"; Value = "F"; VariantName = "RS422_to_3V3"
Change component parameters (AddParameter): Name = "Parameter2Desc"; Value = "Tolerance Symbol"; VariantName = "RS422_to_3V3"
Change component parameters (AddParameter): Name = "Parameter3"; Value = ""; VariantName = "RS422_to_3V3"
Change component parameters (AddParameter): Name = "Parameter3Desc"; Value = ""; VariantName = "RS422_to_3V3"
Change component parameters (AddParameter): Name = "Supplier1"; Value = "https://de.farnell.com/w/search?qualifizierungsstandard-der-automobilindustrie=aec-q200&range=inc-in-stock&st=erju"; VariantName = "RS422_to_3V3"
Change component parameters (AddParameter): Name = "Value"; Value = "0"; VariantName = "RS422_to_3V3"
Change component parameters: Designator = "R3B"; Footprint = "RESC1608X55X30NL15T15"; UniqueID = "\REEOQYYS\LOSHMCEA\2DEFTBZMN\XWCIJMNU"
Change component parameters. Clean all parameters for all variants
Change component parameters (AddParameter): Name = "ComponentLink1Description"; Value = "Datasheet"; VariantName = "[No Variations]"
Change component parameters (AddParameter): Name = "ComponentLink1URL"; Value = "https://www.mouser.de/datasheet/2/315/AOA0000C334-1314047.pdf"; VariantName = "[No Variations]"
Change component parameters (AddParameter): Name = "Created"; Value = "2019-12-08_Thilo_Wendt"; VariantName = "[No Variations]"
Change component parameters (AddParameter): Name = "HelpURL"; Value = "https://www.mouser.de/datasheet/2/315/AOA0000C334-1314047.pdf"; VariantName = "[No Variations]"
Change component parameters (AddParameter): Name = "MaxVoltage"; Value = "100"; VariantName = "[No Variations]"
Change component parameters (AddParameter): Name = "MF"; Value = "Panasonic"; VariantName = "[No Variations]"
Change component parameters (AddParameter): Name = "MPN"; Value = "ERJS030R00V"; VariantName = "[No Variations]"
Change component parameters (AddParameter): Name = "Package"; Value = "CurrentFootprint"; VariantName = "[No Variations]"
Change component parameters (AddParameter): Name = "Parameter1"; Value = "V"; VariantName = "[No Variations]"
Change component parameters (AddParameter): Name = "Parameter1Desc"; Value = "Package Method"; VariantName = "[No Variations]"
Change component parameters (AddParameter): Name = "Parameter2"; Value = "F"; VariantName = "[No Variations]"
Change component parameters (AddParameter): Name = "Parameter2Desc"; Value = "Tolerance Symbol"; VariantName = "[No Variations]"
Change component parameters (AddParameter): Name = "Parameter3"; Value = ""; VariantName = "[No Variations]"
Change component parameters (AddParameter): Name = "Parameter3Desc"; Value = ""; VariantName = "[No Variations]"
Change component parameters (AddParameter): Name = "Supplier1"; Value = "https://de.farnell.com/w/search?qualifizierungsstandard-der-automobilindustrie=aec-q200&range=inc-in-stock&st=erju"; VariantName = "[No Variations]"
Change component parameters (AddParameter): Name = "Value"; Value = "0"; VariantName = "[No Variations]"
Change component parameters (AddParameter): Name = "ComponentLink1Description"; Value = "Datasheet"; VariantName = "3V3_to_15V"
Change component parameters (AddParameter): Name = "ComponentLink1URL"; Value = "https://www.mouser.de/datasheet/2/315/AOA0000C334-1314047.pdf"; VariantName = "3V3_to_15V"
Change component parameters (AddParameter): Name = "Created"; Value = "2019-12-08_Thilo_Wendt"; VariantName = "3V3_to_15V"
Change component parameters (AddParameter): Name = "HelpURL"; Value = "https://www.mouser.de/datasheet/2/315/AOA0000C334-1314047.pdf"; VariantName = "3V3_to_15V"
Change component parameters (AddParameter): Name = "MaxVoltage"; Value = "100"; VariantName = "3V3_to_15V"
Change component parameters (AddParameter): Name = "MF"; Value = "Panasonic"; VariantName = "3V3_to_15V"
Change component parameters (AddParameter): Name = "MPN"; Value = "ERJS030R00V"; VariantName = "3V3_to_15V"
Change component parameters (AddParameter): Name = "Package"; Value = "CurrentFootprint"; VariantName = "3V3_to_15V"
Change component parameters (AddParameter): Name = "Parameter1"; Value = "V"; VariantName = "3V3_to_15V"
Change component parameters (AddParameter): Name = "Parameter1Desc"; Value = "Package Method"; VariantName = "3V3_to_15V"
Change component parameters (AddParameter): Name = "Parameter2"; Value = "F"; VariantName = "3V3_to_15V"
Change component parameters (AddParameter): Name = "Parameter2Desc"; Value = "Tolerance Symbol"; VariantName = "3V3_to_15V"
Change component parameters (AddParameter): Name = "Parameter3"; Value = ""; VariantName = "3V3_to_15V"
Change component parameters (AddParameter): Name = "Parameter3Desc"; Value = ""; VariantName = "3V3_to_15V"
Change component parameters (AddParameter): Name = "Supplier1"; Value = "https://de.farnell.com/w/search?qualifizierungsstandard-der-automobilindustrie=aec-q200&range=inc-in-stock&st=erju"; VariantName = "3V3_to_15V"
Change component parameters (AddParameter): Name = "Value"; Value = "0"; VariantName = "3V3_to_15V"
Change component parameters (AddParameter): Name = "ComponentLink1Description"; Value = "Datasheet"; VariantName = "3V3_to_RS422"
Change component parameters (AddParameter): Name = "ComponentLink1URL"; Value = "https://www.mouser.de/datasheet/2/315/AOA0000C334-1314047.pdf"; VariantName = "3V3_to_RS422"
Change component parameters (AddParameter): Name = "Created"; Value = "2019-12-08_Thilo_Wendt"; VariantName = "3V3_to_RS422"
Change component parameters (AddParameter): Name = "HelpURL"; Value = "https://www.mouser.de/datasheet/2/315/AOA0000C334-1314047.pdf"; VariantName = "3V3_to_RS422"
Change component parameters (AddParameter): Name = "MaxVoltage"; Value = "100"; VariantName = "3V3_to_RS422"
Change component parameters (AddParameter): Name = "MF"; Value = "Panasonic"; VariantName = "3V3_to_RS422"
Change component parameters (AddParameter): Name = "MPN"; Value = "ERJS030R00V"; VariantName = "3V3_to_RS422"
Change component parameters (AddParameter): Name = "Package"; Value = "CurrentFootprint"; VariantName = "3V3_to_RS422"
Change component parameters (AddParameter): Name = "Parameter1"; Value = "V"; VariantName = "3V3_to_RS422"
Change component parameters (AddParameter): Name = "Parameter1Desc"; Value = "Package Method"; VariantName = "3V3_to_RS422"
Change component parameters (AddParameter): Name = "Parameter2"; Value = "F"; VariantName = "3V3_to_RS422"
Change component parameters (AddParameter): Name = "Parameter2Desc"; Value = "Tolerance Symbol"; VariantName = "3V3_to_RS422"
Change component parameters (AddParameter): Name = "Parameter3"; Value = ""; VariantName = "3V3_to_RS422"
Change component parameters (AddParameter): Name = "Parameter3Desc"; Value = ""; VariantName = "3V3_to_RS422"
Change component parameters (AddParameter): Name = "Supplier1"; Value = "https://de.farnell.com/w/search?qualifizierungsstandard-der-automobilindustrie=aec-q200&range=inc-in-stock&st=erju"; VariantName = "3V3_to_RS422"
Change component parameters (AddParameter): Name = "Value"; Value = "0"; VariantName = "3V3_to_RS422"
Change component parameters (AddParameter): Name = "ComponentLink1Description"; Value = "Datasheet"; VariantName = "RS422_to_3V3"
Change component parameters (AddParameter): Name = "ComponentLink1URL"; Value = "https://www.mouser.de/datasheet/2/315/AOA0000C334-1314047.pdf"; VariantName = "RS422_to_3V3"
Change component parameters (AddParameter): Name = "Created"; Value = "2019-12-08_Thilo_Wendt"; VariantName = "RS422_to_3V3"
Change component parameters (AddParameter): Name = "HelpURL"; Value = "https://www.mouser.de/datasheet/2/315/AOA0000C334-1314047.pdf"; VariantName = "RS422_to_3V3"
Change component parameters (AddParameter): Name = "MaxVoltage"; Value = "100"; VariantName = "RS422_to_3V3"
Change component parameters (AddParameter): Name = "MF"; Value = "Panasonic"; VariantName = "RS422_to_3V3"
Change component parameters (AddParameter): Name = "MPN"; Value = "ERJS030R00V"; VariantName = "RS422_to_3V3"
Change component parameters (AddParameter): Name = "Package"; Value = "CurrentFootprint"; VariantName = "RS422_to_3V3"
Change component parameters (AddParameter): Name = "Parameter1"; Value = "V"; VariantName = "RS422_to_3V3"
Change component parameters (AddParameter): Name = "Parameter1Desc"; Value = "Package Method"; VariantName = "RS422_to_3V3"
Change component parameters (AddParameter): Name = "Parameter2"; Value = "F"; VariantName = "RS422_to_3V3"
Change component parameters (AddParameter): Name = "Parameter2Desc"; Value = "Tolerance Symbol"; VariantName = "RS422_to_3V3"
Change component parameters (AddParameter): Name = "Parameter3"; Value = ""; VariantName = "RS422_to_3V3"
Change component parameters (AddParameter): Name = "Parameter3Desc"; Value = ""; VariantName = "RS422_to_3V3"
Change component parameters (AddParameter): Name = "Supplier1"; Value = "https://de.farnell.com/w/search?qualifizierungsstandard-der-automobilindustrie=aec-q200&range=inc-in-stock&st=erju"; VariantName = "RS422_to_3V3"
Change component parameters (AddParameter): Name = "Value"; Value = "0"; VariantName = "RS422_to_3V3"
Change component parameters: Designator = "R3C"; Footprint = "RESC1608X55X30NL15T15"; UniqueID = "\REEOQYYS\LOSHMCEA\3DEFTBZMN\XWCIJMNU"
Change component parameters. Clean all parameters for all variants
Change component parameters (AddParameter): Name = "ComponentLink1Description"; Value = "Datasheet"; VariantName = "[No Variations]"
Change component parameters (AddParameter): Name = "ComponentLink1URL"; Value = "https://www.mouser.de/datasheet/2/315/AOA0000C334-1314047.pdf"; VariantName = "[No Variations]"
Change component parameters (AddParameter): Name = "Created"; Value = "2019-12-08_Thilo_Wendt"; VariantName = "[No Variations]"
Change component parameters (AddParameter): Name = "HelpURL"; Value = "https://www.mouser.de/datasheet/2/315/AOA0000C334-1314047.pdf"; VariantName = "[No Variations]"
Change component parameters (AddParameter): Name = "MaxVoltage"; Value = "100"; VariantName = "[No Variations]"
Change component parameters (AddParameter): Name = "MF"; Value = "Panasonic"; VariantName = "[No Variations]"
Change component parameters (AddParameter): Name = "MPN"; Value = "ERJS030R00V"; VariantName = "[No Variations]"
Change component parameters (AddParameter): Name = "Package"; Value = "CurrentFootprint"; VariantName = "[No Variations]"
Change component parameters (AddParameter): Name = "Parameter1"; Value = "V"; VariantName = "[No Variations]"
Change component parameters (AddParameter): Name = "Parameter1Desc"; Value = "Package Method"; VariantName = "[No Variations]"
Change component parameters (AddParameter): Name = "Parameter2"; Value = "F"; VariantName = "[No Variations]"
Change component parameters (AddParameter): Name = "Parameter2Desc"; Value = "Tolerance Symbol"; VariantName = "[No Variations]"
Change component parameters (AddParameter): Name = "Parameter3"; Value = ""; VariantName = "[No Variations]"
Change component parameters (AddParameter): Name = "Parameter3Desc"; Value = ""; VariantName = "[No Variations]"
Change component parameters (AddParameter): Name = "Supplier1"; Value = "https://de.farnell.com/w/search?qualifizierungsstandard-der-automobilindustrie=aec-q200&range=inc-in-stock&st=erju"; VariantName = "[No Variations]"
Change component parameters (AddParameter): Name = "Value"; Value = "0"; VariantName = "[No Variations]"
Change component parameters (AddParameter): Name = "ComponentLink1Description"; Value = "Datasheet"; VariantName = "3V3_to_15V"
Change component parameters (AddParameter): Name = "ComponentLink1URL"; Value = "https://www.mouser.de/datasheet/2/315/AOA0000C334-1314047.pdf"; VariantName = "3V3_to_15V"
Change component parameters (AddParameter): Name = "Created"; Value = "2019-12-08_Thilo_Wendt"; VariantName = "3V3_to_15V"
Change component parameters (AddParameter): Name = "HelpURL"; Value = "https://www.mouser.de/datasheet/2/315/AOA0000C334-1314047.pdf"; VariantName = "3V3_to_15V"
Change component parameters (AddParameter): Name = "MaxVoltage"; Value = "100"; VariantName = "3V3_to_15V"
Change component parameters (AddParameter): Name = "MF"; Value = "Panasonic"; VariantName = "3V3_to_15V"
Change component parameters (AddParameter): Name = "MPN"; Value = "ERJS030R00V"; VariantName = "3V3_to_15V"
Change component parameters (AddParameter): Name = "Package"; Value = "CurrentFootprint"; VariantName = "3V3_to_15V"
Change component parameters (AddParameter): Name = "Parameter1"; Value = "V"; VariantName = "3V3_to_15V"
Change component parameters (AddParameter): Name = "Parameter1Desc"; Value = "Package Method"; VariantName = "3V3_to_15V"
Change component parameters (AddParameter): Name = "Parameter2"; Value = "F"; VariantName = "3V3_to_15V"
Change component parameters (AddParameter): Name = "Parameter2Desc"; Value = "Tolerance Symbol"; VariantName = "3V3_to_15V"
Change component parameters (AddParameter): Name = "Parameter3"; Value = ""; VariantName = "3V3_to_15V"
Change component parameters (AddParameter): Name = "Parameter3Desc"; Value = ""; VariantName = "3V3_to_15V"
Change component parameters (AddParameter): Name = "Supplier1"; Value = "https://de.farnell.com/w/search?qualifizierungsstandard-der-automobilindustrie=aec-q200&range=inc-in-stock&st=erju"; VariantName = "3V3_to_15V"
Change component parameters (AddParameter): Name = "Value"; Value = "0"; VariantName = "3V3_to_15V"
Change component parameters (AddParameter): Name = "ComponentLink1Description"; Value = "Datasheet"; VariantName = "3V3_to_RS422"
Change component parameters (AddParameter): Name = "ComponentLink1URL"; Value = "https://www.mouser.de/datasheet/2/315/AOA0000C334-1314047.pdf"; VariantName = "3V3_to_RS422"
Change component parameters (AddParameter): Name = "Created"; Value = "2019-12-08_Thilo_Wendt"; VariantName = "3V3_to_RS422"
Change component parameters (AddParameter): Name = "HelpURL"; Value = "https://www.mouser.de/datasheet/2/315/AOA0000C334-1314047.pdf"; VariantName = "3V3_to_RS422"
Change component parameters (AddParameter): Name = "MaxVoltage"; Value = "100"; VariantName = "3V3_to_RS422"
Change component parameters (AddParameter): Name = "MF"; Value = "Panasonic"; VariantName = "3V3_to_RS422"
Change component parameters (AddParameter): Name = "MPN"; Value = "ERJS030R00V"; VariantName = "3V3_to_RS422"
Change component parameters (AddParameter): Name = "Package"; Value = "CurrentFootprint"; VariantName = "3V3_to_RS422"
Change component parameters (AddParameter): Name = "Parameter1"; Value = "V"; VariantName = "3V3_to_RS422"
Change component parameters (AddParameter): Name = "Parameter1Desc"; Value = "Package Method"; VariantName = "3V3_to_RS422"
Change component parameters (AddParameter): Name = "Parameter2"; Value = "F"; VariantName = "3V3_to_RS422"
Change component parameters (AddParameter): Name = "Parameter2Desc"; Value = "Tolerance Symbol"; VariantName = "3V3_to_RS422"
Change component parameters (AddParameter): Name = "Parameter3"; Value = ""; VariantName = "3V3_to_RS422"
Change component parameters (AddParameter): Name = "Parameter3Desc"; Value = ""; VariantName = "3V3_to_RS422"
Change component parameters (AddParameter): Name = "Supplier1"; Value = "https://de.farnell.com/w/search?qualifizierungsstandard-der-automobilindustrie=aec-q200&range=inc-in-stock&st=erju"; VariantName = "3V3_to_RS422"
Change component parameters (AddParameter): Name = "Value"; Value = "0"; VariantName = "3V3_to_RS422"
Change component parameters (AddParameter): Name = "ComponentLink1Description"; Value = "Datasheet"; VariantName = "RS422_to_3V3"
Change component parameters (AddParameter): Name = "ComponentLink1URL"; Value = "https://www.mouser.de/datasheet/2/315/AOA0000C334-1314047.pdf"; VariantName = "RS422_to_3V3"
Change component parameters (AddParameter): Name = "Created"; Value = "2019-12-08_Thilo_Wendt"; VariantName = "RS422_to_3V3"
Change component parameters (AddParameter): Name = "HelpURL"; Value = "https://www.mouser.de/datasheet/2/315/AOA0000C334-1314047.pdf"; VariantName = "RS422_to_3V3"
Change component parameters (AddParameter): Name = "MaxVoltage"; Value = "100"; VariantName = "RS422_to_3V3"
Change component parameters (AddParameter): Name = "MF"; Value = "Panasonic"; VariantName = "RS422_to_3V3"
Change component parameters (AddParameter): Name = "MPN"; Value = "ERJS030R00V"; VariantName = "RS422_to_3V3"
Change component parameters (AddParameter): Name = "Package"; Value = "CurrentFootprint"; VariantName = "RS422_to_3V3"
Change component parameters (AddParameter): Name = "Parameter1"; Value = "V"; VariantName = "RS422_to_3V3"
Change component parameters (AddParameter): Name = "Parameter1Desc"; Value = "Package Method"; VariantName = "RS422_to_3V3"
Change component parameters (AddParameter): Name = "Parameter2"; Value = "F"; VariantName = "RS422_to_3V3"
Change component parameters (AddParameter): Name = "Parameter2Desc"; Value = "Tolerance Symbol"; VariantName = "RS422_to_3V3"
Change component parameters (AddParameter): Name = "Parameter3"; Value = ""; VariantName = "RS422_to_3V3"
Change component parameters (AddParameter): Name = "Parameter3Desc"; Value = ""; VariantName = "RS422_to_3V3"
Change component parameters (AddParameter): Name = "Supplier1"; Value = "https://de.farnell.com/w/search?qualifizierungsstandard-der-automobilindustrie=aec-q200&range=inc-in-stock&st=erju"; VariantName = "RS422_to_3V3"
Change component parameters (AddParameter): Name = "Value"; Value = "0"; VariantName = "RS422_to_3V3"
Change component parameters: Designator = "R3D"; Footprint = "RESC1608X55X30NL15T15"; UniqueID = "\REEOQYYS\LOSHMCEA\4DEFTBZMN\XWCIJMNU"
Change component parameters. Clean all parameters for all variants
Change component parameters (AddParameter): Name = "ComponentLink1Description"; Value = "Datasheet"; VariantName = "[No Variations]"
Change component parameters (AddParameter): Name = "ComponentLink1URL"; Value = "https://www.mouser.de/datasheet/2/315/AOA0000C334-1314047.pdf"; VariantName = "[No Variations]"
Change component parameters (AddParameter): Name = "Created"; Value = "2019-12-08_Thilo_Wendt"; VariantName = "[No Variations]"
Change component parameters (AddParameter): Name = "HelpURL"; Value = "https://www.mouser.de/datasheet/2/315/AOA0000C334-1314047.pdf"; VariantName = "[No Variations]"
Change component parameters (AddParameter): Name = "MaxVoltage"; Value = "100"; VariantName = "[No Variations]"
Change component parameters (AddParameter): Name = "MF"; Value = "Panasonic"; VariantName = "[No Variations]"
Change component parameters (AddParameter): Name = "MPN"; Value = "ERJS030R00V"; VariantName = "[No Variations]"
Change component parameters (AddParameter): Name = "Package"; Value = "CurrentFootprint"; VariantName = "[No Variations]"
Change component parameters (AddParameter): Name = "Parameter1"; Value = "V"; VariantName = "[No Variations]"
Change component parameters (AddParameter): Name = "Parameter1Desc"; Value = "Package Method"; VariantName = "[No Variations]"
Change component parameters (AddParameter): Name = "Parameter2"; Value = "F"; VariantName = "[No Variations]"
Change component parameters (AddParameter): Name = "Parameter2Desc"; Value = "Tolerance Symbol"; VariantName = "[No Variations]"
Change component parameters (AddParameter): Name = "Parameter3"; Value = ""; VariantName = "[No Variations]"
Change component parameters (AddParameter): Name = "Parameter3Desc"; Value = ""; VariantName = "[No Variations]"
Change component parameters (AddParameter): Name = "Supplier1"; Value = "https://de.farnell.com/w/search?qualifizierungsstandard-der-automobilindustrie=aec-q200&range=inc-in-stock&st=erju"; VariantName = "[No Variations]"
Change component parameters (AddParameter): Name = "Value"; Value = "0"; VariantName = "[No Variations]"
Change component parameters (AddParameter): Name = "ComponentLink1Description"; Value = "Datasheet"; VariantName = "3V3_to_15V"
Change component parameters (AddParameter): Name = "ComponentLink1URL"; Value = "https://www.mouser.de/datasheet/2/315/AOA0000C334-1314047.pdf"; VariantName = "3V3_to_15V"
Change component parameters (AddParameter): Name = "Created"; Value = "2019-12-08_Thilo_Wendt"; VariantName = "3V3_to_15V"
Change component parameters (AddParameter): Name = "HelpURL"; Value = "https://www.mouser.de/datasheet/2/315/AOA0000C334-1314047.pdf"; VariantName = "3V3_to_15V"
Change component parameters (AddParameter): Name = "MaxVoltage"; Value = "100"; VariantName = "3V3_to_15V"
Change component parameters (AddParameter): Name = "MF"; Value = "Panasonic"; VariantName = "3V3_to_15V"
Change component parameters (AddParameter): Name = "MPN"; Value = "ERJS030R00V"; VariantName = "3V3_to_15V"
Change component parameters (AddParameter): Name = "Package"; Value = "CurrentFootprint"; VariantName = "3V3_to_15V"
Change component parameters (AddParameter): Name = "Parameter1"; Value = "V"; VariantName = "3V3_to_15V"
Change component parameters (AddParameter): Name = "Parameter1Desc"; Value = "Package Method"; VariantName = "3V3_to_15V"
Change component parameters (AddParameter): Name = "Parameter2"; Value = "F"; VariantName = "3V3_to_15V"
Change component parameters (AddParameter): Name = "Parameter2Desc"; Value = "Tolerance Symbol"; VariantName = "3V3_to_15V"
Change component parameters (AddParameter): Name = "Parameter3"; Value = ""; VariantName = "3V3_to_15V"
Change component parameters (AddParameter): Name = "Parameter3Desc"; Value = ""; VariantName = "3V3_to_15V"
Change component parameters (AddParameter): Name = "Supplier1"; Value = "https://de.farnell.com/w/search?qualifizierungsstandard-der-automobilindustrie=aec-q200&range=inc-in-stock&st=erju"; VariantName = "3V3_to_15V"
Change component parameters (AddParameter): Name = "Value"; Value = "0"; VariantName = "3V3_to_15V"
Change component parameters (AddParameter): Name = "ComponentLink1Description"; Value = "Datasheet"; VariantName = "3V3_to_RS422"
Change component parameters (AddParameter): Name = "ComponentLink1URL"; Value = "https://www.mouser.de/datasheet/2/315/AOA0000C334-1314047.pdf"; VariantName = "3V3_to_RS422"
Change component parameters (AddParameter): Name = "Created"; Value = "2019-12-08_Thilo_Wendt"; VariantName = "3V3_to_RS422"
Change component parameters (AddParameter): Name = "HelpURL"; Value = "https://www.mouser.de/datasheet/2/315/AOA0000C334-1314047.pdf"; VariantName = "3V3_to_RS422"
Change component parameters (AddParameter): Name = "MaxVoltage"; Value = "100"; VariantName = "3V3_to_RS422"
Change component parameters (AddParameter): Name = "MF"; Value = "Panasonic"; VariantName = "3V3_to_RS422"
Change component parameters (AddParameter): Name = "MPN"; Value = "ERJS030R00V"; VariantName = "3V3_to_RS422"
Change component parameters (AddParameter): Name = "Package"; Value = "CurrentFootprint"; VariantName = "3V3_to_RS422"
Change component parameters (AddParameter): Name = "Parameter1"; Value = "V"; VariantName = "3V3_to_RS422"
Change component parameters (AddParameter): Name = "Parameter1Desc"; Value = "Package Method"; VariantName = "3V3_to_RS422"
Change component parameters (AddParameter): Name = "Parameter2"; Value = "F"; VariantName = "3V3_to_RS422"
Change component parameters (AddParameter): Name = "Parameter2Desc"; Value = "Tolerance Symbol"; VariantName = "3V3_to_RS422"
Change component parameters (AddParameter): Name = "Parameter3"; Value = ""; VariantName = "3V3_to_RS422"
Change component parameters (AddParameter): Name = "Parameter3Desc"; Value = ""; VariantName = "3V3_to_RS422"
Change component parameters (AddParameter): Name = "Supplier1"; Value = "https://de.farnell.com/w/search?qualifizierungsstandard-der-automobilindustrie=aec-q200&range=inc-in-stock&st=erju"; VariantName = "3V3_to_RS422"
Change component parameters (AddParameter): Name = "Value"; Value = "0"; VariantName = "3V3_to_RS422"
Change component parameters (AddParameter): Name = "ComponentLink1Description"; Value = "Datasheet"; VariantName = "RS422_to_3V3"
Change component parameters (AddParameter): Name = "ComponentLink1URL"; Value = "https://www.mouser.de/datasheet/2/315/AOA0000C334-1314047.pdf"; VariantName = "RS422_to_3V3"
Change component parameters (AddParameter): Name = "Created"; Value = "2019-12-08_Thilo_Wendt"; VariantName = "RS422_to_3V3"
Change component parameters (AddParameter): Name = "HelpURL"; Value = "https://www.mouser.de/datasheet/2/315/AOA0000C334-1314047.pdf"; VariantName = "RS422_to_3V3"
Change component parameters (AddParameter): Name = "MaxVoltage"; Value = "100"; VariantName = "RS422_to_3V3"
Change component parameters (AddParameter): Name = "MF"; Value = "Panasonic"; VariantName = "RS422_to_3V3"
Change component parameters (AddParameter): Name = "MPN"; Value = "ERJS030R00V"; VariantName = "RS422_to_3V3"
Change component parameters (AddParameter): Name = "Package"; Value = "CurrentFootprint"; VariantName = "RS422_to_3V3"
Change component parameters (AddParameter): Name = "Parameter1"; Value = "V"; VariantName = "RS422_to_3V3"
Change component parameters (AddParameter): Name = "Parameter1Desc"; Value = "Package Method"; VariantName = "RS422_to_3V3"
Change component parameters (AddParameter): Name = "Parameter2"; Value = "F"; VariantName = "RS422_to_3V3"
Change component parameters (AddParameter): Name = "Parameter2Desc"; Value = "Tolerance Symbol"; VariantName = "RS422_to_3V3"
Change component parameters (AddParameter): Name = "Parameter3"; Value = ""; VariantName = "RS422_to_3V3"
Change component parameters (AddParameter): Name = "Parameter3Desc"; Value = ""; VariantName = "RS422_to_3V3"
Change component parameters (AddParameter): Name = "Supplier1"; Value = "https://de.farnell.com/w/search?qualifizierungsstandard-der-automobilindustrie=aec-q200&range=inc-in-stock&st=erju"; VariantName = "RS422_to_3V3"
Change component parameters (AddParameter): Name = "Value"; Value = "0"; VariantName = "RS422_to_3V3"
Change component parameters: Designator = "R3E"; Footprint = "RESC1608X55X30NL15T15"; UniqueID = "\REEOQYYS\LOSHMCEA\5DEFTBZMN\XWCIJMNU"
Change component parameters. Clean all parameters for all variants
Change component parameters (AddParameter): Name = "ComponentLink1Description"; Value = "Datasheet"; VariantName = "[No Variations]"
Change component parameters (AddParameter): Name = "ComponentLink1URL"; Value = "https://www.mouser.de/datasheet/2/315/AOA0000C334-1314047.pdf"; VariantName = "[No Variations]"
Change component parameters (AddParameter): Name = "Created"; Value = "2019-12-08_Thilo_Wendt"; VariantName = "[No Variations]"
Change component parameters (AddParameter): Name = "HelpURL"; Value = "https://www.mouser.de/datasheet/2/315/AOA0000C334-1314047.pdf"; VariantName = "[No Variations]"
Change component parameters (AddParameter): Name = "MaxVoltage"; Value = "100"; VariantName = "[No Variations]"
Change component parameters (AddParameter): Name = "MF"; Value = "Panasonic"; VariantName = "[No Variations]"
Change component parameters (AddParameter): Name = "MPN"; Value = "ERJS030R00V"; VariantName = "[No Variations]"
Change component parameters (AddParameter): Name = "Package"; Value = "CurrentFootprint"; VariantName = "[No Variations]"
Change component parameters (AddParameter): Name = "Parameter1"; Value = "V"; VariantName = "[No Variations]"
Change component parameters (AddParameter): Name = "Parameter1Desc"; Value = "Package Method"; VariantName = "[No Variations]"
Change component parameters (AddParameter): Name = "Parameter2"; Value = "F"; VariantName = "[No Variations]"
Change component parameters (AddParameter): Name = "Parameter2Desc"; Value = "Tolerance Symbol"; VariantName = "[No Variations]"
Change component parameters (AddParameter): Name = "Parameter3"; Value = ""; VariantName = "[No Variations]"
Change component parameters (AddParameter): Name = "Parameter3Desc"; Value = ""; VariantName = "[No Variations]"
Change component parameters (AddParameter): Name = "Supplier1"; Value = "https://de.farnell.com/w/search?qualifizierungsstandard-der-automobilindustrie=aec-q200&range=inc-in-stock&st=erju"; VariantName = "[No Variations]"
Change component parameters (AddParameter): Name = "Value"; Value = "0"; VariantName = "[No Variations]"
Change component parameters (AddParameter): Name = "ComponentLink1Description"; Value = "Datasheet"; VariantName = "3V3_to_15V"
Change component parameters (AddParameter): Name = "ComponentLink1URL"; Value = "https://www.mouser.de/datasheet/2/315/AOA0000C334-1314047.pdf"; VariantName = "3V3_to_15V"
Change component parameters (AddParameter): Name = "Created"; Value = "2019-12-08_Thilo_Wendt"; VariantName = "3V3_to_15V"
Change component parameters (AddParameter): Name = "HelpURL"; Value = "https://www.mouser.de/datasheet/2/315/AOA0000C334-1314047.pdf"; VariantName = "3V3_to_15V"
Change component parameters (AddParameter): Name = "MaxVoltage"; Value = "100"; VariantName = "3V3_to_15V"
Change component parameters (AddParameter): Name = "MF"; Value = "Panasonic"; VariantName = "3V3_to_15V"
Change component parameters (AddParameter): Name = "MPN"; Value = "ERJS030R00V"; VariantName = "3V3_to_15V"
Change component parameters (AddParameter): Name = "Package"; Value = "CurrentFootprint"; VariantName = "3V3_to_15V"
Change component parameters (AddParameter): Name = "Parameter1"; Value = "V"; VariantName = "3V3_to_15V"
Change component parameters (AddParameter): Name = "Parameter1Desc"; Value = "Package Method"; VariantName = "3V3_to_15V"
Change component parameters (AddParameter): Name = "Parameter2"; Value = "F"; VariantName = "3V3_to_15V"
Change component parameters (AddParameter): Name = "Parameter2Desc"; Value = "Tolerance Symbol"; VariantName = "3V3_to_15V"
Change component parameters (AddParameter): Name = "Parameter3"; Value = ""; VariantName = "3V3_to_15V"
Change component parameters (AddParameter): Name = "Parameter3Desc"; Value = ""; VariantName = "3V3_to_15V"
Change component parameters (AddParameter): Name = "Supplier1"; Value = "https://de.farnell.com/w/search?qualifizierungsstandard-der-automobilindustrie=aec-q200&range=inc-in-stock&st=erju"; VariantName = "3V3_to_15V"
Change component parameters (AddParameter): Name = "Value"; Value = "0"; VariantName = "3V3_to_15V"
Change component parameters (AddParameter): Name = "ComponentLink1Description"; Value = "Datasheet"; VariantName = "3V3_to_RS422"
Change component parameters (AddParameter): Name = "ComponentLink1URL"; Value = "https://www.mouser.de/datasheet/2/315/AOA0000C334-1314047.pdf"; VariantName = "3V3_to_RS422"
Change component parameters (AddParameter): Name = "Created"; Value = "2019-12-08_Thilo_Wendt"; VariantName = "3V3_to_RS422"
Change component parameters (AddParameter): Name = "HelpURL"; Value = "https://www.mouser.de/datasheet/2/315/AOA0000C334-1314047.pdf"; VariantName = "3V3_to_RS422"
Change component parameters (AddParameter): Name = "MaxVoltage"; Value = "100"; VariantName = "3V3_to_RS422"
Change component parameters (AddParameter): Name = "MF"; Value = "Panasonic"; VariantName = "3V3_to_RS422"
Change component parameters (AddParameter): Name = "MPN"; Value = "ERJS030R00V"; VariantName = "3V3_to_RS422"
Change component parameters (AddParameter): Name = "Package"; Value = "CurrentFootprint"; VariantName = "3V3_to_RS422"
Change component parameters (AddParameter): Name = "Parameter1"; Value = "V"; VariantName = "3V3_to_RS422"
Change component parameters (AddParameter): Name = "Parameter1Desc"; Value = "Package Method"; VariantName = "3V3_to_RS422"
Change component parameters (AddParameter): Name = "Parameter2"; Value = "F"; VariantName = "3V3_to_RS422"
Change component parameters (AddParameter): Name = "Parameter2Desc"; Value = "Tolerance Symbol"; VariantName = "3V3_to_RS422"
Change component parameters (AddParameter): Name = "Parameter3"; Value = ""; VariantName = "3V3_to_RS422"
Change component parameters (AddParameter): Name = "Parameter3Desc"; Value = ""; VariantName = "3V3_to_RS422"
Change component parameters (AddParameter): Name = "Supplier1"; Value = "https://de.farnell.com/w/search?qualifizierungsstandard-der-automobilindustrie=aec-q200&range=inc-in-stock&st=erju"; VariantName = "3V3_to_RS422"
Change component parameters (AddParameter): Name = "Value"; Value = "0"; VariantName = "3V3_to_RS422"
Change component parameters (AddParameter): Name = "ComponentLink1Description"; Value = "Datasheet"; VariantName = "RS422_to_3V3"
Change component parameters (AddParameter): Name = "ComponentLink1URL"; Value = "https://www.mouser.de/datasheet/2/315/AOA0000C334-1314047.pdf"; VariantName = "RS422_to_3V3"
Change component parameters (AddParameter): Name = "Created"; Value = "2019-12-08_Thilo_Wendt"; VariantName = "RS422_to_3V3"
Change component parameters (AddParameter): Name = "HelpURL"; Value = "https://www.mouser.de/datasheet/2/315/AOA0000C334-1314047.pdf"; VariantName = "RS422_to_3V3"
Change component parameters (AddParameter): Name = "MaxVoltage"; Value = "100"; VariantName = "RS422_to_3V3"
Change component parameters (AddParameter): Name = "MF"; Value = "Panasonic"; VariantName = "RS422_to_3V3"
Change component parameters (AddParameter): Name = "MPN"; Value = "ERJS030R00V"; VariantName = "RS422_to_3V3"
Change component parameters (AddParameter): Name = "Package"; Value = "CurrentFootprint"; VariantName = "RS422_to_3V3"
Change component parameters (AddParameter): Name = "Parameter1"; Value = "V"; VariantName = "RS422_to_3V3"
Change component parameters (AddParameter): Name = "Parameter1Desc"; Value = "Package Method"; VariantName = "RS422_to_3V3"
Change component parameters (AddParameter): Name = "Parameter2"; Value = "F"; VariantName = "RS422_to_3V3"
Change component parameters (AddParameter): Name = "Parameter2Desc"; Value = "Tolerance Symbol"; VariantName = "RS422_to_3V3"
Change component parameters (AddParameter): Name = "Parameter3"; Value = ""; VariantName = "RS422_to_3V3"
Change component parameters (AddParameter): Name = "Parameter3Desc"; Value = ""; VariantName = "RS422_to_3V3"
Change component parameters (AddParameter): Name = "Supplier1"; Value = "https://de.farnell.com/w/search?qualifizierungsstandard-der-automobilindustrie=aec-q200&range=inc-in-stock&st=erju"; VariantName = "RS422_to_3V3"
Change component parameters (AddParameter): Name = "Value"; Value = "0"; VariantName = "RS422_to_3V3"
Change component parameters: Designator = "R4A"; Footprint = "RESC1608X55X30NL15T15"; UniqueID = "\REEOQYYS\LOSHMCEA\1DEFTBZMN\RJCLTDSQ"
Change component parameters. Clean all parameters for all variants
Change component parameters (AddParameter): Name = "ComponentLink1Description"; Value = "Datasheet"; VariantName = "[No Variations]"
Change component parameters (AddParameter): Name = "ComponentLink1URL"; Value = "https://www.mouser.de/datasheet/2/315/AOA0000C334-1314047.pdf"; VariantName = "[No Variations]"
Change component parameters (AddParameter): Name = "Created"; Value = "2019-12-08_Thilo_Wendt"; VariantName = "[No Variations]"
Change component parameters (AddParameter): Name = "HelpURL"; Value = "https://www.mouser.de/datasheet/2/315/AOA0000C334-1314047.pdf"; VariantName = "[No Variations]"
Change component parameters (AddParameter): Name = "MaxVoltage"; Value = "100"; VariantName = "[No Variations]"
Change component parameters (AddParameter): Name = "MF"; Value = "Panasonic"; VariantName = "[No Variations]"
Change component parameters (AddParameter): Name = "MPN"; Value = "ERJS030R00V"; VariantName = "[No Variations]"
Change component parameters (AddParameter): Name = "Package"; Value = "CurrentFootprint"; VariantName = "[No Variations]"
Change component parameters (AddParameter): Name = "Parameter1"; Value = "V"; VariantName = "[No Variations]"
Change component parameters (AddParameter): Name = "Parameter1Desc"; Value = "Package Method"; VariantName = "[No Variations]"
Change component parameters (AddParameter): Name = "Parameter2"; Value = "F"; VariantName = "[No Variations]"
Change component parameters (AddParameter): Name = "Parameter2Desc"; Value = "Tolerance Symbol"; VariantName = "[No Variations]"
Change component parameters (AddParameter): Name = "Parameter3"; Value = ""; VariantName = "[No Variations]"
Change component parameters (AddParameter): Name = "Parameter3Desc"; Value = ""; VariantName = "[No Variations]"
Change component parameters (AddParameter): Name = "Supplier1"; Value = "https://de.farnell.com/w/search?qualifizierungsstandard-der-automobilindustrie=aec-q200&range=inc-in-stock&st=erju"; VariantName = "[No Variations]"
Change component parameters (AddParameter): Name = "Value"; Value = "0"; VariantName = "[No Variations]"
Change component parameters (AddParameter): Name = "ComponentLink1Description"; Value = "Datasheet"; VariantName = "3V3_to_15V"
Change component parameters (AddParameter): Name = "ComponentLink1URL"; Value = "https://www.mouser.de/datasheet/2/315/AOA0000C334-1314047.pdf"; VariantName = "3V3_to_15V"
Change component parameters (AddParameter): Name = "Created"; Value = "2019-12-08_Thilo_Wendt"; VariantName = "3V3_to_15V"
Change component parameters (AddParameter): Name = "HelpURL"; Value = "https://www.mouser.de/datasheet/2/315/AOA0000C334-1314047.pdf"; VariantName = "3V3_to_15V"
Change component parameters (AddParameter): Name = "MaxVoltage"; Value = "100"; VariantName = "3V3_to_15V"
Change component parameters (AddParameter): Name = "MF"; Value = "Panasonic"; VariantName = "3V3_to_15V"
Change component parameters (AddParameter): Name = "MPN"; Value = "ERJS030R00V"; VariantName = "3V3_to_15V"
Change component parameters (AddParameter): Name = "Package"; Value = "CurrentFootprint"; VariantName = "3V3_to_15V"
Change component parameters (AddParameter): Name = "Parameter1"; Value = "V"; VariantName = "3V3_to_15V"
Change component parameters (AddParameter): Name = "Parameter1Desc"; Value = "Package Method"; VariantName = "3V3_to_15V"
Change component parameters (AddParameter): Name = "Parameter2"; Value = "F"; VariantName = "3V3_to_15V"
Change component parameters (AddParameter): Name = "Parameter2Desc"; Value = "Tolerance Symbol"; VariantName = "3V3_to_15V"
Change component parameters (AddParameter): Name = "Parameter3"; Value = ""; VariantName = "3V3_to_15V"
Change component parameters (AddParameter): Name = "Parameter3Desc"; Value = ""; VariantName = "3V3_to_15V"
Change component parameters (AddParameter): Name = "Supplier1"; Value = "https://de.farnell.com/w/search?qualifizierungsstandard-der-automobilindustrie=aec-q200&range=inc-in-stock&st=erju"; VariantName = "3V3_to_15V"
Change component parameters (AddParameter): Name = "Value"; Value = "0"; VariantName = "3V3_to_15V"
Change component parameters (AddParameter): Name = "ComponentLink1Description"; Value = "Datasheet"; VariantName = "3V3_to_RS422"
Change component parameters (AddParameter): Name = "ComponentLink1URL"; Value = "https://www.mouser.de/datasheet/2/315/AOA0000C334-1314047.pdf"; VariantName = "3V3_to_RS422"
Change component parameters (AddParameter): Name = "Created"; Value = "2019-12-08_Thilo_Wendt"; VariantName = "3V3_to_RS422"
Change component parameters (AddParameter): Name = "HelpURL"; Value = "https://www.mouser.de/datasheet/2/315/AOA0000C334-1314047.pdf"; VariantName = "3V3_to_RS422"
Change component parameters (AddParameter): Name = "MaxVoltage"; Value = "100"; VariantName = "3V3_to_RS422"
Change component parameters (AddParameter): Name = "MF"; Value = "Panasonic"; VariantName = "3V3_to_RS422"
Change component parameters (AddParameter): Name = "MPN"; Value = "ERJS030R00V"; VariantName = "3V3_to_RS422"
Change component parameters (AddParameter): Name = "Package"; Value = "CurrentFootprint"; VariantName = "3V3_to_RS422"
Change component parameters (AddParameter): Name = "Parameter1"; Value = "V"; VariantName = "3V3_to_RS422"
Change component parameters (AddParameter): Name = "Parameter1Desc"; Value = "Package Method"; VariantName = "3V3_to_RS422"
Change component parameters (AddParameter): Name = "Parameter2"; Value = "F"; VariantName = "3V3_to_RS422"
Change component parameters (AddParameter): Name = "Parameter2Desc"; Value = "Tolerance Symbol"; VariantName = "3V3_to_RS422"
Change component parameters (AddParameter): Name = "Parameter3"; Value = ""; VariantName = "3V3_to_RS422"
Change component parameters (AddParameter): Name = "Parameter3Desc"; Value = ""; VariantName = "3V3_to_RS422"
Change component parameters (AddParameter): Name = "Supplier1"; Value = "https://de.farnell.com/w/search?qualifizierungsstandard-der-automobilindustrie=aec-q200&range=inc-in-stock&st=erju"; VariantName = "3V3_to_RS422"
Change component parameters (AddParameter): Name = "Value"; Value = "0"; VariantName = "3V3_to_RS422"
Change component parameters (AddParameter): Name = "ComponentLink1Description"; Value = "Datasheet"; VariantName = "RS422_to_3V3"
Change component parameters (AddParameter): Name = "ComponentLink1URL"; Value = "https://www.mouser.de/datasheet/2/315/AOA0000C334-1314047.pdf"; VariantName = "RS422_to_3V3"
Change component parameters (AddParameter): Name = "Created"; Value = "2019-12-08_Thilo_Wendt"; VariantName = "RS422_to_3V3"
Change component parameters (AddParameter): Name = "HelpURL"; Value = "https://www.mouser.de/datasheet/2/315/AOA0000C334-1314047.pdf"; VariantName = "RS422_to_3V3"
Change component parameters (AddParameter): Name = "MaxVoltage"; Value = "100"; VariantName = "RS422_to_3V3"
Change component parameters (AddParameter): Name = "MF"; Value = "Panasonic"; VariantName = "RS422_to_3V3"
Change component parameters (AddParameter): Name = "MPN"; Value = "ERJS030R00V"; VariantName = "RS422_to_3V3"
Change component parameters (AddParameter): Name = "Package"; Value = "CurrentFootprint"; VariantName = "RS422_to_3V3"
Change component parameters (AddParameter): Name = "Parameter1"; Value = "V"; VariantName = "RS422_to_3V3"
Change component parameters (AddParameter): Name = "Parameter1Desc"; Value = "Package Method"; VariantName = "RS422_to_3V3"
Change component parameters (AddParameter): Name = "Parameter2"; Value = "F"; VariantName = "RS422_to_3V3"
Change component parameters (AddParameter): Name = "Parameter2Desc"; Value = "Tolerance Symbol"; VariantName = "RS422_to_3V3"
Change component parameters (AddParameter): Name = "Parameter3"; Value = ""; VariantName = "RS422_to_3V3"
Change component parameters (AddParameter): Name = "Parameter3Desc"; Value = ""; VariantName = "RS422_to_3V3"
Change component parameters (AddParameter): Name = "Supplier1"; Value = "https://de.farnell.com/w/search?qualifizierungsstandard-der-automobilindustrie=aec-q200&range=inc-in-stock&st=erju"; VariantName = "RS422_to_3V3"
Change component parameters (AddParameter): Name = "Value"; Value = "0"; VariantName = "RS422_to_3V3"
Change component parameters: Designator = "R4B"; Footprint = "RESC1608X55X30NL15T15"; UniqueID = "\REEOQYYS\LOSHMCEA\2DEFTBZMN\RJCLTDSQ"
Change component parameters. Clean all parameters for all variants
Change component parameters (AddParameter): Name = "ComponentLink1Description"; Value = "Datasheet"; VariantName = "[No Variations]"
Change component parameters (AddParameter): Name = "ComponentLink1URL"; Value = "https://www.mouser.de/datasheet/2/315/AOA0000C334-1314047.pdf"; VariantName = "[No Variations]"
Change component parameters (AddParameter): Name = "Created"; Value = "2019-12-08_Thilo_Wendt"; VariantName = "[No Variations]"
Change component parameters (AddParameter): Name = "HelpURL"; Value = "https://www.mouser.de/datasheet/2/315/AOA0000C334-1314047.pdf"; VariantName = "[No Variations]"
Change component parameters (AddParameter): Name = "MaxVoltage"; Value = "100"; VariantName = "[No Variations]"
Change component parameters (AddParameter): Name = "MF"; Value = "Panasonic"; VariantName = "[No Variations]"
Change component parameters (AddParameter): Name = "MPN"; Value = "ERJS030R00V"; VariantName = "[No Variations]"
Change component parameters (AddParameter): Name = "Package"; Value = "CurrentFootprint"; VariantName = "[No Variations]"
Change component parameters (AddParameter): Name = "Parameter1"; Value = "V"; VariantName = "[No Variations]"
Change component parameters (AddParameter): Name = "Parameter1Desc"; Value = "Package Method"; VariantName = "[No Variations]"
Change component parameters (AddParameter): Name = "Parameter2"; Value = "F"; VariantName = "[No Variations]"
Change component parameters (AddParameter): Name = "Parameter2Desc"; Value = "Tolerance Symbol"; VariantName = "[No Variations]"
Change component parameters (AddParameter): Name = "Parameter3"; Value = ""; VariantName = "[No Variations]"
Change component parameters (AddParameter): Name = "Parameter3Desc"; Value = ""; VariantName = "[No Variations]"
Change component parameters (AddParameter): Name = "Supplier1"; Value = "https://de.farnell.com/w/search?qualifizierungsstandard-der-automobilindustrie=aec-q200&range=inc-in-stock&st=erju"; VariantName = "[No Variations]"
Change component parameters (AddParameter): Name = "Value"; Value = "0"; VariantName = "[No Variations]"
Change component parameters (AddParameter): Name = "ComponentLink1Description"; Value = "Datasheet"; VariantName = "3V3_to_15V"
Change component parameters (AddParameter): Name = "ComponentLink1URL"; Value = "https://www.mouser.de/datasheet/2/315/AOA0000C334-1314047.pdf"; VariantName = "3V3_to_15V"
Change component parameters (AddParameter): Name = "Created"; Value = "2019-12-08_Thilo_Wendt"; VariantName = "3V3_to_15V"
Change component parameters (AddParameter): Name = "HelpURL"; Value = "https://www.mouser.de/datasheet/2/315/AOA0000C334-1314047.pdf"; VariantName = "3V3_to_15V"
Change component parameters (AddParameter): Name = "MaxVoltage"; Value = "100"; VariantName = "3V3_to_15V"
Change component parameters (AddParameter): Name = "MF"; Value = "Panasonic"; VariantName = "3V3_to_15V"
Change component parameters (AddParameter): Name = "MPN"; Value = "ERJS030R00V"; VariantName = "3V3_to_15V"
Change component parameters (AddParameter): Name = "Package"; Value = "CurrentFootprint"; VariantName = "3V3_to_15V"
Change component parameters (AddParameter): Name = "Parameter1"; Value = "V"; VariantName = "3V3_to_15V"
Change component parameters (AddParameter): Name = "Parameter1Desc"; Value = "Package Method"; VariantName = "3V3_to_15V"
Change component parameters (AddParameter): Name = "Parameter2"; Value = "F"; VariantName = "3V3_to_15V"
Change component parameters (AddParameter): Name = "Parameter2Desc"; Value = "Tolerance Symbol"; VariantName = "3V3_to_15V"
Change component parameters (AddParameter): Name = "Parameter3"; Value = ""; VariantName = "3V3_to_15V"
Change component parameters (AddParameter): Name = "Parameter3Desc"; Value = ""; VariantName = "3V3_to_15V"
Change component parameters (AddParameter): Name = "Supplier1"; Value = "https://de.farnell.com/w/search?qualifizierungsstandard-der-automobilindustrie=aec-q200&range=inc-in-stock&st=erju"; VariantName = "3V3_to_15V"
Change component parameters (AddParameter): Name = "Value"; Value = "0"; VariantName = "3V3_to_15V"
Change component parameters (AddParameter): Name = "ComponentLink1Description"; Value = "Datasheet"; VariantName = "3V3_to_RS422"
Change component parameters (AddParameter): Name = "ComponentLink1URL"; Value = "https://www.mouser.de/datasheet/2/315/AOA0000C334-1314047.pdf"; VariantName = "3V3_to_RS422"
Change component parameters (AddParameter): Name = "Created"; Value = "2019-12-08_Thilo_Wendt"; VariantName = "3V3_to_RS422"
Change component parameters (AddParameter): Name = "HelpURL"; Value = "https://www.mouser.de/datasheet/2/315/AOA0000C334-1314047.pdf"; VariantName = "3V3_to_RS422"
Change component parameters (AddParameter): Name = "MaxVoltage"; Value = "100"; VariantName = "3V3_to_RS422"
Change component parameters (AddParameter): Name = "MF"; Value = "Panasonic"; VariantName = "3V3_to_RS422"
Change component parameters (AddParameter): Name = "MPN"; Value = "ERJS030R00V"; VariantName = "3V3_to_RS422"
Change component parameters (AddParameter): Name = "Package"; Value = "CurrentFootprint"; VariantName = "3V3_to_RS422"
Change component parameters (AddParameter): Name = "Parameter1"; Value = "V"; VariantName = "3V3_to_RS422"
Change component parameters (AddParameter): Name = "Parameter1Desc"; Value = "Package Method"; VariantName = "3V3_to_RS422"
Change component parameters (AddParameter): Name = "Parameter2"; Value = "F"; VariantName = "3V3_to_RS422"
Change component parameters (AddParameter): Name = "Parameter2Desc"; Value = "Tolerance Symbol"; VariantName = "3V3_to_RS422"
Change component parameters (AddParameter): Name = "Parameter3"; Value = ""; VariantName = "3V3_to_RS422"
Change component parameters (AddParameter): Name = "Parameter3Desc"; Value = ""; VariantName = "3V3_to_RS422"
Change component parameters (AddParameter): Name = "Supplier1"; Value = "https://de.farnell.com/w/search?qualifizierungsstandard-der-automobilindustrie=aec-q200&range=inc-in-stock&st=erju"; VariantName = "3V3_to_RS422"
Change component parameters (AddParameter): Name = "Value"; Value = "0"; VariantName = "3V3_to_RS422"
Change component parameters (AddParameter): Name = "ComponentLink1Description"; Value = "Datasheet"; VariantName = "RS422_to_3V3"
Change component parameters (AddParameter): Name = "ComponentLink1URL"; Value = "https://www.mouser.de/datasheet/2/315/AOA0000C334-1314047.pdf"; VariantName = "RS422_to_3V3"
Change component parameters (AddParameter): Name = "Created"; Value = "2019-12-08_Thilo_Wendt"; VariantName = "RS422_to_3V3"
Change component parameters (AddParameter): Name = "HelpURL"; Value = "https://www.mouser.de/datasheet/2/315/AOA0000C334-1314047.pdf"; VariantName = "RS422_to_3V3"
Change component parameters (AddParameter): Name = "MaxVoltage"; Value = "100"; VariantName = "RS422_to_3V3"
Change component parameters (AddParameter): Name = "MF"; Value = "Panasonic"; VariantName = "RS422_to_3V3"
Change component parameters (AddParameter): Name = "MPN"; Value = "ERJS030R00V"; VariantName = "RS422_to_3V3"
Change component parameters (AddParameter): Name = "Package"; Value = "CurrentFootprint"; VariantName = "RS422_to_3V3"
Change component parameters (AddParameter): Name = "Parameter1"; Value = "V"; VariantName = "RS422_to_3V3"
Change component parameters (AddParameter): Name = "Parameter1Desc"; Value = "Package Method"; VariantName = "RS422_to_3V3"
Change component parameters (AddParameter): Name = "Parameter2"; Value = "F"; VariantName = "RS422_to_3V3"
Change component parameters (AddParameter): Name = "Parameter2Desc"; Value = "Tolerance Symbol"; VariantName = "RS422_to_3V3"
Change component parameters (AddParameter): Name = "Parameter3"; Value = ""; VariantName = "RS422_to_3V3"
Change component parameters (AddParameter): Name = "Parameter3Desc"; Value = ""; VariantName = "RS422_to_3V3"
Change component parameters (AddParameter): Name = "Supplier1"; Value = "https://de.farnell.com/w/search?qualifizierungsstandard-der-automobilindustrie=aec-q200&range=inc-in-stock&st=erju"; VariantName = "RS422_to_3V3"
Change component parameters (AddParameter): Name = "Value"; Value = "0"; VariantName = "RS422_to_3V3"
Change component parameters: Designator = "R4C"; Footprint = "RESC1608X55X30NL15T15"; UniqueID = "\REEOQYYS\LOSHMCEA\3DEFTBZMN\RJCLTDSQ"
Change component parameters. Clean all parameters for all variants
Change component parameters (AddParameter): Name = "ComponentLink1Description"; Value = "Datasheet"; VariantName = "[No Variations]"
Change component parameters (AddParameter): Name = "ComponentLink1URL"; Value = "https://www.mouser.de/datasheet/2/315/AOA0000C334-1314047.pdf"; VariantName = "[No Variations]"
Change component parameters (AddParameter): Name = "Created"; Value = "2019-12-08_Thilo_Wendt"; VariantName = "[No Variations]"
Change component parameters (AddParameter): Name = "HelpURL"; Value = "https://www.mouser.de/datasheet/2/315/AOA0000C334-1314047.pdf"; VariantName = "[No Variations]"
Change component parameters (AddParameter): Name = "MaxVoltage"; Value = "100"; VariantName = "[No Variations]"
Change component parameters (AddParameter): Name = "MF"; Value = "Panasonic"; VariantName = "[No Variations]"
Change component parameters (AddParameter): Name = "MPN"; Value = "ERJS030R00V"; VariantName = "[No Variations]"
Change component parameters (AddParameter): Name = "Package"; Value = "CurrentFootprint"; VariantName = "[No Variations]"
Change component parameters (AddParameter): Name = "Parameter1"; Value = "V"; VariantName = "[No Variations]"
Change component parameters (AddParameter): Name = "Parameter1Desc"; Value = "Package Method"; VariantName = "[No Variations]"
Change component parameters (AddParameter): Name = "Parameter2"; Value = "F"; VariantName = "[No Variations]"
Change component parameters (AddParameter): Name = "Parameter2Desc"; Value = "Tolerance Symbol"; VariantName = "[No Variations]"
Change component parameters (AddParameter): Name = "Parameter3"; Value = ""; VariantName = "[No Variations]"
Change component parameters (AddParameter): Name = "Parameter3Desc"; Value = ""; VariantName = "[No Variations]"
Change component parameters (AddParameter): Name = "Supplier1"; Value = "https://de.farnell.com/w/search?qualifizierungsstandard-der-automobilindustrie=aec-q200&range=inc-in-stock&st=erju"; VariantName = "[No Variations]"
Change component parameters (AddParameter): Name = "Value"; Value = "0"; VariantName = "[No Variations]"
Change component parameters (AddParameter): Name = "ComponentLink1Description"; Value = "Datasheet"; VariantName = "3V3_to_15V"
Change component parameters (AddParameter): Name = "ComponentLink1URL"; Value = "https://www.mouser.de/datasheet/2/315/AOA0000C334-1314047.pdf"; VariantName = "3V3_to_15V"
Change component parameters (AddParameter): Name = "Created"; Value = "2019-12-08_Thilo_Wendt"; VariantName = "3V3_to_15V"
Change component parameters (AddParameter): Name = "HelpURL"; Value = "https://www.mouser.de/datasheet/2/315/AOA0000C334-1314047.pdf"; VariantName = "3V3_to_15V"
Change component parameters (AddParameter): Name = "MaxVoltage"; Value = "100"; VariantName = "3V3_to_15V"
Change component parameters (AddParameter): Name = "MF"; Value = "Panasonic"; VariantName = "3V3_to_15V"
Change component parameters (AddParameter): Name = "MPN"; Value = "ERJS030R00V"; VariantName = "3V3_to_15V"
Change component parameters (AddParameter): Name = "Package"; Value = "CurrentFootprint"; VariantName = "3V3_to_15V"
Change component parameters (AddParameter): Name = "Parameter1"; Value = "V"; VariantName = "3V3_to_15V"
Change component parameters (AddParameter): Name = "Parameter1Desc"; Value = "Package Method"; VariantName = "3V3_to_15V"
Change component parameters (AddParameter): Name = "Parameter2"; Value = "F"; VariantName = "3V3_to_15V"
Change component parameters (AddParameter): Name = "Parameter2Desc"; Value = "Tolerance Symbol"; VariantName = "3V3_to_15V"
Change component parameters (AddParameter): Name = "Parameter3"; Value = ""; VariantName = "3V3_to_15V"
Change component parameters (AddParameter): Name = "Parameter3Desc"; Value = ""; VariantName = "3V3_to_15V"
Change component parameters (AddParameter): Name = "Supplier1"; Value = "https://de.farnell.com/w/search?qualifizierungsstandard-der-automobilindustrie=aec-q200&range=inc-in-stock&st=erju"; VariantName = "3V3_to_15V"
Change component parameters (AddParameter): Name = "Value"; Value = "0"; VariantName = "3V3_to_15V"
Change component parameters (AddParameter): Name = "ComponentLink1Description"; Value = "Datasheet"; VariantName = "3V3_to_RS422"
Change component parameters (AddParameter): Name = "ComponentLink1URL"; Value = "https://www.mouser.de/datasheet/2/315/AOA0000C334-1314047.pdf"; VariantName = "3V3_to_RS422"
Change component parameters (AddParameter): Name = "Created"; Value = "2019-12-08_Thilo_Wendt"; VariantName = "3V3_to_RS422"
Change component parameters (AddParameter): Name = "HelpURL"; Value = "https://www.mouser.de/datasheet/2/315/AOA0000C334-1314047.pdf"; VariantName = "3V3_to_RS422"
Change component parameters (AddParameter): Name = "MaxVoltage"; Value = "100"; VariantName = "3V3_to_RS422"
Change component parameters (AddParameter): Name = "MF"; Value = "Panasonic"; VariantName = "3V3_to_RS422"
Change component parameters (AddParameter): Name = "MPN"; Value = "ERJS030R00V"; VariantName = "3V3_to_RS422"
Change component parameters (AddParameter): Name = "Package"; Value = "CurrentFootprint"; VariantName = "3V3_to_RS422"
Change component parameters (AddParameter): Name = "Parameter1"; Value = "V"; VariantName = "3V3_to_RS422"
Change component parameters (AddParameter): Name = "Parameter1Desc"; Value = "Package Method"; VariantName = "3V3_to_RS422"
Change component parameters (AddParameter): Name = "Parameter2"; Value = "F"; VariantName = "3V3_to_RS422"
Change component parameters (AddParameter): Name = "Parameter2Desc"; Value = "Tolerance Symbol"; VariantName = "3V3_to_RS422"
Change component parameters (AddParameter): Name = "Parameter3"; Value = ""; VariantName = "3V3_to_RS422"
Change component parameters (AddParameter): Name = "Parameter3Desc"; Value = ""; VariantName = "3V3_to_RS422"
Change component parameters (AddParameter): Name = "Supplier1"; Value = "https://de.farnell.com/w/search?qualifizierungsstandard-der-automobilindustrie=aec-q200&range=inc-in-stock&st=erju"; VariantName = "3V3_to_RS422"
Change component parameters (AddParameter): Name = "Value"; Value = "0"; VariantName = "3V3_to_RS422"
Change component parameters (AddParameter): Name = "ComponentLink1Description"; Value = "Datasheet"; VariantName = "RS422_to_3V3"
Change component parameters (AddParameter): Name = "ComponentLink1URL"; Value = "https://www.mouser.de/datasheet/2/315/AOA0000C334-1314047.pdf"; VariantName = "RS422_to_3V3"
Change component parameters (AddParameter): Name = "Created"; Value = "2019-12-08_Thilo_Wendt"; VariantName = "RS422_to_3V3"
Change component parameters (AddParameter): Name = "HelpURL"; Value = "https://www.mouser.de/datasheet/2/315/AOA0000C334-1314047.pdf"; VariantName = "RS422_to_3V3"
Change component parameters (AddParameter): Name = "MaxVoltage"; Value = "100"; VariantName = "RS422_to_3V3"
Change component parameters (AddParameter): Name = "MF"; Value = "Panasonic"; VariantName = "RS422_to_3V3"
Change component parameters (AddParameter): Name = "MPN"; Value = "ERJS030R00V"; VariantName = "RS422_to_3V3"
Change component parameters (AddParameter): Name = "Package"; Value = "CurrentFootprint"; VariantName = "RS422_to_3V3"
Change component parameters (AddParameter): Name = "Parameter1"; Value = "V"; VariantName = "RS422_to_3V3"
Change component parameters (AddParameter): Name = "Parameter1Desc"; Value = "Package Method"; VariantName = "RS422_to_3V3"
Change component parameters (AddParameter): Name = "Parameter2"; Value = "F"; VariantName = "RS422_to_3V3"
Change component parameters (AddParameter): Name = "Parameter2Desc"; Value = "Tolerance Symbol"; VariantName = "RS422_to_3V3"
Change component parameters (AddParameter): Name = "Parameter3"; Value = ""; VariantName = "RS422_to_3V3"
Change component parameters (AddParameter): Name = "Parameter3Desc"; Value = ""; VariantName = "RS422_to_3V3"
Change component parameters (AddParameter): Name = "Supplier1"; Value = "https://de.farnell.com/w/search?qualifizierungsstandard-der-automobilindustrie=aec-q200&range=inc-in-stock&st=erju"; VariantName = "RS422_to_3V3"
Change component parameters (AddParameter): Name = "Value"; Value = "0"; VariantName = "RS422_to_3V3"
Change component parameters: Designator = "R4D"; Footprint = "RESC1608X55X30NL15T15"; UniqueID = "\REEOQYYS\LOSHMCEA\4DEFTBZMN\RJCLTDSQ"
Change component parameters. Clean all parameters for all variants
Change component parameters (AddParameter): Name = "ComponentLink1Description"; Value = "Datasheet"; VariantName = "[No Variations]"
Change component parameters (AddParameter): Name = "ComponentLink1URL"; Value = "https://www.mouser.de/datasheet/2/315/AOA0000C334-1314047.pdf"; VariantName = "[No Variations]"
Change component parameters (AddParameter): Name = "Created"; Value = "2019-12-08_Thilo_Wendt"; VariantName = "[No Variations]"
Change component parameters (AddParameter): Name = "HelpURL"; Value = "https://www.mouser.de/datasheet/2/315/AOA0000C334-1314047.pdf"; VariantName = "[No Variations]"
Change component parameters (AddParameter): Name = "MaxVoltage"; Value = "100"; VariantName = "[No Variations]"
Change component parameters (AddParameter): Name = "MF"; Value = "Panasonic"; VariantName = "[No Variations]"
Change component parameters (AddParameter): Name = "MPN"; Value = "ERJS030R00V"; VariantName = "[No Variations]"
Change component parameters (AddParameter): Name = "Package"; Value = "CurrentFootprint"; VariantName = "[No Variations]"
Change component parameters (AddParameter): Name = "Parameter1"; Value = "V"; VariantName = "[No Variations]"
Change component parameters (AddParameter): Name = "Parameter1Desc"; Value = "Package Method"; VariantName = "[No Variations]"
Change component parameters (AddParameter): Name = "Parameter2"; Value = "F"; VariantName = "[No Variations]"
Change component parameters (AddParameter): Name = "Parameter2Desc"; Value = "Tolerance Symbol"; VariantName = "[No Variations]"
Change component parameters (AddParameter): Name = "Parameter3"; Value = ""; VariantName = "[No Variations]"
Change component parameters (AddParameter): Name = "Parameter3Desc"; Value = ""; VariantName = "[No Variations]"
Change component parameters (AddParameter): Name = "Supplier1"; Value = "https://de.farnell.com/w/search?qualifizierungsstandard-der-automobilindustrie=aec-q200&range=inc-in-stock&st=erju"; VariantName = "[No Variations]"
Change component parameters (AddParameter): Name = "Value"; Value = "0"; VariantName = "[No Variations]"
Change component parameters (AddParameter): Name = "ComponentLink1Description"; Value = "Datasheet"; VariantName = "3V3_to_15V"
Change component parameters (AddParameter): Name = "ComponentLink1URL"; Value = "https://www.mouser.de/datasheet/2/315/AOA0000C334-1314047.pdf"; VariantName = "3V3_to_15V"
Change component parameters (AddParameter): Name = "Created"; Value = "2019-12-08_Thilo_Wendt"; VariantName = "3V3_to_15V"
Change component parameters (AddParameter): Name = "HelpURL"; Value = "https://www.mouser.de/datasheet/2/315/AOA0000C334-1314047.pdf"; VariantName = "3V3_to_15V"
Change component parameters (AddParameter): Name = "MaxVoltage"; Value = "100"; VariantName = "3V3_to_15V"
Change component parameters (AddParameter): Name = "MF"; Value = "Panasonic"; VariantName = "3V3_to_15V"
Change component parameters (AddParameter): Name = "MPN"; Value = "ERJS030R00V"; VariantName = "3V3_to_15V"
Change component parameters (AddParameter): Name = "Package"; Value = "CurrentFootprint"; VariantName = "3V3_to_15V"
Change component parameters (AddParameter): Name = "Parameter1"; Value = "V"; VariantName = "3V3_to_15V"
Change component parameters (AddParameter): Name = "Parameter1Desc"; Value = "Package Method"; VariantName = "3V3_to_15V"
Change component parameters (AddParameter): Name = "Parameter2"; Value = "F"; VariantName = "3V3_to_15V"
Change component parameters (AddParameter): Name = "Parameter2Desc"; Value = "Tolerance Symbol"; VariantName = "3V3_to_15V"
Change component parameters (AddParameter): Name = "Parameter3"; Value = ""; VariantName = "3V3_to_15V"
Change component parameters (AddParameter): Name = "Parameter3Desc"; Value = ""; VariantName = "3V3_to_15V"
Change component parameters (AddParameter): Name = "Supplier1"; Value = "https://de.farnell.com/w/search?qualifizierungsstandard-der-automobilindustrie=aec-q200&range=inc-in-stock&st=erju"; VariantName = "3V3_to_15V"
Change component parameters (AddParameter): Name = "Value"; Value = "0"; VariantName = "3V3_to_15V"
Change component parameters (AddParameter): Name = "ComponentLink1Description"; Value = "Datasheet"; VariantName = "3V3_to_RS422"
Change component parameters (AddParameter): Name = "ComponentLink1URL"; Value = "https://www.mouser.de/datasheet/2/315/AOA0000C334-1314047.pdf"; VariantName = "3V3_to_RS422"
Change component parameters (AddParameter): Name = "Created"; Value = "2019-12-08_Thilo_Wendt"; VariantName = "3V3_to_RS422"
Change component parameters (AddParameter): Name = "HelpURL"; Value = "https://www.mouser.de/datasheet/2/315/AOA0000C334-1314047.pdf"; VariantName = "3V3_to_RS422"
Change component parameters (AddParameter): Name = "MaxVoltage"; Value = "100"; VariantName = "3V3_to_RS422"
Change component parameters (AddParameter): Name = "MF"; Value = "Panasonic"; VariantName = "3V3_to_RS422"
Change component parameters (AddParameter): Name = "MPN"; Value = "ERJS030R00V"; VariantName = "3V3_to_RS422"
Change component parameters (AddParameter): Name = "Package"; Value = "CurrentFootprint"; VariantName = "3V3_to_RS422"
Change component parameters (AddParameter): Name = "Parameter1"; Value = "V"; VariantName = "3V3_to_RS422"
Change component parameters (AddParameter): Name = "Parameter1Desc"; Value = "Package Method"; VariantName = "3V3_to_RS422"
Change component parameters (AddParameter): Name = "Parameter2"; Value = "F"; VariantName = "3V3_to_RS422"
Change component parameters (AddParameter): Name = "Parameter2Desc"; Value = "Tolerance Symbol"; VariantName = "3V3_to_RS422"
Change component parameters (AddParameter): Name = "Parameter3"; Value = ""; VariantName = "3V3_to_RS422"
Change component parameters (AddParameter): Name = "Parameter3Desc"; Value = ""; VariantName = "3V3_to_RS422"
Change component parameters (AddParameter): Name = "Supplier1"; Value = "https://de.farnell.com/w/search?qualifizierungsstandard-der-automobilindustrie=aec-q200&range=inc-in-stock&st=erju"; VariantName = "3V3_to_RS422"
Change component parameters (AddParameter): Name = "Value"; Value = "0"; VariantName = "3V3_to_RS422"
Change component parameters (AddParameter): Name = "ComponentLink1Description"; Value = "Datasheet"; VariantName = "RS422_to_3V3"
Change component parameters (AddParameter): Name = "ComponentLink1URL"; Value = "https://www.mouser.de/datasheet/2/315/AOA0000C334-1314047.pdf"; VariantName = "RS422_to_3V3"
Change component parameters (AddParameter): Name = "Created"; Value = "2019-12-08_Thilo_Wendt"; VariantName = "RS422_to_3V3"
Change component parameters (AddParameter): Name = "HelpURL"; Value = "https://www.mouser.de/datasheet/2/315/AOA0000C334-1314047.pdf"; VariantName = "RS422_to_3V3"
Change component parameters (AddParameter): Name = "MaxVoltage"; Value = "100"; VariantName = "RS422_to_3V3"
Change component parameters (AddParameter): Name = "MF"; Value = "Panasonic"; VariantName = "RS422_to_3V3"
Change component parameters (AddParameter): Name = "MPN"; Value = "ERJS030R00V"; VariantName = "RS422_to_3V3"
Change component parameters (AddParameter): Name = "Package"; Value = "CurrentFootprint"; VariantName = "RS422_to_3V3"
Change component parameters (AddParameter): Name = "Parameter1"; Value = "V"; VariantName = "RS422_to_3V3"
Change component parameters (AddParameter): Name = "Parameter1Desc"; Value = "Package Method"; VariantName = "RS422_to_3V3"
Change component parameters (AddParameter): Name = "Parameter2"; Value = "F"; VariantName = "RS422_to_3V3"
Change component parameters (AddParameter): Name = "Parameter2Desc"; Value = "Tolerance Symbol"; VariantName = "RS422_to_3V3"
Change component parameters (AddParameter): Name = "Parameter3"; Value = ""; VariantName = "RS422_to_3V3"
Change component parameters (AddParameter): Name = "Parameter3Desc"; Value = ""; VariantName = "RS422_to_3V3"
Change component parameters (AddParameter): Name = "Supplier1"; Value = "https://de.farnell.com/w/search?qualifizierungsstandard-der-automobilindustrie=aec-q200&range=inc-in-stock&st=erju"; VariantName = "RS422_to_3V3"
Change component parameters (AddParameter): Name = "Value"; Value = "0"; VariantName = "RS422_to_3V3"
Change component parameters: Designator = "R4E"; Footprint = "RESC1608X55X30NL15T15"; UniqueID = "\REEOQYYS\LOSHMCEA\5DEFTBZMN\RJCLTDSQ"
Change component parameters. Clean all parameters for all variants
Change component parameters (AddParameter): Name = "ComponentLink1Description"; Value = "Datasheet"; VariantName = "[No Variations]"
Change component parameters (AddParameter): Name = "ComponentLink1URL"; Value = "https://www.mouser.de/datasheet/2/315/AOA0000C334-1314047.pdf"; VariantName = "[No Variations]"
Change component parameters (AddParameter): Name = "Created"; Value = "2019-12-08_Thilo_Wendt"; VariantName = "[No Variations]"
Change component parameters (AddParameter): Name = "HelpURL"; Value = "https://www.mouser.de/datasheet/2/315/AOA0000C334-1314047.pdf"; VariantName = "[No Variations]"
Change component parameters (AddParameter): Name = "MaxVoltage"; Value = "100"; VariantName = "[No Variations]"
Change component parameters (AddParameter): Name = "MF"; Value = "Panasonic"; VariantName = "[No Variations]"
Change component parameters (AddParameter): Name = "MPN"; Value = "ERJS030R00V"; VariantName = "[No Variations]"
Change component parameters (AddParameter): Name = "Package"; Value = "CurrentFootprint"; VariantName = "[No Variations]"
Change component parameters (AddParameter): Name = "Parameter1"; Value = "V"; VariantName = "[No Variations]"
Change component parameters (AddParameter): Name = "Parameter1Desc"; Value = "Package Method"; VariantName = "[No Variations]"
Change component parameters (AddParameter): Name = "Parameter2"; Value = "F"; VariantName = "[No Variations]"
Change component parameters (AddParameter): Name = "Parameter2Desc"; Value = "Tolerance Symbol"; VariantName = "[No Variations]"
Change component parameters (AddParameter): Name = "Parameter3"; Value = ""; VariantName = "[No Variations]"
Change component parameters (AddParameter): Name = "Parameter3Desc"; Value = ""; VariantName = "[No Variations]"
Change component parameters (AddParameter): Name = "Supplier1"; Value = "https://de.farnell.com/w/search?qualifizierungsstandard-der-automobilindustrie=aec-q200&range=inc-in-stock&st=erju"; VariantName = "[No Variations]"
Change component parameters (AddParameter): Name = "Value"; Value = "0"; VariantName = "[No Variations]"
Change component parameters (AddParameter): Name = "ComponentLink1Description"; Value = "Datasheet"; VariantName = "3V3_to_15V"
Change component parameters (AddParameter): Name = "ComponentLink1URL"; Value = "https://www.mouser.de/datasheet/2/315/AOA0000C334-1314047.pdf"; VariantName = "3V3_to_15V"
Change component parameters (AddParameter): Name = "Created"; Value = "2019-12-08_Thilo_Wendt"; VariantName = "3V3_to_15V"
Change component parameters (AddParameter): Name = "HelpURL"; Value = "https://www.mouser.de/datasheet/2/315/AOA0000C334-1314047.pdf"; VariantName = "3V3_to_15V"
Change component parameters (AddParameter): Name = "MaxVoltage"; Value = "100"; VariantName = "3V3_to_15V"
Change component parameters (AddParameter): Name = "MF"; Value = "Panasonic"; VariantName = "3V3_to_15V"
Change component parameters (AddParameter): Name = "MPN"; Value = "ERJS030R00V"; VariantName = "3V3_to_15V"
Change component parameters (AddParameter): Name = "Package"; Value = "CurrentFootprint"; VariantName = "3V3_to_15V"
Change component parameters (AddParameter): Name = "Parameter1"; Value = "V"; VariantName = "3V3_to_15V"
Change component parameters (AddParameter): Name = "Parameter1Desc"; Value = "Package Method"; VariantName = "3V3_to_15V"
Change component parameters (AddParameter): Name = "Parameter2"; Value = "F"; VariantName = "3V3_to_15V"
Change component parameters (AddParameter): Name = "Parameter2Desc"; Value = "Tolerance Symbol"; VariantName = "3V3_to_15V"
Change component parameters (AddParameter): Name = "Parameter3"; Value = ""; VariantName = "3V3_to_15V"
Change component parameters (AddParameter): Name = "Parameter3Desc"; Value = ""; VariantName = "3V3_to_15V"
Change component parameters (AddParameter): Name = "Supplier1"; Value = "https://de.farnell.com/w/search?qualifizierungsstandard-der-automobilindustrie=aec-q200&range=inc-in-stock&st=erju"; VariantName = "3V3_to_15V"
Change component parameters (AddParameter): Name = "Value"; Value = "0"; VariantName = "3V3_to_15V"
Change component parameters (AddParameter): Name = "ComponentLink1Description"; Value = "Datasheet"; VariantName = "3V3_to_RS422"
Change component parameters (AddParameter): Name = "ComponentLink1URL"; Value = "https://www.mouser.de/datasheet/2/315/AOA0000C334-1314047.pdf"; VariantName = "3V3_to_RS422"
Change component parameters (AddParameter): Name = "Created"; Value = "2019-12-08_Thilo_Wendt"; VariantName = "3V3_to_RS422"
Change component parameters (AddParameter): Name = "HelpURL"; Value = "https://www.mouser.de/datasheet/2/315/AOA0000C334-1314047.pdf"; VariantName = "3V3_to_RS422"
Change component parameters (AddParameter): Name = "MaxVoltage"; Value = "100"; VariantName = "3V3_to_RS422"
Change component parameters (AddParameter): Name = "MF"; Value = "Panasonic"; VariantName = "3V3_to_RS422"
Change component parameters (AddParameter): Name = "MPN"; Value = "ERJS030R00V"; VariantName = "3V3_to_RS422"
Change component parameters (AddParameter): Name = "Package"; Value = "CurrentFootprint"; VariantName = "3V3_to_RS422"
Change component parameters (AddParameter): Name = "Parameter1"; Value = "V"; VariantName = "3V3_to_RS422"
Change component parameters (AddParameter): Name = "Parameter1Desc"; Value = "Package Method"; VariantName = "3V3_to_RS422"
Change component parameters (AddParameter): Name = "Parameter2"; Value = "F"; VariantName = "3V3_to_RS422"
Change component parameters (AddParameter): Name = "Parameter2Desc"; Value = "Tolerance Symbol"; VariantName = "3V3_to_RS422"
Change component parameters (AddParameter): Name = "Parameter3"; Value = ""; VariantName = "3V3_to_RS422"
Change component parameters (AddParameter): Name = "Parameter3Desc"; Value = ""; VariantName = "3V3_to_RS422"
Change component parameters (AddParameter): Name = "Supplier1"; Value = "https://de.farnell.com/w/search?qualifizierungsstandard-der-automobilindustrie=aec-q200&range=inc-in-stock&st=erju"; VariantName = "3V3_to_RS422"
Change component parameters (AddParameter): Name = "Value"; Value = "0"; VariantName = "3V3_to_RS422"
Change component parameters (AddParameter): Name = "ComponentLink1Description"; Value = "Datasheet"; VariantName = "RS422_to_3V3"
Change component parameters (AddParameter): Name = "ComponentLink1URL"; Value = "https://www.mouser.de/datasheet/2/315/AOA0000C334-1314047.pdf"; VariantName = "RS422_to_3V3"
Change component parameters (AddParameter): Name = "Created"; Value = "2019-12-08_Thilo_Wendt"; VariantName = "RS422_to_3V3"
Change component parameters (AddParameter): Name = "HelpURL"; Value = "https://www.mouser.de/datasheet/2/315/AOA0000C334-1314047.pdf"; VariantName = "RS422_to_3V3"
Change component parameters (AddParameter): Name = "MaxVoltage"; Value = "100"; VariantName = "RS422_to_3V3"
Change component parameters (AddParameter): Name = "MF"; Value = "Panasonic"; VariantName = "RS422_to_3V3"
Change component parameters (AddParameter): Name = "MPN"; Value = "ERJS030R00V"; VariantName = "RS422_to_3V3"
Change component parameters (AddParameter): Name = "Package"; Value = "CurrentFootprint"; VariantName = "RS422_to_3V3"
Change component parameters (AddParameter): Name = "Parameter1"; Value = "V"; VariantName = "RS422_to_3V3"
Change component parameters (AddParameter): Name = "Parameter1Desc"; Value = "Package Method"; VariantName = "RS422_to_3V3"
Change component parameters (AddParameter): Name = "Parameter2"; Value = "F"; VariantName = "RS422_to_3V3"
Change component parameters (AddParameter): Name = "Parameter2Desc"; Value = "Tolerance Symbol"; VariantName = "RS422_to_3V3"
Change component parameters (AddParameter): Name = "Parameter3"; Value = ""; VariantName = "RS422_to_3V3"
Change component parameters (AddParameter): Name = "Parameter3Desc"; Value = ""; VariantName = "RS422_to_3V3"
Change component parameters (AddParameter): Name = "Supplier1"; Value = "https://de.farnell.com/w/search?qualifizierungsstandard-der-automobilindustrie=aec-q200&range=inc-in-stock&st=erju"; VariantName = "RS422_to_3V3"
Change component parameters (AddParameter): Name = "Value"; Value = "0"; VariantName = "RS422_to_3V3"
Change component parameters: Designator = "R5A"; Footprint = "RESC1608X55X30NL15T15"; UniqueID = "\REEOQYYS\LOSHMCEA\1DEFTBZMN\UWYBJKHT"
Change component parameters. Clean all parameters for all variants
Change component parameters (AddParameter): Name = "ComponentLink1Description"; Value = "Datasheet"; VariantName = "[No Variations]"
Change component parameters (AddParameter): Name = "ComponentLink1URL"; Value = "https://www.mouser.de/datasheet/2/315/AOA0000C334-1314047.pdf"; VariantName = "[No Variations]"
Change component parameters (AddParameter): Name = "Created"; Value = "2019-12-08_Thilo_Wendt"; VariantName = "[No Variations]"
Change component parameters (AddParameter): Name = "HelpURL"; Value = "https://www.mouser.de/datasheet/2/315/AOA0000C334-1314047.pdf"; VariantName = "[No Variations]"
Change component parameters (AddParameter): Name = "MaxVoltage"; Value = "100"; VariantName = "[No Variations]"
Change component parameters (AddParameter): Name = "MF"; Value = "Panasonic"; VariantName = "[No Variations]"
Change component parameters (AddParameter): Name = "MPN"; Value = "ERJS030R00V"; VariantName = "[No Variations]"
Change component parameters (AddParameter): Name = "Package"; Value = "CurrentFootprint"; VariantName = "[No Variations]"
Change component parameters (AddParameter): Name = "Parameter1"; Value = "V"; VariantName = "[No Variations]"
Change component parameters (AddParameter): Name = "Parameter1Desc"; Value = "Package Method"; VariantName = "[No Variations]"
Change component parameters (AddParameter): Name = "Parameter2"; Value = "F"; VariantName = "[No Variations]"
Change component parameters (AddParameter): Name = "Parameter2Desc"; Value = "Tolerance Symbol"; VariantName = "[No Variations]"
Change component parameters (AddParameter): Name = "Parameter3"; Value = ""; VariantName = "[No Variations]"
Change component parameters (AddParameter): Name = "Parameter3Desc"; Value = ""; VariantName = "[No Variations]"
Change component parameters (AddParameter): Name = "Supplier1"; Value = "https://de.farnell.com/w/search?qualifizierungsstandard-der-automobilindustrie=aec-q200&range=inc-in-stock&st=erju"; VariantName = "[No Variations]"
Change component parameters (AddParameter): Name = "Value"; Value = "0"; VariantName = "[No Variations]"
Change component parameters (AddParameter): Name = "ComponentLink1Description"; Value = "Datasheet"; VariantName = "3V3_to_15V"
Change component parameters (AddParameter): Name = "ComponentLink1URL"; Value = "https://www.mouser.de/datasheet/2/315/AOA0000C334-1314047.pdf"; VariantName = "3V3_to_15V"
Change component parameters (AddParameter): Name = "Created"; Value = "2019-12-08_Thilo_Wendt"; VariantName = "3V3_to_15V"
Change component parameters (AddParameter): Name = "HelpURL"; Value = "https://www.mouser.de/datasheet/2/315/AOA0000C334-1314047.pdf"; VariantName = "3V3_to_15V"
Change component parameters (AddParameter): Name = "MaxVoltage"; Value = "100"; VariantName = "3V3_to_15V"
Change component parameters (AddParameter): Name = "MF"; Value = "Panasonic"; VariantName = "3V3_to_15V"
Change component parameters (AddParameter): Name = "MPN"; Value = "ERJS030R00V"; VariantName = "3V3_to_15V"
Change component parameters (AddParameter): Name = "Package"; Value = "CurrentFootprint"; VariantName = "3V3_to_15V"
Change component parameters (AddParameter): Name = "Parameter1"; Value = "V"; VariantName = "3V3_to_15V"
Change component parameters (AddParameter): Name = "Parameter1Desc"; Value = "Package Method"; VariantName = "3V3_to_15V"
Change component parameters (AddParameter): Name = "Parameter2"; Value = "F"; VariantName = "3V3_to_15V"
Change component parameters (AddParameter): Name = "Parameter2Desc"; Value = "Tolerance Symbol"; VariantName = "3V3_to_15V"
Change component parameters (AddParameter): Name = "Parameter3"; Value = ""; VariantName = "3V3_to_15V"
Change component parameters (AddParameter): Name = "Parameter3Desc"; Value = ""; VariantName = "3V3_to_15V"
Change component parameters (AddParameter): Name = "Supplier1"; Value = "https://de.farnell.com/w/search?qualifizierungsstandard-der-automobilindustrie=aec-q200&range=inc-in-stock&st=erju"; VariantName = "3V3_to_15V"
Change component parameters (AddParameter): Name = "Value"; Value = "0"; VariantName = "3V3_to_15V"
Change component parameters (AddParameter): Name = "ComponentLink1Description"; Value = "Datasheet"; VariantName = "3V3_to_RS422"
Change component parameters (AddParameter): Name = "ComponentLink1URL"; Value = "https://www.mouser.de/datasheet/2/315/AOA0000C334-1314047.pdf"; VariantName = "3V3_to_RS422"
Change component parameters (AddParameter): Name = "Created"; Value = "2019-12-08_Thilo_Wendt"; VariantName = "3V3_to_RS422"
Change component parameters (AddParameter): Name = "HelpURL"; Value = "https://www.mouser.de/datasheet/2/315/AOA0000C334-1314047.pdf"; VariantName = "3V3_to_RS422"
Change component parameters (AddParameter): Name = "MaxVoltage"; Value = "100"; VariantName = "3V3_to_RS422"
Change component parameters (AddParameter): Name = "MF"; Value = "Panasonic"; VariantName = "3V3_to_RS422"
Change component parameters (AddParameter): Name = "MPN"; Value = "ERJS030R00V"; VariantName = "3V3_to_RS422"
Change component parameters (AddParameter): Name = "Package"; Value = "CurrentFootprint"; VariantName = "3V3_to_RS422"
Change component parameters (AddParameter): Name = "Parameter1"; Value = "V"; VariantName = "3V3_to_RS422"
Change component parameters (AddParameter): Name = "Parameter1Desc"; Value = "Package Method"; VariantName = "3V3_to_RS422"
Change component parameters (AddParameter): Name = "Parameter2"; Value = "F"; VariantName = "3V3_to_RS422"
Change component parameters (AddParameter): Name = "Parameter2Desc"; Value = "Tolerance Symbol"; VariantName = "3V3_to_RS422"
Change component parameters (AddParameter): Name = "Parameter3"; Value = ""; VariantName = "3V3_to_RS422"
Change component parameters (AddParameter): Name = "Parameter3Desc"; Value = ""; VariantName = "3V3_to_RS422"
Change component parameters (AddParameter): Name = "Supplier1"; Value = "https://de.farnell.com/w/search?qualifizierungsstandard-der-automobilindustrie=aec-q200&range=inc-in-stock&st=erju"; VariantName = "3V3_to_RS422"
Change component parameters (AddParameter): Name = "Value"; Value = "0"; VariantName = "3V3_to_RS422"
Change component parameters (AddParameter): Name = "ComponentLink1Description"; Value = "Datasheet"; VariantName = "RS422_to_3V3"
Change component parameters (AddParameter): Name = "ComponentLink1URL"; Value = "https://www.mouser.de/datasheet/2/315/AOA0000C334-1314047.pdf"; VariantName = "RS422_to_3V3"
Change component parameters (AddParameter): Name = "Created"; Value = "2019-12-08_Thilo_Wendt"; VariantName = "RS422_to_3V3"
Change component parameters (AddParameter): Name = "HelpURL"; Value = "https://www.mouser.de/datasheet/2/315/AOA0000C334-1314047.pdf"; VariantName = "RS422_to_3V3"
Change component parameters (AddParameter): Name = "MaxVoltage"; Value = "100"; VariantName = "RS422_to_3V3"
Change component parameters (AddParameter): Name = "MF"; Value = "Panasonic"; VariantName = "RS422_to_3V3"
Change component parameters (AddParameter): Name = "MPN"; Value = "ERJS030R00V"; VariantName = "RS422_to_3V3"
Change component parameters (AddParameter): Name = "Package"; Value = "CurrentFootprint"; VariantName = "RS422_to_3V3"
Change component parameters (AddParameter): Name = "Parameter1"; Value = "V"; VariantName = "RS422_to_3V3"
Change component parameters (AddParameter): Name = "Parameter1Desc"; Value = "Package Method"; VariantName = "RS422_to_3V3"
Change component parameters (AddParameter): Name = "Parameter2"; Value = "F"; VariantName = "RS422_to_3V3"
Change component parameters (AddParameter): Name = "Parameter2Desc"; Value = "Tolerance Symbol"; VariantName = "RS422_to_3V3"
Change component parameters (AddParameter): Name = "Parameter3"; Value = ""; VariantName = "RS422_to_3V3"
Change component parameters (AddParameter): Name = "Parameter3Desc"; Value = ""; VariantName = "RS422_to_3V3"
Change component parameters (AddParameter): Name = "Supplier1"; Value = "https://de.farnell.com/w/search?qualifizierungsstandard-der-automobilindustrie=aec-q200&range=inc-in-stock&st=erju"; VariantName = "RS422_to_3V3"
Change component parameters (AddParameter): Name = "Value"; Value = "0"; VariantName = "RS422_to_3V3"
Change component parameters: Designator = "R5B"; Footprint = "RESC1608X55X30NL15T15"; UniqueID = "\REEOQYYS\LOSHMCEA\2DEFTBZMN\UWYBJKHT"
Change component parameters. Clean all parameters for all variants
Change component parameters (AddParameter): Name = "ComponentLink1Description"; Value = "Datasheet"; VariantName = "[No Variations]"
Change component parameters (AddParameter): Name = "ComponentLink1URL"; Value = "https://www.mouser.de/datasheet/2/315/AOA0000C334-1314047.pdf"; VariantName = "[No Variations]"
Change component parameters (AddParameter): Name = "Created"; Value = "2019-12-08_Thilo_Wendt"; VariantName = "[No Variations]"
Change component parameters (AddParameter): Name = "HelpURL"; Value = "https://www.mouser.de/datasheet/2/315/AOA0000C334-1314047.pdf"; VariantName = "[No Variations]"
Change component parameters (AddParameter): Name = "MaxVoltage"; Value = "100"; VariantName = "[No Variations]"
Change component parameters (AddParameter): Name = "MF"; Value = "Panasonic"; VariantName = "[No Variations]"
Change component parameters (AddParameter): Name = "MPN"; Value = "ERJS030R00V"; VariantName = "[No Variations]"
Change component parameters (AddParameter): Name = "Package"; Value = "CurrentFootprint"; VariantName = "[No Variations]"
Change component parameters (AddParameter): Name = "Parameter1"; Value = "V"; VariantName = "[No Variations]"
Change component parameters (AddParameter): Name = "Parameter1Desc"; Value = "Package Method"; VariantName = "[No Variations]"
Change component parameters (AddParameter): Name = "Parameter2"; Value = "F"; VariantName = "[No Variations]"
Change component parameters (AddParameter): Name = "Parameter2Desc"; Value = "Tolerance Symbol"; VariantName = "[No Variations]"
Change component parameters (AddParameter): Name = "Parameter3"; Value = ""; VariantName = "[No Variations]"
Change component parameters (AddParameter): Name = "Parameter3Desc"; Value = ""; VariantName = "[No Variations]"
Change component parameters (AddParameter): Name = "Supplier1"; Value = "https://de.farnell.com/w/search?qualifizierungsstandard-der-automobilindustrie=aec-q200&range=inc-in-stock&st=erju"; VariantName = "[No Variations]"
Change component parameters (AddParameter): Name = "Value"; Value = "0"; VariantName = "[No Variations]"
Change component parameters (AddParameter): Name = "ComponentLink1Description"; Value = "Datasheet"; VariantName = "3V3_to_15V"
Change component parameters (AddParameter): Name = "ComponentLink1URL"; Value = "https://www.mouser.de/datasheet/2/315/AOA0000C334-1314047.pdf"; VariantName = "3V3_to_15V"
Change component parameters (AddParameter): Name = "Created"; Value = "2019-12-08_Thilo_Wendt"; VariantName = "3V3_to_15V"
Change component parameters (AddParameter): Name = "HelpURL"; Value = "https://www.mouser.de/datasheet/2/315/AOA0000C334-1314047.pdf"; VariantName = "3V3_to_15V"
Change component parameters (AddParameter): Name = "MaxVoltage"; Value = "100"; VariantName = "3V3_to_15V"
Change component parameters (AddParameter): Name = "MF"; Value = "Panasonic"; VariantName = "3V3_to_15V"
Change component parameters (AddParameter): Name = "MPN"; Value = "ERJS030R00V"; VariantName = "3V3_to_15V"
Change component parameters (AddParameter): Name = "Package"; Value = "CurrentFootprint"; VariantName = "3V3_to_15V"
Change component parameters (AddParameter): Name = "Parameter1"; Value = "V"; VariantName = "3V3_to_15V"
Change component parameters (AddParameter): Name = "Parameter1Desc"; Value = "Package Method"; VariantName = "3V3_to_15V"
Change component parameters (AddParameter): Name = "Parameter2"; Value = "F"; VariantName = "3V3_to_15V"
Change component parameters (AddParameter): Name = "Parameter2Desc"; Value = "Tolerance Symbol"; VariantName = "3V3_to_15V"
Change component parameters (AddParameter): Name = "Parameter3"; Value = ""; VariantName = "3V3_to_15V"
Change component parameters (AddParameter): Name = "Parameter3Desc"; Value = ""; VariantName = "3V3_to_15V"
Change component parameters (AddParameter): Name = "Supplier1"; Value = "https://de.farnell.com/w/search?qualifizierungsstandard-der-automobilindustrie=aec-q200&range=inc-in-stock&st=erju"; VariantName = "3V3_to_15V"
Change component parameters (AddParameter): Name = "Value"; Value = "0"; VariantName = "3V3_to_15V"
Change component parameters (AddParameter): Name = "ComponentLink1Description"; Value = "Datasheet"; VariantName = "3V3_to_RS422"
Change component parameters (AddParameter): Name = "ComponentLink1URL"; Value = "https://www.mouser.de/datasheet/2/315/AOA0000C334-1314047.pdf"; VariantName = "3V3_to_RS422"
Change component parameters (AddParameter): Name = "Created"; Value = "2019-12-08_Thilo_Wendt"; VariantName = "3V3_to_RS422"
Change component parameters (AddParameter): Name = "HelpURL"; Value = "https://www.mouser.de/datasheet/2/315/AOA0000C334-1314047.pdf"; VariantName = "3V3_to_RS422"
Change component parameters (AddParameter): Name = "MaxVoltage"; Value = "100"; VariantName = "3V3_to_RS422"
Change component parameters (AddParameter): Name = "MF"; Value = "Panasonic"; VariantName = "3V3_to_RS422"
Change component parameters (AddParameter): Name = "MPN"; Value = "ERJS030R00V"; VariantName = "3V3_to_RS422"
Change component parameters (AddParameter): Name = "Package"; Value = "CurrentFootprint"; VariantName = "3V3_to_RS422"
Change component parameters (AddParameter): Name = "Parameter1"; Value = "V"; VariantName = "3V3_to_RS422"
Change component parameters (AddParameter): Name = "Parameter1Desc"; Value = "Package Method"; VariantName = "3V3_to_RS422"
Change component parameters (AddParameter): Name = "Parameter2"; Value = "F"; VariantName = "3V3_to_RS422"
Change component parameters (AddParameter): Name = "Parameter2Desc"; Value = "Tolerance Symbol"; VariantName = "3V3_to_RS422"
Change component parameters (AddParameter): Name = "Parameter3"; Value = ""; VariantName = "3V3_to_RS422"
Change component parameters (AddParameter): Name = "Parameter3Desc"; Value = ""; VariantName = "3V3_to_RS422"
Change component parameters (AddParameter): Name = "Supplier1"; Value = "https://de.farnell.com/w/search?qualifizierungsstandard-der-automobilindustrie=aec-q200&range=inc-in-stock&st=erju"; VariantName = "3V3_to_RS422"
Change component parameters (AddParameter): Name = "Value"; Value = "0"; VariantName = "3V3_to_RS422"
Change component parameters (AddParameter): Name = "ComponentLink1Description"; Value = "Datasheet"; VariantName = "RS422_to_3V3"
Change component parameters (AddParameter): Name = "ComponentLink1URL"; Value = "https://www.mouser.de/datasheet/2/315/AOA0000C334-1314047.pdf"; VariantName = "RS422_to_3V3"
Change component parameters (AddParameter): Name = "Created"; Value = "2019-12-08_Thilo_Wendt"; VariantName = "RS422_to_3V3"
Change component parameters (AddParameter): Name = "HelpURL"; Value = "https://www.mouser.de/datasheet/2/315/AOA0000C334-1314047.pdf"; VariantName = "RS422_to_3V3"
Change component parameters (AddParameter): Name = "MaxVoltage"; Value = "100"; VariantName = "RS422_to_3V3"
Change component parameters (AddParameter): Name = "MF"; Value = "Panasonic"; VariantName = "RS422_to_3V3"
Change component parameters (AddParameter): Name = "MPN"; Value = "ERJS030R00V"; VariantName = "RS422_to_3V3"
Change component parameters (AddParameter): Name = "Package"; Value = "CurrentFootprint"; VariantName = "RS422_to_3V3"
Change component parameters (AddParameter): Name = "Parameter1"; Value = "V"; VariantName = "RS422_to_3V3"
Change component parameters (AddParameter): Name = "Parameter1Desc"; Value = "Package Method"; VariantName = "RS422_to_3V3"
Change component parameters (AddParameter): Name = "Parameter2"; Value = "F"; VariantName = "RS422_to_3V3"
Change component parameters (AddParameter): Name = "Parameter2Desc"; Value = "Tolerance Symbol"; VariantName = "RS422_to_3V3"
Change component parameters (AddParameter): Name = "Parameter3"; Value = ""; VariantName = "RS422_to_3V3"
Change component parameters (AddParameter): Name = "Parameter3Desc"; Value = ""; VariantName = "RS422_to_3V3"
Change component parameters (AddParameter): Name = "Supplier1"; Value = "https://de.farnell.com/w/search?qualifizierungsstandard-der-automobilindustrie=aec-q200&range=inc-in-stock&st=erju"; VariantName = "RS422_to_3V3"
Change component parameters (AddParameter): Name = "Value"; Value = "0"; VariantName = "RS422_to_3V3"
Change component parameters: Designator = "R5C"; Footprint = "RESC1608X55X30NL15T15"; UniqueID = "\REEOQYYS\LOSHMCEA\3DEFTBZMN\UWYBJKHT"
Change component parameters. Clean all parameters for all variants
Change component parameters (AddParameter): Name = "ComponentLink1Description"; Value = "Datasheet"; VariantName = "[No Variations]"
Change component parameters (AddParameter): Name = "ComponentLink1URL"; Value = "https://www.mouser.de/datasheet/2/315/AOA0000C334-1314047.pdf"; VariantName = "[No Variations]"
Change component parameters (AddParameter): Name = "Created"; Value = "2019-12-08_Thilo_Wendt"; VariantName = "[No Variations]"
Change component parameters (AddParameter): Name = "HelpURL"; Value = "https://www.mouser.de/datasheet/2/315/AOA0000C334-1314047.pdf"; VariantName = "[No Variations]"
Change component parameters (AddParameter): Name = "MaxVoltage"; Value = "100"; VariantName = "[No Variations]"
Change component parameters (AddParameter): Name = "MF"; Value = "Panasonic"; VariantName = "[No Variations]"
Change component parameters (AddParameter): Name = "MPN"; Value = "ERJS030R00V"; VariantName = "[No Variations]"
Change component parameters (AddParameter): Name = "Package"; Value = "CurrentFootprint"; VariantName = "[No Variations]"
Change component parameters (AddParameter): Name = "Parameter1"; Value = "V"; VariantName = "[No Variations]"
Change component parameters (AddParameter): Name = "Parameter1Desc"; Value = "Package Method"; VariantName = "[No Variations]"
Change component parameters (AddParameter): Name = "Parameter2"; Value = "F"; VariantName = "[No Variations]"
Change component parameters (AddParameter): Name = "Parameter2Desc"; Value = "Tolerance Symbol"; VariantName = "[No Variations]"
Change component parameters (AddParameter): Name = "Parameter3"; Value = ""; VariantName = "[No Variations]"
Change component parameters (AddParameter): Name = "Parameter3Desc"; Value = ""; VariantName = "[No Variations]"
Change component parameters (AddParameter): Name = "Supplier1"; Value = "https://de.farnell.com/w/search?qualifizierungsstandard-der-automobilindustrie=aec-q200&range=inc-in-stock&st=erju"; VariantName = "[No Variations]"
Change component parameters (AddParameter): Name = "Value"; Value = "0"; VariantName = "[No Variations]"
Change component parameters (AddParameter): Name = "ComponentLink1Description"; Value = "Datasheet"; VariantName = "3V3_to_15V"
Change component parameters (AddParameter): Name = "ComponentLink1URL"; Value = "https://www.mouser.de/datasheet/2/315/AOA0000C334-1314047.pdf"; VariantName = "3V3_to_15V"
Change component parameters (AddParameter): Name = "Created"; Value = "2019-12-08_Thilo_Wendt"; VariantName = "3V3_to_15V"
Change component parameters (AddParameter): Name = "HelpURL"; Value = "https://www.mouser.de/datasheet/2/315/AOA0000C334-1314047.pdf"; VariantName = "3V3_to_15V"
Change component parameters (AddParameter): Name = "MaxVoltage"; Value = "100"; VariantName = "3V3_to_15V"
Change component parameters (AddParameter): Name = "MF"; Value = "Panasonic"; VariantName = "3V3_to_15V"
Change component parameters (AddParameter): Name = "MPN"; Value = "ERJS030R00V"; VariantName = "3V3_to_15V"
Change component parameters (AddParameter): Name = "Package"; Value = "CurrentFootprint"; VariantName = "3V3_to_15V"
Change component parameters (AddParameter): Name = "Parameter1"; Value = "V"; VariantName = "3V3_to_15V"
Change component parameters (AddParameter): Name = "Parameter1Desc"; Value = "Package Method"; VariantName = "3V3_to_15V"
Change component parameters (AddParameter): Name = "Parameter2"; Value = "F"; VariantName = "3V3_to_15V"
Change component parameters (AddParameter): Name = "Parameter2Desc"; Value = "Tolerance Symbol"; VariantName = "3V3_to_15V"
Change component parameters (AddParameter): Name = "Parameter3"; Value = ""; VariantName = "3V3_to_15V"
Change component parameters (AddParameter): Name = "Parameter3Desc"; Value = ""; VariantName = "3V3_to_15V"
Change component parameters (AddParameter): Name = "Supplier1"; Value = "https://de.farnell.com/w/search?qualifizierungsstandard-der-automobilindustrie=aec-q200&range=inc-in-stock&st=erju"; VariantName = "3V3_to_15V"
Change component parameters (AddParameter): Name = "Value"; Value = "0"; VariantName = "3V3_to_15V"
Change component parameters (AddParameter): Name = "ComponentLink1Description"; Value = "Datasheet"; VariantName = "3V3_to_RS422"
Change component parameters (AddParameter): Name = "ComponentLink1URL"; Value = "https://www.mouser.de/datasheet/2/315/AOA0000C334-1314047.pdf"; VariantName = "3V3_to_RS422"
Change component parameters (AddParameter): Name = "Created"; Value = "2019-12-08_Thilo_Wendt"; VariantName = "3V3_to_RS422"
Change component parameters (AddParameter): Name = "HelpURL"; Value = "https://www.mouser.de/datasheet/2/315/AOA0000C334-1314047.pdf"; VariantName = "3V3_to_RS422"
Change component parameters (AddParameter): Name = "MaxVoltage"; Value = "100"; VariantName = "3V3_to_RS422"
Change component parameters (AddParameter): Name = "MF"; Value = "Panasonic"; VariantName = "3V3_to_RS422"
Change component parameters (AddParameter): Name = "MPN"; Value = "ERJS030R00V"; VariantName = "3V3_to_RS422"
Change component parameters (AddParameter): Name = "Package"; Value = "CurrentFootprint"; VariantName = "3V3_to_RS422"
Change component parameters (AddParameter): Name = "Parameter1"; Value = "V"; VariantName = "3V3_to_RS422"
Change component parameters (AddParameter): Name = "Parameter1Desc"; Value = "Package Method"; VariantName = "3V3_to_RS422"
Change component parameters (AddParameter): Name = "Parameter2"; Value = "F"; VariantName = "3V3_to_RS422"
Change component parameters (AddParameter): Name = "Parameter2Desc"; Value = "Tolerance Symbol"; VariantName = "3V3_to_RS422"
Change component parameters (AddParameter): Name = "Parameter3"; Value = ""; VariantName = "3V3_to_RS422"
Change component parameters (AddParameter): Name = "Parameter3Desc"; Value = ""; VariantName = "3V3_to_RS422"
Change component parameters (AddParameter): Name = "Supplier1"; Value = "https://de.farnell.com/w/search?qualifizierungsstandard-der-automobilindustrie=aec-q200&range=inc-in-stock&st=erju"; VariantName = "3V3_to_RS422"
Change component parameters (AddParameter): Name = "Value"; Value = "0"; VariantName = "3V3_to_RS422"
Change component parameters (AddParameter): Name = "ComponentLink1Description"; Value = "Datasheet"; VariantName = "RS422_to_3V3"
Change component parameters (AddParameter): Name = "ComponentLink1URL"; Value = "https://www.mouser.de/datasheet/2/315/AOA0000C334-1314047.pdf"; VariantName = "RS422_to_3V3"
Change component parameters (AddParameter): Name = "Created"; Value = "2019-12-08_Thilo_Wendt"; VariantName = "RS422_to_3V3"
Change component parameters (AddParameter): Name = "HelpURL"; Value = "https://www.mouser.de/datasheet/2/315/AOA0000C334-1314047.pdf"; VariantName = "RS422_to_3V3"
Change component parameters (AddParameter): Name = "MaxVoltage"; Value = "100"; VariantName = "RS422_to_3V3"
Change component parameters (AddParameter): Name = "MF"; Value = "Panasonic"; VariantName = "RS422_to_3V3"
Change component parameters (AddParameter): Name = "MPN"; Value = "ERJS030R00V"; VariantName = "RS422_to_3V3"
Change component parameters (AddParameter): Name = "Package"; Value = "CurrentFootprint"; VariantName = "RS422_to_3V3"
Change component parameters (AddParameter): Name = "Parameter1"; Value = "V"; VariantName = "RS422_to_3V3"
Change component parameters (AddParameter): Name = "Parameter1Desc"; Value = "Package Method"; VariantName = "RS422_to_3V3"
Change component parameters (AddParameter): Name = "Parameter2"; Value = "F"; VariantName = "RS422_to_3V3"
Change component parameters (AddParameter): Name = "Parameter2Desc"; Value = "Tolerance Symbol"; VariantName = "RS422_to_3V3"
Change component parameters (AddParameter): Name = "Parameter3"; Value = ""; VariantName = "RS422_to_3V3"
Change component parameters (AddParameter): Name = "Parameter3Desc"; Value = ""; VariantName = "RS422_to_3V3"
Change component parameters (AddParameter): Name = "Supplier1"; Value = "https://de.farnell.com/w/search?qualifizierungsstandard-der-automobilindustrie=aec-q200&range=inc-in-stock&st=erju"; VariantName = "RS422_to_3V3"
Change component parameters (AddParameter): Name = "Value"; Value = "0"; VariantName = "RS422_to_3V3"
Change component parameters: Designator = "R5D"; Footprint = "RESC1608X55X30NL15T15"; UniqueID = "\REEOQYYS\LOSHMCEA\4DEFTBZMN\UWYBJKHT"
Change component parameters. Clean all parameters for all variants
Change component parameters (AddParameter): Name = "ComponentLink1Description"; Value = "Datasheet"; VariantName = "[No Variations]"
Change component parameters (AddParameter): Name = "ComponentLink1URL"; Value = "https://www.mouser.de/datasheet/2/315/AOA0000C334-1314047.pdf"; VariantName = "[No Variations]"
Change component parameters (AddParameter): Name = "Created"; Value = "2019-12-08_Thilo_Wendt"; VariantName = "[No Variations]"
Change component parameters (AddParameter): Name = "HelpURL"; Value = "https://www.mouser.de/datasheet/2/315/AOA0000C334-1314047.pdf"; VariantName = "[No Variations]"
Change component parameters (AddParameter): Name = "MaxVoltage"; Value = "100"; VariantName = "[No Variations]"
Change component parameters (AddParameter): Name = "MF"; Value = "Panasonic"; VariantName = "[No Variations]"
Change component parameters (AddParameter): Name = "MPN"; Value = "ERJS030R00V"; VariantName = "[No Variations]"
Change component parameters (AddParameter): Name = "Package"; Value = "CurrentFootprint"; VariantName = "[No Variations]"
Change component parameters (AddParameter): Name = "Parameter1"; Value = "V"; VariantName = "[No Variations]"
Change component parameters (AddParameter): Name = "Parameter1Desc"; Value = "Package Method"; VariantName = "[No Variations]"
Change component parameters (AddParameter): Name = "Parameter2"; Value = "F"; VariantName = "[No Variations]"
Change component parameters (AddParameter): Name = "Parameter2Desc"; Value = "Tolerance Symbol"; VariantName = "[No Variations]"
Change component parameters (AddParameter): Name = "Parameter3"; Value = ""; VariantName = "[No Variations]"
Change component parameters (AddParameter): Name = "Parameter3Desc"; Value = ""; VariantName = "[No Variations]"
Change component parameters (AddParameter): Name = "Supplier1"; Value = "https://de.farnell.com/w/search?qualifizierungsstandard-der-automobilindustrie=aec-q200&range=inc-in-stock&st=erju"; VariantName = "[No Variations]"
Change component parameters (AddParameter): Name = "Value"; Value = "0"; VariantName = "[No Variations]"
Change component parameters (AddParameter): Name = "ComponentLink1Description"; Value = "Datasheet"; VariantName = "3V3_to_15V"
Change component parameters (AddParameter): Name = "ComponentLink1URL"; Value = "https://www.mouser.de/datasheet/2/315/AOA0000C334-1314047.pdf"; VariantName = "3V3_to_15V"
Change component parameters (AddParameter): Name = "Created"; Value = "2019-12-08_Thilo_Wendt"; VariantName = "3V3_to_15V"
Change component parameters (AddParameter): Name = "HelpURL"; Value = "https://www.mouser.de/datasheet/2/315/AOA0000C334-1314047.pdf"; VariantName = "3V3_to_15V"
Change component parameters (AddParameter): Name = "MaxVoltage"; Value = "100"; VariantName = "3V3_to_15V"
Change component parameters (AddParameter): Name = "MF"; Value = "Panasonic"; VariantName = "3V3_to_15V"
Change component parameters (AddParameter): Name = "MPN"; Value = "ERJS030R00V"; VariantName = "3V3_to_15V"
Change component parameters (AddParameter): Name = "Package"; Value = "CurrentFootprint"; VariantName = "3V3_to_15V"
Change component parameters (AddParameter): Name = "Parameter1"; Value = "V"; VariantName = "3V3_to_15V"
Change component parameters (AddParameter): Name = "Parameter1Desc"; Value = "Package Method"; VariantName = "3V3_to_15V"
Change component parameters (AddParameter): Name = "Parameter2"; Value = "F"; VariantName = "3V3_to_15V"
Change component parameters (AddParameter): Name = "Parameter2Desc"; Value = "Tolerance Symbol"; VariantName = "3V3_to_15V"
Change component parameters (AddParameter): Name = "Parameter3"; Value = ""; VariantName = "3V3_to_15V"
Change component parameters (AddParameter): Name = "Parameter3Desc"; Value = ""; VariantName = "3V3_to_15V"
Change component parameters (AddParameter): Name = "Supplier1"; Value = "https://de.farnell.com/w/search?qualifizierungsstandard-der-automobilindustrie=aec-q200&range=inc-in-stock&st=erju"; VariantName = "3V3_to_15V"
Change component parameters (AddParameter): Name = "Value"; Value = "0"; VariantName = "3V3_to_15V"
Change component parameters (AddParameter): Name = "ComponentLink1Description"; Value = "Datasheet"; VariantName = "3V3_to_RS422"
Change component parameters (AddParameter): Name = "ComponentLink1URL"; Value = "https://www.mouser.de/datasheet/2/315/AOA0000C334-1314047.pdf"; VariantName = "3V3_to_RS422"
Change component parameters (AddParameter): Name = "Created"; Value = "2019-12-08_Thilo_Wendt"; VariantName = "3V3_to_RS422"
Change component parameters (AddParameter): Name = "HelpURL"; Value = "https://www.mouser.de/datasheet/2/315/AOA0000C334-1314047.pdf"; VariantName = "3V3_to_RS422"
Change component parameters (AddParameter): Name = "MaxVoltage"; Value = "100"; VariantName = "3V3_to_RS422"
Change component parameters (AddParameter): Name = "MF"; Value = "Panasonic"; VariantName = "3V3_to_RS422"
Change component parameters (AddParameter): Name = "MPN"; Value = "ERJS030R00V"; VariantName = "3V3_to_RS422"
Change component parameters (AddParameter): Name = "Package"; Value = "CurrentFootprint"; VariantName = "3V3_to_RS422"
Change component parameters (AddParameter): Name = "Parameter1"; Value = "V"; VariantName = "3V3_to_RS422"
Change component parameters (AddParameter): Name = "Parameter1Desc"; Value = "Package Method"; VariantName = "3V3_to_RS422"
Change component parameters (AddParameter): Name = "Parameter2"; Value = "F"; VariantName = "3V3_to_RS422"
Change component parameters (AddParameter): Name = "Parameter2Desc"; Value = "Tolerance Symbol"; VariantName = "3V3_to_RS422"
Change component parameters (AddParameter): Name = "Parameter3"; Value = ""; VariantName = "3V3_to_RS422"
Change component parameters (AddParameter): Name = "Parameter3Desc"; Value = ""; VariantName = "3V3_to_RS422"
Change component parameters (AddParameter): Name = "Supplier1"; Value = "https://de.farnell.com/w/search?qualifizierungsstandard-der-automobilindustrie=aec-q200&range=inc-in-stock&st=erju"; VariantName = "3V3_to_RS422"
Change component parameters (AddParameter): Name = "Value"; Value = "0"; VariantName = "3V3_to_RS422"
Change component parameters (AddParameter): Name = "ComponentLink1Description"; Value = "Datasheet"; VariantName = "RS422_to_3V3"
Change component parameters (AddParameter): Name = "ComponentLink1URL"; Value = "https://www.mouser.de/datasheet/2/315/AOA0000C334-1314047.pdf"; VariantName = "RS422_to_3V3"
Change component parameters (AddParameter): Name = "Created"; Value = "2019-12-08_Thilo_Wendt"; VariantName = "RS422_to_3V3"
Change component parameters (AddParameter): Name = "HelpURL"; Value = "https://www.mouser.de/datasheet/2/315/AOA0000C334-1314047.pdf"; VariantName = "RS422_to_3V3"
Change component parameters (AddParameter): Name = "MaxVoltage"; Value = "100"; VariantName = "RS422_to_3V3"
Change component parameters (AddParameter): Name = "MF"; Value = "Panasonic"; VariantName = "RS422_to_3V3"
Change component parameters (AddParameter): Name = "MPN"; Value = "ERJS030R00V"; VariantName = "RS422_to_3V3"
Change component parameters (AddParameter): Name = "Package"; Value = "CurrentFootprint"; VariantName = "RS422_to_3V3"
Change component parameters (AddParameter): Name = "Parameter1"; Value = "V"; VariantName = "RS422_to_3V3"
Change component parameters (AddParameter): Name = "Parameter1Desc"; Value = "Package Method"; VariantName = "RS422_to_3V3"
Change component parameters (AddParameter): Name = "Parameter2"; Value = "F"; VariantName = "RS422_to_3V3"
Change component parameters (AddParameter): Name = "Parameter2Desc"; Value = "Tolerance Symbol"; VariantName = "RS422_to_3V3"
Change component parameters (AddParameter): Name = "Parameter3"; Value = ""; VariantName = "RS422_to_3V3"
Change component parameters (AddParameter): Name = "Parameter3Desc"; Value = ""; VariantName = "RS422_to_3V3"
Change component parameters (AddParameter): Name = "Supplier1"; Value = "https://de.farnell.com/w/search?qualifizierungsstandard-der-automobilindustrie=aec-q200&range=inc-in-stock&st=erju"; VariantName = "RS422_to_3V3"
Change component parameters (AddParameter): Name = "Value"; Value = "0"; VariantName = "RS422_to_3V3"
Change component parameters: Designator = "R5E"; Footprint = "RESC1608X55X30NL15T15"; UniqueID = "\REEOQYYS\LOSHMCEA\5DEFTBZMN\UWYBJKHT"
Change component parameters. Clean all parameters for all variants
Change component parameters (AddParameter): Name = "ComponentLink1Description"; Value = "Datasheet"; VariantName = "[No Variations]"
Change component parameters (AddParameter): Name = "ComponentLink1URL"; Value = "https://www.mouser.de/datasheet/2/315/AOA0000C334-1314047.pdf"; VariantName = "[No Variations]"
Change component parameters (AddParameter): Name = "Created"; Value = "2019-12-08_Thilo_Wendt"; VariantName = "[No Variations]"
Change component parameters (AddParameter): Name = "HelpURL"; Value = "https://www.mouser.de/datasheet/2/315/AOA0000C334-1314047.pdf"; VariantName = "[No Variations]"
Change component parameters (AddParameter): Name = "MaxVoltage"; Value = "100"; VariantName = "[No Variations]"
Change component parameters (AddParameter): Name = "MF"; Value = "Panasonic"; VariantName = "[No Variations]"
Change component parameters (AddParameter): Name = "MPN"; Value = "ERJS030R00V"; VariantName = "[No Variations]"
Change component parameters (AddParameter): Name = "Package"; Value = "CurrentFootprint"; VariantName = "[No Variations]"
Change component parameters (AddParameter): Name = "Parameter1"; Value = "V"; VariantName = "[No Variations]"
Change component parameters (AddParameter): Name = "Parameter1Desc"; Value = "Package Method"; VariantName = "[No Variations]"
Change component parameters (AddParameter): Name = "Parameter2"; Value = "F"; VariantName = "[No Variations]"
Change component parameters (AddParameter): Name = "Parameter2Desc"; Value = "Tolerance Symbol"; VariantName = "[No Variations]"
Change component parameters (AddParameter): Name = "Parameter3"; Value = ""; VariantName = "[No Variations]"
Change component parameters (AddParameter): Name = "Parameter3Desc"; Value = ""; VariantName = "[No Variations]"
Change component parameters (AddParameter): Name = "Supplier1"; Value = "https://de.farnell.com/w/search?qualifizierungsstandard-der-automobilindustrie=aec-q200&range=inc-in-stock&st=erju"; VariantName = "[No Variations]"
Change component parameters (AddParameter): Name = "Value"; Value = "0"; VariantName = "[No Variations]"
Change component parameters (AddParameter): Name = "ComponentLink1Description"; Value = "Datasheet"; VariantName = "3V3_to_15V"
Change component parameters (AddParameter): Name = "ComponentLink1URL"; Value = "https://www.mouser.de/datasheet/2/315/AOA0000C334-1314047.pdf"; VariantName = "3V3_to_15V"
Change component parameters (AddParameter): Name = "Created"; Value = "2019-12-08_Thilo_Wendt"; VariantName = "3V3_to_15V"
Change component parameters (AddParameter): Name = "HelpURL"; Value = "https://www.mouser.de/datasheet/2/315/AOA0000C334-1314047.pdf"; VariantName = "3V3_to_15V"
Change component parameters (AddParameter): Name = "MaxVoltage"; Value = "100"; VariantName = "3V3_to_15V"
Change component parameters (AddParameter): Name = "MF"; Value = "Panasonic"; VariantName = "3V3_to_15V"
Change component parameters (AddParameter): Name = "MPN"; Value = "ERJS030R00V"; VariantName = "3V3_to_15V"
Change component parameters (AddParameter): Name = "Package"; Value = "CurrentFootprint"; VariantName = "3V3_to_15V"
Change component parameters (AddParameter): Name = "Parameter1"; Value = "V"; VariantName = "3V3_to_15V"
Change component parameters (AddParameter): Name = "Parameter1Desc"; Value = "Package Method"; VariantName = "3V3_to_15V"
Change component parameters (AddParameter): Name = "Parameter2"; Value = "F"; VariantName = "3V3_to_15V"
Change component parameters (AddParameter): Name = "Parameter2Desc"; Value = "Tolerance Symbol"; VariantName = "3V3_to_15V"
Change component parameters (AddParameter): Name = "Parameter3"; Value = ""; VariantName = "3V3_to_15V"
Change component parameters (AddParameter): Name = "Parameter3Desc"; Value = ""; VariantName = "3V3_to_15V"
Change component parameters (AddParameter): Name = "Supplier1"; Value = "https://de.farnell.com/w/search?qualifizierungsstandard-der-automobilindustrie=aec-q200&range=inc-in-stock&st=erju"; VariantName = "3V3_to_15V"
Change component parameters (AddParameter): Name = "Value"; Value = "0"; VariantName = "3V3_to_15V"
Change component parameters (AddParameter): Name = "ComponentLink1Description"; Value = "Datasheet"; VariantName = "3V3_to_RS422"
Change component parameters (AddParameter): Name = "ComponentLink1URL"; Value = "https://www.mouser.de/datasheet/2/315/AOA0000C334-1314047.pdf"; VariantName = "3V3_to_RS422"
Change component parameters (AddParameter): Name = "Created"; Value = "2019-12-08_Thilo_Wendt"; VariantName = "3V3_to_RS422"
Change component parameters (AddParameter): Name = "HelpURL"; Value = "https://www.mouser.de/datasheet/2/315/AOA0000C334-1314047.pdf"; VariantName = "3V3_to_RS422"
Change component parameters (AddParameter): Name = "MaxVoltage"; Value = "100"; VariantName = "3V3_to_RS422"
Change component parameters (AddParameter): Name = "MF"; Value = "Panasonic"; VariantName = "3V3_to_RS422"
Change component parameters (AddParameter): Name = "MPN"; Value = "ERJS030R00V"; VariantName = "3V3_to_RS422"
Change component parameters (AddParameter): Name = "Package"; Value = "CurrentFootprint"; VariantName = "3V3_to_RS422"
Change component parameters (AddParameter): Name = "Parameter1"; Value = "V"; VariantName = "3V3_to_RS422"
Change component parameters (AddParameter): Name = "Parameter1Desc"; Value = "Package Method"; VariantName = "3V3_to_RS422"
Change component parameters (AddParameter): Name = "Parameter2"; Value = "F"; VariantName = "3V3_to_RS422"
Change component parameters (AddParameter): Name = "Parameter2Desc"; Value = "Tolerance Symbol"; VariantName = "3V3_to_RS422"
Change component parameters (AddParameter): Name = "Parameter3"; Value = ""; VariantName = "3V3_to_RS422"
Change component parameters (AddParameter): Name = "Parameter3Desc"; Value = ""; VariantName = "3V3_to_RS422"
Change component parameters (AddParameter): Name = "Supplier1"; Value = "https://de.farnell.com/w/search?qualifizierungsstandard-der-automobilindustrie=aec-q200&range=inc-in-stock&st=erju"; VariantName = "3V3_to_RS422"
Change component parameters (AddParameter): Name = "Value"; Value = "0"; VariantName = "3V3_to_RS422"
Change component parameters (AddParameter): Name = "ComponentLink1Description"; Value = "Datasheet"; VariantName = "RS422_to_3V3"
Change component parameters (AddParameter): Name = "ComponentLink1URL"; Value = "https://www.mouser.de/datasheet/2/315/AOA0000C334-1314047.pdf"; VariantName = "RS422_to_3V3"
Change component parameters (AddParameter): Name = "Created"; Value = "2019-12-08_Thilo_Wendt"; VariantName = "RS422_to_3V3"
Change component parameters (AddParameter): Name = "HelpURL"; Value = "https://www.mouser.de/datasheet/2/315/AOA0000C334-1314047.pdf"; VariantName = "RS422_to_3V3"
Change component parameters (AddParameter): Name = "MaxVoltage"; Value = "100"; VariantName = "RS422_to_3V3"
Change component parameters (AddParameter): Name = "MF"; Value = "Panasonic"; VariantName = "RS422_to_3V3"
Change component parameters (AddParameter): Name = "MPN"; Value = "ERJS030R00V"; VariantName = "RS422_to_3V3"
Change component parameters (AddParameter): Name = "Package"; Value = "CurrentFootprint"; VariantName = "RS422_to_3V3"
Change component parameters (AddParameter): Name = "Parameter1"; Value = "V"; VariantName = "RS422_to_3V3"
Change component parameters (AddParameter): Name = "Parameter1Desc"; Value = "Package Method"; VariantName = "RS422_to_3V3"
Change component parameters (AddParameter): Name = "Parameter2"; Value = "F"; VariantName = "RS422_to_3V3"
Change component parameters (AddParameter): Name = "Parameter2Desc"; Value = "Tolerance Symbol"; VariantName = "RS422_to_3V3"
Change component parameters (AddParameter): Name = "Parameter3"; Value = ""; VariantName = "RS422_to_3V3"
Change component parameters (AddParameter): Name = "Parameter3Desc"; Value = ""; VariantName = "RS422_to_3V3"
Change component parameters (AddParameter): Name = "Supplier1"; Value = "https://de.farnell.com/w/search?qualifizierungsstandard-der-automobilindustrie=aec-q200&range=inc-in-stock&st=erju"; VariantName = "RS422_to_3V3"
Change component parameters (AddParameter): Name = "Value"; Value = "0"; VariantName = "RS422_to_3V3"
Change component parameters: Designator = "R6A"; Footprint = "RESC1608X55X30NL15T15"; UniqueID = "\REEOQYYS\LOSHMCEA\1DEFTBZMN\XQOTLDFB"
Change component parameters. Clean all parameters for all variants
Change component parameters (AddParameter): Name = "ComponentLink1Description"; Value = "Datasheet"; VariantName = "[No Variations]"
Change component parameters (AddParameter): Name = "ComponentLink1URL"; Value = "https://www.mouser.de/datasheet/2/315/AOA0000C334-1314047.pdf"; VariantName = "[No Variations]"
Change component parameters (AddParameter): Name = "Created"; Value = "2019-12-08_Thilo_Wendt"; VariantName = "[No Variations]"
Change component parameters (AddParameter): Name = "HelpURL"; Value = "https://www.mouser.de/datasheet/2/315/AOA0000C334-1314047.pdf"; VariantName = "[No Variations]"
Change component parameters (AddParameter): Name = "MaxVoltage"; Value = "100"; VariantName = "[No Variations]"
Change component parameters (AddParameter): Name = "MF"; Value = "Panasonic"; VariantName = "[No Variations]"
Change component parameters (AddParameter): Name = "MPN"; Value = "ERJS030R00V"; VariantName = "[No Variations]"
Change component parameters (AddParameter): Name = "Package"; Value = "CurrentFootprint"; VariantName = "[No Variations]"
Change component parameters (AddParameter): Name = "Parameter1"; Value = "V"; VariantName = "[No Variations]"
Change component parameters (AddParameter): Name = "Parameter1Desc"; Value = "Package Method"; VariantName = "[No Variations]"
Change component parameters (AddParameter): Name = "Parameter2"; Value = "F"; VariantName = "[No Variations]"
Change component parameters (AddParameter): Name = "Parameter2Desc"; Value = "Tolerance Symbol"; VariantName = "[No Variations]"
Change component parameters (AddParameter): Name = "Parameter3"; Value = ""; VariantName = "[No Variations]"
Change component parameters (AddParameter): Name = "Parameter3Desc"; Value = ""; VariantName = "[No Variations]"
Change component parameters (AddParameter): Name = "Supplier1"; Value = "https://de.farnell.com/w/search?qualifizierungsstandard-der-automobilindustrie=aec-q200&range=inc-in-stock&st=erju"; VariantName = "[No Variations]"
Change component parameters (AddParameter): Name = "Value"; Value = "0"; VariantName = "[No Variations]"
Change component parameters (AddParameter): Name = "ComponentLink1Description"; Value = "Datasheet"; VariantName = "3V3_to_15V"
Change component parameters (AddParameter): Name = "ComponentLink1URL"; Value = "https://www.mouser.de/datasheet/2/315/AOA0000C334-1314047.pdf"; VariantName = "3V3_to_15V"
Change component parameters (AddParameter): Name = "Created"; Value = "2019-12-08_Thilo_Wendt"; VariantName = "3V3_to_15V"
Change component parameters (AddParameter): Name = "HelpURL"; Value = "https://www.mouser.de/datasheet/2/315/AOA0000C334-1314047.pdf"; VariantName = "3V3_to_15V"
Change component parameters (AddParameter): Name = "MaxVoltage"; Value = "100"; VariantName = "3V3_to_15V"
Change component parameters (AddParameter): Name = "MF"; Value = "Panasonic"; VariantName = "3V3_to_15V"
Change component parameters (AddParameter): Name = "MPN"; Value = "ERJS030R00V"; VariantName = "3V3_to_15V"
Change component parameters (AddParameter): Name = "Package"; Value = "CurrentFootprint"; VariantName = "3V3_to_15V"
Change component parameters (AddParameter): Name = "Parameter1"; Value = "V"; VariantName = "3V3_to_15V"
Change component parameters (AddParameter): Name = "Parameter1Desc"; Value = "Package Method"; VariantName = "3V3_to_15V"
Change component parameters (AddParameter): Name = "Parameter2"; Value = "F"; VariantName = "3V3_to_15V"
Change component parameters (AddParameter): Name = "Parameter2Desc"; Value = "Tolerance Symbol"; VariantName = "3V3_to_15V"
Change component parameters (AddParameter): Name = "Parameter3"; Value = ""; VariantName = "3V3_to_15V"
Change component parameters (AddParameter): Name = "Parameter3Desc"; Value = ""; VariantName = "3V3_to_15V"
Change component parameters (AddParameter): Name = "Supplier1"; Value = "https://de.farnell.com/w/search?qualifizierungsstandard-der-automobilindustrie=aec-q200&range=inc-in-stock&st=erju"; VariantName = "3V3_to_15V"
Change component parameters (AddParameter): Name = "Value"; Value = "0"; VariantName = "3V3_to_15V"
Change component parameters (AddParameter): Name = "ComponentLink1Description"; Value = "Datasheet"; VariantName = "3V3_to_RS422"
Change component parameters (AddParameter): Name = "ComponentLink1URL"; Value = "https://www.mouser.de/datasheet/2/315/AOA0000C334-1314047.pdf"; VariantName = "3V3_to_RS422"
Change component parameters (AddParameter): Name = "Created"; Value = "2019-12-08_Thilo_Wendt"; VariantName = "3V3_to_RS422"
Change component parameters (AddParameter): Name = "HelpURL"; Value = "https://www.mouser.de/datasheet/2/315/AOA0000C334-1314047.pdf"; VariantName = "3V3_to_RS422"
Change component parameters (AddParameter): Name = "MaxVoltage"; Value = "100"; VariantName = "3V3_to_RS422"
Change component parameters (AddParameter): Name = "MF"; Value = "Panasonic"; VariantName = "3V3_to_RS422"
Change component parameters (AddParameter): Name = "MPN"; Value = "ERJS030R00V"; VariantName = "3V3_to_RS422"
Change component parameters (AddParameter): Name = "Package"; Value = "CurrentFootprint"; VariantName = "3V3_to_RS422"
Change component parameters (AddParameter): Name = "Parameter1"; Value = "V"; VariantName = "3V3_to_RS422"
Change component parameters (AddParameter): Name = "Parameter1Desc"; Value = "Package Method"; VariantName = "3V3_to_RS422"
Change component parameters (AddParameter): Name = "Parameter2"; Value = "F"; VariantName = "3V3_to_RS422"
Change component parameters (AddParameter): Name = "Parameter2Desc"; Value = "Tolerance Symbol"; VariantName = "3V3_to_RS422"
Change component parameters (AddParameter): Name = "Parameter3"; Value = ""; VariantName = "3V3_to_RS422"
Change component parameters (AddParameter): Name = "Parameter3Desc"; Value = ""; VariantName = "3V3_to_RS422"
Change component parameters (AddParameter): Name = "Supplier1"; Value = "https://de.farnell.com/w/search?qualifizierungsstandard-der-automobilindustrie=aec-q200&range=inc-in-stock&st=erju"; VariantName = "3V3_to_RS422"
Change component parameters (AddParameter): Name = "Value"; Value = "0"; VariantName = "3V3_to_RS422"
Change component parameters (AddParameter): Name = "ComponentLink1Description"; Value = "Datasheet"; VariantName = "RS422_to_3V3"
Change component parameters (AddParameter): Name = "ComponentLink1URL"; Value = "https://www.mouser.de/datasheet/2/315/AOA0000C334-1314047.pdf"; VariantName = "RS422_to_3V3"
Change component parameters (AddParameter): Name = "Created"; Value = "2019-12-08_Thilo_Wendt"; VariantName = "RS422_to_3V3"
Change component parameters (AddParameter): Name = "HelpURL"; Value = "https://www.mouser.de/datasheet/2/315/AOA0000C334-1314047.pdf"; VariantName = "RS422_to_3V3"
Change component parameters (AddParameter): Name = "MaxVoltage"; Value = "100"; VariantName = "RS422_to_3V3"
Change component parameters (AddParameter): Name = "MF"; Value = "Panasonic"; VariantName = "RS422_to_3V3"
Change component parameters (AddParameter): Name = "MPN"; Value = "ERJS030R00V"; VariantName = "RS422_to_3V3"
Change component parameters (AddParameter): Name = "Package"; Value = "CurrentFootprint"; VariantName = "RS422_to_3V3"
Change component parameters (AddParameter): Name = "Parameter1"; Value = "V"; VariantName = "RS422_to_3V3"
Change component parameters (AddParameter): Name = "Parameter1Desc"; Value = "Package Method"; VariantName = "RS422_to_3V3"
Change component parameters (AddParameter): Name = "Parameter2"; Value = "F"; VariantName = "RS422_to_3V3"
Change component parameters (AddParameter): Name = "Parameter2Desc"; Value = "Tolerance Symbol"; VariantName = "RS422_to_3V3"
Change component parameters (AddParameter): Name = "Parameter3"; Value = ""; VariantName = "RS422_to_3V3"
Change component parameters (AddParameter): Name = "Parameter3Desc"; Value = ""; VariantName = "RS422_to_3V3"
Change component parameters (AddParameter): Name = "Supplier1"; Value = "https://de.farnell.com/w/search?qualifizierungsstandard-der-automobilindustrie=aec-q200&range=inc-in-stock&st=erju"; VariantName = "RS422_to_3V3"
Change component parameters (AddParameter): Name = "Value"; Value = "0"; VariantName = "RS422_to_3V3"
Change component parameters: Designator = "R6B"; Footprint = "RESC1608X55X30NL15T15"; UniqueID = "\REEOQYYS\LOSHMCEA\2DEFTBZMN\XQOTLDFB"
Change component parameters. Clean all parameters for all variants
Change component parameters (AddParameter): Name = "ComponentLink1Description"; Value = "Datasheet"; VariantName = "[No Variations]"
Change component parameters (AddParameter): Name = "ComponentLink1URL"; Value = "https://www.mouser.de/datasheet/2/315/AOA0000C334-1314047.pdf"; VariantName = "[No Variations]"
Change component parameters (AddParameter): Name = "Created"; Value = "2019-12-08_Thilo_Wendt"; VariantName = "[No Variations]"
Change component parameters (AddParameter): Name = "HelpURL"; Value = "https://www.mouser.de/datasheet/2/315/AOA0000C334-1314047.pdf"; VariantName = "[No Variations]"
Change component parameters (AddParameter): Name = "MaxVoltage"; Value = "100"; VariantName = "[No Variations]"
Change component parameters (AddParameter): Name = "MF"; Value = "Panasonic"; VariantName = "[No Variations]"
Change component parameters (AddParameter): Name = "MPN"; Value = "ERJS030R00V"; VariantName = "[No Variations]"
Change component parameters (AddParameter): Name = "Package"; Value = "CurrentFootprint"; VariantName = "[No Variations]"
Change component parameters (AddParameter): Name = "Parameter1"; Value = "V"; VariantName = "[No Variations]"
Change component parameters (AddParameter): Name = "Parameter1Desc"; Value = "Package Method"; VariantName = "[No Variations]"
Change component parameters (AddParameter): Name = "Parameter2"; Value = "F"; VariantName = "[No Variations]"
Change component parameters (AddParameter): Name = "Parameter2Desc"; Value = "Tolerance Symbol"; VariantName = "[No Variations]"
Change component parameters (AddParameter): Name = "Parameter3"; Value = ""; VariantName = "[No Variations]"
Change component parameters (AddParameter): Name = "Parameter3Desc"; Value = ""; VariantName = "[No Variations]"
Change component parameters (AddParameter): Name = "Supplier1"; Value = "https://de.farnell.com/w/search?qualifizierungsstandard-der-automobilindustrie=aec-q200&range=inc-in-stock&st=erju"; VariantName = "[No Variations]"
Change component parameters (AddParameter): Name = "Value"; Value = "0"; VariantName = "[No Variations]"
Change component parameters (AddParameter): Name = "ComponentLink1Description"; Value = "Datasheet"; VariantName = "3V3_to_15V"
Change component parameters (AddParameter): Name = "ComponentLink1URL"; Value = "https://www.mouser.de/datasheet/2/315/AOA0000C334-1314047.pdf"; VariantName = "3V3_to_15V"
Change component parameters (AddParameter): Name = "Created"; Value = "2019-12-08_Thilo_Wendt"; VariantName = "3V3_to_15V"
Change component parameters (AddParameter): Name = "HelpURL"; Value = "https://www.mouser.de/datasheet/2/315/AOA0000C334-1314047.pdf"; VariantName = "3V3_to_15V"
Change component parameters (AddParameter): Name = "MaxVoltage"; Value = "100"; VariantName = "3V3_to_15V"
Change component parameters (AddParameter): Name = "MF"; Value = "Panasonic"; VariantName = "3V3_to_15V"
Change component parameters (AddParameter): Name = "MPN"; Value = "ERJS030R00V"; VariantName = "3V3_to_15V"
Change component parameters (AddParameter): Name = "Package"; Value = "CurrentFootprint"; VariantName = "3V3_to_15V"
Change component parameters (AddParameter): Name = "Parameter1"; Value = "V"; VariantName = "3V3_to_15V"
Change component parameters (AddParameter): Name = "Parameter1Desc"; Value = "Package Method"; VariantName = "3V3_to_15V"
Change component parameters (AddParameter): Name = "Parameter2"; Value = "F"; VariantName = "3V3_to_15V"
Change component parameters (AddParameter): Name = "Parameter2Desc"; Value = "Tolerance Symbol"; VariantName = "3V3_to_15V"
Change component parameters (AddParameter): Name = "Parameter3"; Value = ""; VariantName = "3V3_to_15V"
Change component parameters (AddParameter): Name = "Parameter3Desc"; Value = ""; VariantName = "3V3_to_15V"
Change component parameters (AddParameter): Name = "Supplier1"; Value = "https://de.farnell.com/w/search?qualifizierungsstandard-der-automobilindustrie=aec-q200&range=inc-in-stock&st=erju"; VariantName = "3V3_to_15V"
Change component parameters (AddParameter): Name = "Value"; Value = "0"; VariantName = "3V3_to_15V"
Change component parameters (AddParameter): Name = "ComponentLink1Description"; Value = "Datasheet"; VariantName = "3V3_to_RS422"
Change component parameters (AddParameter): Name = "ComponentLink1URL"; Value = "https://www.mouser.de/datasheet/2/315/AOA0000C334-1314047.pdf"; VariantName = "3V3_to_RS422"
Change component parameters (AddParameter): Name = "Created"; Value = "2019-12-08_Thilo_Wendt"; VariantName = "3V3_to_RS422"
Change component parameters (AddParameter): Name = "HelpURL"; Value = "https://www.mouser.de/datasheet/2/315/AOA0000C334-1314047.pdf"; VariantName = "3V3_to_RS422"
Change component parameters (AddParameter): Name = "MaxVoltage"; Value = "100"; VariantName = "3V3_to_RS422"
Change component parameters (AddParameter): Name = "MF"; Value = "Panasonic"; VariantName = "3V3_to_RS422"
Change component parameters (AddParameter): Name = "MPN"; Value = "ERJS030R00V"; VariantName = "3V3_to_RS422"
Change component parameters (AddParameter): Name = "Package"; Value = "CurrentFootprint"; VariantName = "3V3_to_RS422"
Change component parameters (AddParameter): Name = "Parameter1"; Value = "V"; VariantName = "3V3_to_RS422"
Change component parameters (AddParameter): Name = "Parameter1Desc"; Value = "Package Method"; VariantName = "3V3_to_RS422"
Change component parameters (AddParameter): Name = "Parameter2"; Value = "F"; VariantName = "3V3_to_RS422"
Change component parameters (AddParameter): Name = "Parameter2Desc"; Value = "Tolerance Symbol"; VariantName = "3V3_to_RS422"
Change component parameters (AddParameter): Name = "Parameter3"; Value = ""; VariantName = "3V3_to_RS422"
Change component parameters (AddParameter): Name = "Parameter3Desc"; Value = ""; VariantName = "3V3_to_RS422"
Change component parameters (AddParameter): Name = "Supplier1"; Value = "https://de.farnell.com/w/search?qualifizierungsstandard-der-automobilindustrie=aec-q200&range=inc-in-stock&st=erju"; VariantName = "3V3_to_RS422"
Change component parameters (AddParameter): Name = "Value"; Value = "0"; VariantName = "3V3_to_RS422"
Change component parameters (AddParameter): Name = "ComponentLink1Description"; Value = "Datasheet"; VariantName = "RS422_to_3V3"
Change component parameters (AddParameter): Name = "ComponentLink1URL"; Value = "https://www.mouser.de/datasheet/2/315/AOA0000C334-1314047.pdf"; VariantName = "RS422_to_3V3"
Change component parameters (AddParameter): Name = "Created"; Value = "2019-12-08_Thilo_Wendt"; VariantName = "RS422_to_3V3"
Change component parameters (AddParameter): Name = "HelpURL"; Value = "https://www.mouser.de/datasheet/2/315/AOA0000C334-1314047.pdf"; VariantName = "RS422_to_3V3"
Change component parameters (AddParameter): Name = "MaxVoltage"; Value = "100"; VariantName = "RS422_to_3V3"
Change component parameters (AddParameter): Name = "MF"; Value = "Panasonic"; VariantName = "RS422_to_3V3"
Change component parameters (AddParameter): Name = "MPN"; Value = "ERJS030R00V"; VariantName = "RS422_to_3V3"
Change component parameters (AddParameter): Name = "Package"; Value = "CurrentFootprint"; VariantName = "RS422_to_3V3"
Change component parameters (AddParameter): Name = "Parameter1"; Value = "V"; VariantName = "RS422_to_3V3"
Change component parameters (AddParameter): Name = "Parameter1Desc"; Value = "Package Method"; VariantName = "RS422_to_3V3"
Change component parameters (AddParameter): Name = "Parameter2"; Value = "F"; VariantName = "RS422_to_3V3"
Change component parameters (AddParameter): Name = "Parameter2Desc"; Value = "Tolerance Symbol"; VariantName = "RS422_to_3V3"
Change component parameters (AddParameter): Name = "Parameter3"; Value = ""; VariantName = "RS422_to_3V3"
Change component parameters (AddParameter): Name = "Parameter3Desc"; Value = ""; VariantName = "RS422_to_3V3"
Change component parameters (AddParameter): Name = "Supplier1"; Value = "https://de.farnell.com/w/search?qualifizierungsstandard-der-automobilindustrie=aec-q200&range=inc-in-stock&st=erju"; VariantName = "RS422_to_3V3"
Change component parameters (AddParameter): Name = "Value"; Value = "0"; VariantName = "RS422_to_3V3"
Change component parameters: Designator = "R6C"; Footprint = "RESC1608X55X30NL15T15"; UniqueID = "\REEOQYYS\LOSHMCEA\3DEFTBZMN\XQOTLDFB"
Change component parameters. Clean all parameters for all variants
Change component parameters (AddParameter): Name = "ComponentLink1Description"; Value = "Datasheet"; VariantName = "[No Variations]"
Change component parameters (AddParameter): Name = "ComponentLink1URL"; Value = "https://www.mouser.de/datasheet/2/315/AOA0000C334-1314047.pdf"; VariantName = "[No Variations]"
Change component parameters (AddParameter): Name = "Created"; Value = "2019-12-08_Thilo_Wendt"; VariantName = "[No Variations]"
Change component parameters (AddParameter): Name = "HelpURL"; Value = "https://www.mouser.de/datasheet/2/315/AOA0000C334-1314047.pdf"; VariantName = "[No Variations]"
Change component parameters (AddParameter): Name = "MaxVoltage"; Value = "100"; VariantName = "[No Variations]"
Change component parameters (AddParameter): Name = "MF"; Value = "Panasonic"; VariantName = "[No Variations]"
Change component parameters (AddParameter): Name = "MPN"; Value = "ERJS030R00V"; VariantName = "[No Variations]"
Change component parameters (AddParameter): Name = "Package"; Value = "CurrentFootprint"; VariantName = "[No Variations]"
Change component parameters (AddParameter): Name = "Parameter1"; Value = "V"; VariantName = "[No Variations]"
Change component parameters (AddParameter): Name = "Parameter1Desc"; Value = "Package Method"; VariantName = "[No Variations]"
Change component parameters (AddParameter): Name = "Parameter2"; Value = "F"; VariantName = "[No Variations]"
Change component parameters (AddParameter): Name = "Parameter2Desc"; Value = "Tolerance Symbol"; VariantName = "[No Variations]"
Change component parameters (AddParameter): Name = "Parameter3"; Value = ""; VariantName = "[No Variations]"
Change component parameters (AddParameter): Name = "Parameter3Desc"; Value = ""; VariantName = "[No Variations]"
Change component parameters (AddParameter): Name = "Supplier1"; Value = "https://de.farnell.com/w/search?qualifizierungsstandard-der-automobilindustrie=aec-q200&range=inc-in-stock&st=erju"; VariantName = "[No Variations]"
Change component parameters (AddParameter): Name = "Value"; Value = "0"; VariantName = "[No Variations]"
Change component parameters (AddParameter): Name = "ComponentLink1Description"; Value = "Datasheet"; VariantName = "3V3_to_15V"
Change component parameters (AddParameter): Name = "ComponentLink1URL"; Value = "https://www.mouser.de/datasheet/2/315/AOA0000C334-1314047.pdf"; VariantName = "3V3_to_15V"
Change component parameters (AddParameter): Name = "Created"; Value = "2019-12-08_Thilo_Wendt"; VariantName = "3V3_to_15V"
Change component parameters (AddParameter): Name = "HelpURL"; Value = "https://www.mouser.de/datasheet/2/315/AOA0000C334-1314047.pdf"; VariantName = "3V3_to_15V"
Change component parameters (AddParameter): Name = "MaxVoltage"; Value = "100"; VariantName = "3V3_to_15V"
Change component parameters (AddParameter): Name = "MF"; Value = "Panasonic"; VariantName = "3V3_to_15V"
Change component parameters (AddParameter): Name = "MPN"; Value = "ERJS030R00V"; VariantName = "3V3_to_15V"
Change component parameters (AddParameter): Name = "Package"; Value = "CurrentFootprint"; VariantName = "3V3_to_15V"
Change component parameters (AddParameter): Name = "Parameter1"; Value = "V"; VariantName = "3V3_to_15V"
Change component parameters (AddParameter): Name = "Parameter1Desc"; Value = "Package Method"; VariantName = "3V3_to_15V"
Change component parameters (AddParameter): Name = "Parameter2"; Value = "F"; VariantName = "3V3_to_15V"
Change component parameters (AddParameter): Name = "Parameter2Desc"; Value = "Tolerance Symbol"; VariantName = "3V3_to_15V"
Change component parameters (AddParameter): Name = "Parameter3"; Value = ""; VariantName = "3V3_to_15V"
Change component parameters (AddParameter): Name = "Parameter3Desc"; Value = ""; VariantName = "3V3_to_15V"
Change component parameters (AddParameter): Name = "Supplier1"; Value = "https://de.farnell.com/w/search?qualifizierungsstandard-der-automobilindustrie=aec-q200&range=inc-in-stock&st=erju"; VariantName = "3V3_to_15V"
Change component parameters (AddParameter): Name = "Value"; Value = "0"; VariantName = "3V3_to_15V"
Change component parameters (AddParameter): Name = "ComponentLink1Description"; Value = "Datasheet"; VariantName = "3V3_to_RS422"
Change component parameters (AddParameter): Name = "ComponentLink1URL"; Value = "https://www.mouser.de/datasheet/2/315/AOA0000C334-1314047.pdf"; VariantName = "3V3_to_RS422"
Change component parameters (AddParameter): Name = "Created"; Value = "2019-12-08_Thilo_Wendt"; VariantName = "3V3_to_RS422"
Change component parameters (AddParameter): Name = "HelpURL"; Value = "https://www.mouser.de/datasheet/2/315/AOA0000C334-1314047.pdf"; VariantName = "3V3_to_RS422"
Change component parameters (AddParameter): Name = "MaxVoltage"; Value = "100"; VariantName = "3V3_to_RS422"
Change component parameters (AddParameter): Name = "MF"; Value = "Panasonic"; VariantName = "3V3_to_RS422"
Change component parameters (AddParameter): Name = "MPN"; Value = "ERJS030R00V"; VariantName = "3V3_to_RS422"
Change component parameters (AddParameter): Name = "Package"; Value = "CurrentFootprint"; VariantName = "3V3_to_RS422"
Change component parameters (AddParameter): Name = "Parameter1"; Value = "V"; VariantName = "3V3_to_RS422"
Change component parameters (AddParameter): Name = "Parameter1Desc"; Value = "Package Method"; VariantName = "3V3_to_RS422"
Change component parameters (AddParameter): Name = "Parameter2"; Value = "F"; VariantName = "3V3_to_RS422"
Change component parameters (AddParameter): Name = "Parameter2Desc"; Value = "Tolerance Symbol"; VariantName = "3V3_to_RS422"
Change component parameters (AddParameter): Name = "Parameter3"; Value = ""; VariantName = "3V3_to_RS422"
Change component parameters (AddParameter): Name = "Parameter3Desc"; Value = ""; VariantName = "3V3_to_RS422"
Change component parameters (AddParameter): Name = "Supplier1"; Value = "https://de.farnell.com/w/search?qualifizierungsstandard-der-automobilindustrie=aec-q200&range=inc-in-stock&st=erju"; VariantName = "3V3_to_RS422"
Change component parameters (AddParameter): Name = "Value"; Value = "0"; VariantName = "3V3_to_RS422"
Change component parameters (AddParameter): Name = "ComponentLink1Description"; Value = "Datasheet"; VariantName = "RS422_to_3V3"
Change component parameters (AddParameter): Name = "ComponentLink1URL"; Value = "https://www.mouser.de/datasheet/2/315/AOA0000C334-1314047.pdf"; VariantName = "RS422_to_3V3"
Change component parameters (AddParameter): Name = "Created"; Value = "2019-12-08_Thilo_Wendt"; VariantName = "RS422_to_3V3"
Change component parameters (AddParameter): Name = "HelpURL"; Value = "https://www.mouser.de/datasheet/2/315/AOA0000C334-1314047.pdf"; VariantName = "RS422_to_3V3"
Change component parameters (AddParameter): Name = "MaxVoltage"; Value = "100"; VariantName = "RS422_to_3V3"
Change component parameters (AddParameter): Name = "MF"; Value = "Panasonic"; VariantName = "RS422_to_3V3"
Change component parameters (AddParameter): Name = "MPN"; Value = "ERJS030R00V"; VariantName = "RS422_to_3V3"
Change component parameters (AddParameter): Name = "Package"; Value = "CurrentFootprint"; VariantName = "RS422_to_3V3"
Change component parameters (AddParameter): Name = "Parameter1"; Value = "V"; VariantName = "RS422_to_3V3"
Change component parameters (AddParameter): Name = "Parameter1Desc"; Value = "Package Method"; VariantName = "RS422_to_3V3"
Change component parameters (AddParameter): Name = "Parameter2"; Value = "F"; VariantName = "RS422_to_3V3"
Change component parameters (AddParameter): Name = "Parameter2Desc"; Value = "Tolerance Symbol"; VariantName = "RS422_to_3V3"
Change component parameters (AddParameter): Name = "Parameter3"; Value = ""; VariantName = "RS422_to_3V3"
Change component parameters (AddParameter): Name = "Parameter3Desc"; Value = ""; VariantName = "RS422_to_3V3"
Change component parameters (AddParameter): Name = "Supplier1"; Value = "https://de.farnell.com/w/search?qualifizierungsstandard-der-automobilindustrie=aec-q200&range=inc-in-stock&st=erju"; VariantName = "RS422_to_3V3"
Change component parameters (AddParameter): Name = "Value"; Value = "0"; VariantName = "RS422_to_3V3"
Change component parameters: Designator = "R6D"; Footprint = "RESC1608X55X30NL15T15"; UniqueID = "\REEOQYYS\LOSHMCEA\4DEFTBZMN\XQOTLDFB"
Change component parameters. Clean all parameters for all variants
Change component parameters (AddParameter): Name = "ComponentLink1Description"; Value = "Datasheet"; VariantName = "[No Variations]"
Change component parameters (AddParameter): Name = "ComponentLink1URL"; Value = "https://www.mouser.de/datasheet/2/315/AOA0000C334-1314047.pdf"; VariantName = "[No Variations]"
Change component parameters (AddParameter): Name = "Created"; Value = "2019-12-08_Thilo_Wendt"; VariantName = "[No Variations]"
Change component parameters (AddParameter): Name = "HelpURL"; Value = "https://www.mouser.de/datasheet/2/315/AOA0000C334-1314047.pdf"; VariantName = "[No Variations]"
Change component parameters (AddParameter): Name = "MaxVoltage"; Value = "100"; VariantName = "[No Variations]"
Change component parameters (AddParameter): Name = "MF"; Value = "Panasonic"; VariantName = "[No Variations]"
Change component parameters (AddParameter): Name = "MPN"; Value = "ERJS030R00V"; VariantName = "[No Variations]"
Change component parameters (AddParameter): Name = "Package"; Value = "CurrentFootprint"; VariantName = "[No Variations]"
Change component parameters (AddParameter): Name = "Parameter1"; Value = "V"; VariantName = "[No Variations]"
Change component parameters (AddParameter): Name = "Parameter1Desc"; Value = "Package Method"; VariantName = "[No Variations]"
Change component parameters (AddParameter): Name = "Parameter2"; Value = "F"; VariantName = "[No Variations]"
Change component parameters (AddParameter): Name = "Parameter2Desc"; Value = "Tolerance Symbol"; VariantName = "[No Variations]"
Change component parameters (AddParameter): Name = "Parameter3"; Value = ""; VariantName = "[No Variations]"
Change component parameters (AddParameter): Name = "Parameter3Desc"; Value = ""; VariantName = "[No Variations]"
Change component parameters (AddParameter): Name = "Supplier1"; Value = "https://de.farnell.com/w/search?qualifizierungsstandard-der-automobilindustrie=aec-q200&range=inc-in-stock&st=erju"; VariantName = "[No Variations]"
Change component parameters (AddParameter): Name = "Value"; Value = "0"; VariantName = "[No Variations]"
Change component parameters (AddParameter): Name = "ComponentLink1Description"; Value = "Datasheet"; VariantName = "3V3_to_15V"
Change component parameters (AddParameter): Name = "ComponentLink1URL"; Value = "https://www.mouser.de/datasheet/2/315/AOA0000C334-1314047.pdf"; VariantName = "3V3_to_15V"
Change component parameters (AddParameter): Name = "Created"; Value = "2019-12-08_Thilo_Wendt"; VariantName = "3V3_to_15V"
Change component parameters (AddParameter): Name = "HelpURL"; Value = "https://www.mouser.de/datasheet/2/315/AOA0000C334-1314047.pdf"; VariantName = "3V3_to_15V"
Change component parameters (AddParameter): Name = "MaxVoltage"; Value = "100"; VariantName = "3V3_to_15V"
Change component parameters (AddParameter): Name = "MF"; Value = "Panasonic"; VariantName = "3V3_to_15V"
Change component parameters (AddParameter): Name = "MPN"; Value = "ERJS030R00V"; VariantName = "3V3_to_15V"
Change component parameters (AddParameter): Name = "Package"; Value = "CurrentFootprint"; VariantName = "3V3_to_15V"
Change component parameters (AddParameter): Name = "Parameter1"; Value = "V"; VariantName = "3V3_to_15V"
Change component parameters (AddParameter): Name = "Parameter1Desc"; Value = "Package Method"; VariantName = "3V3_to_15V"
Change component parameters (AddParameter): Name = "Parameter2"; Value = "F"; VariantName = "3V3_to_15V"
Change component parameters (AddParameter): Name = "Parameter2Desc"; Value = "Tolerance Symbol"; VariantName = "3V3_to_15V"
Change component parameters (AddParameter): Name = "Parameter3"; Value = ""; VariantName = "3V3_to_15V"
Change component parameters (AddParameter): Name = "Parameter3Desc"; Value = ""; VariantName = "3V3_to_15V"
Change component parameters (AddParameter): Name = "Supplier1"; Value = "https://de.farnell.com/w/search?qualifizierungsstandard-der-automobilindustrie=aec-q200&range=inc-in-stock&st=erju"; VariantName = "3V3_to_15V"
Change component parameters (AddParameter): Name = "Value"; Value = "0"; VariantName = "3V3_to_15V"
Change component parameters (AddParameter): Name = "ComponentLink1Description"; Value = "Datasheet"; VariantName = "3V3_to_RS422"
Change component parameters (AddParameter): Name = "ComponentLink1URL"; Value = "https://www.mouser.de/datasheet/2/315/AOA0000C334-1314047.pdf"; VariantName = "3V3_to_RS422"
Change component parameters (AddParameter): Name = "Created"; Value = "2019-12-08_Thilo_Wendt"; VariantName = "3V3_to_RS422"
Change component parameters (AddParameter): Name = "HelpURL"; Value = "https://www.mouser.de/datasheet/2/315/AOA0000C334-1314047.pdf"; VariantName = "3V3_to_RS422"
Change component parameters (AddParameter): Name = "MaxVoltage"; Value = "100"; VariantName = "3V3_to_RS422"
Change component parameters (AddParameter): Name = "MF"; Value = "Panasonic"; VariantName = "3V3_to_RS422"
Change component parameters (AddParameter): Name = "MPN"; Value = "ERJS030R00V"; VariantName = "3V3_to_RS422"
Change component parameters (AddParameter): Name = "Package"; Value = "CurrentFootprint"; VariantName = "3V3_to_RS422"
Change component parameters (AddParameter): Name = "Parameter1"; Value = "V"; VariantName = "3V3_to_RS422"
Change component parameters (AddParameter): Name = "Parameter1Desc"; Value = "Package Method"; VariantName = "3V3_to_RS422"
Change component parameters (AddParameter): Name = "Parameter2"; Value = "F"; VariantName = "3V3_to_RS422"
Change component parameters (AddParameter): Name = "Parameter2Desc"; Value = "Tolerance Symbol"; VariantName = "3V3_to_RS422"
Change component parameters (AddParameter): Name = "Parameter3"; Value = ""; VariantName = "3V3_to_RS422"
Change component parameters (AddParameter): Name = "Parameter3Desc"; Value = ""; VariantName = "3V3_to_RS422"
Change component parameters (AddParameter): Name = "Supplier1"; Value = "https://de.farnell.com/w/search?qualifizierungsstandard-der-automobilindustrie=aec-q200&range=inc-in-stock&st=erju"; VariantName = "3V3_to_RS422"
Change component parameters (AddParameter): Name = "Value"; Value = "0"; VariantName = "3V3_to_RS422"
Change component parameters (AddParameter): Name = "ComponentLink1Description"; Value = "Datasheet"; VariantName = "RS422_to_3V3"
Change component parameters (AddParameter): Name = "ComponentLink1URL"; Value = "https://www.mouser.de/datasheet/2/315/AOA0000C334-1314047.pdf"; VariantName = "RS422_to_3V3"
Change component parameters (AddParameter): Name = "Created"; Value = "2019-12-08_Thilo_Wendt"; VariantName = "RS422_to_3V3"
Change component parameters (AddParameter): Name = "HelpURL"; Value = "https://www.mouser.de/datasheet/2/315/AOA0000C334-1314047.pdf"; VariantName = "RS422_to_3V3"
Change component parameters (AddParameter): Name = "MaxVoltage"; Value = "100"; VariantName = "RS422_to_3V3"
Change component parameters (AddParameter): Name = "MF"; Value = "Panasonic"; VariantName = "RS422_to_3V3"
Change component parameters (AddParameter): Name = "MPN"; Value = "ERJS030R00V"; VariantName = "RS422_to_3V3"
Change component parameters (AddParameter): Name = "Package"; Value = "CurrentFootprint"; VariantName = "RS422_to_3V3"
Change component parameters (AddParameter): Name = "Parameter1"; Value = "V"; VariantName = "RS422_to_3V3"
Change component parameters (AddParameter): Name = "Parameter1Desc"; Value = "Package Method"; VariantName = "RS422_to_3V3"
Change component parameters (AddParameter): Name = "Parameter2"; Value = "F"; VariantName = "RS422_to_3V3"
Change component parameters (AddParameter): Name = "Parameter2Desc"; Value = "Tolerance Symbol"; VariantName = "RS422_to_3V3"
Change component parameters (AddParameter): Name = "Parameter3"; Value = ""; VariantName = "RS422_to_3V3"
Change component parameters (AddParameter): Name = "Parameter3Desc"; Value = ""; VariantName = "RS422_to_3V3"
Change component parameters (AddParameter): Name = "Supplier1"; Value = "https://de.farnell.com/w/search?qualifizierungsstandard-der-automobilindustrie=aec-q200&range=inc-in-stock&st=erju"; VariantName = "RS422_to_3V3"
Change component parameters (AddParameter): Name = "Value"; Value = "0"; VariantName = "RS422_to_3V3"
Change component parameters: Designator = "R6E"; Footprint = "RESC1608X55X30NL15T15"; UniqueID = "\REEOQYYS\LOSHMCEA\5DEFTBZMN\XQOTLDFB"
Change component parameters. Clean all parameters for all variants
Change component parameters (AddParameter): Name = "ComponentLink1Description"; Value = "Datasheet"; VariantName = "[No Variations]"
Change component parameters (AddParameter): Name = "ComponentLink1URL"; Value = "https://www.mouser.de/datasheet/2/315/AOA0000C334-1314047.pdf"; VariantName = "[No Variations]"
Change component parameters (AddParameter): Name = "Created"; Value = "2019-12-08_Thilo_Wendt"; VariantName = "[No Variations]"
Change component parameters (AddParameter): Name = "HelpURL"; Value = "https://www.mouser.de/datasheet/2/315/AOA0000C334-1314047.pdf"; VariantName = "[No Variations]"
Change component parameters (AddParameter): Name = "MaxVoltage"; Value = "100"; VariantName = "[No Variations]"
Change component parameters (AddParameter): Name = "MF"; Value = "Panasonic"; VariantName = "[No Variations]"
Change component parameters (AddParameter): Name = "MPN"; Value = "ERJS030R00V"; VariantName = "[No Variations]"
Change component parameters (AddParameter): Name = "Package"; Value = "CurrentFootprint"; VariantName = "[No Variations]"
Change component parameters (AddParameter): Name = "Parameter1"; Value = "V"; VariantName = "[No Variations]"
Change component parameters (AddParameter): Name = "Parameter1Desc"; Value = "Package Method"; VariantName = "[No Variations]"
Change component parameters (AddParameter): Name = "Parameter2"; Value = "F"; VariantName = "[No Variations]"
Change component parameters (AddParameter): Name = "Parameter2Desc"; Value = "Tolerance Symbol"; VariantName = "[No Variations]"
Change component parameters (AddParameter): Name = "Parameter3"; Value = ""; VariantName = "[No Variations]"
Change component parameters (AddParameter): Name = "Parameter3Desc"; Value = ""; VariantName = "[No Variations]"
Change component parameters (AddParameter): Name = "Supplier1"; Value = "https://de.farnell.com/w/search?qualifizierungsstandard-der-automobilindustrie=aec-q200&range=inc-in-stock&st=erju"; VariantName = "[No Variations]"
Change component parameters (AddParameter): Name = "Value"; Value = "0"; VariantName = "[No Variations]"
Change component parameters (AddParameter): Name = "ComponentLink1Description"; Value = "Datasheet"; VariantName = "3V3_to_15V"
Change component parameters (AddParameter): Name = "ComponentLink1URL"; Value = "https://www.mouser.de/datasheet/2/315/AOA0000C334-1314047.pdf"; VariantName = "3V3_to_15V"
Change component parameters (AddParameter): Name = "Created"; Value = "2019-12-08_Thilo_Wendt"; VariantName = "3V3_to_15V"
Change component parameters (AddParameter): Name = "HelpURL"; Value = "https://www.mouser.de/datasheet/2/315/AOA0000C334-1314047.pdf"; VariantName = "3V3_to_15V"
Change component parameters (AddParameter): Name = "MaxVoltage"; Value = "100"; VariantName = "3V3_to_15V"
Change component parameters (AddParameter): Name = "MF"; Value = "Panasonic"; VariantName = "3V3_to_15V"
Change component parameters (AddParameter): Name = "MPN"; Value = "ERJS030R00V"; VariantName = "3V3_to_15V"
Change component parameters (AddParameter): Name = "Package"; Value = "CurrentFootprint"; VariantName = "3V3_to_15V"
Change component parameters (AddParameter): Name = "Parameter1"; Value = "V"; VariantName = "3V3_to_15V"
Change component parameters (AddParameter): Name = "Parameter1Desc"; Value = "Package Method"; VariantName = "3V3_to_15V"
Change component parameters (AddParameter): Name = "Parameter2"; Value = "F"; VariantName = "3V3_to_15V"
Change component parameters (AddParameter): Name = "Parameter2Desc"; Value = "Tolerance Symbol"; VariantName = "3V3_to_15V"
Change component parameters (AddParameter): Name = "Parameter3"; Value = ""; VariantName = "3V3_to_15V"
Change component parameters (AddParameter): Name = "Parameter3Desc"; Value = ""; VariantName = "3V3_to_15V"
Change component parameters (AddParameter): Name = "Supplier1"; Value = "https://de.farnell.com/w/search?qualifizierungsstandard-der-automobilindustrie=aec-q200&range=inc-in-stock&st=erju"; VariantName = "3V3_to_15V"
Change component parameters (AddParameter): Name = "Value"; Value = "0"; VariantName = "3V3_to_15V"
Change component parameters (AddParameter): Name = "ComponentLink1Description"; Value = "Datasheet"; VariantName = "3V3_to_RS422"
Change component parameters (AddParameter): Name = "ComponentLink1URL"; Value = "https://www.mouser.de/datasheet/2/315/AOA0000C334-1314047.pdf"; VariantName = "3V3_to_RS422"
Change component parameters (AddParameter): Name = "Created"; Value = "2019-12-08_Thilo_Wendt"; VariantName = "3V3_to_RS422"
Change component parameters (AddParameter): Name = "HelpURL"; Value = "https://www.mouser.de/datasheet/2/315/AOA0000C334-1314047.pdf"; VariantName = "3V3_to_RS422"
Change component parameters (AddParameter): Name = "MaxVoltage"; Value = "100"; VariantName = "3V3_to_RS422"
Change component parameters (AddParameter): Name = "MF"; Value = "Panasonic"; VariantName = "3V3_to_RS422"
Change component parameters (AddParameter): Name = "MPN"; Value = "ERJS030R00V"; VariantName = "3V3_to_RS422"
Change component parameters (AddParameter): Name = "Package"; Value = "CurrentFootprint"; VariantName = "3V3_to_RS422"
Change component parameters (AddParameter): Name = "Parameter1"; Value = "V"; VariantName = "3V3_to_RS422"
Change component parameters (AddParameter): Name = "Parameter1Desc"; Value = "Package Method"; VariantName = "3V3_to_RS422"
Change component parameters (AddParameter): Name = "Parameter2"; Value = "F"; VariantName = "3V3_to_RS422"
Change component parameters (AddParameter): Name = "Parameter2Desc"; Value = "Tolerance Symbol"; VariantName = "3V3_to_RS422"
Change component parameters (AddParameter): Name = "Parameter3"; Value = ""; VariantName = "3V3_to_RS422"
Change component parameters (AddParameter): Name = "Parameter3Desc"; Value = ""; VariantName = "3V3_to_RS422"
Change component parameters (AddParameter): Name = "Supplier1"; Value = "https://de.farnell.com/w/search?qualifizierungsstandard-der-automobilindustrie=aec-q200&range=inc-in-stock&st=erju"; VariantName = "3V3_to_RS422"
Change component parameters (AddParameter): Name = "Value"; Value = "0"; VariantName = "3V3_to_RS422"
Change component parameters (AddParameter): Name = "ComponentLink1Description"; Value = "Datasheet"; VariantName = "RS422_to_3V3"
Change component parameters (AddParameter): Name = "ComponentLink1URL"; Value = "https://www.mouser.de/datasheet/2/315/AOA0000C334-1314047.pdf"; VariantName = "RS422_to_3V3"
Change component parameters (AddParameter): Name = "Created"; Value = "2019-12-08_Thilo_Wendt"; VariantName = "RS422_to_3V3"
Change component parameters (AddParameter): Name = "HelpURL"; Value = "https://www.mouser.de/datasheet/2/315/AOA0000C334-1314047.pdf"; VariantName = "RS422_to_3V3"
Change component parameters (AddParameter): Name = "MaxVoltage"; Value = "100"; VariantName = "RS422_to_3V3"
Change component parameters (AddParameter): Name = "MF"; Value = "Panasonic"; VariantName = "RS422_to_3V3"
Change component parameters (AddParameter): Name = "MPN"; Value = "ERJS030R00V"; VariantName = "RS422_to_3V3"
Change component parameters (AddParameter): Name = "Package"; Value = "CurrentFootprint"; VariantName = "RS422_to_3V3"
Change component parameters (AddParameter): Name = "Parameter1"; Value = "V"; VariantName = "RS422_to_3V3"
Change component parameters (AddParameter): Name = "Parameter1Desc"; Value = "Package Method"; VariantName = "RS422_to_3V3"
Change component parameters (AddParameter): Name = "Parameter2"; Value = "F"; VariantName = "RS422_to_3V3"
Change component parameters (AddParameter): Name = "Parameter2Desc"; Value = "Tolerance Symbol"; VariantName = "RS422_to_3V3"
Change component parameters (AddParameter): Name = "Parameter3"; Value = ""; VariantName = "RS422_to_3V3"
Change component parameters (AddParameter): Name = "Parameter3Desc"; Value = ""; VariantName = "RS422_to_3V3"
Change component parameters (AddParameter): Name = "Supplier1"; Value = "https://de.farnell.com/w/search?qualifizierungsstandard-der-automobilindustrie=aec-q200&range=inc-in-stock&st=erju"; VariantName = "RS422_to_3V3"
Change component parameters (AddParameter): Name = "Value"; Value = "0"; VariantName = "RS422_to_3V3"
Change component parameters: Designator = "R7A"; Footprint = "RESC1608X55X30NL15T15"; UniqueID = "\REEOQYYS\LOSHMCEA\1DEFTBZMN\HPIPXNJK"
Change component parameters. Clean all parameters for all variants
Change component parameters (AddParameter): Name = "ComponentLink1Description"; Value = "Datasheet"; VariantName = "[No Variations]"
Change component parameters (AddParameter): Name = "ComponentLink1URL"; Value = "https://www.mouser.de/datasheet/2/315/AOA0000C334-1314047.pdf"; VariantName = "[No Variations]"
Change component parameters (AddParameter): Name = "Created"; Value = "2019-12-08_Thilo_Wendt"; VariantName = "[No Variations]"
Change component parameters (AddParameter): Name = "HelpURL"; Value = "https://www.mouser.de/datasheet/2/315/AOA0000C334-1314047.pdf"; VariantName = "[No Variations]"
Change component parameters (AddParameter): Name = "MaxVoltage"; Value = "100"; VariantName = "[No Variations]"
Change component parameters (AddParameter): Name = "MF"; Value = "Panasonic"; VariantName = "[No Variations]"
Change component parameters (AddParameter): Name = "MPN"; Value = "ERJS030R00V"; VariantName = "[No Variations]"
Change component parameters (AddParameter): Name = "Package"; Value = "CurrentFootprint"; VariantName = "[No Variations]"
Change component parameters (AddParameter): Name = "Parameter1"; Value = "V"; VariantName = "[No Variations]"
Change component parameters (AddParameter): Name = "Parameter1Desc"; Value = "Package Method"; VariantName = "[No Variations]"
Change component parameters (AddParameter): Name = "Parameter2"; Value = "F"; VariantName = "[No Variations]"
Change component parameters (AddParameter): Name = "Parameter2Desc"; Value = "Tolerance Symbol"; VariantName = "[No Variations]"
Change component parameters (AddParameter): Name = "Parameter3"; Value = ""; VariantName = "[No Variations]"
Change component parameters (AddParameter): Name = "Parameter3Desc"; Value = ""; VariantName = "[No Variations]"
Change component parameters (AddParameter): Name = "Supplier1"; Value = "https://de.farnell.com/w/search?qualifizierungsstandard-der-automobilindustrie=aec-q200&range=inc-in-stock&st=erju"; VariantName = "[No Variations]"
Change component parameters (AddParameter): Name = "Value"; Value = "0"; VariantName = "[No Variations]"
Change component parameters (AddParameter): Name = "ComponentLink1Description"; Value = "Datasheet"; VariantName = "3V3_to_15V"
Change component parameters (AddParameter): Name = "ComponentLink1URL"; Value = "https://www.mouser.de/datasheet/2/315/AOA0000C334-1314047.pdf"; VariantName = "3V3_to_15V"
Change component parameters (AddParameter): Name = "Created"; Value = "2019-12-08_Thilo_Wendt"; VariantName = "3V3_to_15V"
Change component parameters (AddParameter): Name = "HelpURL"; Value = "https://www.mouser.de/datasheet/2/315/AOA0000C334-1314047.pdf"; VariantName = "3V3_to_15V"
Change component parameters (AddParameter): Name = "MaxVoltage"; Value = "100"; VariantName = "3V3_to_15V"
Change component parameters (AddParameter): Name = "MF"; Value = "Panasonic"; VariantName = "3V3_to_15V"
Change component parameters (AddParameter): Name = "MPN"; Value = "ERJS030R00V"; VariantName = "3V3_to_15V"
Change component parameters (AddParameter): Name = "Package"; Value = "CurrentFootprint"; VariantName = "3V3_to_15V"
Change component parameters (AddParameter): Name = "Parameter1"; Value = "V"; VariantName = "3V3_to_15V"
Change component parameters (AddParameter): Name = "Parameter1Desc"; Value = "Package Method"; VariantName = "3V3_to_15V"
Change component parameters (AddParameter): Name = "Parameter2"; Value = "F"; VariantName = "3V3_to_15V"
Change component parameters (AddParameter): Name = "Parameter2Desc"; Value = "Tolerance Symbol"; VariantName = "3V3_to_15V"
Change component parameters (AddParameter): Name = "Parameter3"; Value = ""; VariantName = "3V3_to_15V"
Change component parameters (AddParameter): Name = "Parameter3Desc"; Value = ""; VariantName = "3V3_to_15V"
Change component parameters (AddParameter): Name = "Supplier1"; Value = "https://de.farnell.com/w/search?qualifizierungsstandard-der-automobilindustrie=aec-q200&range=inc-in-stock&st=erju"; VariantName = "3V3_to_15V"
Change component parameters (AddParameter): Name = "Value"; Value = "0"; VariantName = "3V3_to_15V"
Change component parameters (AddParameter): Name = "ComponentLink1Description"; Value = "Datasheet"; VariantName = "3V3_to_RS422"
Change component parameters (AddParameter): Name = "ComponentLink1URL"; Value = "https://www.mouser.de/datasheet/2/315/AOA0000C334-1314047.pdf"; VariantName = "3V3_to_RS422"
Change component parameters (AddParameter): Name = "Created"; Value = "2019-12-08_Thilo_Wendt"; VariantName = "3V3_to_RS422"
Change component parameters (AddParameter): Name = "HelpURL"; Value = "https://www.mouser.de/datasheet/2/315/AOA0000C334-1314047.pdf"; VariantName = "3V3_to_RS422"
Change component parameters (AddParameter): Name = "MaxVoltage"; Value = "100"; VariantName = "3V3_to_RS422"
Change component parameters (AddParameter): Name = "MF"; Value = "Panasonic"; VariantName = "3V3_to_RS422"
Change component parameters (AddParameter): Name = "MPN"; Value = "ERJS030R00V"; VariantName = "3V3_to_RS422"
Change component parameters (AddParameter): Name = "Package"; Value = "CurrentFootprint"; VariantName = "3V3_to_RS422"
Change component parameters (AddParameter): Name = "Parameter1"; Value = "V"; VariantName = "3V3_to_RS422"
Change component parameters (AddParameter): Name = "Parameter1Desc"; Value = "Package Method"; VariantName = "3V3_to_RS422"
Change component parameters (AddParameter): Name = "Parameter2"; Value = "F"; VariantName = "3V3_to_RS422"
Change component parameters (AddParameter): Name = "Parameter2Desc"; Value = "Tolerance Symbol"; VariantName = "3V3_to_RS422"
Change component parameters (AddParameter): Name = "Parameter3"; Value = ""; VariantName = "3V3_to_RS422"
Change component parameters (AddParameter): Name = "Parameter3Desc"; Value = ""; VariantName = "3V3_to_RS422"
Change component parameters (AddParameter): Name = "Supplier1"; Value = "https://de.farnell.com/w/search?qualifizierungsstandard-der-automobilindustrie=aec-q200&range=inc-in-stock&st=erju"; VariantName = "3V3_to_RS422"
Change component parameters (AddParameter): Name = "Value"; Value = "0"; VariantName = "3V3_to_RS422"
Change component parameters (AddParameter): Name = "ComponentLink1Description"; Value = "Datasheet"; VariantName = "RS422_to_3V3"
Change component parameters (AddParameter): Name = "ComponentLink1URL"; Value = "https://www.mouser.de/datasheet/2/315/AOA0000C334-1314047.pdf"; VariantName = "RS422_to_3V3"
Change component parameters (AddParameter): Name = "Created"; Value = "2019-12-08_Thilo_Wendt"; VariantName = "RS422_to_3V3"
Change component parameters (AddParameter): Name = "HelpURL"; Value = "https://www.mouser.de/datasheet/2/315/AOA0000C334-1314047.pdf"; VariantName = "RS422_to_3V3"
Change component parameters (AddParameter): Name = "MaxVoltage"; Value = "100"; VariantName = "RS422_to_3V3"
Change component parameters (AddParameter): Name = "MF"; Value = "Panasonic"; VariantName = "RS422_to_3V3"
Change component parameters (AddParameter): Name = "MPN"; Value = "ERJS030R00V"; VariantName = "RS422_to_3V3"
Change component parameters (AddParameter): Name = "Package"; Value = "CurrentFootprint"; VariantName = "RS422_to_3V3"
Change component parameters (AddParameter): Name = "Parameter1"; Value = "V"; VariantName = "RS422_to_3V3"
Change component parameters (AddParameter): Name = "Parameter1Desc"; Value = "Package Method"; VariantName = "RS422_to_3V3"
Change component parameters (AddParameter): Name = "Parameter2"; Value = "F"; VariantName = "RS422_to_3V3"
Change component parameters (AddParameter): Name = "Parameter2Desc"; Value = "Tolerance Symbol"; VariantName = "RS422_to_3V3"
Change component parameters (AddParameter): Name = "Parameter3"; Value = ""; VariantName = "RS422_to_3V3"
Change component parameters (AddParameter): Name = "Parameter3Desc"; Value = ""; VariantName = "RS422_to_3V3"
Change component parameters (AddParameter): Name = "Supplier1"; Value = "https://de.farnell.com/w/search?qualifizierungsstandard-der-automobilindustrie=aec-q200&range=inc-in-stock&st=erju"; VariantName = "RS422_to_3V3"
Change component parameters (AddParameter): Name = "Value"; Value = "0"; VariantName = "RS422_to_3V3"
Change component parameters: Designator = "R7B"; Footprint = "RESC1608X55X30NL15T15"; UniqueID = "\REEOQYYS\LOSHMCEA\2DEFTBZMN\HPIPXNJK"
Change component parameters. Clean all parameters for all variants
Change component parameters (AddParameter): Name = "ComponentLink1Description"; Value = "Datasheet"; VariantName = "[No Variations]"
Change component parameters (AddParameter): Name = "ComponentLink1URL"; Value = "https://www.mouser.de/datasheet/2/315/AOA0000C334-1314047.pdf"; VariantName = "[No Variations]"
Change component parameters (AddParameter): Name = "Created"; Value = "2019-12-08_Thilo_Wendt"; VariantName = "[No Variations]"
Change component parameters (AddParameter): Name = "HelpURL"; Value = "https://www.mouser.de/datasheet/2/315/AOA0000C334-1314047.pdf"; VariantName = "[No Variations]"
Change component parameters (AddParameter): Name = "MaxVoltage"; Value = "100"; VariantName = "[No Variations]"
Change component parameters (AddParameter): Name = "MF"; Value = "Panasonic"; VariantName = "[No Variations]"
Change component parameters (AddParameter): Name = "MPN"; Value = "ERJS030R00V"; VariantName = "[No Variations]"
Change component parameters (AddParameter): Name = "Package"; Value = "CurrentFootprint"; VariantName = "[No Variations]"
Change component parameters (AddParameter): Name = "Parameter1"; Value = "V"; VariantName = "[No Variations]"
Change component parameters (AddParameter): Name = "Parameter1Desc"; Value = "Package Method"; VariantName = "[No Variations]"
Change component parameters (AddParameter): Name = "Parameter2"; Value = "F"; VariantName = "[No Variations]"
Change component parameters (AddParameter): Name = "Parameter2Desc"; Value = "Tolerance Symbol"; VariantName = "[No Variations]"
Change component parameters (AddParameter): Name = "Parameter3"; Value = ""; VariantName = "[No Variations]"
Change component parameters (AddParameter): Name = "Parameter3Desc"; Value = ""; VariantName = "[No Variations]"
Change component parameters (AddParameter): Name = "Supplier1"; Value = "https://de.farnell.com/w/search?qualifizierungsstandard-der-automobilindustrie=aec-q200&range=inc-in-stock&st=erju"; VariantName = "[No Variations]"
Change component parameters (AddParameter): Name = "Value"; Value = "0"; VariantName = "[No Variations]"
Change component parameters (AddParameter): Name = "ComponentLink1Description"; Value = "Datasheet"; VariantName = "3V3_to_15V"
Change component parameters (AddParameter): Name = "ComponentLink1URL"; Value = "https://www.mouser.de/datasheet/2/315/AOA0000C334-1314047.pdf"; VariantName = "3V3_to_15V"
Change component parameters (AddParameter): Name = "Created"; Value = "2019-12-08_Thilo_Wendt"; VariantName = "3V3_to_15V"
Change component parameters (AddParameter): Name = "HelpURL"; Value = "https://www.mouser.de/datasheet/2/315/AOA0000C334-1314047.pdf"; VariantName = "3V3_to_15V"
Change component parameters (AddParameter): Name = "MaxVoltage"; Value = "100"; VariantName = "3V3_to_15V"
Change component parameters (AddParameter): Name = "MF"; Value = "Panasonic"; VariantName = "3V3_to_15V"
Change component parameters (AddParameter): Name = "MPN"; Value = "ERJS030R00V"; VariantName = "3V3_to_15V"
Change component parameters (AddParameter): Name = "Package"; Value = "CurrentFootprint"; VariantName = "3V3_to_15V"
Change component parameters (AddParameter): Name = "Parameter1"; Value = "V"; VariantName = "3V3_to_15V"
Change component parameters (AddParameter): Name = "Parameter1Desc"; Value = "Package Method"; VariantName = "3V3_to_15V"
Change component parameters (AddParameter): Name = "Parameter2"; Value = "F"; VariantName = "3V3_to_15V"
Change component parameters (AddParameter): Name = "Parameter2Desc"; Value = "Tolerance Symbol"; VariantName = "3V3_to_15V"
Change component parameters (AddParameter): Name = "Parameter3"; Value = ""; VariantName = "3V3_to_15V"
Change component parameters (AddParameter): Name = "Parameter3Desc"; Value = ""; VariantName = "3V3_to_15V"
Change component parameters (AddParameter): Name = "Supplier1"; Value = "https://de.farnell.com/w/search?qualifizierungsstandard-der-automobilindustrie=aec-q200&range=inc-in-stock&st=erju"; VariantName = "3V3_to_15V"
Change component parameters (AddParameter): Name = "Value"; Value = "0"; VariantName = "3V3_to_15V"
Change component parameters (AddParameter): Name = "ComponentLink1Description"; Value = "Datasheet"; VariantName = "3V3_to_RS422"
Change component parameters (AddParameter): Name = "ComponentLink1URL"; Value = "https://www.mouser.de/datasheet/2/315/AOA0000C334-1314047.pdf"; VariantName = "3V3_to_RS422"
Change component parameters (AddParameter): Name = "Created"; Value = "2019-12-08_Thilo_Wendt"; VariantName = "3V3_to_RS422"
Change component parameters (AddParameter): Name = "HelpURL"; Value = "https://www.mouser.de/datasheet/2/315/AOA0000C334-1314047.pdf"; VariantName = "3V3_to_RS422"
Change component parameters (AddParameter): Name = "MaxVoltage"; Value = "100"; VariantName = "3V3_to_RS422"
Change component parameters (AddParameter): Name = "MF"; Value = "Panasonic"; VariantName = "3V3_to_RS422"
Change component parameters (AddParameter): Name = "MPN"; Value = "ERJS030R00V"; VariantName = "3V3_to_RS422"
Change component parameters (AddParameter): Name = "Package"; Value = "CurrentFootprint"; VariantName = "3V3_to_RS422"
Change component parameters (AddParameter): Name = "Parameter1"; Value = "V"; VariantName = "3V3_to_RS422"
Change component parameters (AddParameter): Name = "Parameter1Desc"; Value = "Package Method"; VariantName = "3V3_to_RS422"
Change component parameters (AddParameter): Name = "Parameter2"; Value = "F"; VariantName = "3V3_to_RS422"
Change component parameters (AddParameter): Name = "Parameter2Desc"; Value = "Tolerance Symbol"; VariantName = "3V3_to_RS422"
Change component parameters (AddParameter): Name = "Parameter3"; Value = ""; VariantName = "3V3_to_RS422"
Change component parameters (AddParameter): Name = "Parameter3Desc"; Value = ""; VariantName = "3V3_to_RS422"
Change component parameters (AddParameter): Name = "Supplier1"; Value = "https://de.farnell.com/w/search?qualifizierungsstandard-der-automobilindustrie=aec-q200&range=inc-in-stock&st=erju"; VariantName = "3V3_to_RS422"
Change component parameters (AddParameter): Name = "Value"; Value = "0"; VariantName = "3V3_to_RS422"
Change component parameters (AddParameter): Name = "ComponentLink1Description"; Value = "Datasheet"; VariantName = "RS422_to_3V3"
Change component parameters (AddParameter): Name = "ComponentLink1URL"; Value = "https://www.mouser.de/datasheet/2/315/AOA0000C334-1314047.pdf"; VariantName = "RS422_to_3V3"
Change component parameters (AddParameter): Name = "Created"; Value = "2019-12-08_Thilo_Wendt"; VariantName = "RS422_to_3V3"
Change component parameters (AddParameter): Name = "HelpURL"; Value = "https://www.mouser.de/datasheet/2/315/AOA0000C334-1314047.pdf"; VariantName = "RS422_to_3V3"
Change component parameters (AddParameter): Name = "MaxVoltage"; Value = "100"; VariantName = "RS422_to_3V3"
Change component parameters (AddParameter): Name = "MF"; Value = "Panasonic"; VariantName = "RS422_to_3V3"
Change component parameters (AddParameter): Name = "MPN"; Value = "ERJS030R00V"; VariantName = "RS422_to_3V3"
Change component parameters (AddParameter): Name = "Package"; Value = "CurrentFootprint"; VariantName = "RS422_to_3V3"
Change component parameters (AddParameter): Name = "Parameter1"; Value = "V"; VariantName = "RS422_to_3V3"
Change component parameters (AddParameter): Name = "Parameter1Desc"; Value = "Package Method"; VariantName = "RS422_to_3V3"
Change component parameters (AddParameter): Name = "Parameter2"; Value = "F"; VariantName = "RS422_to_3V3"
Change component parameters (AddParameter): Name = "Parameter2Desc"; Value = "Tolerance Symbol"; VariantName = "RS422_to_3V3"
Change component parameters (AddParameter): Name = "Parameter3"; Value = ""; VariantName = "RS422_to_3V3"
Change component parameters (AddParameter): Name = "Parameter3Desc"; Value = ""; VariantName = "RS422_to_3V3"
Change component parameters (AddParameter): Name = "Supplier1"; Value = "https://de.farnell.com/w/search?qualifizierungsstandard-der-automobilindustrie=aec-q200&range=inc-in-stock&st=erju"; VariantName = "RS422_to_3V3"
Change component parameters (AddParameter): Name = "Value"; Value = "0"; VariantName = "RS422_to_3V3"
Change component parameters: Designator = "R7C"; Footprint = "RESC1608X55X30NL15T15"; UniqueID = "\REEOQYYS\LOSHMCEA\3DEFTBZMN\HPIPXNJK"
Change component parameters. Clean all parameters for all variants
Change component parameters (AddParameter): Name = "ComponentLink1Description"; Value = "Datasheet"; VariantName = "[No Variations]"
Change component parameters (AddParameter): Name = "ComponentLink1URL"; Value = "https://www.mouser.de/datasheet/2/315/AOA0000C334-1314047.pdf"; VariantName = "[No Variations]"
Change component parameters (AddParameter): Name = "Created"; Value = "2019-12-08_Thilo_Wendt"; VariantName = "[No Variations]"
Change component parameters (AddParameter): Name = "HelpURL"; Value = "https://www.mouser.de/datasheet/2/315/AOA0000C334-1314047.pdf"; VariantName = "[No Variations]"
Change component parameters (AddParameter): Name = "MaxVoltage"; Value = "100"; VariantName = "[No Variations]"
Change component parameters (AddParameter): Name = "MF"; Value = "Panasonic"; VariantName = "[No Variations]"
Change component parameters (AddParameter): Name = "MPN"; Value = "ERJS030R00V"; VariantName = "[No Variations]"
Change component parameters (AddParameter): Name = "Package"; Value = "CurrentFootprint"; VariantName = "[No Variations]"
Change component parameters (AddParameter): Name = "Parameter1"; Value = "V"; VariantName = "[No Variations]"
Change component parameters (AddParameter): Name = "Parameter1Desc"; Value = "Package Method"; VariantName = "[No Variations]"
Change component parameters (AddParameter): Name = "Parameter2"; Value = "F"; VariantName = "[No Variations]"
Change component parameters (AddParameter): Name = "Parameter2Desc"; Value = "Tolerance Symbol"; VariantName = "[No Variations]"
Change component parameters (AddParameter): Name = "Parameter3"; Value = ""; VariantName = "[No Variations]"
Change component parameters (AddParameter): Name = "Parameter3Desc"; Value = ""; VariantName = "[No Variations]"
Change component parameters (AddParameter): Name = "Supplier1"; Value = "https://de.farnell.com/w/search?qualifizierungsstandard-der-automobilindustrie=aec-q200&range=inc-in-stock&st=erju"; VariantName = "[No Variations]"
Change component parameters (AddParameter): Name = "Value"; Value = "0"; VariantName = "[No Variations]"
Change component parameters (AddParameter): Name = "ComponentLink1Description"; Value = "Datasheet"; VariantName = "3V3_to_15V"
Change component parameters (AddParameter): Name = "ComponentLink1URL"; Value = "https://www.mouser.de/datasheet/2/315/AOA0000C334-1314047.pdf"; VariantName = "3V3_to_15V"
Change component parameters (AddParameter): Name = "Created"; Value = "2019-12-08_Thilo_Wendt"; VariantName = "3V3_to_15V"
Change component parameters (AddParameter): Name = "HelpURL"; Value = "https://www.mouser.de/datasheet/2/315/AOA0000C334-1314047.pdf"; VariantName = "3V3_to_15V"
Change component parameters (AddParameter): Name = "MaxVoltage"; Value = "100"; VariantName = "3V3_to_15V"
Change component parameters (AddParameter): Name = "MF"; Value = "Panasonic"; VariantName = "3V3_to_15V"
Change component parameters (AddParameter): Name = "MPN"; Value = "ERJS030R00V"; VariantName = "3V3_to_15V"
Change component parameters (AddParameter): Name = "Package"; Value = "CurrentFootprint"; VariantName = "3V3_to_15V"
Change component parameters (AddParameter): Name = "Parameter1"; Value = "V"; VariantName = "3V3_to_15V"
Change component parameters (AddParameter): Name = "Parameter1Desc"; Value = "Package Method"; VariantName = "3V3_to_15V"
Change component parameters (AddParameter): Name = "Parameter2"; Value = "F"; VariantName = "3V3_to_15V"
Change component parameters (AddParameter): Name = "Parameter2Desc"; Value = "Tolerance Symbol"; VariantName = "3V3_to_15V"
Change component parameters (AddParameter): Name = "Parameter3"; Value = ""; VariantName = "3V3_to_15V"
Change component parameters (AddParameter): Name = "Parameter3Desc"; Value = ""; VariantName = "3V3_to_15V"
Change component parameters (AddParameter): Name = "Supplier1"; Value = "https://de.farnell.com/w/search?qualifizierungsstandard-der-automobilindustrie=aec-q200&range=inc-in-stock&st=erju"; VariantName = "3V3_to_15V"
Change component parameters (AddParameter): Name = "Value"; Value = "0"; VariantName = "3V3_to_15V"
Change component parameters (AddParameter): Name = "ComponentLink1Description"; Value = "Datasheet"; VariantName = "3V3_to_RS422"
Change component parameters (AddParameter): Name = "ComponentLink1URL"; Value = "https://www.mouser.de/datasheet/2/315/AOA0000C334-1314047.pdf"; VariantName = "3V3_to_RS422"
Change component parameters (AddParameter): Name = "Created"; Value = "2019-12-08_Thilo_Wendt"; VariantName = "3V3_to_RS422"
Change component parameters (AddParameter): Name = "HelpURL"; Value = "https://www.mouser.de/datasheet/2/315/AOA0000C334-1314047.pdf"; VariantName = "3V3_to_RS422"
Change component parameters (AddParameter): Name = "MaxVoltage"; Value = "100"; VariantName = "3V3_to_RS422"
Change component parameters (AddParameter): Name = "MF"; Value = "Panasonic"; VariantName = "3V3_to_RS422"
Change component parameters (AddParameter): Name = "MPN"; Value = "ERJS030R00V"; VariantName = "3V3_to_RS422"
Change component parameters (AddParameter): Name = "Package"; Value = "CurrentFootprint"; VariantName = "3V3_to_RS422"
Change component parameters (AddParameter): Name = "Parameter1"; Value = "V"; VariantName = "3V3_to_RS422"
Change component parameters (AddParameter): Name = "Parameter1Desc"; Value = "Package Method"; VariantName = "3V3_to_RS422"
Change component parameters (AddParameter): Name = "Parameter2"; Value = "F"; VariantName = "3V3_to_RS422"
Change component parameters (AddParameter): Name = "Parameter2Desc"; Value = "Tolerance Symbol"; VariantName = "3V3_to_RS422"
Change component parameters (AddParameter): Name = "Parameter3"; Value = ""; VariantName = "3V3_to_RS422"
Change component parameters (AddParameter): Name = "Parameter3Desc"; Value = ""; VariantName = "3V3_to_RS422"
Change component parameters (AddParameter): Name = "Supplier1"; Value = "https://de.farnell.com/w/search?qualifizierungsstandard-der-automobilindustrie=aec-q200&range=inc-in-stock&st=erju"; VariantName = "3V3_to_RS422"
Change component parameters (AddParameter): Name = "Value"; Value = "0"; VariantName = "3V3_to_RS422"
Change component parameters (AddParameter): Name = "ComponentLink1Description"; Value = "Datasheet"; VariantName = "RS422_to_3V3"
Change component parameters (AddParameter): Name = "ComponentLink1URL"; Value = "https://www.mouser.de/datasheet/2/315/AOA0000C334-1314047.pdf"; VariantName = "RS422_to_3V3"
Change component parameters (AddParameter): Name = "Created"; Value = "2019-12-08_Thilo_Wendt"; VariantName = "RS422_to_3V3"
Change component parameters (AddParameter): Name = "HelpURL"; Value = "https://www.mouser.de/datasheet/2/315/AOA0000C334-1314047.pdf"; VariantName = "RS422_to_3V3"
Change component parameters (AddParameter): Name = "MaxVoltage"; Value = "100"; VariantName = "RS422_to_3V3"
Change component parameters (AddParameter): Name = "MF"; Value = "Panasonic"; VariantName = "RS422_to_3V3"
Change component parameters (AddParameter): Name = "MPN"; Value = "ERJS030R00V"; VariantName = "RS422_to_3V3"
Change component parameters (AddParameter): Name = "Package"; Value = "CurrentFootprint"; VariantName = "RS422_to_3V3"
Change component parameters (AddParameter): Name = "Parameter1"; Value = "V"; VariantName = "RS422_to_3V3"
Change component parameters (AddParameter): Name = "Parameter1Desc"; Value = "Package Method"; VariantName = "RS422_to_3V3"
Change component parameters (AddParameter): Name = "Parameter2"; Value = "F"; VariantName = "RS422_to_3V3"
Change component parameters (AddParameter): Name = "Parameter2Desc"; Value = "Tolerance Symbol"; VariantName = "RS422_to_3V3"
Change component parameters (AddParameter): Name = "Parameter3"; Value = ""; VariantName = "RS422_to_3V3"
Change component parameters (AddParameter): Name = "Parameter3Desc"; Value = ""; VariantName = "RS422_to_3V3"
Change component parameters (AddParameter): Name = "Supplier1"; Value = "https://de.farnell.com/w/search?qualifizierungsstandard-der-automobilindustrie=aec-q200&range=inc-in-stock&st=erju"; VariantName = "RS422_to_3V3"
Change component parameters (AddParameter): Name = "Value"; Value = "0"; VariantName = "RS422_to_3V3"
Change component parameters: Designator = "R7D"; Footprint = "RESC1608X55X30NL15T15"; UniqueID = "\REEOQYYS\LOSHMCEA\4DEFTBZMN\HPIPXNJK"
Change component parameters. Clean all parameters for all variants
Change component parameters (AddParameter): Name = "ComponentLink1Description"; Value = "Datasheet"; VariantName = "[No Variations]"
Change component parameters (AddParameter): Name = "ComponentLink1URL"; Value = "https://www.mouser.de/datasheet/2/315/AOA0000C334-1314047.pdf"; VariantName = "[No Variations]"
Change component parameters (AddParameter): Name = "Created"; Value = "2019-12-08_Thilo_Wendt"; VariantName = "[No Variations]"
Change component parameters (AddParameter): Name = "HelpURL"; Value = "https://www.mouser.de/datasheet/2/315/AOA0000C334-1314047.pdf"; VariantName = "[No Variations]"
Change component parameters (AddParameter): Name = "MaxVoltage"; Value = "100"; VariantName = "[No Variations]"
Change component parameters (AddParameter): Name = "MF"; Value = "Panasonic"; VariantName = "[No Variations]"
Change component parameters (AddParameter): Name = "MPN"; Value = "ERJS030R00V"; VariantName = "[No Variations]"
Change component parameters (AddParameter): Name = "Package"; Value = "CurrentFootprint"; VariantName = "[No Variations]"
Change component parameters (AddParameter): Name = "Parameter1"; Value = "V"; VariantName = "[No Variations]"
Change component parameters (AddParameter): Name = "Parameter1Desc"; Value = "Package Method"; VariantName = "[No Variations]"
Change component parameters (AddParameter): Name = "Parameter2"; Value = "F"; VariantName = "[No Variations]"
Change component parameters (AddParameter): Name = "Parameter2Desc"; Value = "Tolerance Symbol"; VariantName = "[No Variations]"
Change component parameters (AddParameter): Name = "Parameter3"; Value = ""; VariantName = "[No Variations]"
Change component parameters (AddParameter): Name = "Parameter3Desc"; Value = ""; VariantName = "[No Variations]"
Change component parameters (AddParameter): Name = "Supplier1"; Value = "https://de.farnell.com/w/search?qualifizierungsstandard-der-automobilindustrie=aec-q200&range=inc-in-stock&st=erju"; VariantName = "[No Variations]"
Change component parameters (AddParameter): Name = "Value"; Value = "0"; VariantName = "[No Variations]"
Change component parameters (AddParameter): Name = "ComponentLink1Description"; Value = "Datasheet"; VariantName = "3V3_to_15V"
Change component parameters (AddParameter): Name = "ComponentLink1URL"; Value = "https://www.mouser.de/datasheet/2/315/AOA0000C334-1314047.pdf"; VariantName = "3V3_to_15V"
Change component parameters (AddParameter): Name = "Created"; Value = "2019-12-08_Thilo_Wendt"; VariantName = "3V3_to_15V"
Change component parameters (AddParameter): Name = "HelpURL"; Value = "https://www.mouser.de/datasheet/2/315/AOA0000C334-1314047.pdf"; VariantName = "3V3_to_15V"
Change component parameters (AddParameter): Name = "MaxVoltage"; Value = "100"; VariantName = "3V3_to_15V"
Change component parameters (AddParameter): Name = "MF"; Value = "Panasonic"; VariantName = "3V3_to_15V"
Change component parameters (AddParameter): Name = "MPN"; Value = "ERJS030R00V"; VariantName = "3V3_to_15V"
Change component parameters (AddParameter): Name = "Package"; Value = "CurrentFootprint"; VariantName = "3V3_to_15V"
Change component parameters (AddParameter): Name = "Parameter1"; Value = "V"; VariantName = "3V3_to_15V"
Change component parameters (AddParameter): Name = "Parameter1Desc"; Value = "Package Method"; VariantName = "3V3_to_15V"
Change component parameters (AddParameter): Name = "Parameter2"; Value = "F"; VariantName = "3V3_to_15V"
Change component parameters (AddParameter): Name = "Parameter2Desc"; Value = "Tolerance Symbol"; VariantName = "3V3_to_15V"
Change component parameters (AddParameter): Name = "Parameter3"; Value = ""; VariantName = "3V3_to_15V"
Change component parameters (AddParameter): Name = "Parameter3Desc"; Value = ""; VariantName = "3V3_to_15V"
Change component parameters (AddParameter): Name = "Supplier1"; Value = "https://de.farnell.com/w/search?qualifizierungsstandard-der-automobilindustrie=aec-q200&range=inc-in-stock&st=erju"; VariantName = "3V3_to_15V"
Change component parameters (AddParameter): Name = "Value"; Value = "0"; VariantName = "3V3_to_15V"
Change component parameters (AddParameter): Name = "ComponentLink1Description"; Value = "Datasheet"; VariantName = "3V3_to_RS422"
Change component parameters (AddParameter): Name = "ComponentLink1URL"; Value = "https://www.mouser.de/datasheet/2/315/AOA0000C334-1314047.pdf"; VariantName = "3V3_to_RS422"
Change component parameters (AddParameter): Name = "Created"; Value = "2019-12-08_Thilo_Wendt"; VariantName = "3V3_to_RS422"
Change component parameters (AddParameter): Name = "HelpURL"; Value = "https://www.mouser.de/datasheet/2/315/AOA0000C334-1314047.pdf"; VariantName = "3V3_to_RS422"
Change component parameters (AddParameter): Name = "MaxVoltage"; Value = "100"; VariantName = "3V3_to_RS422"
Change component parameters (AddParameter): Name = "MF"; Value = "Panasonic"; VariantName = "3V3_to_RS422"
Change component parameters (AddParameter): Name = "MPN"; Value = "ERJS030R00V"; VariantName = "3V3_to_RS422"
Change component parameters (AddParameter): Name = "Package"; Value = "CurrentFootprint"; VariantName = "3V3_to_RS422"
Change component parameters (AddParameter): Name = "Parameter1"; Value = "V"; VariantName = "3V3_to_RS422"
Change component parameters (AddParameter): Name = "Parameter1Desc"; Value = "Package Method"; VariantName = "3V3_to_RS422"
Change component parameters (AddParameter): Name = "Parameter2"; Value = "F"; VariantName = "3V3_to_RS422"
Change component parameters (AddParameter): Name = "Parameter2Desc"; Value = "Tolerance Symbol"; VariantName = "3V3_to_RS422"
Change component parameters (AddParameter): Name = "Parameter3"; Value = ""; VariantName = "3V3_to_RS422"
Change component parameters (AddParameter): Name = "Parameter3Desc"; Value = ""; VariantName = "3V3_to_RS422"
Change component parameters (AddParameter): Name = "Supplier1"; Value = "https://de.farnell.com/w/search?qualifizierungsstandard-der-automobilindustrie=aec-q200&range=inc-in-stock&st=erju"; VariantName = "3V3_to_RS422"
Change component parameters (AddParameter): Name = "Value"; Value = "0"; VariantName = "3V3_to_RS422"
Change component parameters (AddParameter): Name = "ComponentLink1Description"; Value = "Datasheet"; VariantName = "RS422_to_3V3"
Change component parameters (AddParameter): Name = "ComponentLink1URL"; Value = "https://www.mouser.de/datasheet/2/315/AOA0000C334-1314047.pdf"; VariantName = "RS422_to_3V3"
Change component parameters (AddParameter): Name = "Created"; Value = "2019-12-08_Thilo_Wendt"; VariantName = "RS422_to_3V3"
Change component parameters (AddParameter): Name = "HelpURL"; Value = "https://www.mouser.de/datasheet/2/315/AOA0000C334-1314047.pdf"; VariantName = "RS422_to_3V3"
Change component parameters (AddParameter): Name = "MaxVoltage"; Value = "100"; VariantName = "RS422_to_3V3"
Change component parameters (AddParameter): Name = "MF"; Value = "Panasonic"; VariantName = "RS422_to_3V3"
Change component parameters (AddParameter): Name = "MPN"; Value = "ERJS030R00V"; VariantName = "RS422_to_3V3"
Change component parameters (AddParameter): Name = "Package"; Value = "CurrentFootprint"; VariantName = "RS422_to_3V3"
Change component parameters (AddParameter): Name = "Parameter1"; Value = "V"; VariantName = "RS422_to_3V3"
Change component parameters (AddParameter): Name = "Parameter1Desc"; Value = "Package Method"; VariantName = "RS422_to_3V3"
Change component parameters (AddParameter): Name = "Parameter2"; Value = "F"; VariantName = "RS422_to_3V3"
Change component parameters (AddParameter): Name = "Parameter2Desc"; Value = "Tolerance Symbol"; VariantName = "RS422_to_3V3"
Change component parameters (AddParameter): Name = "Parameter3"; Value = ""; VariantName = "RS422_to_3V3"
Change component parameters (AddParameter): Name = "Parameter3Desc"; Value = ""; VariantName = "RS422_to_3V3"
Change component parameters (AddParameter): Name = "Supplier1"; Value = "https://de.farnell.com/w/search?qualifizierungsstandard-der-automobilindustrie=aec-q200&range=inc-in-stock&st=erju"; VariantName = "RS422_to_3V3"
Change component parameters (AddParameter): Name = "Value"; Value = "0"; VariantName = "RS422_to_3V3"
Change component parameters: Designator = "R7E"; Footprint = "RESC1608X55X30NL15T15"; UniqueID = "\REEOQYYS\LOSHMCEA\5DEFTBZMN\HPIPXNJK"
Change component parameters. Clean all parameters for all variants
Change component parameters (AddParameter): Name = "ComponentLink1Description"; Value = "Datasheet"; VariantName = "[No Variations]"
Change component parameters (AddParameter): Name = "ComponentLink1URL"; Value = "https://www.mouser.de/datasheet/2/315/AOA0000C334-1314047.pdf"; VariantName = "[No Variations]"
Change component parameters (AddParameter): Name = "Created"; Value = "2019-12-08_Thilo_Wendt"; VariantName = "[No Variations]"
Change component parameters (AddParameter): Name = "HelpURL"; Value = "https://www.mouser.de/datasheet/2/315/AOA0000C334-1314047.pdf"; VariantName = "[No Variations]"
Change component parameters (AddParameter): Name = "MaxVoltage"; Value = "100"; VariantName = "[No Variations]"
Change component parameters (AddParameter): Name = "MF"; Value = "Panasonic"; VariantName = "[No Variations]"
Change component parameters (AddParameter): Name = "MPN"; Value = "ERJS030R00V"; VariantName = "[No Variations]"
Change component parameters (AddParameter): Name = "Package"; Value = "CurrentFootprint"; VariantName = "[No Variations]"
Change component parameters (AddParameter): Name = "Parameter1"; Value = "V"; VariantName = "[No Variations]"
Change component parameters (AddParameter): Name = "Parameter1Desc"; Value = "Package Method"; VariantName = "[No Variations]"
Change component parameters (AddParameter): Name = "Parameter2"; Value = "F"; VariantName = "[No Variations]"
Change component parameters (AddParameter): Name = "Parameter2Desc"; Value = "Tolerance Symbol"; VariantName = "[No Variations]"
Change component parameters (AddParameter): Name = "Parameter3"; Value = ""; VariantName = "[No Variations]"
Change component parameters (AddParameter): Name = "Parameter3Desc"; Value = ""; VariantName = "[No Variations]"
Change component parameters (AddParameter): Name = "Supplier1"; Value = "https://de.farnell.com/w/search?qualifizierungsstandard-der-automobilindustrie=aec-q200&range=inc-in-stock&st=erju"; VariantName = "[No Variations]"
Change component parameters (AddParameter): Name = "Value"; Value = "0"; VariantName = "[No Variations]"
Change component parameters (AddParameter): Name = "ComponentLink1Description"; Value = "Datasheet"; VariantName = "3V3_to_15V"
Change component parameters (AddParameter): Name = "ComponentLink1URL"; Value = "https://www.mouser.de/datasheet/2/315/AOA0000C334-1314047.pdf"; VariantName = "3V3_to_15V"
Change component parameters (AddParameter): Name = "Created"; Value = "2019-12-08_Thilo_Wendt"; VariantName = "3V3_to_15V"
Change component parameters (AddParameter): Name = "HelpURL"; Value = "https://www.mouser.de/datasheet/2/315/AOA0000C334-1314047.pdf"; VariantName = "3V3_to_15V"
Change component parameters (AddParameter): Name = "MaxVoltage"; Value = "100"; VariantName = "3V3_to_15V"
Change component parameters (AddParameter): Name = "MF"; Value = "Panasonic"; VariantName = "3V3_to_15V"
Change component parameters (AddParameter): Name = "MPN"; Value = "ERJS030R00V"; VariantName = "3V3_to_15V"
Change component parameters (AddParameter): Name = "Package"; Value = "CurrentFootprint"; VariantName = "3V3_to_15V"
Change component parameters (AddParameter): Name = "Parameter1"; Value = "V"; VariantName = "3V3_to_15V"
Change component parameters (AddParameter): Name = "Parameter1Desc"; Value = "Package Method"; VariantName = "3V3_to_15V"
Change component parameters (AddParameter): Name = "Parameter2"; Value = "F"; VariantName = "3V3_to_15V"
Change component parameters (AddParameter): Name = "Parameter2Desc"; Value = "Tolerance Symbol"; VariantName = "3V3_to_15V"
Change component parameters (AddParameter): Name = "Parameter3"; Value = ""; VariantName = "3V3_to_15V"
Change component parameters (AddParameter): Name = "Parameter3Desc"; Value = ""; VariantName = "3V3_to_15V"
Change component parameters (AddParameter): Name = "Supplier1"; Value = "https://de.farnell.com/w/search?qualifizierungsstandard-der-automobilindustrie=aec-q200&range=inc-in-stock&st=erju"; VariantName = "3V3_to_15V"
Change component parameters (AddParameter): Name = "Value"; Value = "0"; VariantName = "3V3_to_15V"
Change component parameters (AddParameter): Name = "ComponentLink1Description"; Value = "Datasheet"; VariantName = "3V3_to_RS422"
Change component parameters (AddParameter): Name = "ComponentLink1URL"; Value = "https://www.mouser.de/datasheet/2/315/AOA0000C334-1314047.pdf"; VariantName = "3V3_to_RS422"
Change component parameters (AddParameter): Name = "Created"; Value = "2019-12-08_Thilo_Wendt"; VariantName = "3V3_to_RS422"
Change component parameters (AddParameter): Name = "HelpURL"; Value = "https://www.mouser.de/datasheet/2/315/AOA0000C334-1314047.pdf"; VariantName = "3V3_to_RS422"
Change component parameters (AddParameter): Name = "MaxVoltage"; Value = "100"; VariantName = "3V3_to_RS422"
Change component parameters (AddParameter): Name = "MF"; Value = "Panasonic"; VariantName = "3V3_to_RS422"
Change component parameters (AddParameter): Name = "MPN"; Value = "ERJS030R00V"; VariantName = "3V3_to_RS422"
Change component parameters (AddParameter): Name = "Package"; Value = "CurrentFootprint"; VariantName = "3V3_to_RS422"
Change component parameters (AddParameter): Name = "Parameter1"; Value = "V"; VariantName = "3V3_to_RS422"
Change component parameters (AddParameter): Name = "Parameter1Desc"; Value = "Package Method"; VariantName = "3V3_to_RS422"
Change component parameters (AddParameter): Name = "Parameter2"; Value = "F"; VariantName = "3V3_to_RS422"
Change component parameters (AddParameter): Name = "Parameter2Desc"; Value = "Tolerance Symbol"; VariantName = "3V3_to_RS422"
Change component parameters (AddParameter): Name = "Parameter3"; Value = ""; VariantName = "3V3_to_RS422"
Change component parameters (AddParameter): Name = "Parameter3Desc"; Value = ""; VariantName = "3V3_to_RS422"
Change component parameters (AddParameter): Name = "Supplier1"; Value = "https://de.farnell.com/w/search?qualifizierungsstandard-der-automobilindustrie=aec-q200&range=inc-in-stock&st=erju"; VariantName = "3V3_to_RS422"
Change component parameters (AddParameter): Name = "Value"; Value = "0"; VariantName = "3V3_to_RS422"
Change component parameters (AddParameter): Name = "ComponentLink1Description"; Value = "Datasheet"; VariantName = "RS422_to_3V3"
Change component parameters (AddParameter): Name = "ComponentLink1URL"; Value = "https://www.mouser.de/datasheet/2/315/AOA0000C334-1314047.pdf"; VariantName = "RS422_to_3V3"
Change component parameters (AddParameter): Name = "Created"; Value = "2019-12-08_Thilo_Wendt"; VariantName = "RS422_to_3V3"
Change component parameters (AddParameter): Name = "HelpURL"; Value = "https://www.mouser.de/datasheet/2/315/AOA0000C334-1314047.pdf"; VariantName = "RS422_to_3V3"
Change component parameters (AddParameter): Name = "MaxVoltage"; Value = "100"; VariantName = "RS422_to_3V3"
Change component parameters (AddParameter): Name = "MF"; Value = "Panasonic"; VariantName = "RS422_to_3V3"
Change component parameters (AddParameter): Name = "MPN"; Value = "ERJS030R00V"; VariantName = "RS422_to_3V3"
Change component parameters (AddParameter): Name = "Package"; Value = "CurrentFootprint"; VariantName = "RS422_to_3V3"
Change component parameters (AddParameter): Name = "Parameter1"; Value = "V"; VariantName = "RS422_to_3V3"
Change component parameters (AddParameter): Name = "Parameter1Desc"; Value = "Package Method"; VariantName = "RS422_to_3V3"
Change component parameters (AddParameter): Name = "Parameter2"; Value = "F"; VariantName = "RS422_to_3V3"
Change component parameters (AddParameter): Name = "Parameter2Desc"; Value = "Tolerance Symbol"; VariantName = "RS422_to_3V3"
Change component parameters (AddParameter): Name = "Parameter3"; Value = ""; VariantName = "RS422_to_3V3"
Change component parameters (AddParameter): Name = "Parameter3Desc"; Value = ""; VariantName = "RS422_to_3V3"
Change component parameters (AddParameter): Name = "Supplier1"; Value = "https://de.farnell.com/w/search?qualifizierungsstandard-der-automobilindustrie=aec-q200&range=inc-in-stock&st=erju"; VariantName = "RS422_to_3V3"
Change component parameters (AddParameter): Name = "Value"; Value = "0"; VariantName = "RS422_to_3V3"
Change component parameters: Designator = "R8A"; Footprint = "RESC1608X55X30NL15T15"; UniqueID = "\REEOQYYS\LOSHMCEA\1DEFTBZMN\IBUSNIEJ"
Change component parameters. Clean all parameters for all variants
Change component parameters (AddParameter): Name = "ComponentLink1Description"; Value = "Datasheet"; VariantName = "[No Variations]"
Change component parameters (AddParameter): Name = "ComponentLink1URL"; Value = "https://www.mouser.de/datasheet/2/315/AOA0000C334-1314047.pdf"; VariantName = "[No Variations]"
Change component parameters (AddParameter): Name = "Created"; Value = "2019-12-08_Thilo_Wendt"; VariantName = "[No Variations]"
Change component parameters (AddParameter): Name = "HelpURL"; Value = "https://www.mouser.de/datasheet/2/315/AOA0000C334-1314047.pdf"; VariantName = "[No Variations]"
Change component parameters (AddParameter): Name = "MaxVoltage"; Value = "100"; VariantName = "[No Variations]"
Change component parameters (AddParameter): Name = "MF"; Value = "Panasonic"; VariantName = "[No Variations]"
Change component parameters (AddParameter): Name = "MPN"; Value = "ERJS030R00V"; VariantName = "[No Variations]"
Change component parameters (AddParameter): Name = "Package"; Value = "CurrentFootprint"; VariantName = "[No Variations]"
Change component parameters (AddParameter): Name = "Parameter1"; Value = "V"; VariantName = "[No Variations]"
Change component parameters (AddParameter): Name = "Parameter1Desc"; Value = "Package Method"; VariantName = "[No Variations]"
Change component parameters (AddParameter): Name = "Parameter2"; Value = "F"; VariantName = "[No Variations]"
Change component parameters (AddParameter): Name = "Parameter2Desc"; Value = "Tolerance Symbol"; VariantName = "[No Variations]"
Change component parameters (AddParameter): Name = "Parameter3"; Value = ""; VariantName = "[No Variations]"
Change component parameters (AddParameter): Name = "Parameter3Desc"; Value = ""; VariantName = "[No Variations]"
Change component parameters (AddParameter): Name = "Supplier1"; Value = "https://de.farnell.com/w/search?qualifizierungsstandard-der-automobilindustrie=aec-q200&range=inc-in-stock&st=erju"; VariantName = "[No Variations]"
Change component parameters (AddParameter): Name = "Value"; Value = "0"; VariantName = "[No Variations]"
Change component parameters (AddParameter): Name = "ComponentLink1Description"; Value = "Datasheet"; VariantName = "3V3_to_15V"
Change component parameters (AddParameter): Name = "ComponentLink1URL"; Value = "https://www.mouser.de/datasheet/2/315/AOA0000C334-1314047.pdf"; VariantName = "3V3_to_15V"
Change component parameters (AddParameter): Name = "Created"; Value = "2019-12-08_Thilo_Wendt"; VariantName = "3V3_to_15V"
Change component parameters (AddParameter): Name = "HelpURL"; Value = "https://www.mouser.de/datasheet/2/315/AOA0000C334-1314047.pdf"; VariantName = "3V3_to_15V"
Change component parameters (AddParameter): Name = "MaxVoltage"; Value = "100"; VariantName = "3V3_to_15V"
Change component parameters (AddParameter): Name = "MF"; Value = "Panasonic"; VariantName = "3V3_to_15V"
Change component parameters (AddParameter): Name = "MPN"; Value = "ERJS030R00V"; VariantName = "3V3_to_15V"
Change component parameters (AddParameter): Name = "Package"; Value = "CurrentFootprint"; VariantName = "3V3_to_15V"
Change component parameters (AddParameter): Name = "Parameter1"; Value = "V"; VariantName = "3V3_to_15V"
Change component parameters (AddParameter): Name = "Parameter1Desc"; Value = "Package Method"; VariantName = "3V3_to_15V"
Change component parameters (AddParameter): Name = "Parameter2"; Value = "F"; VariantName = "3V3_to_15V"
Change component parameters (AddParameter): Name = "Parameter2Desc"; Value = "Tolerance Symbol"; VariantName = "3V3_to_15V"
Change component parameters (AddParameter): Name = "Parameter3"; Value = ""; VariantName = "3V3_to_15V"
Change component parameters (AddParameter): Name = "Parameter3Desc"; Value = ""; VariantName = "3V3_to_15V"
Change component parameters (AddParameter): Name = "Supplier1"; Value = "https://de.farnell.com/w/search?qualifizierungsstandard-der-automobilindustrie=aec-q200&range=inc-in-stock&st=erju"; VariantName = "3V3_to_15V"
Change component parameters (AddParameter): Name = "Value"; Value = "0"; VariantName = "3V3_to_15V"
Change component parameters (AddParameter): Name = "ComponentLink1Description"; Value = "Datasheet"; VariantName = "3V3_to_RS422"
Change component parameters (AddParameter): Name = "ComponentLink1URL"; Value = "https://www.mouser.de/datasheet/2/315/AOA0000C334-1314047.pdf"; VariantName = "3V3_to_RS422"
Change component parameters (AddParameter): Name = "Created"; Value = "2019-12-08_Thilo_Wendt"; VariantName = "3V3_to_RS422"
Change component parameters (AddParameter): Name = "HelpURL"; Value = "https://www.mouser.de/datasheet/2/315/AOA0000C334-1314047.pdf"; VariantName = "3V3_to_RS422"
Change component parameters (AddParameter): Name = "MaxVoltage"; Value = "100"; VariantName = "3V3_to_RS422"
Change component parameters (AddParameter): Name = "MF"; Value = "Panasonic"; VariantName = "3V3_to_RS422"
Change component parameters (AddParameter): Name = "MPN"; Value = "ERJS030R00V"; VariantName = "3V3_to_RS422"
Change component parameters (AddParameter): Name = "Package"; Value = "CurrentFootprint"; VariantName = "3V3_to_RS422"
Change component parameters (AddParameter): Name = "Parameter1"; Value = "V"; VariantName = "3V3_to_RS422"
Change component parameters (AddParameter): Name = "Parameter1Desc"; Value = "Package Method"; VariantName = "3V3_to_RS422"
Change component parameters (AddParameter): Name = "Parameter2"; Value = "F"; VariantName = "3V3_to_RS422"
Change component parameters (AddParameter): Name = "Parameter2Desc"; Value = "Tolerance Symbol"; VariantName = "3V3_to_RS422"
Change component parameters (AddParameter): Name = "Parameter3"; Value = ""; VariantName = "3V3_to_RS422"
Change component parameters (AddParameter): Name = "Parameter3Desc"; Value = ""; VariantName = "3V3_to_RS422"
Change component parameters (AddParameter): Name = "Supplier1"; Value = "https://de.farnell.com/w/search?qualifizierungsstandard-der-automobilindustrie=aec-q200&range=inc-in-stock&st=erju"; VariantName = "3V3_to_RS422"
Change component parameters (AddParameter): Name = "Value"; Value = "0"; VariantName = "3V3_to_RS422"
Change component parameters (AddParameter): Name = "ComponentLink1Description"; Value = "Datasheet"; VariantName = "RS422_to_3V3"
Change component parameters (AddParameter): Name = "ComponentLink1URL"; Value = "https://www.mouser.de/datasheet/2/315/AOA0000C334-1314047.pdf"; VariantName = "RS422_to_3V3"
Change component parameters (AddParameter): Name = "Created"; Value = "2019-12-08_Thilo_Wendt"; VariantName = "RS422_to_3V3"
Change component parameters (AddParameter): Name = "HelpURL"; Value = "https://www.mouser.de/datasheet/2/315/AOA0000C334-1314047.pdf"; VariantName = "RS422_to_3V3"
Change component parameters (AddParameter): Name = "MaxVoltage"; Value = "100"; VariantName = "RS422_to_3V3"
Change component parameters (AddParameter): Name = "MF"; Value = "Panasonic"; VariantName = "RS422_to_3V3"
Change component parameters (AddParameter): Name = "MPN"; Value = "ERJS030R00V"; VariantName = "RS422_to_3V3"
Change component parameters (AddParameter): Name = "Package"; Value = "CurrentFootprint"; VariantName = "RS422_to_3V3"
Change component parameters (AddParameter): Name = "Parameter1"; Value = "V"; VariantName = "RS422_to_3V3"
Change component parameters (AddParameter): Name = "Parameter1Desc"; Value = "Package Method"; VariantName = "RS422_to_3V3"
Change component parameters (AddParameter): Name = "Parameter2"; Value = "F"; VariantName = "RS422_to_3V3"
Change component parameters (AddParameter): Name = "Parameter2Desc"; Value = "Tolerance Symbol"; VariantName = "RS422_to_3V3"
Change component parameters (AddParameter): Name = "Parameter3"; Value = ""; VariantName = "RS422_to_3V3"
Change component parameters (AddParameter): Name = "Parameter3Desc"; Value = ""; VariantName = "RS422_to_3V3"
Change component parameters (AddParameter): Name = "Supplier1"; Value = "https://de.farnell.com/w/search?qualifizierungsstandard-der-automobilindustrie=aec-q200&range=inc-in-stock&st=erju"; VariantName = "RS422_to_3V3"
Change component parameters (AddParameter): Name = "Value"; Value = "0"; VariantName = "RS422_to_3V3"
Change component parameters: Designator = "R8B"; Footprint = "RESC1608X55X30NL15T15"; UniqueID = "\REEOQYYS\LOSHMCEA\2DEFTBZMN\IBUSNIEJ"
Change component parameters. Clean all parameters for all variants
Change component parameters (AddParameter): Name = "ComponentLink1Description"; Value = "Datasheet"; VariantName = "[No Variations]"
Change component parameters (AddParameter): Name = "ComponentLink1URL"; Value = "https://www.mouser.de/datasheet/2/315/AOA0000C334-1314047.pdf"; VariantName = "[No Variations]"
Change component parameters (AddParameter): Name = "Created"; Value = "2019-12-08_Thilo_Wendt"; VariantName = "[No Variations]"
Change component parameters (AddParameter): Name = "HelpURL"; Value = "https://www.mouser.de/datasheet/2/315/AOA0000C334-1314047.pdf"; VariantName = "[No Variations]"
Change component parameters (AddParameter): Name = "MaxVoltage"; Value = "100"; VariantName = "[No Variations]"
Change component parameters (AddParameter): Name = "MF"; Value = "Panasonic"; VariantName = "[No Variations]"
Change component parameters (AddParameter): Name = "MPN"; Value = "ERJS030R00V"; VariantName = "[No Variations]"
Change component parameters (AddParameter): Name = "Package"; Value = "CurrentFootprint"; VariantName = "[No Variations]"
Change component parameters (AddParameter): Name = "Parameter1"; Value = "V"; VariantName = "[No Variations]"
Change component parameters (AddParameter): Name = "Parameter1Desc"; Value = "Package Method"; VariantName = "[No Variations]"
Change component parameters (AddParameter): Name = "Parameter2"; Value = "F"; VariantName = "[No Variations]"
Change component parameters (AddParameter): Name = "Parameter2Desc"; Value = "Tolerance Symbol"; VariantName = "[No Variations]"
Change component parameters (AddParameter): Name = "Parameter3"; Value = ""; VariantName = "[No Variations]"
Change component parameters (AddParameter): Name = "Parameter3Desc"; Value = ""; VariantName = "[No Variations]"
Change component parameters (AddParameter): Name = "Supplier1"; Value = "https://de.farnell.com/w/search?qualifizierungsstandard-der-automobilindustrie=aec-q200&range=inc-in-stock&st=erju"; VariantName = "[No Variations]"
Change component parameters (AddParameter): Name = "Value"; Value = "0"; VariantName = "[No Variations]"
Change component parameters (AddParameter): Name = "ComponentLink1Description"; Value = "Datasheet"; VariantName = "3V3_to_15V"
Change component parameters (AddParameter): Name = "ComponentLink1URL"; Value = "https://www.mouser.de/datasheet/2/315/AOA0000C334-1314047.pdf"; VariantName = "3V3_to_15V"
Change component parameters (AddParameter): Name = "Created"; Value = "2019-12-08_Thilo_Wendt"; VariantName = "3V3_to_15V"
Change component parameters (AddParameter): Name = "HelpURL"; Value = "https://www.mouser.de/datasheet/2/315/AOA0000C334-1314047.pdf"; VariantName = "3V3_to_15V"
Change component parameters (AddParameter): Name = "MaxVoltage"; Value = "100"; VariantName = "3V3_to_15V"
Change component parameters (AddParameter): Name = "MF"; Value = "Panasonic"; VariantName = "3V3_to_15V"
Change component parameters (AddParameter): Name = "MPN"; Value = "ERJS030R00V"; VariantName = "3V3_to_15V"
Change component parameters (AddParameter): Name = "Package"; Value = "CurrentFootprint"; VariantName = "3V3_to_15V"
Change component parameters (AddParameter): Name = "Parameter1"; Value = "V"; VariantName = "3V3_to_15V"
Change component parameters (AddParameter): Name = "Parameter1Desc"; Value = "Package Method"; VariantName = "3V3_to_15V"
Change component parameters (AddParameter): Name = "Parameter2"; Value = "F"; VariantName = "3V3_to_15V"
Change component parameters (AddParameter): Name = "Parameter2Desc"; Value = "Tolerance Symbol"; VariantName = "3V3_to_15V"
Change component parameters (AddParameter): Name = "Parameter3"; Value = ""; VariantName = "3V3_to_15V"
Change component parameters (AddParameter): Name = "Parameter3Desc"; Value = ""; VariantName = "3V3_to_15V"
Change component parameters (AddParameter): Name = "Supplier1"; Value = "https://de.farnell.com/w/search?qualifizierungsstandard-der-automobilindustrie=aec-q200&range=inc-in-stock&st=erju"; VariantName = "3V3_to_15V"
Change component parameters (AddParameter): Name = "Value"; Value = "0"; VariantName = "3V3_to_15V"
Change component parameters (AddParameter): Name = "ComponentLink1Description"; Value = "Datasheet"; VariantName = "3V3_to_RS422"
Change component parameters (AddParameter): Name = "ComponentLink1URL"; Value = "https://www.mouser.de/datasheet/2/315/AOA0000C334-1314047.pdf"; VariantName = "3V3_to_RS422"
Change component parameters (AddParameter): Name = "Created"; Value = "2019-12-08_Thilo_Wendt"; VariantName = "3V3_to_RS422"
Change component parameters (AddParameter): Name = "HelpURL"; Value = "https://www.mouser.de/datasheet/2/315/AOA0000C334-1314047.pdf"; VariantName = "3V3_to_RS422"
Change component parameters (AddParameter): Name = "MaxVoltage"; Value = "100"; VariantName = "3V3_to_RS422"
Change component parameters (AddParameter): Name = "MF"; Value = "Panasonic"; VariantName = "3V3_to_RS422"
Change component parameters (AddParameter): Name = "MPN"; Value = "ERJS030R00V"; VariantName = "3V3_to_RS422"
Change component parameters (AddParameter): Name = "Package"; Value = "CurrentFootprint"; VariantName = "3V3_to_RS422"
Change component parameters (AddParameter): Name = "Parameter1"; Value = "V"; VariantName = "3V3_to_RS422"
Change component parameters (AddParameter): Name = "Parameter1Desc"; Value = "Package Method"; VariantName = "3V3_to_RS422"
Change component parameters (AddParameter): Name = "Parameter2"; Value = "F"; VariantName = "3V3_to_RS422"
Change component parameters (AddParameter): Name = "Parameter2Desc"; Value = "Tolerance Symbol"; VariantName = "3V3_to_RS422"
Change component parameters (AddParameter): Name = "Parameter3"; Value = ""; VariantName = "3V3_to_RS422"
Change component parameters (AddParameter): Name = "Parameter3Desc"; Value = ""; VariantName = "3V3_to_RS422"
Change component parameters (AddParameter): Name = "Supplier1"; Value = "https://de.farnell.com/w/search?qualifizierungsstandard-der-automobilindustrie=aec-q200&range=inc-in-stock&st=erju"; VariantName = "3V3_to_RS422"
Change component parameters (AddParameter): Name = "Value"; Value = "0"; VariantName = "3V3_to_RS422"
Change component parameters (AddParameter): Name = "ComponentLink1Description"; Value = "Datasheet"; VariantName = "RS422_to_3V3"
Change component parameters (AddParameter): Name = "ComponentLink1URL"; Value = "https://www.mouser.de/datasheet/2/315/AOA0000C334-1314047.pdf"; VariantName = "RS422_to_3V3"
Change component parameters (AddParameter): Name = "Created"; Value = "2019-12-08_Thilo_Wendt"; VariantName = "RS422_to_3V3"
Change component parameters (AddParameter): Name = "HelpURL"; Value = "https://www.mouser.de/datasheet/2/315/AOA0000C334-1314047.pdf"; VariantName = "RS422_to_3V3"
Change component parameters (AddParameter): Name = "MaxVoltage"; Value = "100"; VariantName = "RS422_to_3V3"
Change component parameters (AddParameter): Name = "MF"; Value = "Panasonic"; VariantName = "RS422_to_3V3"
Change component parameters (AddParameter): Name = "MPN"; Value = "ERJS030R00V"; VariantName = "RS422_to_3V3"
Change component parameters (AddParameter): Name = "Package"; Value = "CurrentFootprint"; VariantName = "RS422_to_3V3"
Change component parameters (AddParameter): Name = "Parameter1"; Value = "V"; VariantName = "RS422_to_3V3"
Change component parameters (AddParameter): Name = "Parameter1Desc"; Value = "Package Method"; VariantName = "RS422_to_3V3"
Change component parameters (AddParameter): Name = "Parameter2"; Value = "F"; VariantName = "RS422_to_3V3"
Change component parameters (AddParameter): Name = "Parameter2Desc"; Value = "Tolerance Symbol"; VariantName = "RS422_to_3V3"
Change component parameters (AddParameter): Name = "Parameter3"; Value = ""; VariantName = "RS422_to_3V3"
Change component parameters (AddParameter): Name = "Parameter3Desc"; Value = ""; VariantName = "RS422_to_3V3"
Change component parameters (AddParameter): Name = "Supplier1"; Value = "https://de.farnell.com/w/search?qualifizierungsstandard-der-automobilindustrie=aec-q200&range=inc-in-stock&st=erju"; VariantName = "RS422_to_3V3"
Change component parameters (AddParameter): Name = "Value"; Value = "0"; VariantName = "RS422_to_3V3"
Change component parameters: Designator = "R8C"; Footprint = "RESC1608X55X30NL15T15"; UniqueID = "\REEOQYYS\LOSHMCEA\3DEFTBZMN\IBUSNIEJ"
Change component parameters. Clean all parameters for all variants
Change component parameters (AddParameter): Name = "ComponentLink1Description"; Value = "Datasheet"; VariantName = "[No Variations]"
Change component parameters (AddParameter): Name = "ComponentLink1URL"; Value = "https://www.mouser.de/datasheet/2/315/AOA0000C334-1314047.pdf"; VariantName = "[No Variations]"
Change component parameters (AddParameter): Name = "Created"; Value = "2019-12-08_Thilo_Wendt"; VariantName = "[No Variations]"
Change component parameters (AddParameter): Name = "HelpURL"; Value = "https://www.mouser.de/datasheet/2/315/AOA0000C334-1314047.pdf"; VariantName = "[No Variations]"
Change component parameters (AddParameter): Name = "MaxVoltage"; Value = "100"; VariantName = "[No Variations]"
Change component parameters (AddParameter): Name = "MF"; Value = "Panasonic"; VariantName = "[No Variations]"
Change component parameters (AddParameter): Name = "MPN"; Value = "ERJS030R00V"; VariantName = "[No Variations]"
Change component parameters (AddParameter): Name = "Package"; Value = "CurrentFootprint"; VariantName = "[No Variations]"
Change component parameters (AddParameter): Name = "Parameter1"; Value = "V"; VariantName = "[No Variations]"
Change component parameters (AddParameter): Name = "Parameter1Desc"; Value = "Package Method"; VariantName = "[No Variations]"
Change component parameters (AddParameter): Name = "Parameter2"; Value = "F"; VariantName = "[No Variations]"
Change component parameters (AddParameter): Name = "Parameter2Desc"; Value = "Tolerance Symbol"; VariantName = "[No Variations]"
Change component parameters (AddParameter): Name = "Parameter3"; Value = ""; VariantName = "[No Variations]"
Change component parameters (AddParameter): Name = "Parameter3Desc"; Value = ""; VariantName = "[No Variations]"
Change component parameters (AddParameter): Name = "Supplier1"; Value = "https://de.farnell.com/w/search?qualifizierungsstandard-der-automobilindustrie=aec-q200&range=inc-in-stock&st=erju"; VariantName = "[No Variations]"
Change component parameters (AddParameter): Name = "Value"; Value = "0"; VariantName = "[No Variations]"
Change component parameters (AddParameter): Name = "ComponentLink1Description"; Value = "Datasheet"; VariantName = "3V3_to_15V"
Change component parameters (AddParameter): Name = "ComponentLink1URL"; Value = "https://www.mouser.de/datasheet/2/315/AOA0000C334-1314047.pdf"; VariantName = "3V3_to_15V"
Change component parameters (AddParameter): Name = "Created"; Value = "2019-12-08_Thilo_Wendt"; VariantName = "3V3_to_15V"
Change component parameters (AddParameter): Name = "HelpURL"; Value = "https://www.mouser.de/datasheet/2/315/AOA0000C334-1314047.pdf"; VariantName = "3V3_to_15V"
Change component parameters (AddParameter): Name = "MaxVoltage"; Value = "100"; VariantName = "3V3_to_15V"
Change component parameters (AddParameter): Name = "MF"; Value = "Panasonic"; VariantName = "3V3_to_15V"
Change component parameters (AddParameter): Name = "MPN"; Value = "ERJS030R00V"; VariantName = "3V3_to_15V"
Change component parameters (AddParameter): Name = "Package"; Value = "CurrentFootprint"; VariantName = "3V3_to_15V"
Change component parameters (AddParameter): Name = "Parameter1"; Value = "V"; VariantName = "3V3_to_15V"
Change component parameters (AddParameter): Name = "Parameter1Desc"; Value = "Package Method"; VariantName = "3V3_to_15V"
Change component parameters (AddParameter): Name = "Parameter2"; Value = "F"; VariantName = "3V3_to_15V"
Change component parameters (AddParameter): Name = "Parameter2Desc"; Value = "Tolerance Symbol"; VariantName = "3V3_to_15V"
Change component parameters (AddParameter): Name = "Parameter3"; Value = ""; VariantName = "3V3_to_15V"
Change component parameters (AddParameter): Name = "Parameter3Desc"; Value = ""; VariantName = "3V3_to_15V"
Change component parameters (AddParameter): Name = "Supplier1"; Value = "https://de.farnell.com/w/search?qualifizierungsstandard-der-automobilindustrie=aec-q200&range=inc-in-stock&st=erju"; VariantName = "3V3_to_15V"
Change component parameters (AddParameter): Name = "Value"; Value = "0"; VariantName = "3V3_to_15V"
Change component parameters (AddParameter): Name = "ComponentLink1Description"; Value = "Datasheet"; VariantName = "3V3_to_RS422"
Change component parameters (AddParameter): Name = "ComponentLink1URL"; Value = "https://www.mouser.de/datasheet/2/315/AOA0000C334-1314047.pdf"; VariantName = "3V3_to_RS422"
Change component parameters (AddParameter): Name = "Created"; Value = "2019-12-08_Thilo_Wendt"; VariantName = "3V3_to_RS422"
Change component parameters (AddParameter): Name = "HelpURL"; Value = "https://www.mouser.de/datasheet/2/315/AOA0000C334-1314047.pdf"; VariantName = "3V3_to_RS422"
Change component parameters (AddParameter): Name = "MaxVoltage"; Value = "100"; VariantName = "3V3_to_RS422"
Change component parameters (AddParameter): Name = "MF"; Value = "Panasonic"; VariantName = "3V3_to_RS422"
Change component parameters (AddParameter): Name = "MPN"; Value = "ERJS030R00V"; VariantName = "3V3_to_RS422"
Change component parameters (AddParameter): Name = "Package"; Value = "CurrentFootprint"; VariantName = "3V3_to_RS422"
Change component parameters (AddParameter): Name = "Parameter1"; Value = "V"; VariantName = "3V3_to_RS422"
Change component parameters (AddParameter): Name = "Parameter1Desc"; Value = "Package Method"; VariantName = "3V3_to_RS422"
Change component parameters (AddParameter): Name = "Parameter2"; Value = "F"; VariantName = "3V3_to_RS422"
Change component parameters (AddParameter): Name = "Parameter2Desc"; Value = "Tolerance Symbol"; VariantName = "3V3_to_RS422"
Change component parameters (AddParameter): Name = "Parameter3"; Value = ""; VariantName = "3V3_to_RS422"
Change component parameters (AddParameter): Name = "Parameter3Desc"; Value = ""; VariantName = "3V3_to_RS422"
Change component parameters (AddParameter): Name = "Supplier1"; Value = "https://de.farnell.com/w/search?qualifizierungsstandard-der-automobilindustrie=aec-q200&range=inc-in-stock&st=erju"; VariantName = "3V3_to_RS422"
Change component parameters (AddParameter): Name = "Value"; Value = "0"; VariantName = "3V3_to_RS422"
Change component parameters (AddParameter): Name = "ComponentLink1Description"; Value = "Datasheet"; VariantName = "RS422_to_3V3"
Change component parameters (AddParameter): Name = "ComponentLink1URL"; Value = "https://www.mouser.de/datasheet/2/315/AOA0000C334-1314047.pdf"; VariantName = "RS422_to_3V3"
Change component parameters (AddParameter): Name = "Created"; Value = "2019-12-08_Thilo_Wendt"; VariantName = "RS422_to_3V3"
Change component parameters (AddParameter): Name = "HelpURL"; Value = "https://www.mouser.de/datasheet/2/315/AOA0000C334-1314047.pdf"; VariantName = "RS422_to_3V3"
Change component parameters (AddParameter): Name = "MaxVoltage"; Value = "100"; VariantName = "RS422_to_3V3"
Change component parameters (AddParameter): Name = "MF"; Value = "Panasonic"; VariantName = "RS422_to_3V3"
Change component parameters (AddParameter): Name = "MPN"; Value = "ERJS030R00V"; VariantName = "RS422_to_3V3"
Change component parameters (AddParameter): Name = "Package"; Value = "CurrentFootprint"; VariantName = "RS422_to_3V3"
Change component parameters (AddParameter): Name = "Parameter1"; Value = "V"; VariantName = "RS422_to_3V3"
Change component parameters (AddParameter): Name = "Parameter1Desc"; Value = "Package Method"; VariantName = "RS422_to_3V3"
Change component parameters (AddParameter): Name = "Parameter2"; Value = "F"; VariantName = "RS422_to_3V3"
Change component parameters (AddParameter): Name = "Parameter2Desc"; Value = "Tolerance Symbol"; VariantName = "RS422_to_3V3"
Change component parameters (AddParameter): Name = "Parameter3"; Value = ""; VariantName = "RS422_to_3V3"
Change component parameters (AddParameter): Name = "Parameter3Desc"; Value = ""; VariantName = "RS422_to_3V3"
Change component parameters (AddParameter): Name = "Supplier1"; Value = "https://de.farnell.com/w/search?qualifizierungsstandard-der-automobilindustrie=aec-q200&range=inc-in-stock&st=erju"; VariantName = "RS422_to_3V3"
Change component parameters (AddParameter): Name = "Value"; Value = "0"; VariantName = "RS422_to_3V3"
Change component parameters: Designator = "R8D"; Footprint = "RESC1608X55X30NL15T15"; UniqueID = "\REEOQYYS\LOSHMCEA\4DEFTBZMN\IBUSNIEJ"
Change component parameters. Clean all parameters for all variants
Change component parameters (AddParameter): Name = "ComponentLink1Description"; Value = "Datasheet"; VariantName = "[No Variations]"
Change component parameters (AddParameter): Name = "ComponentLink1URL"; Value = "https://www.mouser.de/datasheet/2/315/AOA0000C334-1314047.pdf"; VariantName = "[No Variations]"
Change component parameters (AddParameter): Name = "Created"; Value = "2019-12-08_Thilo_Wendt"; VariantName = "[No Variations]"
Change component parameters (AddParameter): Name = "HelpURL"; Value = "https://www.mouser.de/datasheet/2/315/AOA0000C334-1314047.pdf"; VariantName = "[No Variations]"
Change component parameters (AddParameter): Name = "MaxVoltage"; Value = "100"; VariantName = "[No Variations]"
Change component parameters (AddParameter): Name = "MF"; Value = "Panasonic"; VariantName = "[No Variations]"
Change component parameters (AddParameter): Name = "MPN"; Value = "ERJS030R00V"; VariantName = "[No Variations]"
Change component parameters (AddParameter): Name = "Package"; Value = "CurrentFootprint"; VariantName = "[No Variations]"
Change component parameters (AddParameter): Name = "Parameter1"; Value = "V"; VariantName = "[No Variations]"
Change component parameters (AddParameter): Name = "Parameter1Desc"; Value = "Package Method"; VariantName = "[No Variations]"
Change component parameters (AddParameter): Name = "Parameter2"; Value = "F"; VariantName = "[No Variations]"
Change component parameters (AddParameter): Name = "Parameter2Desc"; Value = "Tolerance Symbol"; VariantName = "[No Variations]"
Change component parameters (AddParameter): Name = "Parameter3"; Value = ""; VariantName = "[No Variations]"
Change component parameters (AddParameter): Name = "Parameter3Desc"; Value = ""; VariantName = "[No Variations]"
Change component parameters (AddParameter): Name = "Supplier1"; Value = "https://de.farnell.com/w/search?qualifizierungsstandard-der-automobilindustrie=aec-q200&range=inc-in-stock&st=erju"; VariantName = "[No Variations]"
Change component parameters (AddParameter): Name = "Value"; Value = "0"; VariantName = "[No Variations]"
Change component parameters (AddParameter): Name = "ComponentLink1Description"; Value = "Datasheet"; VariantName = "3V3_to_15V"
Change component parameters (AddParameter): Name = "ComponentLink1URL"; Value = "https://www.mouser.de/datasheet/2/315/AOA0000C334-1314047.pdf"; VariantName = "3V3_to_15V"
Change component parameters (AddParameter): Name = "Created"; Value = "2019-12-08_Thilo_Wendt"; VariantName = "3V3_to_15V"
Change component parameters (AddParameter): Name = "HelpURL"; Value = "https://www.mouser.de/datasheet/2/315/AOA0000C334-1314047.pdf"; VariantName = "3V3_to_15V"
Change component parameters (AddParameter): Name = "MaxVoltage"; Value = "100"; VariantName = "3V3_to_15V"
Change component parameters (AddParameter): Name = "MF"; Value = "Panasonic"; VariantName = "3V3_to_15V"
Change component parameters (AddParameter): Name = "MPN"; Value = "ERJS030R00V"; VariantName = "3V3_to_15V"
Change component parameters (AddParameter): Name = "Package"; Value = "CurrentFootprint"; VariantName = "3V3_to_15V"
Change component parameters (AddParameter): Name = "Parameter1"; Value = "V"; VariantName = "3V3_to_15V"
Change component parameters (AddParameter): Name = "Parameter1Desc"; Value = "Package Method"; VariantName = "3V3_to_15V"
Change component parameters (AddParameter): Name = "Parameter2"; Value = "F"; VariantName = "3V3_to_15V"
Change component parameters (AddParameter): Name = "Parameter2Desc"; Value = "Tolerance Symbol"; VariantName = "3V3_to_15V"
Change component parameters (AddParameter): Name = "Parameter3"; Value = ""; VariantName = "3V3_to_15V"
Change component parameters (AddParameter): Name = "Parameter3Desc"; Value = ""; VariantName = "3V3_to_15V"
Change component parameters (AddParameter): Name = "Supplier1"; Value = "https://de.farnell.com/w/search?qualifizierungsstandard-der-automobilindustrie=aec-q200&range=inc-in-stock&st=erju"; VariantName = "3V3_to_15V"
Change component parameters (AddParameter): Name = "Value"; Value = "0"; VariantName = "3V3_to_15V"
Change component parameters (AddParameter): Name = "ComponentLink1Description"; Value = "Datasheet"; VariantName = "3V3_to_RS422"
Change component parameters (AddParameter): Name = "ComponentLink1URL"; Value = "https://www.mouser.de/datasheet/2/315/AOA0000C334-1314047.pdf"; VariantName = "3V3_to_RS422"
Change component parameters (AddParameter): Name = "Created"; Value = "2019-12-08_Thilo_Wendt"; VariantName = "3V3_to_RS422"
Change component parameters (AddParameter): Name = "HelpURL"; Value = "https://www.mouser.de/datasheet/2/315/AOA0000C334-1314047.pdf"; VariantName = "3V3_to_RS422"
Change component parameters (AddParameter): Name = "MaxVoltage"; Value = "100"; VariantName = "3V3_to_RS422"
Change component parameters (AddParameter): Name = "MF"; Value = "Panasonic"; VariantName = "3V3_to_RS422"
Change component parameters (AddParameter): Name = "MPN"; Value = "ERJS030R00V"; VariantName = "3V3_to_RS422"
Change component parameters (AddParameter): Name = "Package"; Value = "CurrentFootprint"; VariantName = "3V3_to_RS422"
Change component parameters (AddParameter): Name = "Parameter1"; Value = "V"; VariantName = "3V3_to_RS422"
Change component parameters (AddParameter): Name = "Parameter1Desc"; Value = "Package Method"; VariantName = "3V3_to_RS422"
Change component parameters (AddParameter): Name = "Parameter2"; Value = "F"; VariantName = "3V3_to_RS422"
Change component parameters (AddParameter): Name = "Parameter2Desc"; Value = "Tolerance Symbol"; VariantName = "3V3_to_RS422"
Change component parameters (AddParameter): Name = "Parameter3"; Value = ""; VariantName = "3V3_to_RS422"
Change component parameters (AddParameter): Name = "Parameter3Desc"; Value = ""; VariantName = "3V3_to_RS422"
Change component parameters (AddParameter): Name = "Supplier1"; Value = "https://de.farnell.com/w/search?qualifizierungsstandard-der-automobilindustrie=aec-q200&range=inc-in-stock&st=erju"; VariantName = "3V3_to_RS422"
Change component parameters (AddParameter): Name = "Value"; Value = "0"; VariantName = "3V3_to_RS422"
Change component parameters (AddParameter): Name = "ComponentLink1Description"; Value = "Datasheet"; VariantName = "RS422_to_3V3"
Change component parameters (AddParameter): Name = "ComponentLink1URL"; Value = "https://www.mouser.de/datasheet/2/315/AOA0000C334-1314047.pdf"; VariantName = "RS422_to_3V3"
Change component parameters (AddParameter): Name = "Created"; Value = "2019-12-08_Thilo_Wendt"; VariantName = "RS422_to_3V3"
Change component parameters (AddParameter): Name = "HelpURL"; Value = "https://www.mouser.de/datasheet/2/315/AOA0000C334-1314047.pdf"; VariantName = "RS422_to_3V3"
Change component parameters (AddParameter): Name = "MaxVoltage"; Value = "100"; VariantName = "RS422_to_3V3"
Change component parameters (AddParameter): Name = "MF"; Value = "Panasonic"; VariantName = "RS422_to_3V3"
Change component parameters (AddParameter): Name = "MPN"; Value = "ERJS030R00V"; VariantName = "RS422_to_3V3"
Change component parameters (AddParameter): Name = "Package"; Value = "CurrentFootprint"; VariantName = "RS422_to_3V3"
Change component parameters (AddParameter): Name = "Parameter1"; Value = "V"; VariantName = "RS422_to_3V3"
Change component parameters (AddParameter): Name = "Parameter1Desc"; Value = "Package Method"; VariantName = "RS422_to_3V3"
Change component parameters (AddParameter): Name = "Parameter2"; Value = "F"; VariantName = "RS422_to_3V3"
Change component parameters (AddParameter): Name = "Parameter2Desc"; Value = "Tolerance Symbol"; VariantName = "RS422_to_3V3"
Change component parameters (AddParameter): Name = "Parameter3"; Value = ""; VariantName = "RS422_to_3V3"
Change component parameters (AddParameter): Name = "Parameter3Desc"; Value = ""; VariantName = "RS422_to_3V3"
Change component parameters (AddParameter): Name = "Supplier1"; Value = "https://de.farnell.com/w/search?qualifizierungsstandard-der-automobilindustrie=aec-q200&range=inc-in-stock&st=erju"; VariantName = "RS422_to_3V3"
Change component parameters (AddParameter): Name = "Value"; Value = "0"; VariantName = "RS422_to_3V3"
Change component parameters: Designator = "R8E"; Footprint = "RESC1608X55X30NL15T15"; UniqueID = "\REEOQYYS\LOSHMCEA\5DEFTBZMN\IBUSNIEJ"
Change component parameters. Clean all parameters for all variants
Change component parameters (AddParameter): Name = "ComponentLink1Description"; Value = "Datasheet"; VariantName = "[No Variations]"
Change component parameters (AddParameter): Name = "ComponentLink1URL"; Value = "https://www.mouser.de/datasheet/2/315/AOA0000C334-1314047.pdf"; VariantName = "[No Variations]"
Change component parameters (AddParameter): Name = "Created"; Value = "2019-12-08_Thilo_Wendt"; VariantName = "[No Variations]"
Change component parameters (AddParameter): Name = "HelpURL"; Value = "https://www.mouser.de/datasheet/2/315/AOA0000C334-1314047.pdf"; VariantName = "[No Variations]"
Change component parameters (AddParameter): Name = "MaxVoltage"; Value = "100"; VariantName = "[No Variations]"
Change component parameters (AddParameter): Name = "MF"; Value = "Panasonic"; VariantName = "[No Variations]"
Change component parameters (AddParameter): Name = "MPN"; Value = "ERJS030R00V"; VariantName = "[No Variations]"
Change component parameters (AddParameter): Name = "Package"; Value = "CurrentFootprint"; VariantName = "[No Variations]"
Change component parameters (AddParameter): Name = "Parameter1"; Value = "V"; VariantName = "[No Variations]"
Change component parameters (AddParameter): Name = "Parameter1Desc"; Value = "Package Method"; VariantName = "[No Variations]"
Change component parameters (AddParameter): Name = "Parameter2"; Value = "F"; VariantName = "[No Variations]"
Change component parameters (AddParameter): Name = "Parameter2Desc"; Value = "Tolerance Symbol"; VariantName = "[No Variations]"
Change component parameters (AddParameter): Name = "Parameter3"; Value = ""; VariantName = "[No Variations]"
Change component parameters (AddParameter): Name = "Parameter3Desc"; Value = ""; VariantName = "[No Variations]"
Change component parameters (AddParameter): Name = "Supplier1"; Value = "https://de.farnell.com/w/search?qualifizierungsstandard-der-automobilindustrie=aec-q200&range=inc-in-stock&st=erju"; VariantName = "[No Variations]"
Change component parameters (AddParameter): Name = "Value"; Value = "0"; VariantName = "[No Variations]"
Change component parameters (AddParameter): Name = "ComponentLink1Description"; Value = "Datasheet"; VariantName = "3V3_to_15V"
Change component parameters (AddParameter): Name = "ComponentLink1URL"; Value = "https://www.mouser.de/datasheet/2/315/AOA0000C334-1314047.pdf"; VariantName = "3V3_to_15V"
Change component parameters (AddParameter): Name = "Created"; Value = "2019-12-08_Thilo_Wendt"; VariantName = "3V3_to_15V"
Change component parameters (AddParameter): Name = "HelpURL"; Value = "https://www.mouser.de/datasheet/2/315/AOA0000C334-1314047.pdf"; VariantName = "3V3_to_15V"
Change component parameters (AddParameter): Name = "MaxVoltage"; Value = "100"; VariantName = "3V3_to_15V"
Change component parameters (AddParameter): Name = "MF"; Value = "Panasonic"; VariantName = "3V3_to_15V"
Change component parameters (AddParameter): Name = "MPN"; Value = "ERJS030R00V"; VariantName = "3V3_to_15V"
Change component parameters (AddParameter): Name = "Package"; Value = "CurrentFootprint"; VariantName = "3V3_to_15V"
Change component parameters (AddParameter): Name = "Parameter1"; Value = "V"; VariantName = "3V3_to_15V"
Change component parameters (AddParameter): Name = "Parameter1Desc"; Value = "Package Method"; VariantName = "3V3_to_15V"
Change component parameters (AddParameter): Name = "Parameter2"; Value = "F"; VariantName = "3V3_to_15V"
Change component parameters (AddParameter): Name = "Parameter2Desc"; Value = "Tolerance Symbol"; VariantName = "3V3_to_15V"
Change component parameters (AddParameter): Name = "Parameter3"; Value = ""; VariantName = "3V3_to_15V"
Change component parameters (AddParameter): Name = "Parameter3Desc"; Value = ""; VariantName = "3V3_to_15V"
Change component parameters (AddParameter): Name = "Supplier1"; Value = "https://de.farnell.com/w/search?qualifizierungsstandard-der-automobilindustrie=aec-q200&range=inc-in-stock&st=erju"; VariantName = "3V3_to_15V"
Change component parameters (AddParameter): Name = "Value"; Value = "0"; VariantName = "3V3_to_15V"
Change component parameters (AddParameter): Name = "ComponentLink1Description"; Value = "Datasheet"; VariantName = "3V3_to_RS422"
Change component parameters (AddParameter): Name = "ComponentLink1URL"; Value = "https://www.mouser.de/datasheet/2/315/AOA0000C334-1314047.pdf"; VariantName = "3V3_to_RS422"
Change component parameters (AddParameter): Name = "Created"; Value = "2019-12-08_Thilo_Wendt"; VariantName = "3V3_to_RS422"
Change component parameters (AddParameter): Name = "HelpURL"; Value = "https://www.mouser.de/datasheet/2/315/AOA0000C334-1314047.pdf"; VariantName = "3V3_to_RS422"
Change component parameters (AddParameter): Name = "MaxVoltage"; Value = "100"; VariantName = "3V3_to_RS422"
Change component parameters (AddParameter): Name = "MF"; Value = "Panasonic"; VariantName = "3V3_to_RS422"
Change component parameters (AddParameter): Name = "MPN"; Value = "ERJS030R00V"; VariantName = "3V3_to_RS422"
Change component parameters (AddParameter): Name = "Package"; Value = "CurrentFootprint"; VariantName = "3V3_to_RS422"
Change component parameters (AddParameter): Name = "Parameter1"; Value = "V"; VariantName = "3V3_to_RS422"
Change component parameters (AddParameter): Name = "Parameter1Desc"; Value = "Package Method"; VariantName = "3V3_to_RS422"
Change component parameters (AddParameter): Name = "Parameter2"; Value = "F"; VariantName = "3V3_to_RS422"
Change component parameters (AddParameter): Name = "Parameter2Desc"; Value = "Tolerance Symbol"; VariantName = "3V3_to_RS422"
Change component parameters (AddParameter): Name = "Parameter3"; Value = ""; VariantName = "3V3_to_RS422"
Change component parameters (AddParameter): Name = "Parameter3Desc"; Value = ""; VariantName = "3V3_to_RS422"
Change component parameters (AddParameter): Name = "Supplier1"; Value = "https://de.farnell.com/w/search?qualifizierungsstandard-der-automobilindustrie=aec-q200&range=inc-in-stock&st=erju"; VariantName = "3V3_to_RS422"
Change component parameters (AddParameter): Name = "Value"; Value = "0"; VariantName = "3V3_to_RS422"
Change component parameters (AddParameter): Name = "ComponentLink1Description"; Value = "Datasheet"; VariantName = "RS422_to_3V3"
Change component parameters (AddParameter): Name = "ComponentLink1URL"; Value = "https://www.mouser.de/datasheet/2/315/AOA0000C334-1314047.pdf"; VariantName = "RS422_to_3V3"
Change component parameters (AddParameter): Name = "Created"; Value = "2019-12-08_Thilo_Wendt"; VariantName = "RS422_to_3V3"
Change component parameters (AddParameter): Name = "HelpURL"; Value = "https://www.mouser.de/datasheet/2/315/AOA0000C334-1314047.pdf"; VariantName = "RS422_to_3V3"
Change component parameters (AddParameter): Name = "MaxVoltage"; Value = "100"; VariantName = "RS422_to_3V3"
Change component parameters (AddParameter): Name = "MF"; Value = "Panasonic"; VariantName = "RS422_to_3V3"
Change component parameters (AddParameter): Name = "MPN"; Value = "ERJS030R00V"; VariantName = "RS422_to_3V3"
Change component parameters (AddParameter): Name = "Package"; Value = "CurrentFootprint"; VariantName = "RS422_to_3V3"
Change component parameters (AddParameter): Name = "Parameter1"; Value = "V"; VariantName = "RS422_to_3V3"
Change component parameters (AddParameter): Name = "Parameter1Desc"; Value = "Package Method"; VariantName = "RS422_to_3V3"
Change component parameters (AddParameter): Name = "Parameter2"; Value = "F"; VariantName = "RS422_to_3V3"
Change component parameters (AddParameter): Name = "Parameter2Desc"; Value = "Tolerance Symbol"; VariantName = "RS422_to_3V3"
Change component parameters (AddParameter): Name = "Parameter3"; Value = ""; VariantName = "RS422_to_3V3"
Change component parameters (AddParameter): Name = "Parameter3Desc"; Value = ""; VariantName = "RS422_to_3V3"
Change component parameters (AddParameter): Name = "Supplier1"; Value = "https://de.farnell.com/w/search?qualifizierungsstandard-der-automobilindustrie=aec-q200&range=inc-in-stock&st=erju"; VariantName = "RS422_to_3V3"
Change component parameters (AddParameter): Name = "Value"; Value = "0"; VariantName = "RS422_to_3V3"
Change component parameters: Designator = "R23"; Footprint = "RESC3216X70X50LL20T25_CONFIG"; UniqueID = "\REEOQYYS\LOSHMCEA\TPCLPYHI"
Change component parameters. Clean all parameters for all variants
Change component parameters (AddParameter): Name = "ComponentLink1Description"; Value = "Datasheet"; VariantName = "[No Variations]"
Change component parameters (AddParameter): Name = "ComponentLink1URL"; Value = "https://www.mouser.de/datasheet/2/315/AOA0000C334-1314047.pdf"; VariantName = "[No Variations]"
Change component parameters (AddParameter): Name = "Created"; Value = "2018_09_04_AGeiger"; VariantName = "[No Variations]"
Change component parameters (AddParameter): Name = "HelpURL"; Value = "https://www.mouser.de/datasheet/2/315/AOA0000C334-1314047.pdf"; VariantName = "[No Variations]"
Change component parameters (AddParameter): Name = "MaxVoltage"; Value = "100"; VariantName = "[No Variations]"
Change component parameters (AddParameter): Name = "MF"; Value = "Panasonic"; VariantName = "[No Variations]"
Change component parameters (AddParameter): Name = "MPN"; Value = "ERJS080R00V"; VariantName = "[No Variations]"
Change component parameters (AddParameter): Name = "Package"; Value = "CurrentFootprint"; VariantName = "[No Variations]"
Change component parameters (AddParameter): Name = "Parameter1"; Value = "V"; VariantName = "[No Variations]"
Change component parameters (AddParameter): Name = "Parameter1Desc"; Value = "Package Method"; VariantName = "[No Variations]"
Change component parameters (AddParameter): Name = "Parameter2"; Value = "F"; VariantName = "[No Variations]"
Change component parameters (AddParameter): Name = "Parameter2Desc"; Value = "Tolerance Symbol"; VariantName = "[No Variations]"
Change component parameters (AddParameter): Name = "Parameter3"; Value = ""; VariantName = "[No Variations]"
Change component parameters (AddParameter): Name = "Parameter3Desc"; Value = ""; VariantName = "[No Variations]"
Change component parameters (AddParameter): Name = "Supplier1"; Value = "https://de.farnell.com/w/search?qualifizierungsstandard-der-automobilindustrie=aec-q200&range=inc-in-stock&st=erju"; VariantName = "[No Variations]"
Change component parameters (AddParameter): Name = "Value"; Value = "0"; VariantName = "[No Variations]"
Change component parameters (AddParameter): Name = "ComponentLink1Description"; Value = "Datasheet"; VariantName = "3V3_to_3V3"
Change component parameters (AddParameter): Name = "ComponentLink1URL"; Value = "https://www.mouser.de/datasheet/2/315/AOA0000C334-1314047.pdf"; VariantName = "3V3_to_3V3"
Change component parameters (AddParameter): Name = "Created"; Value = "2018_09_04_AGeiger"; VariantName = "3V3_to_3V3"
Change component parameters (AddParameter): Name = "HelpURL"; Value = "https://www.mouser.de/datasheet/2/315/AOA0000C334-1314047.pdf"; VariantName = "3V3_to_3V3"
Change component parameters (AddParameter): Name = "MaxVoltage"; Value = "100"; VariantName = "3V3_to_3V3"
Change component parameters (AddParameter): Name = "MF"; Value = "Panasonic"; VariantName = "3V3_to_3V3"
Change component parameters (AddParameter): Name = "MPN"; Value = "ERJS080R00V"; VariantName = "3V3_to_3V3"
Change component parameters (AddParameter): Name = "Package"; Value = "CurrentFootprint"; VariantName = "3V3_to_3V3"
Change component parameters (AddParameter): Name = "Parameter1"; Value = "V"; VariantName = "3V3_to_3V3"
Change component parameters (AddParameter): Name = "Parameter1Desc"; Value = "Package Method"; VariantName = "3V3_to_3V3"
Change component parameters (AddParameter): Name = "Parameter2"; Value = "F"; VariantName = "3V3_to_3V3"
Change component parameters (AddParameter): Name = "Parameter2Desc"; Value = "Tolerance Symbol"; VariantName = "3V3_to_3V3"
Change component parameters (AddParameter): Name = "Parameter3"; Value = ""; VariantName = "3V3_to_3V3"
Change component parameters (AddParameter): Name = "Parameter3Desc"; Value = ""; VariantName = "3V3_to_3V3"
Change component parameters (AddParameter): Name = "Supplier1"; Value = "https://de.farnell.com/w/search?qualifizierungsstandard-der-automobilindustrie=aec-q200&range=inc-in-stock&st=erju"; VariantName = "3V3_to_3V3"
Change component parameters (AddParameter): Name = "Value"; Value = "0"; VariantName = "3V3_to_3V3"
Change component parameters (AddParameter): Name = "ComponentLink1Description"; Value = "Datasheet"; VariantName = "3V3_to_RS422"
Change component parameters (AddParameter): Name = "ComponentLink1URL"; Value = "https://www.mouser.de/datasheet/2/315/AOA0000C334-1314047.pdf"; VariantName = "3V3_to_RS422"
Change component parameters (AddParameter): Name = "Created"; Value = "2018_09_04_AGeiger"; VariantName = "3V3_to_RS422"
Change component parameters (AddParameter): Name = "HelpURL"; Value = "https://www.mouser.de/datasheet/2/315/AOA0000C334-1314047.pdf"; VariantName = "3V3_to_RS422"
Change component parameters (AddParameter): Name = "MaxVoltage"; Value = "100"; VariantName = "3V3_to_RS422"
Change component parameters (AddParameter): Name = "MF"; Value = "Panasonic"; VariantName = "3V3_to_RS422"
Change component parameters (AddParameter): Name = "MPN"; Value = "ERJS080R00V"; VariantName = "3V3_to_RS422"
Change component parameters (AddParameter): Name = "Package"; Value = "CurrentFootprint"; VariantName = "3V3_to_RS422"
Change component parameters (AddParameter): Name = "Parameter1"; Value = "V"; VariantName = "3V3_to_RS422"
Change component parameters (AddParameter): Name = "Parameter1Desc"; Value = "Package Method"; VariantName = "3V3_to_RS422"
Change component parameters (AddParameter): Name = "Parameter2"; Value = "F"; VariantName = "3V3_to_RS422"
Change component parameters (AddParameter): Name = "Parameter2Desc"; Value = "Tolerance Symbol"; VariantName = "3V3_to_RS422"
Change component parameters (AddParameter): Name = "Parameter3"; Value = ""; VariantName = "3V3_to_RS422"
Change component parameters (AddParameter): Name = "Parameter3Desc"; Value = ""; VariantName = "3V3_to_RS422"
Change component parameters (AddParameter): Name = "Supplier1"; Value = "https://de.farnell.com/w/search?qualifizierungsstandard-der-automobilindustrie=aec-q200&range=inc-in-stock&st=erju"; VariantName = "3V3_to_RS422"
Change component parameters (AddParameter): Name = "Value"; Value = "0"; VariantName = "3V3_to_RS422"
Change component parameters (AddParameter): Name = "ComponentLink1Description"; Value = "Datasheet"; VariantName = "RS422_to_3V3"
Change component parameters (AddParameter): Name = "ComponentLink1URL"; Value = "https://www.mouser.de/datasheet/2/315/AOA0000C334-1314047.pdf"; VariantName = "RS422_to_3V3"
Change component parameters (AddParameter): Name = "Created"; Value = "2018_09_04_AGeiger"; VariantName = "RS422_to_3V3"
Change component parameters (AddParameter): Name = "HelpURL"; Value = "https://www.mouser.de/datasheet/2/315/AOA0000C334-1314047.pdf"; VariantName = "RS422_to_3V3"
Change component parameters (AddParameter): Name = "MaxVoltage"; Value = "100"; VariantName = "RS422_to_3V3"
Change component parameters (AddParameter): Name = "MF"; Value = "Panasonic"; VariantName = "RS422_to_3V3"
Change component parameters (AddParameter): Name = "MPN"; Value = "ERJS080R00V"; VariantName = "RS422_to_3V3"
Change component parameters (AddParameter): Name = "Package"; Value = "CurrentFootprint"; VariantName = "RS422_to_3V3"
Change component parameters (AddParameter): Name = "Parameter1"; Value = "V"; VariantName = "RS422_to_3V3"
Change component parameters (AddParameter): Name = "Parameter1Desc"; Value = "Package Method"; VariantName = "RS422_to_3V3"
Change component parameters (AddParameter): Name = "Parameter2"; Value = "F"; VariantName = "RS422_to_3V3"
Change component parameters (AddParameter): Name = "Parameter2Desc"; Value = "Tolerance Symbol"; VariantName = "RS422_to_3V3"
Change component parameters (AddParameter): Name = "Parameter3"; Value = ""; VariantName = "RS422_to_3V3"
Change component parameters (AddParameter): Name = "Parameter3Desc"; Value = ""; VariantName = "RS422_to_3V3"
Change component parameters (AddParameter): Name = "Supplier1"; Value = "https://de.farnell.com/w/search?qualifizierungsstandard-der-automobilindustrie=aec-q200&range=inc-in-stock&st=erju"; VariantName = "RS422_to_3V3"
Change component parameters (AddParameter): Name = "Value"; Value = "0"; VariantName = "RS422_to_3V3"
Change component parameters: Designator = "R24"; Footprint = "RESC1608X55X30NL15T15_CONFIG"; UniqueID = "\REEOQYYS\IIHAQJIS\RETMDXMW"
Change component parameters. Clean all parameters for all variants
Change component parameters (AddParameter): Name = "ComponentLink1Description"; Value = "Datasheet"; VariantName = "[No Variations]"
Change component parameters (AddParameter): Name = "ComponentLink1URL"; Value = "https://www.mouser.de/datasheet/2/315/AOA0000C334-1314047.pdf"; VariantName = "[No Variations]"
Change component parameters (AddParameter): Name = "Created"; Value = "2018_09_04_AGeiger"; VariantName = "[No Variations]"
Change component parameters (AddParameter): Name = "HelpURL"; Value = "https://www.mouser.de/datasheet/2/315/AOA0000C334-1314047.pdf"; VariantName = "[No Variations]"
Change component parameters (AddParameter): Name = "MaxVoltage"; Value = "100"; VariantName = "[No Variations]"
Change component parameters (AddParameter): Name = "MF"; Value = "Panasonic"; VariantName = "[No Variations]"
Change component parameters (AddParameter): Name = "MPN"; Value = "ERJS030R00V"; VariantName = "[No Variations]"
Change component parameters (AddParameter): Name = "Package"; Value = "CurrentFootprint"; VariantName = "[No Variations]"
Change component parameters (AddParameter): Name = "Parameter1"; Value = "V"; VariantName = "[No Variations]"
Change component parameters (AddParameter): Name = "Parameter1Desc"; Value = "Package Method"; VariantName = "[No Variations]"
Change component parameters (AddParameter): Name = "Parameter2"; Value = "F"; VariantName = "[No Variations]"
Change component parameters (AddParameter): Name = "Parameter2Desc"; Value = "Tolerance Symbol"; VariantName = "[No Variations]"
Change component parameters (AddParameter): Name = "Parameter3"; Value = ""; VariantName = "[No Variations]"
Change component parameters (AddParameter): Name = "Parameter3Desc"; Value = ""; VariantName = "[No Variations]"
Change component parameters (AddParameter): Name = "Supplier1"; Value = "https://de.farnell.com/w/search?qualifizierungsstandard-der-automobilindustrie=aec-q200&range=inc-in-stock&st=erju"; VariantName = "[No Variations]"
Change component parameters (AddParameter): Name = "Value"; Value = "0"; VariantName = "[No Variations]"
Change component parameters (AddParameter): Name = "ComponentLink1Description"; Value = "Datasheet"; VariantName = "3V3_to_3V3"
Change component parameters (AddParameter): Name = "ComponentLink1URL"; Value = "https://www.mouser.de/datasheet/2/315/AOA0000C334-1314047.pdf"; VariantName = "3V3_to_3V3"
Change component parameters (AddParameter): Name = "Created"; Value = "2018_09_04_AGeiger"; VariantName = "3V3_to_3V3"
Change component parameters (AddParameter): Name = "HelpURL"; Value = "https://www.mouser.de/datasheet/2/315/AOA0000C334-1314047.pdf"; VariantName = "3V3_to_3V3"
Change component parameters (AddParameter): Name = "MaxVoltage"; Value = "100"; VariantName = "3V3_to_3V3"
Change component parameters (AddParameter): Name = "MF"; Value = "Panasonic"; VariantName = "3V3_to_3V3"
Change component parameters (AddParameter): Name = "MPN"; Value = "ERJS030R00V"; VariantName = "3V3_to_3V3"
Change component parameters (AddParameter): Name = "Package"; Value = "CurrentFootprint"; VariantName = "3V3_to_3V3"
Change component parameters (AddParameter): Name = "Parameter1"; Value = "V"; VariantName = "3V3_to_3V3"
Change component parameters (AddParameter): Name = "Parameter1Desc"; Value = "Package Method"; VariantName = "3V3_to_3V3"
Change component parameters (AddParameter): Name = "Parameter2"; Value = "F"; VariantName = "3V3_to_3V3"
Change component parameters (AddParameter): Name = "Parameter2Desc"; Value = "Tolerance Symbol"; VariantName = "3V3_to_3V3"
Change component parameters (AddParameter): Name = "Parameter3"; Value = ""; VariantName = "3V3_to_3V3"
Change component parameters (AddParameter): Name = "Parameter3Desc"; Value = ""; VariantName = "3V3_to_3V3"
Change component parameters (AddParameter): Name = "Supplier1"; Value = "https://de.farnell.com/w/search?qualifizierungsstandard-der-automobilindustrie=aec-q200&range=inc-in-stock&st=erju"; VariantName = "3V3_to_3V3"
Change component parameters (AddParameter): Name = "Value"; Value = "0"; VariantName = "3V3_to_3V3"
Change component parameters (AddParameter): Name = "ComponentLink1Description"; Value = "Datasheet"; VariantName = "3V3_to_15V"
Change component parameters (AddParameter): Name = "ComponentLink1URL"; Value = "https://www.mouser.de/datasheet/2/315/AOA0000C334-1314047.pdf"; VariantName = "3V3_to_15V"
Change component parameters (AddParameter): Name = "Created"; Value = "2018_09_04_AGeiger"; VariantName = "3V3_to_15V"
Change component parameters (AddParameter): Name = "HelpURL"; Value = "https://www.mouser.de/datasheet/2/315/AOA0000C334-1314047.pdf"; VariantName = "3V3_to_15V"
Change component parameters (AddParameter): Name = "MaxVoltage"; Value = "100"; VariantName = "3V3_to_15V"
Change component parameters (AddParameter): Name = "MF"; Value = "Panasonic"; VariantName = "3V3_to_15V"
Change component parameters (AddParameter): Name = "MPN"; Value = "ERJS030R00V"; VariantName = "3V3_to_15V"
Change component parameters (AddParameter): Name = "Package"; Value = "CurrentFootprint"; VariantName = "3V3_to_15V"
Change component parameters (AddParameter): Name = "Parameter1"; Value = "V"; VariantName = "3V3_to_15V"
Change component parameters (AddParameter): Name = "Parameter1Desc"; Value = "Package Method"; VariantName = "3V3_to_15V"
Change component parameters (AddParameter): Name = "Parameter2"; Value = "F"; VariantName = "3V3_to_15V"
Change component parameters (AddParameter): Name = "Parameter2Desc"; Value = "Tolerance Symbol"; VariantName = "3V3_to_15V"
Change component parameters (AddParameter): Name = "Parameter3"; Value = ""; VariantName = "3V3_to_15V"
Change component parameters (AddParameter): Name = "Parameter3Desc"; Value = ""; VariantName = "3V3_to_15V"
Change component parameters (AddParameter): Name = "Supplier1"; Value = "https://de.farnell.com/w/search?qualifizierungsstandard-der-automobilindustrie=aec-q200&range=inc-in-stock&st=erju"; VariantName = "3V3_to_15V"
Change component parameters (AddParameter): Name = "Value"; Value = "0"; VariantName = "3V3_to_15V"
Change component parameters (AddParameter): Name = "ComponentLink1Description"; Value = "Datasheet"; VariantName = "3V3_to_RS422"
Change component parameters (AddParameter): Name = "ComponentLink1URL"; Value = "https://www.mouser.de/datasheet/2/315/AOA0000C334-1314047.pdf"; VariantName = "3V3_to_RS422"
Change component parameters (AddParameter): Name = "Created"; Value = "2018_09_04_AGeiger"; VariantName = "3V3_to_RS422"
Change component parameters (AddParameter): Name = "HelpURL"; Value = "https://www.mouser.de/datasheet/2/315/AOA0000C334-1314047.pdf"; VariantName = "3V3_to_RS422"
Change component parameters (AddParameter): Name = "MaxVoltage"; Value = "100"; VariantName = "3V3_to_RS422"
Change component parameters (AddParameter): Name = "MF"; Value = "Panasonic"; VariantName = "3V3_to_RS422"
Change component parameters (AddParameter): Name = "MPN"; Value = "ERJS030R00V"; VariantName = "3V3_to_RS422"
Change component parameters (AddParameter): Name = "Package"; Value = "CurrentFootprint"; VariantName = "3V3_to_RS422"
Change component parameters (AddParameter): Name = "Parameter1"; Value = "V"; VariantName = "3V3_to_RS422"
Change component parameters (AddParameter): Name = "Parameter1Desc"; Value = "Package Method"; VariantName = "3V3_to_RS422"
Change component parameters (AddParameter): Name = "Parameter2"; Value = "F"; VariantName = "3V3_to_RS422"
Change component parameters (AddParameter): Name = "Parameter2Desc"; Value = "Tolerance Symbol"; VariantName = "3V3_to_RS422"
Change component parameters (AddParameter): Name = "Parameter3"; Value = ""; VariantName = "3V3_to_RS422"
Change component parameters (AddParameter): Name = "Parameter3Desc"; Value = ""; VariantName = "3V3_to_RS422"
Change component parameters (AddParameter): Name = "Supplier1"; Value = "https://de.farnell.com/w/search?qualifizierungsstandard-der-automobilindustrie=aec-q200&range=inc-in-stock&st=erju"; VariantName = "3V3_to_RS422"
Change component parameters (AddParameter): Name = "Value"; Value = "0"; VariantName = "3V3_to_RS422"
Change component parameters (AddParameter): Name = "ComponentLink1Description"; Value = "Datasheet"; VariantName = "RS422_to_3V3"
Change component parameters (AddParameter): Name = "ComponentLink1URL"; Value = "https://www.mouser.de/datasheet/2/315/AOA0000C334-1314047.pdf"; VariantName = "RS422_to_3V3"
Change component parameters (AddParameter): Name = "Created"; Value = "2018_09_04_AGeiger"; VariantName = "RS422_to_3V3"
Change component parameters (AddParameter): Name = "HelpURL"; Value = "https://www.mouser.de/datasheet/2/315/AOA0000C334-1314047.pdf"; VariantName = "RS422_to_3V3"
Change component parameters (AddParameter): Name = "MaxVoltage"; Value = "100"; VariantName = "RS422_to_3V3"
Change component parameters (AddParameter): Name = "MF"; Value = "Panasonic"; VariantName = "RS422_to_3V3"
Change component parameters (AddParameter): Name = "MPN"; Value = "ERJS030R00V"; VariantName = "RS422_to_3V3"
Change component parameters (AddParameter): Name = "Package"; Value = "CurrentFootprint"; VariantName = "RS422_to_3V3"
Change component parameters (AddParameter): Name = "Parameter1"; Value = "V"; VariantName = "RS422_to_3V3"
Change component parameters (AddParameter): Name = "Parameter1Desc"; Value = "Package Method"; VariantName = "RS422_to_3V3"
Change component parameters (AddParameter): Name = "Parameter2"; Value = "F"; VariantName = "RS422_to_3V3"
Change component parameters (AddParameter): Name = "Parameter2Desc"; Value = "Tolerance Symbol"; VariantName = "RS422_to_3V3"
Change component parameters (AddParameter): Name = "Parameter3"; Value = ""; VariantName = "RS422_to_3V3"
Change component parameters (AddParameter): Name = "Parameter3Desc"; Value = ""; VariantName = "RS422_to_3V3"
Change component parameters (AddParameter): Name = "Supplier1"; Value = "https://de.farnell.com/w/search?qualifizierungsstandard-der-automobilindustrie=aec-q200&range=inc-in-stock&st=erju"; VariantName = "RS422_to_3V3"
Change component parameters (AddParameter): Name = "Value"; Value = "0"; VariantName = "RS422_to_3V3"
Change component parameters: Designator = "R40"; Footprint = "RESCAXE-50P380X160X45-16N"; UniqueID = "\GEIJMUXU\DTNUUHGB"
Change component parameters. Clean all parameters for all variants
Change component parameters (AddParameter): Name = "ComponentLink1Description"; Value = "Datasheet"; VariantName = "[No Variations]"
Change component parameters (AddParameter): Name = "ComponentLink1URL"; Value = "https://www.mouser.de/datasheet/2/315/AOC0000C14-1108062.pdf"; VariantName = "[No Variations]"
Change component parameters (AddParameter): Name = "ComponentLink2Description"; Value = "Landpattern"; VariantName = "[No Variations]"
Change component parameters (AddParameter): Name = "ComponentLink2URL"; Value = "https://industrial.panasonic.com/cdbs/www-data/pdf/AOC0000/AOC0000COL4.pdf"; VariantName = "[No Variations]"
Change component parameters (AddParameter): Name = "Created"; Value = "2020-01-03_Thilo_Wendt"; VariantName = "[No Variations]"
Change component parameters (AddParameter): Name = "HelpURL"; Value = "https://www.mouser.de/datasheet/2/315/AOC0000C14-1108062.pdf"; VariantName = "[No Variations]"
Change component parameters (AddParameter): Name = "MaxVoltage"; Value = "100"; VariantName = "[No Variations]"
Change component parameters (AddParameter): Name = "MF"; Value = "Panasonic"; VariantName = "[No Variations]"
Change component parameters (AddParameter): Name = "MPN"; Value = "EXB2HVR000V"; VariantName = "[No Variations]"
Change component parameters (AddParameter): Name = "Package"; Value = "CurrentFootprint"; VariantName = "[No Variations]"
Change component parameters (AddParameter): Name = "Parameter1"; Value = "V"; VariantName = "[No Variations]"
Change component parameters (AddParameter): Name = "Parameter1Desc"; Value = "Package Method"; VariantName = "[No Variations]"
Change component parameters (AddParameter): Name = "Parameter2"; Value = "J"; VariantName = "[No Variations]"
Change component parameters (AddParameter): Name = "Parameter2Desc"; Value = "Tolerance Symbol"; VariantName = "[No Variations]"
Change component parameters (AddParameter): Name = "Value"; Value = "0"; VariantName = "[No Variations]"
