Removed Pin From Net: NetName=DIG_O_15V_A1 Pin=NT1-1
Removed Pin From Net: NetName=DIG_I_DIFF_A_P1 Pin=NT1-2
Removed Pin From Net: NetName=DIG_O_15V_B1 Pin=NT2-1
Removed Pin From Net: NetName=DIG_I_DIFF_B_P1 Pin=NT2-2
Removed Pin From Net: NetName=DIG_O_15V_C1 Pin=NT3-1
Removed Pin From Net: NetName=DIG_I_DIFF_C_P1 Pin=NT3-2
Removed Pin From Net: NetName=DIG_O_15V_D1 Pin=NT4-1
Removed Pin From Net: NetName=DIG_I_DIFF_D_P1 Pin=NT4-2
Removed Pin From Net: NetName=DIG_O_15V_F1 Pin=NT6-1
Removed Pin From Net: NetName=DIG_I_DIFF_B_P2 Pin=NT6-2
Removed Pin From Net: NetName=DIG_O_15V_B2 Pin=NT8-1
Removed Pin From Net: NetName=DIG_I_DIFF_D_P2 Pin=NT8-2
Removed Pin From Net: NetName=DIG_O_15V_C2 Pin=NT9-1
Removed Pin From Net: NetName=DIG_I_DIFF_A_P3 Pin=NT9-2
Removed Pin From Net: NetName=DIG_O_15V_E2 Pin=NT11-1
Removed Pin From Net: NetName=DIG_I_DIFF_C_P3 Pin=NT11-2
Removed Pin From Net: NetName=DIG_O_15V_F2 Pin=NT12-1
Removed Pin From Net: NetName=DIG_I_DIFF_D_P3 Pin=NT12-2
Removed Pin From Net: NetName=DIG_O_15V_A3 Pin=NT13-1
Removed Pin From Net: NetName=DIG_I_DIFF_A_P4 Pin=NT13-2
Removed Pin From Net: NetName=DIG_O_15V_B3 Pin=NT14-1
Removed Pin From Net: NetName=DIG_I_DIFF_B_P4 Pin=NT14-2
Removed Pin From Net: NetName=DIG_O_15V_E3 Pin=NT17-1
Removed Pin From Net: NetName=DIG_I_DIFF_A_P5 Pin=NT17-2
Removed Pin From Net: NetName=DIG_O_15V_F3 Pin=NT18-1
Removed Pin From Net: NetName=DIG_I_DIFF_B_P5 Pin=NT18-2
Removed Pin From Net: NetName=DIG_O_15V_B4 Pin=NT20-1
Removed Pin From Net: NetName=DIG_I_DIFF_D_P5 Pin=NT20-2
Removed Pin From Net: NetName=DIG_O_15V_E4 Pin=NT23-1
Removed Pin From Net: NetName=DIG_I_DIFF_C_P6 Pin=NT23-2
Removed Pin From Net: NetName=DIG_O_15V_F4 Pin=NT24-1
Removed Pin From Net: NetName=DIG_I_DIFF_D_P6 Pin=NT24-2
Removed Pin From Net: NetName=DIG_O_15V_A5 Pin=NT25-1
Removed Pin From Net: NetName=DIG_I_DIFF_A_P7 Pin=NT25-2
Removed Pin From Net: NetName=DIG_O_15V_C5 Pin=NT27-1
Removed Pin From Net: NetName=DIG_I_DIFF_C_P7 Pin=NT27-2
Removed Pin From Net: NetName=DIG_O_15V_E5 Pin=NT29-1
Removed Pin From Net: NetName=DIG_I_DIFF_A_P8 Pin=NT29-2
Removed Pin From Net: NetName=DIG_O_15V_F5 Pin=NT30-1
Removed Pin From Net: NetName=DIG_I_DIFF_C_P8 Pin=NT30-2
Removed Pin From Net: NetName=GND Pin=R3-1
Removed Pin From Net: NetName=GND Pin=R3-2
Removed Pin From Net: NetName=GND Pin=R3-3
Removed Pin From Net: NetName=GND Pin=R3-4
Removed Pin From Net: NetName=GND Pin=R3-5
Removed Pin From Net: NetName=GND Pin=R3-6
Removed Pin From Net: NetName=GND Pin=R3-7
Removed Pin From Net: NetName=GND Pin=R3-8
Removed Pin From Net: NetName=DIG_IO_N8 Pin=R3-9
Removed Pin From Net: NetName=DIG_IO_N7 Pin=R3-10
Removed Pin From Net: NetName=DIG_IO_N6 Pin=R3-11
Removed Pin From Net: NetName=DIG_IO_N5 Pin=R3-12
Removed Pin From Net: NetName=DIG_IO_N4 Pin=R3-13
Removed Pin From Net: NetName=DIG_IO_N3 Pin=R3-14
Removed Pin From Net: NetName=DIG_IO_N2 Pin=R3-15
Removed Pin From Net: NetName=DIG_IO_N1 Pin=R3-16
Removed Pin From Net: NetName=GND Pin=R4-1
Removed Pin From Net: NetName=GND Pin=R4-2
Removed Pin From Net: NetName=GND Pin=R4-3
Removed Pin From Net: NetName=GND Pin=R4-4
Removed Pin From Net: NetName=GND Pin=R4-5
Removed Pin From Net: NetName=GND Pin=R4-8
Removed Pin From Net: NetName=DIG_IO_N14 Pin=R4-9
Removed Pin From Net: NetName=DIG_IO_N13 Pin=R4-12
Removed Pin From Net: NetName=DIG_IO_N12 Pin=R4-13
Removed Pin From Net: NetName=DIG_IO_N11 Pin=R4-14
Removed Pin From Net: NetName=DIG_IO_N10 Pin=R4-15
Removed Pin From Net: NetName=DIG_IO_N9 Pin=R4-16
Removed Pin From Net: NetName=GND Pin=R5-1
Removed Pin From Net: NetName=GND Pin=R5-2
Removed Pin From Net: NetName=GND Pin=R5-3
Removed Pin From Net: NetName=GND Pin=R5-4
Removed Pin From Net: NetName=GND Pin=R5-5
Removed Pin From Net: NetName=GND Pin=R5-6
Removed Pin From Net: NetName=GND Pin=R5-7
Removed Pin From Net: NetName=GND Pin=R5-8
Removed Pin From Net: NetName=DIG_IO_N22 Pin=R5-9
Removed Pin From Net: NetName=DIG_IO_N21 Pin=R5-10
Removed Pin From Net: NetName=DIG_IO_N20 Pin=R5-11
Removed Pin From Net: NetName=DIG_IO_N19 Pin=R5-12
Removed Pin From Net: NetName=DIG_IO_N18 Pin=R5-13
Removed Pin From Net: NetName=DIG_IO_N17 Pin=R5-14
Removed Pin From Net: NetName=DIG_IO_N16 Pin=R5-15
Removed Pin From Net: NetName=DIG_IO_N15 Pin=R5-16
Removed Pin From Net: NetName=GND Pin=R6-1
Removed Pin From Net: NetName=GND Pin=R6-2
Removed Pin From Net: NetName=GND Pin=R6-3
Removed Pin From Net: NetName=GND Pin=R6-4
Removed Pin From Net: NetName=GND Pin=R6-5
Removed Pin From Net: NetName=GND Pin=R6-6
Removed Pin From Net: NetName=GND Pin=R6-7
Removed Pin From Net: NetName=GND Pin=R6-8
Removed Pin From Net: NetName=DIG_IO_N30 Pin=R6-9
Removed Pin From Net: NetName=DIG_IO_N29 Pin=R6-10
Removed Pin From Net: NetName=DIG_IO_N28 Pin=R6-11
Removed Pin From Net: NetName=DIG_IO_N27 Pin=R6-12
Removed Pin From Net: NetName=DIG_IO_N26 Pin=R6-13
Removed Pin From Net: NetName=DIG_IO_N25 Pin=R6-14
Removed Pin From Net: NetName=DIG_IO_N24 Pin=R6-15
Removed Pin From Net: NetName=DIG_IO_N23 Pin=R6-16
Removed Pin From Net: NetName=1A8A Pin=R18-1
Removed Pin From Net: NetName=1A7A Pin=R18-2
Removed Pin From Net: NetName=1A6A Pin=R18-3
Removed Pin From Net: NetName=1A5A Pin=R18-4
Removed Pin From Net: NetName=1A4A Pin=R18-5
Removed Pin From Net: NetName=1A3A Pin=R18-6
Removed Pin From Net: NetName=1A2A Pin=R18-7
Removed Pin From Net: NetName=1A1A Pin=R18-8
Removed Pin From Net: NetName=DIG_IO_5V_F5 Pin=R18-9
Removed Pin From Net: NetName=DIG_IO_5V_E5 Pin=R18-10
Removed Pin From Net: NetName=DIG_IO_5V_D5 Pin=R18-11
Removed Pin From Net: NetName=DIG_IO_5V_C5 Pin=R18-12
Removed Pin From Net: NetName=DIG_IO_5V_B5 Pin=R18-13
Removed Pin From Net: NetName=DIG_IO_5V_A5 Pin=R18-14
Removed Pin From Net: NetName=DIG_IO_5V_F4 Pin=R18-15
Removed Pin From Net: NetName=DIG_IO_5V_E4 Pin=R18-16
Removed Pin From Net: NetName=1A2B Pin=R19-1
Removed Pin From Net: NetName=1A1B Pin=R19-2
Removed Pin From Net: NetName=2A6A Pin=R19-3
Removed Pin From Net: NetName=2A5A Pin=R19-4
Removed Pin From Net: NetName=2A4A Pin=R19-5
Removed Pin From Net: NetName=2A3A Pin=R19-6
Removed Pin From Net: NetName=2A2A Pin=R19-7
Removed Pin From Net: NetName=2A1A Pin=R19-8
Removed Pin From Net: NetName=DIG_IO_5V_D4 Pin=R19-9
Removed Pin From Net: NetName=DIG_IO_5V_C4 Pin=R19-10
Removed Pin From Net: NetName=DIG_IO_5V_B4 Pin=R19-11
Removed Pin From Net: NetName=DIG_IO_5V_A4 Pin=R19-12
Removed Pin From Net: NetName=DIG_IO_5V_F3 Pin=R19-13
Removed Pin From Net: NetName=DIG_IO_5V_E3 Pin=R19-14
Removed Pin From Net: NetName=DIG_IO_5V_D3 Pin=R19-15
Removed Pin From Net: NetName=DIG_IO_5V_C3 Pin=R19-16
Removed Pin From Net: NetName=2A2B Pin=R20-1
Removed Pin From Net: NetName=2A1B Pin=R20-2
Removed Pin From Net: NetName=1A8B Pin=R20-3
Removed Pin From Net: NetName=1A7B Pin=R20-4
Removed Pin From Net: NetName=1A6B Pin=R20-5
Removed Pin From Net: NetName=1A5B Pin=R20-6
Removed Pin From Net: NetName=1A4B Pin=R20-7
Removed Pin From Net: NetName=1A3B Pin=R20-8
Removed Pin From Net: NetName=DIG_IO_5V_B3 Pin=R20-9
Removed Pin From Net: NetName=DIG_IO_5V_A3 Pin=R20-10
Removed Pin From Net: NetName=DIG_IO_5V_F2 Pin=R20-11
Removed Pin From Net: NetName=DIG_IO_5V_E2 Pin=R20-12
Removed Pin From Net: NetName=DIG_IO_5V_D2 Pin=R20-13
Removed Pin From Net: NetName=DIG_IO_5V_C2 Pin=R20-14
Removed Pin From Net: NetName=DIG_IO_5V_B2 Pin=R20-15
Removed Pin From Net: NetName=DIG_IO_5V_A2 Pin=R20-16
Removed Pin From Net: NetName=UNTERM29 Pin=R29-4
Removed Pin From Net: NetName=DIG_IO_P29 Pin=R29-13
Removed Member From Class: ClassName=LS5V_A Member=R6A
Removed Member From Class: ClassName=LS5V_B Member=R6B
Removed Member From Class: ClassName=LS5V_A Member=R7A
Removed Member From Class: ClassName=LS5V_A Member=R8A
Removed Member From Class: ClassName=LS5V_B Member=R8B
Change Component Footprint: Designator=C3 Old Footprint=CAPC2013X140X50ML15T20 New Footprint=CAPC1608X95X40NL15T15
Change Component Footprint: Designator=C4 Old Footprint=CAPC2013X140X50ML15T20 New Footprint=CAPC1608X95X40NL15T15
Change Component Footprint: Designator=C5 Old Footprint=CAPC2013X140X50ML15T20 New Footprint=CAPC1608X95X40NL15T15
Change Component Footprint: Designator=C6 Old Footprint=CAPC2013X140X50ML15T20 New Footprint=CAPC1608X95X40NL15T15
Change Component Footprint: Designator=C1 Old Footprint=CAPC3216X180X50ML20T25 New Footprint=CAPC2013X140X50NL15T20
Change Component Footprint: Designator=C2 Old Footprint=CAPC3216X180X50ML20T25 New Footprint=CAPC2013X140X50NL15T20
Change Component Footprint: Designator=C3 Old Footprint=CAPC3216X180X50ML20T25 New Footprint=CAPC2013X140X50NL15T20
Change Component Footprint: Designator=C4 Old Footprint=CAPC3216X180X50ML20T25 New Footprint=CAPC2013X140X50NL15T20
Change Component Footprint: Designator=C5 Old Footprint=CAPC3216X180X50ML20T25 New Footprint=CAPC2013X140X50NL15T20
Change Component Footprint: Designator=C6 Old Footprint=CAPC3216X180X50ML20T25 New Footprint=CAPC2013X140X50NL15T20
Change Component Footprint: Designator=C7 Old Footprint=CAPC3216X180X50ML20T25 New Footprint=CAPC2013X140X50NL15T20
Change Component Footprint: Designator=C8 Old Footprint=CAPC3216X180X50ML20T25 New Footprint=CAPC2013X140X50NL15T20
Change Component Footprint: Designator=C9 Old Footprint=CAPC3216X180X50ML20T25 New Footprint=CAPC2013X140X50NL15T20
Change Component Footprint: Designator=C10 Old Footprint=CAPC3216X180X50ML20T25 New Footprint=CAPC2013X140X50NL15T20
Change Component Footprint: Designator=C11 Old Footprint=CAPC3216X180X50ML20T25 New Footprint=CAPC2013X140X50NL15T20
Change Component Footprint: Designator=C12 Old Footprint=CAPC3216X180X50ML20T25 New Footprint=CAPC2013X140X50NL15T20
Change Component Footprint: Designator=C13 Old Footprint=CAPC3216X180X50ML20T25 New Footprint=CAPC2013X140X50NL15T20
Change Component Footprint: Designator=C14 Old Footprint=CAPC3216X180X50ML20T25 New Footprint=CAPC2013X140X50NL15T20
Change Component Footprint: Designator=C15 Old Footprint=CAPC3216X180X50ML20T25 New Footprint=CAPC2013X140X50NL15T20
Change Component Footprint: Designator=C16 Old Footprint=CAPC3216X180X50ML20T25 New Footprint=CAPC2013X140X50NL15T20
Change Component Footprint: Designator=R24 Old Footprint=RESC3216X70X50LL20T25_CONFIG New Footprint=RESC1608X55X30NL15T15_CONFIG
Change Component Comment : Designator=D1 Old Comment=#NAME? New Comment=LED_Amber
Change Component Comment : Designator=D2 Old Comment=#NAME? New Comment=LED_Blue
Change Component Comment : Designator=D3 Old Comment=#NAME? New Comment=LED_Green
Change Component Comment : Designator=D4 Old Comment=#NAME? New Comment=LED_red
Change Component Comment : Designator=D5 Old Comment=#NAME? New Comment=LED_Yellow
Change Component Comment : Designator=R1 Old Comment=0.1W New Comment=R_TF
Change Component Comment : Designator=R2 Old Comment=0.1W New Comment=R_TF
Change Component Comment : Designator=R3A Old Comment=0.1W New Comment=R_TF
Change Component Comment : Designator=R3B Old Comment=0.1W New Comment=R_TF
Change Component Comment : Designator=R3C Old Comment=0.1W New Comment=R_TF
Change Component Comment : Designator=R3D Old Comment=0.1W New Comment=R_TF
Change Component Comment : Designator=R3E Old Comment=0.1W New Comment=R_TF
Change Component Comment : Designator=R4A Old Comment=0.1W New Comment=R_TF
Change Component Comment : Designator=R4B Old Comment=0.1W New Comment=R_TF
Change Component Comment : Designator=R4C Old Comment=0.1W New Comment=R_TF
Change Component Comment : Designator=R4D Old Comment=0.1W New Comment=R_TF
Change Component Comment : Designator=R4E Old Comment=0.1W New Comment=R_TF
Change Component Comment : Designator=R5A Old Comment=0.1W New Comment=R_TF
Change Component Comment : Designator=R5B Old Comment=0.1W New Comment=R_TF
Change Component Comment : Designator=R5C Old Comment=0.1W New Comment=R_TF
Change Component Comment : Designator=R5D Old Comment=0.1W New Comment=R_TF
Change Component Comment : Designator=R5E Old Comment=0.1W New Comment=R_TF
Change Component Comment : Designator=R6A Old Comment=0.1W New Comment=R_TF
Change Component Comment : Designator=R6B Old Comment=0.1W New Comment=R_TF
Change Component Comment : Designator=R6C Old Comment=0.1W New Comment=R_TF
Change Component Comment : Designator=R6D Old Comment=0.1W New Comment=R_TF
Change Component Comment : Designator=R6E Old Comment=0.1W New Comment=R_TF
Change Component Comment : Designator=R7A Old Comment=0.1W New Comment=R_TF
Change Component Comment : Designator=R7B Old Comment=0.1W New Comment=R_TF
Change Component Comment : Designator=R7C Old Comment=0.1W New Comment=R_TF
Change Component Comment : Designator=R7D Old Comment=0.1W New Comment=R_TF
Change Component Comment : Designator=R7E Old Comment=0.1W New Comment=R_TF
Change Component Comment : Designator=R8A Old Comment=0.1W New Comment=R_TF
Change Component Comment : Designator=R8B Old Comment=0.1W New Comment=R_TF
Change Component Comment : Designator=R8C Old Comment=0.1W New Comment=R_TF
Change Component Comment : Designator=R8D Old Comment=0.1W New Comment=R_TF
Change Component Comment : Designator=R8E Old Comment=0.1W New Comment=R_TF
Change Component Comment : Designator=R9 Old Comment=0.1W New Comment=R_TF
Change Component Comment : Designator=R10 Old Comment=0.1W New Comment=R_TF
Change Component Comment : Designator=R11 Old Comment=0.1W New Comment=R_TF
Change Component Comment : Designator=R12 Old Comment=0.1W New Comment=R_TF
Change Component Comment : Designator=R13 Old Comment=0.1W New Comment=R_TF
Change Component Comment : Designator=R24 Old Comment=0.1W New Comment=R_TF
Change Component Comment : Designator=R32A Old Comment=0.1W New Comment=R_TF
Change Component Comment : Designator=R32B Old Comment=0.1W New Comment=R_TF
Change Component Comment : Designator=R33A Old Comment=0.1W New Comment=R_TF
Change Component Comment : Designator=R33B Old Comment=0.1W New Comment=R_TF
Change Component Comment : Designator=R34A Old Comment=0.1W New Comment=R_TF
Change Component Comment : Designator=R34B Old Comment=0.1W New Comment=R_TF
Change Component Comment : Designator=R35A Old Comment=0.1W New Comment=R_TF
Change Component Comment : Designator=R35B Old Comment=0.1W New Comment=R_TF
Change Component Comment : Designator=R23 Old Comment=0.5W New Comment=R_TF
Change Component Comment : Designator=R3 Old Comment=0.063W New Comment=R_ARRAY
Change Component Comment : Designator=R4 Old Comment=0.063W New Comment=R_ARRAY
Change Component Comment : Designator=R5 Old Comment=0.063W New Comment=R_ARRAY
Change Component Comment : Designator=R6 Old Comment=0.063W New Comment=R_ARRAY
Change Component Comment : Designator=R15 Old Comment=0.063W New Comment=R_ARRAY
Change Component Comment : Designator=R16 Old Comment=0.063W New Comment=R_ARRAY
Change Component Comment : Designator=R17 Old Comment=0.063W New Comment=R_ARRAY
Change Component Comment : Designator=R18 Old Comment=0.063W New Comment=R_ARRAY
Change Component Comment : Designator=R18 Old Comment=0.063W New Comment=R_ARRAY
Change Component Comment : Designator=R19 Old Comment=0.063W New Comment=R_ARRAY
Change Component Comment : Designator=R19 Old Comment=0.063W New Comment=R_ARRAY
Change Component Comment : Designator=R20 Old Comment=0.063W New Comment=R_ARRAY
Change Component Comment : Designator=R20 Old Comment=0.063W New Comment=R_ARRAY
Change Component Comment : Designator=R21 Old Comment=0.063W New Comment=R_ARRAY
Change Component Comment : Designator=R22 Old Comment=0.063W New Comment=R_ARRAY
Change Component Comment : Designator=R29 Old Comment=0.063W New Comment=R_ARRAY
Change Component Comment : Designator=R40 Old Comment=0.063W New Comment=R_ARRAY
Change Component Comment : Designator=P10 Old Comment=3V3 New Comment=?
Change Component Comment : Designator=P11 Old Comment=5V New Comment=?
Change Component Comment : Designator=P12 Old Comment=15V New Comment=?
Change Component Comment : Designator=C1 Old Comment=ALEL SMD New Comment=C_ALEL
Change Component Comment : Designator=C2 Old Comment=ALEL SMD New Comment=C_ALEL
Change Component Comment : Designator=P1 Old Comment=GND New Comment=?
Change Component Comment : Designator=P2 Old Comment=GND New Comment=?
Change Component Comment : Designator=P3 Old Comment=GND New Comment=?
Change Component Comment : Designator=P4 Old Comment=GND New Comment=?
Change Component Comment : Designator=P5 Old Comment=GND New Comment=?
Change Component Comment : Designator=P6 Old Comment=GND New Comment=?
Change Component Comment : Designator=P7 Old Comment=GND New Comment=?
Change Component Comment : Designator=P8 Old Comment=GND New Comment=?
Change Component Comment : Designator=P9 Old Comment=GND New Comment=?
Change Component Comment : Designator=U6A Old Comment=SN74LVCH16T245 New Comment=SN74LVCH16T245DLR
Change Component Comment : Designator=U6B Old Comment=SN74LVCH16T245 New Comment=SN74LVCH16T245DLR
Change Component Comment : Designator=P13 Old Comment=VIN New Comment=?
Change Component Comment : Designator=C1 Old Comment=X7R SMD New Comment=C_X7R
Change Component Comment : Designator=C2 Old Comment=X7R SMD New Comment=C_X7R
Change Component Comment : Designator=C3 Old Comment=X7R SMD New Comment=C_X7R
Change Component Comment : Designator=C3 Old Comment=X7R SMD New Comment=C_X7R
Change Component Comment : Designator=C4 Old Comment=X7R SMD New Comment=C_X7R
Change Component Comment : Designator=C4 Old Comment=X7R SMD New Comment=C_X7R
Change Component Comment : Designator=C5 Old Comment=X7R SMD New Comment=C_X7R
Change Component Comment : Designator=C5 Old Comment=X7R SMD New Comment=C_X7R
Change Component Comment : Designator=C6 Old Comment=X7R SMD New Comment=C_X7R
Change Component Comment : Designator=C6 Old Comment=X7R SMD New Comment=C_X7R
Change Component Comment : Designator=C7 Old Comment=X7R SMD New Comment=C_X7R
Change Component Comment : Designator=C8 Old Comment=X7R SMD New Comment=C_X7R
Change Component Comment : Designator=C9 Old Comment=X7R SMD New Comment=C_X7R
Change Component Comment : Designator=C10 Old Comment=X7R SMD New Comment=C_X7R
Change Component Comment : Designator=C11 Old Comment=X7R SMD New Comment=C_X7R
Change Component Comment : Designator=C12 Old Comment=X7R SMD New Comment=C_X7R
Change Component Comment : Designator=C13 Old Comment=X7R SMD New Comment=C_X7R
Change Component Comment : Designator=C14 Old Comment=X7R SMD New Comment=C_X7R
Change Component Comment : Designator=C15 Old Comment=X7R SMD New Comment=C_X7R
Change Component Comment : Designator=C16 Old Comment=X7R SMD New Comment=C_X7R
Change Component Kind : Designator=Revision Old Kind=Standard New Kind=Standard (No BOM)
Change Component Kind : Designator=Project Old Kind=Standard New Kind=Standard (No BOM)
Change Component Kind : Designator=LOGO1 Old Kind=Standard New Kind=Standard (No BOM)
Change Component Kind : Designator=Designer Old Kind=Standard New Kind=Standard (No BOM)
Change component parameters: Designator = "P1"; Footprint = "PinHeader1"; UniqueID = "\GEIJMUXU\KEBPFNQS"
Change component parameters. Clean all parameters for all variants
Change component parameters (AddParameter): Name = "Created"; Value = "2020-01-08_Thilo_Wendt"; VariantName = "[No Variations]"
Change component parameters (AddParameter): Name = "Net"; Value = "?"; VariantName = "[No Variations]"
Change component parameters: Designator = "P2"; Footprint = "PinHeader1"; UniqueID = "\GEIJMUXU\QNSVZBTD"
Change component parameters. Clean all parameters for all variants
Change component parameters (AddParameter): Name = "Created"; Value = "2020-01-08_Thilo_Wendt"; VariantName = "[No Variations]"
Change component parameters (AddParameter): Name = "Net"; Value = "?"; VariantName = "[No Variations]"
Change component parameters: Designator = "P3"; Footprint = "PinHeader1"; UniqueID = "\GEIJMUXU\PVLQTXTR"
Change component parameters. Clean all parameters for all variants
Change component parameters (AddParameter): Name = "Created"; Value = "2020-01-08_Thilo_Wendt"; VariantName = "[No Variations]"
Change component parameters (AddParameter): Name = "Net"; Value = "?"; VariantName = "[No Variations]"
Change component parameters: Designator = "P4"; Footprint = "PinHeader1"; UniqueID = "\GEIJMUXU\MEDWIYFN"
Change component parameters. Clean all parameters for all variants
Change component parameters (AddParameter): Name = "Created"; Value = "2020-01-08_Thilo_Wendt"; VariantName = "[No Variations]"
Change component parameters (AddParameter): Name = "Net"; Value = "?"; VariantName = "[No Variations]"
Change component parameters: Designator = "P5"; Footprint = "PinHeader1"; UniqueID = "\GEIJMUXU\ELCMECQQ"
Change component parameters. Clean all parameters for all variants
Change component parameters (AddParameter): Name = "Created"; Value = "2020-01-08_Thilo_Wendt"; VariantName = "[No Variations]"
Change component parameters (AddParameter): Name = "Net"; Value = "?"; VariantName = "[No Variations]"
Change component parameters: Designator = "P6"; Footprint = "PinHeader1"; UniqueID = "\GEIJMUXU\PTNDQPER"
Change component parameters. Clean all parameters for all variants
Change component parameters (AddParameter): Name = "Created"; Value = "2020-01-08_Thilo_Wendt"; VariantName = "[No Variations]"
Change component parameters (AddParameter): Name = "Net"; Value = "?"; VariantName = "[No Variations]"
Change component parameters: Designator = "P7"; Footprint = "PinHeader1"; UniqueID = "\GEIJMUXU\UIGSJQBG"
Change component parameters. Clean all parameters for all variants
Change component parameters (AddParameter): Name = "Created"; Value = "2020-01-08_Thilo_Wendt"; VariantName = "[No Variations]"
Change component parameters (AddParameter): Name = "Net"; Value = "?"; VariantName = "[No Variations]"
Change component parameters: Designator = "P8"; Footprint = "PinHeader1"; UniqueID = "\GEIJMUXU\OYCZADNI"
Change component parameters. Clean all parameters for all variants
Change component parameters (AddParameter): Name = "Created"; Value = "2020-01-08_Thilo_Wendt"; VariantName = "[No Variations]"
Change component parameters (AddParameter): Name = "Net"; Value = "?"; VariantName = "[No Variations]"
Change component parameters: Designator = "P9"; Footprint = "PinHeader1"; UniqueID = "\GEIJMUXU\NMWLPHUU"
Change component parameters. Clean all parameters for all variants
Change component parameters (AddParameter): Name = "Created"; Value = "2020-01-08_Thilo_Wendt"; VariantName = "[No Variations]"
Change component parameters (AddParameter): Name = "Net"; Value = "?"; VariantName = "[No Variations]"
Change component parameters: Designator = "P10"; Footprint = "PinHeader1"; UniqueID = "\GEIJMUXU\YEDRFDIY"
Change component parameters. Clean all parameters for all variants
Change component parameters (AddParameter): Name = "Created"; Value = "2020-01-08_Thilo_Wendt"; VariantName = "[No Variations]"
Change component parameters (AddParameter): Name = "Net"; Value = "?"; VariantName = "[No Variations]"
Change component parameters: Designator = "P11"; Footprint = "PinHeader1"; UniqueID = "\GEIJMUXU\QERERLJJ"
Change component parameters. Clean all parameters for all variants
Change component parameters (AddParameter): Name = "Created"; Value = "2020-01-08_Thilo_Wendt"; VariantName = "[No Variations]"
Change component parameters (AddParameter): Name = "Net"; Value = "?"; VariantName = "[No Variations]"
Change component parameters: Designator = "P12"; Footprint = "PinHeader1"; UniqueID = "\GEIJMUXU\GQXYOQHV"
Change component parameters. Clean all parameters for all variants
Change component parameters (AddParameter): Name = "Created"; Value = "2020-01-08_Thilo_Wendt"; VariantName = "[No Variations]"
Change component parameters (AddParameter): Name = "Net"; Value = "?"; VariantName = "[No Variations]"
Change component parameters: Designator = "P13"; Footprint = "PinHeader1"; UniqueID = "\GEIJMUXU\YLOXJTPK"
Change component parameters. Clean all parameters for all variants
Change component parameters (AddParameter): Name = "Created"; Value = "2020-01-08_Thilo_Wendt"; VariantName = "[No Variations]"
Change component parameters (AddParameter): Name = "Net"; Value = "?"; VariantName = "[No Variations]"
Change component parameters: Designator = "R18"; Footprint = "RESCAXE-50P380X160X45-16N"; UniqueID = "\REEOQYYS\IIHAQJIS\EKLSFHDT\CFQQIFGU"
Change component parameters. Clean all parameters for all variants
Change component parameters (AddParameter): Name = "ComponentLink1Description"; Value = "Datasheet"; VariantName = "[No Variations]"
Change component parameters (AddParameter): Name = "ComponentLink1URL"; Value = "https://www.mouser.de/datasheet/2/315/AOC0000C14-1108062.pdf"; VariantName = "[No Variations]"
Change component parameters (AddParameter): Name = "ComponentLink2Description"; Value = "Landpattern"; VariantName = "[No Variations]"
Change component parameters (AddParameter): Name = "ComponentLink2URL"; Value = "https://industrial.panasonic.com/cdbs/www-data/pdf/AOC0000/AOC0000COL4.pdf"; VariantName = "[No Variations]"
Change component parameters (AddParameter): Name = "Created"; Value = "2020-01-03_Thilo_Wendt"; VariantName = "[No Variations]"
Change component parameters (AddParameter): Name = "HelpURL"; Value = "https://www.mouser.de/datasheet/2/315/AOC0000C14-1108062.pdf"; VariantName = "[No Variations]"
Change component parameters (AddParameter): Name = "Manufacturer1"; Value = "Panasonic"; VariantName = "[No Variations]"
Change component parameters (AddParameter): Name = "MaxVoltage"; Value = "100"; VariantName = "[No Variations]"
Change component parameters (AddParameter): Name = "MPN1"; Value = "EXB2HV<2dig_res+#zeros><tol/jumper>V"; VariantName = "[No Variations]"
Change component parameters (AddParameter): Name = "Package"; Value = "CurrentFootprint"; VariantName = "[No Variations]"
Change component parameters (AddParameter): Name = "Parameter1"; Value = "V"; VariantName = "[No Variations]"
Change component parameters (AddParameter): Name = "Parameter1Desc"; Value = "Package Method"; VariantName = "[No Variations]"
Change component parameters (AddParameter): Name = "Parameter2"; Value = "J"; VariantName = "[No Variations]"
Change component parameters (AddParameter): Name = "Parameter2Desc"; Value = "Tolerance Symbol"; VariantName = "[No Variations]"
Change component parameters (AddParameter): Name = "Parameter3"; Value = ""; VariantName = "[No Variations]"
Change component parameters (AddParameter): Name = "Parameter3Desc"; Value = ""; VariantName = "[No Variations]"
Change component parameters (AddParameter): Name = "Supplier1"; Value = "https://de.farnell.com/w/search?range=inc-in-stock&st=exb2hv"; VariantName = "[No Variations]"
Change component parameters (AddParameter): Name = "Value"; Value = "?"; VariantName = "[No Variations]"
Change component parameters (AddParameter): Name = "ComponentLink1Description"; Value = "Datasheet"; VariantName = "3V3_to_5V"
Change component parameters (AddParameter): Name = "ComponentLink1URL"; Value = "https://www.mouser.de/datasheet/2/315/AOC0000C14-1108062.pdf"; VariantName = "3V3_to_5V"
Change component parameters (AddParameter): Name = "ComponentLink2Description"; Value = "Landpattern"; VariantName = "3V3_to_5V"
Change component parameters (AddParameter): Name = "ComponentLink2URL"; Value = "https://industrial.panasonic.com/cdbs/www-data/pdf/AOC0000/AOC0000COL4.pdf"; VariantName = "3V3_to_5V"
Change component parameters (AddParameter): Name = "Created"; Value = "2020-01-03_Thilo_Wendt"; VariantName = "3V3_to_5V"
Change component parameters (AddParameter): Name = "HelpURL"; Value = "https://www.mouser.de/datasheet/2/315/AOC0000C14-1108062.pdf"; VariantName = "3V3_to_5V"
Change component parameters (AddParameter): Name = "Manufacturer1"; Value = "Panasonic"; VariantName = "3V3_to_5V"
Change component parameters (AddParameter): Name = "MaxVoltage"; Value = "100"; VariantName = "3V3_to_5V"
Change component parameters (AddParameter): Name = "MPN1"; Value = "EXB2HV<2dig_res+#zeros><tol/jumper>V"; VariantName = "3V3_to_5V"
Change component parameters (AddParameter): Name = "Package"; Value = "CurrentFootprint"; VariantName = "3V3_to_5V"
Change component parameters (AddParameter): Name = "Parameter1"; Value = "V"; VariantName = "3V3_to_5V"
Change component parameters (AddParameter): Name = "Parameter1Desc"; Value = "Package Method"; VariantName = "3V3_to_5V"
Change component parameters (AddParameter): Name = "Parameter2"; Value = "J"; VariantName = "3V3_to_5V"
Change component parameters (AddParameter): Name = "Parameter2Desc"; Value = "Tolerance Symbol"; VariantName = "3V3_to_5V"
Change component parameters (AddParameter): Name = "Parameter3"; Value = ""; VariantName = "3V3_to_5V"
Change component parameters (AddParameter): Name = "Parameter3Desc"; Value = ""; VariantName = "3V3_to_5V"
Change component parameters (AddParameter): Name = "Supplier1"; Value = "https://de.farnell.com/w/search?range=inc-in-stock&st=exb2hv"; VariantName = "3V3_to_5V"
Change component parameters (AddParameter): Name = "Value"; Value = "?"; VariantName = "3V3_to_5V"
Change component parameters (AddParameter): Name = "ComponentLink1Description"; Value = "Datasheet"; VariantName = "3V3_to_15V"
Change component parameters (AddParameter): Name = "ComponentLink1URL"; Value = "https://www.mouser.de/datasheet/2/315/AOC0000C14-1108062.pdf"; VariantName = "3V3_to_15V"
Change component parameters (AddParameter): Name = "ComponentLink2Description"; Value = "Landpattern"; VariantName = "3V3_to_15V"
Change component parameters (AddParameter): Name = "ComponentLink2URL"; Value = "https://industrial.panasonic.com/cdbs/www-data/pdf/AOC0000/AOC0000COL4.pdf"; VariantName = "3V3_to_15V"
Change component parameters (AddParameter): Name = "Created"; Value = "2020-01-03_Thilo_Wendt"; VariantName = "3V3_to_15V"
Change component parameters (AddParameter): Name = "HelpURL"; Value = "https://www.mouser.de/datasheet/2/315/AOC0000C14-1108062.pdf"; VariantName = "3V3_to_15V"
Change component parameters (AddParameter): Name = "Manufacturer1"; Value = "Panasonic"; VariantName = "3V3_to_15V"
Change component parameters (AddParameter): Name = "MaxVoltage"; Value = "100"; VariantName = "3V3_to_15V"
Change component parameters (AddParameter): Name = "MPN1"; Value = "EXB2HV<2dig_res+#zeros><tol/jumper>V"; VariantName = "3V3_to_15V"
Change component parameters (AddParameter): Name = "Package"; Value = "CurrentFootprint"; VariantName = "3V3_to_15V"
Change component parameters (AddParameter): Name = "Parameter1"; Value = "V"; VariantName = "3V3_to_15V"
Change component parameters (AddParameter): Name = "Parameter1Desc"; Value = "Package Method"; VariantName = "3V3_to_15V"
Change component parameters (AddParameter): Name = "Parameter2"; Value = "J"; VariantName = "3V3_to_15V"
Change component parameters (AddParameter): Name = "Parameter2Desc"; Value = "Tolerance Symbol"; VariantName = "3V3_to_15V"
Change component parameters (AddParameter): Name = "Parameter3"; Value = ""; VariantName = "3V3_to_15V"
Change component parameters (AddParameter): Name = "Parameter3Desc"; Value = ""; VariantName = "3V3_to_15V"
Change component parameters (AddParameter): Name = "Supplier1"; Value = "https://de.farnell.com/w/search?range=inc-in-stock&st=exb2hv"; VariantName = "3V3_to_15V"
Change component parameters (AddParameter): Name = "Value"; Value = "?"; VariantName = "3V3_to_15V"
Change component parameters: Designator = "R19"; Footprint = "RESCAXE-50P380X160X45-16N"; UniqueID = "\REEOQYYS\IIHAQJIS\EKLSFHDT\OUMWBXYS"
Change component parameters. Clean all parameters for all variants
Change component parameters (AddParameter): Name = "ComponentLink1Description"; Value = "Datasheet"; VariantName = "[No Variations]"
Change component parameters (AddParameter): Name = "ComponentLink1URL"; Value = "https://www.mouser.de/datasheet/2/315/AOC0000C14-1108062.pdf"; VariantName = "[No Variations]"
Change component parameters (AddParameter): Name = "ComponentLink2Description"; Value = "Landpattern"; VariantName = "[No Variations]"
Change component parameters (AddParameter): Name = "ComponentLink2URL"; Value = "https://industrial.panasonic.com/cdbs/www-data/pdf/AOC0000/AOC0000COL4.pdf"; VariantName = "[No Variations]"
Change component parameters (AddParameter): Name = "Created"; Value = "2020-01-03_Thilo_Wendt"; VariantName = "[No Variations]"
Change component parameters (AddParameter): Name = "HelpURL"; Value = "https://www.mouser.de/datasheet/2/315/AOC0000C14-1108062.pdf"; VariantName = "[No Variations]"
Change component parameters (AddParameter): Name = "Manufacturer1"; Value = "Panasonic"; VariantName = "[No Variations]"
Change component parameters (AddParameter): Name = "MaxVoltage"; Value = "100"; VariantName = "[No Variations]"
Change component parameters (AddParameter): Name = "MPN1"; Value = "EXB2HV<2dig_res+#zeros><tol/jumper>V"; VariantName = "[No Variations]"
Change component parameters (AddParameter): Name = "Package"; Value = "CurrentFootprint"; VariantName = "[No Variations]"
Change component parameters (AddParameter): Name = "Parameter1"; Value = "V"; VariantName = "[No Variations]"
Change component parameters (AddParameter): Name = "Parameter1Desc"; Value = "Package Method"; VariantName = "[No Variations]"
Change component parameters (AddParameter): Name = "Parameter2"; Value = "J"; VariantName = "[No Variations]"
Change component parameters (AddParameter): Name = "Parameter2Desc"; Value = "Tolerance Symbol"; VariantName = "[No Variations]"
Change component parameters (AddParameter): Name = "Parameter3"; Value = ""; VariantName = "[No Variations]"
Change component parameters (AddParameter): Name = "Parameter3Desc"; Value = ""; VariantName = "[No Variations]"
Change component parameters (AddParameter): Name = "Supplier1"; Value = "https://de.farnell.com/w/search?range=inc-in-stock&st=exb2hv"; VariantName = "[No Variations]"
Change component parameters (AddParameter): Name = "Value"; Value = "?"; VariantName = "[No Variations]"
Change component parameters (AddParameter): Name = "ComponentLink1Description"; Value = "Datasheet"; VariantName = "3V3_to_5V"
Change component parameters (AddParameter): Name = "ComponentLink1URL"; Value = "https://www.mouser.de/datasheet/2/315/AOC0000C14-1108062.pdf"; VariantName = "3V3_to_5V"
Change component parameters (AddParameter): Name = "ComponentLink2Description"; Value = "Landpattern"; VariantName = "3V3_to_5V"
Change component parameters (AddParameter): Name = "ComponentLink2URL"; Value = "https://industrial.panasonic.com/cdbs/www-data/pdf/AOC0000/AOC0000COL4.pdf"; VariantName = "3V3_to_5V"
Change component parameters (AddParameter): Name = "Created"; Value = "2020-01-03_Thilo_Wendt"; VariantName = "3V3_to_5V"
Change component parameters (AddParameter): Name = "HelpURL"; Value = "https://www.mouser.de/datasheet/2/315/AOC0000C14-1108062.pdf"; VariantName = "3V3_to_5V"
Change component parameters (AddParameter): Name = "Manufacturer1"; Value = "Panasonic"; VariantName = "3V3_to_5V"
Change component parameters (AddParameter): Name = "MaxVoltage"; Value = "100"; VariantName = "3V3_to_5V"
Change component parameters (AddParameter): Name = "MPN1"; Value = "EXB2HV<2dig_res+#zeros><tol/jumper>V"; VariantName = "3V3_to_5V"
Change component parameters (AddParameter): Name = "Package"; Value = "CurrentFootprint"; VariantName = "3V3_to_5V"
Change component parameters (AddParameter): Name = "Parameter1"; Value = "V"; VariantName = "3V3_to_5V"
Change component parameters (AddParameter): Name = "Parameter1Desc"; Value = "Package Method"; VariantName = "3V3_to_5V"
Change component parameters (AddParameter): Name = "Parameter2"; Value = "J"; VariantName = "3V3_to_5V"
Change component parameters (AddParameter): Name = "Parameter2Desc"; Value = "Tolerance Symbol"; VariantName = "3V3_to_5V"
Change component parameters (AddParameter): Name = "Parameter3"; Value = ""; VariantName = "3V3_to_5V"
Change component parameters (AddParameter): Name = "Parameter3Desc"; Value = ""; VariantName = "3V3_to_5V"
Change component parameters (AddParameter): Name = "Supplier1"; Value = "https://de.farnell.com/w/search?range=inc-in-stock&st=exb2hv"; VariantName = "3V3_to_5V"
Change component parameters (AddParameter): Name = "Value"; Value = "?"; VariantName = "3V3_to_5V"
Change component parameters (AddParameter): Name = "ComponentLink1Description"; Value = "Datasheet"; VariantName = "3V3_to_15V"
Change component parameters (AddParameter): Name = "ComponentLink1URL"; Value = "https://www.mouser.de/datasheet/2/315/AOC0000C14-1108062.pdf"; VariantName = "3V3_to_15V"
Change component parameters (AddParameter): Name = "ComponentLink2Description"; Value = "Landpattern"; VariantName = "3V3_to_15V"
Change component parameters (AddParameter): Name = "ComponentLink2URL"; Value = "https://industrial.panasonic.com/cdbs/www-data/pdf/AOC0000/AOC0000COL4.pdf"; VariantName = "3V3_to_15V"
Change component parameters (AddParameter): Name = "Created"; Value = "2020-01-03_Thilo_Wendt"; VariantName = "3V3_to_15V"
Change component parameters (AddParameter): Name = "HelpURL"; Value = "https://www.mouser.de/datasheet/2/315/AOC0000C14-1108062.pdf"; VariantName = "3V3_to_15V"
Change component parameters (AddParameter): Name = "Manufacturer1"; Value = "Panasonic"; VariantName = "3V3_to_15V"
Change component parameters (AddParameter): Name = "MaxVoltage"; Value = "100"; VariantName = "3V3_to_15V"
Change component parameters (AddParameter): Name = "MPN1"; Value = "EXB2HV<2dig_res+#zeros><tol/jumper>V"; VariantName = "3V3_to_15V"
Change component parameters (AddParameter): Name = "Package"; Value = "CurrentFootprint"; VariantName = "3V3_to_15V"
Change component parameters (AddParameter): Name = "Parameter1"; Value = "V"; VariantName = "3V3_to_15V"
Change component parameters (AddParameter): Name = "Parameter1Desc"; Value = "Package Method"; VariantName = "3V3_to_15V"
Change component parameters (AddParameter): Name = "Parameter2"; Value = "J"; VariantName = "3V3_to_15V"
Change component parameters (AddParameter): Name = "Parameter2Desc"; Value = "Tolerance Symbol"; VariantName = "3V3_to_15V"
Change component parameters (AddParameter): Name = "Parameter3"; Value = ""; VariantName = "3V3_to_15V"
Change component parameters (AddParameter): Name = "Parameter3Desc"; Value = ""; VariantName = "3V3_to_15V"
Change component parameters (AddParameter): Name = "Supplier1"; Value = "https://de.farnell.com/w/search?range=inc-in-stock&st=exb2hv"; VariantName = "3V3_to_15V"
Change component parameters (AddParameter): Name = "Value"; Value = "?"; VariantName = "3V3_to_15V"
Change component parameters: Designator = "R20"; Footprint = "RESCAXE-50P380X160X45-16N"; UniqueID = "\REEOQYYS\IIHAQJIS\EKLSFHDT\MZGGZEXS"
Change component parameters. Clean all parameters for all variants
Change component parameters (AddParameter): Name = "ComponentLink1Description"; Value = "Datasheet"; VariantName = "[No Variations]"
Change component parameters (AddParameter): Name = "ComponentLink1URL"; Value = "https://www.mouser.de/datasheet/2/315/AOC0000C14-1108062.pdf"; VariantName = "[No Variations]"
Change component parameters (AddParameter): Name = "ComponentLink2Description"; Value = "Landpattern"; VariantName = "[No Variations]"
Change component parameters (AddParameter): Name = "ComponentLink2URL"; Value = "https://industrial.panasonic.com/cdbs/www-data/pdf/AOC0000/AOC0000COL4.pdf"; VariantName = "[No Variations]"
Change component parameters (AddParameter): Name = "Created"; Value = "2020-01-03_Thilo_Wendt"; VariantName = "[No Variations]"
Change component parameters (AddParameter): Name = "HelpURL"; Value = "https://www.mouser.de/datasheet/2/315/AOC0000C14-1108062.pdf"; VariantName = "[No Variations]"
Change component parameters (AddParameter): Name = "Manufacturer1"; Value = "Panasonic"; VariantName = "[No Variations]"
Change component parameters (AddParameter): Name = "MaxVoltage"; Value = "100"; VariantName = "[No Variations]"
Change component parameters (AddParameter): Name = "MPN1"; Value = "EXB2HV<2dig_res+#zeros><tol/jumper>V"; VariantName = "[No Variations]"
Change component parameters (AddParameter): Name = "Package"; Value = "CurrentFootprint"; VariantName = "[No Variations]"
Change component parameters (AddParameter): Name = "Parameter1"; Value = "V"; VariantName = "[No Variations]"
Change component parameters (AddParameter): Name = "Parameter1Desc"; Value = "Package Method"; VariantName = "[No Variations]"
Change component parameters (AddParameter): Name = "Parameter2"; Value = "J"; VariantName = "[No Variations]"
Change component parameters (AddParameter): Name = "Parameter2Desc"; Value = "Tolerance Symbol"; VariantName = "[No Variations]"
Change component parameters (AddParameter): Name = "Parameter3"; Value = ""; VariantName = "[No Variations]"
Change component parameters (AddParameter): Name = "Parameter3Desc"; Value = ""; VariantName = "[No Variations]"
Change component parameters (AddParameter): Name = "Supplier1"; Value = "https://de.farnell.com/w/search?range=inc-in-stock&st=exb2hv"; VariantName = "[No Variations]"
Change component parameters (AddParameter): Name = "Value"; Value = "?"; VariantName = "[No Variations]"
Change component parameters (AddParameter): Name = "ComponentLink1Description"; Value = "Datasheet"; VariantName = "3V3_to_5V"
Change component parameters (AddParameter): Name = "ComponentLink1URL"; Value = "https://www.mouser.de/datasheet/2/315/AOC0000C14-1108062.pdf"; VariantName = "3V3_to_5V"
Change component parameters (AddParameter): Name = "ComponentLink2Description"; Value = "Landpattern"; VariantName = "3V3_to_5V"
Change component parameters (AddParameter): Name = "ComponentLink2URL"; Value = "https://industrial.panasonic.com/cdbs/www-data/pdf/AOC0000/AOC0000COL4.pdf"; VariantName = "3V3_to_5V"
Change component parameters (AddParameter): Name = "Created"; Value = "2020-01-03_Thilo_Wendt"; VariantName = "3V3_to_5V"
Change component parameters (AddParameter): Name = "HelpURL"; Value = "https://www.mouser.de/datasheet/2/315/AOC0000C14-1108062.pdf"; VariantName = "3V3_to_5V"
Change component parameters (AddParameter): Name = "Manufacturer1"; Value = "Panasonic"; VariantName = "3V3_to_5V"
Change component parameters (AddParameter): Name = "MaxVoltage"; Value = "100"; VariantName = "3V3_to_5V"
Change component parameters (AddParameter): Name = "MPN1"; Value = "EXB2HV<2dig_res+#zeros><tol/jumper>V"; VariantName = "3V3_to_5V"
Change component parameters (AddParameter): Name = "Package"; Value = "CurrentFootprint"; VariantName = "3V3_to_5V"
Change component parameters (AddParameter): Name = "Parameter1"; Value = "V"; VariantName = "3V3_to_5V"
Change component parameters (AddParameter): Name = "Parameter1Desc"; Value = "Package Method"; VariantName = "3V3_to_5V"
Change component parameters (AddParameter): Name = "Parameter2"; Value = "J"; VariantName = "3V3_to_5V"
Change component parameters (AddParameter): Name = "Parameter2Desc"; Value = "Tolerance Symbol"; VariantName = "3V3_to_5V"
Change component parameters (AddParameter): Name = "Parameter3"; Value = ""; VariantName = "3V3_to_5V"
Change component parameters (AddParameter): Name = "Parameter3Desc"; Value = ""; VariantName = "3V3_to_5V"
Change component parameters (AddParameter): Name = "Supplier1"; Value = "https://de.farnell.com/w/search?range=inc-in-stock&st=exb2hv"; VariantName = "3V3_to_5V"
Change component parameters (AddParameter): Name = "Value"; Value = "?"; VariantName = "3V3_to_5V"
Change component parameters (AddParameter): Name = "ComponentLink1Description"; Value = "Datasheet"; VariantName = "3V3_to_15V"
Change component parameters (AddParameter): Name = "ComponentLink1URL"; Value = "https://www.mouser.de/datasheet/2/315/AOC0000C14-1108062.pdf"; VariantName = "3V3_to_15V"
Change component parameters (AddParameter): Name = "ComponentLink2Description"; Value = "Landpattern"; VariantName = "3V3_to_15V"
Change component parameters (AddParameter): Name = "ComponentLink2URL"; Value = "https://industrial.panasonic.com/cdbs/www-data/pdf/AOC0000/AOC0000COL4.pdf"; VariantName = "3V3_to_15V"
Change component parameters (AddParameter): Name = "Created"; Value = "2020-01-03_Thilo_Wendt"; VariantName = "3V3_to_15V"
Change component parameters (AddParameter): Name = "HelpURL"; Value = "https://www.mouser.de/datasheet/2/315/AOC0000C14-1108062.pdf"; VariantName = "3V3_to_15V"
Change component parameters (AddParameter): Name = "Manufacturer1"; Value = "Panasonic"; VariantName = "3V3_to_15V"
Change component parameters (AddParameter): Name = "MaxVoltage"; Value = "100"; VariantName = "3V3_to_15V"
Change component parameters (AddParameter): Name = "MPN1"; Value = "EXB2HV<2dig_res+#zeros><tol/jumper>V"; VariantName = "3V3_to_15V"
Change component parameters (AddParameter): Name = "Package"; Value = "CurrentFootprint"; VariantName = "3V3_to_15V"
Change component parameters (AddParameter): Name = "Parameter1"; Value = "V"; VariantName = "3V3_to_15V"
Change component parameters (AddParameter): Name = "Parameter1Desc"; Value = "Package Method"; VariantName = "3V3_to_15V"
Change component parameters (AddParameter): Name = "Parameter2"; Value = "J"; VariantName = "3V3_to_15V"
Change component parameters (AddParameter): Name = "Parameter2Desc"; Value = "Tolerance Symbol"; VariantName = "3V3_to_15V"
Change component parameters (AddParameter): Name = "Parameter3"; Value = ""; VariantName = "3V3_to_15V"
Change component parameters (AddParameter): Name = "Parameter3Desc"; Value = ""; VariantName = "3V3_to_15V"
Change component parameters (AddParameter): Name = "Supplier1"; Value = "https://de.farnell.com/w/search?range=inc-in-stock&st=exb2hv"; VariantName = "3V3_to_15V"
Change component parameters (AddParameter): Name = "Value"; Value = "?"; VariantName = "3V3_to_15V"
Change component parameters: Designator = "R21"; Footprint = "RESCAXE-50P380X160X45-16N"; UniqueID = "\REEOQYYS\IIHAQJIS\EKLSFHDT\DBSPERLC"
Change component parameters. Clean all parameters for all variants
Change component parameters (AddParameter): Name = "ComponentLink1Description"; Value = "Datasheet"; VariantName = "[No Variations]"
Change component parameters (AddParameter): Name = "ComponentLink1URL"; Value = "https://www.mouser.de/datasheet/2/315/AOC0000C14-1108062.pdf"; VariantName = "[No Variations]"
Change component parameters (AddParameter): Name = "ComponentLink2Description"; Value = "Landpattern"; VariantName = "[No Variations]"
Change component parameters (AddParameter): Name = "ComponentLink2URL"; Value = "https://industrial.panasonic.com/cdbs/www-data/pdf/AOC0000/AOC0000COL4.pdf"; VariantName = "[No Variations]"
Change component parameters (AddParameter): Name = "Created"; Value = "2020-01-03_Thilo_Wendt"; VariantName = "[No Variations]"
Change component parameters (AddParameter): Name = "HelpURL"; Value = "https://www.mouser.de/datasheet/2/315/AOC0000C14-1108062.pdf"; VariantName = "[No Variations]"
Change component parameters (AddParameter): Name = "Manufacturer1"; Value = "Panasonic"; VariantName = "[No Variations]"
Change component parameters (AddParameter): Name = "MaxVoltage"; Value = "100"; VariantName = "[No Variations]"
Change component parameters (AddParameter): Name = "MPN1"; Value = "EXB2HV<2dig_res+#zeros><tol/jumper>V"; VariantName = "[No Variations]"
Change component parameters (AddParameter): Name = "Package"; Value = "CurrentFootprint"; VariantName = "[No Variations]"
Change component parameters (AddParameter): Name = "Parameter1"; Value = "V"; VariantName = "[No Variations]"
Change component parameters (AddParameter): Name = "Parameter1Desc"; Value = "Package Method"; VariantName = "[No Variations]"
Change component parameters (AddParameter): Name = "Parameter2"; Value = "J"; VariantName = "[No Variations]"
Change component parameters (AddParameter): Name = "Parameter2Desc"; Value = "Tolerance Symbol"; VariantName = "[No Variations]"
Change component parameters (AddParameter): Name = "Parameter3"; Value = ""; VariantName = "[No Variations]"
Change component parameters (AddParameter): Name = "Parameter3Desc"; Value = ""; VariantName = "[No Variations]"
Change component parameters (AddParameter): Name = "Supplier1"; Value = "https://de.farnell.com/w/search?range=inc-in-stock&st=exb2hv"; VariantName = "[No Variations]"
Change component parameters (AddParameter): Name = "Value"; Value = "?"; VariantName = "[No Variations]"
Change component parameters: Designator = "R29"; Footprint = "RESCAXE-50P380X160X45-16N"; UniqueID = "\REEOQYYS\ZTJPEBVF\IZTEPUQU\MELUFCCA"
Change component parameters. Clean all parameters for all variants
Change component parameters (AddParameter): Name = "ComponentLink1Description"; Value = "Datasheet"; VariantName = "[No Variations]"
Change component parameters (AddParameter): Name = "ComponentLink1URL"; Value = "https://www.mouser.de/datasheet/2/315/AOC0000C14-1108062.pdf"; VariantName = "[No Variations]"
Change component parameters (AddParameter): Name = "ComponentLink2Description"; Value = "Landpattern"; VariantName = "[No Variations]"
Change component parameters (AddParameter): Name = "ComponentLink2URL"; Value = "https://industrial.panasonic.com/cdbs/www-data/pdf/AOC0000/AOC0000COL4.pdf"; VariantName = "[No Variations]"
Change component parameters (AddParameter): Name = "Created"; Value = "2020-01-03_Thilo_Wendt"; VariantName = "[No Variations]"
Change component parameters (AddParameter): Name = "HelpURL"; Value = "https://www.mouser.de/datasheet/2/315/AOC0000C14-1108062.pdf"; VariantName = "[No Variations]"
Change component parameters (AddParameter): Name = "Manufacturer1"; Value = "Panasonic"; VariantName = "[No Variations]"
Change component parameters (AddParameter): Name = "MaxVoltage"; Value = "100"; VariantName = "[No Variations]"
Change component parameters (AddParameter): Name = "MPN1"; Value = "EXB2HV<2dig_res+#zeros><tol/jumper>V"; VariantName = "[No Variations]"
Change component parameters (AddParameter): Name = "Package"; Value = "CurrentFootprint"; VariantName = "[No Variations]"
Change component parameters (AddParameter): Name = "Parameter1"; Value = "V"; VariantName = "[No Variations]"
Change component parameters (AddParameter): Name = "Parameter1Desc"; Value = "Package Method"; VariantName = "[No Variations]"
Change component parameters (AddParameter): Name = "Parameter2"; Value = "J"; VariantName = "[No Variations]"
Change component parameters (AddParameter): Name = "Parameter2Desc"; Value = "Tolerance Symbol"; VariantName = "[No Variations]"
Change component parameters (AddParameter): Name = "Parameter3"; Value = ""; VariantName = "[No Variations]"
Change component parameters (AddParameter): Name = "Parameter3Desc"; Value = ""; VariantName = "[No Variations]"
Change component parameters (AddParameter): Name = "Supplier1"; Value = "https://de.farnell.com/w/search?range=inc-in-stock&st=exb2hv"; VariantName = "[No Variations]"
Change component parameters (AddParameter): Name = "Value"; Value = "?"; VariantName = "[No Variations]"
Change component parameters: Designator = "R3A"; Footprint = "RESC1608X55X30NL15T15"; UniqueID = "\REEOQYYS\LOSHMCEA\1DEFTBZMN\XWCIJMNU"
Change component parameters. Clean all parameters for all variants
Change component parameters (AddParameter): Name = "ComponentLink1Description"; Value = "Datasheet"; VariantName = "[No Variations]"
Change component parameters (AddParameter): Name = "ComponentLink1URL"; Value = "https://www.mouser.de/datasheet/2/315/AOA0000C334-1314047.pdf"; VariantName = "[No Variations]"
Change component parameters (AddParameter): Name = "Created"; Value = "2019-12-08_Thilo_Wendt"; VariantName = "[No Variations]"
Change component parameters (AddParameter): Name = "HelpURL"; Value = "https://www.mouser.de/datasheet/2/315/AOA0000C334-1314047.pdf"; VariantName = "[No Variations]"
Change component parameters (AddParameter): Name = "MaxVoltage"; Value = "100"; VariantName = "[No Variations]"
Change component parameters (AddParameter): Name = "MF"; Value = "Panasonic"; VariantName = "[No Variations]"
Change component parameters (AddParameter): Name = "MPN"; Value = "ERJU<pkg><tol><val><pkg_meth>"; VariantName = "[No Variations]"
Change component parameters (AddParameter): Name = "Package"; Value = "CurrentFootprint"; VariantName = "[No Variations]"
Change component parameters (AddParameter): Name = "Parameter1"; Value = "V"; VariantName = "[No Variations]"
Change component parameters (AddParameter): Name = "Parameter1Desc"; Value = "Package Method"; VariantName = "[No Variations]"
Change component parameters (AddParameter): Name = "Parameter2"; Value = "F"; VariantName = "[No Variations]"
Change component parameters (AddParameter): Name = "Parameter2Desc"; Value = "Tolerance Symbol"; VariantName = "[No Variations]"
Change component parameters (AddParameter): Name = "Parameter3"; Value = ""; VariantName = "[No Variations]"
Change component parameters (AddParameter): Name = "Parameter3Desc"; Value = ""; VariantName = "[No Variations]"
Change component parameters (AddParameter): Name = "Supplier1"; Value = "https://de.farnell.com/w/search?qualifizierungsstandard-der-automobilindustrie=aec-q200&range=inc-in-stock&st=erju"; VariantName = "[No Variations]"
Change component parameters (AddParameter): Name = "Value"; Value = "?"; VariantName = "[No Variations]"
Change component parameters (AddParameter): Name = "ComponentLink1Description"; Value = "Datasheet"; VariantName = "3V3_to_15V"
Change component parameters (AddParameter): Name = "ComponentLink1URL"; Value = "https://www.mouser.de/datasheet/2/315/AOA0000C334-1314047.pdf"; VariantName = "3V3_to_15V"
Change component parameters (AddParameter): Name = "Created"; Value = "2019-12-08_Thilo_Wendt"; VariantName = "3V3_to_15V"
Change component parameters (AddParameter): Name = "HelpURL"; Value = "https://www.mouser.de/datasheet/2/315/AOA0000C334-1314047.pdf"; VariantName = "3V3_to_15V"
Change component parameters (AddParameter): Name = "MaxVoltage"; Value = "100"; VariantName = "3V3_to_15V"
Change component parameters (AddParameter): Name = "MF"; Value = "Panasonic"; VariantName = "3V3_to_15V"
Change component parameters (AddParameter): Name = "MPN"; Value = "ERJU<pkg><tol><val><pkg_meth>"; VariantName = "3V3_to_15V"
Change component parameters (AddParameter): Name = "Package"; Value = "CurrentFootprint"; VariantName = "3V3_to_15V"
Change component parameters (AddParameter): Name = "Parameter1"; Value = "V"; VariantName = "3V3_to_15V"
Change component parameters (AddParameter): Name = "Parameter1Desc"; Value = "Package Method"; VariantName = "3V3_to_15V"
Change component parameters (AddParameter): Name = "Parameter2"; Value = "F"; VariantName = "3V3_to_15V"
Change component parameters (AddParameter): Name = "Parameter2Desc"; Value = "Tolerance Symbol"; VariantName = "3V3_to_15V"
Change component parameters (AddParameter): Name = "Parameter3"; Value = ""; VariantName = "3V3_to_15V"
Change component parameters (AddParameter): Name = "Parameter3Desc"; Value = ""; VariantName = "3V3_to_15V"
Change component parameters (AddParameter): Name = "Supplier1"; Value = "https://de.farnell.com/w/search?qualifizierungsstandard-der-automobilindustrie=aec-q200&range=inc-in-stock&st=erju"; VariantName = "3V3_to_15V"
Change component parameters (AddParameter): Name = "Value"; Value = "?"; VariantName = "3V3_to_15V"
Change component parameters (AddParameter): Name = "ComponentLink1Description"; Value = "Datasheet"; VariantName = "3V3_to_RS422"
Change component parameters (AddParameter): Name = "ComponentLink1URL"; Value = "https://www.mouser.de/datasheet/2/315/AOA0000C334-1314047.pdf"; VariantName = "3V3_to_RS422"
Change component parameters (AddParameter): Name = "Created"; Value = "2019-12-08_Thilo_Wendt"; VariantName = "3V3_to_RS422"
Change component parameters (AddParameter): Name = "HelpURL"; Value = "https://www.mouser.de/datasheet/2/315/AOA0000C334-1314047.pdf"; VariantName = "3V3_to_RS422"
Change component parameters (AddParameter): Name = "MaxVoltage"; Value = "100"; VariantName = "3V3_to_RS422"
Change component parameters (AddParameter): Name = "MF"; Value = "Panasonic"; VariantName = "3V3_to_RS422"
Change component parameters (AddParameter): Name = "MPN"; Value = "ERJU<pkg><tol><val><pkg_meth>"; VariantName = "3V3_to_RS422"
Change component parameters (AddParameter): Name = "Package"; Value = "CurrentFootprint"; VariantName = "3V3_to_RS422"
Change component parameters (AddParameter): Name = "Parameter1"; Value = "V"; VariantName = "3V3_to_RS422"
Change component parameters (AddParameter): Name = "Parameter1Desc"; Value = "Package Method"; VariantName = "3V3_to_RS422"
Change component parameters (AddParameter): Name = "Parameter2"; Value = "F"; VariantName = "3V3_to_RS422"
Change component parameters (AddParameter): Name = "Parameter2Desc"; Value = "Tolerance Symbol"; VariantName = "3V3_to_RS422"
Change component parameters (AddParameter): Name = "Parameter3"; Value = ""; VariantName = "3V3_to_RS422"
Change component parameters (AddParameter): Name = "Parameter3Desc"; Value = ""; VariantName = "3V3_to_RS422"
Change component parameters (AddParameter): Name = "Supplier1"; Value = "https://de.farnell.com/w/search?qualifizierungsstandard-der-automobilindustrie=aec-q200&range=inc-in-stock&st=erju"; VariantName = "3V3_to_RS422"
Change component parameters (AddParameter): Name = "Value"; Value = "?"; VariantName = "3V3_to_RS422"
Change component parameters (AddParameter): Name = "ComponentLink1Description"; Value = "Datasheet"; VariantName = "RS422_to_3V3"
Change component parameters (AddParameter): Name = "ComponentLink1URL"; Value = "https://www.mouser.de/datasheet/2/315/AOA0000C334-1314047.pdf"; VariantName = "RS422_to_3V3"
Change component parameters (AddParameter): Name = "Created"; Value = "2019-12-08_Thilo_Wendt"; VariantName = "RS422_to_3V3"
Change component parameters (AddParameter): Name = "HelpURL"; Value = "https://www.mouser.de/datasheet/2/315/AOA0000C334-1314047.pdf"; VariantName = "RS422_to_3V3"
Change component parameters (AddParameter): Name = "MaxVoltage"; Value = "100"; VariantName = "RS422_to_3V3"
Change component parameters (AddParameter): Name = "MF"; Value = "Panasonic"; VariantName = "RS422_to_3V3"
Change component parameters (AddParameter): Name = "MPN"; Value = "ERJU<pkg><tol><val><pkg_meth>"; VariantName = "RS422_to_3V3"
Change component parameters (AddParameter): Name = "Package"; Value = "CurrentFootprint"; VariantName = "RS422_to_3V3"
Change component parameters (AddParameter): Name = "Parameter1"; Value = "V"; VariantName = "RS422_to_3V3"
Change component parameters (AddParameter): Name = "Parameter1Desc"; Value = "Package Method"; VariantName = "RS422_to_3V3"
Change component parameters (AddParameter): Name = "Parameter2"; Value = "F"; VariantName = "RS422_to_3V3"
Change component parameters (AddParameter): Name = "Parameter2Desc"; Value = "Tolerance Symbol"; VariantName = "RS422_to_3V3"
Change component parameters (AddParameter): Name = "Parameter3"; Value = ""; VariantName = "RS422_to_3V3"
Change component parameters (AddParameter): Name = "Parameter3Desc"; Value = ""; VariantName = "RS422_to_3V3"
Change component parameters (AddParameter): Name = "Supplier1"; Value = "https://de.farnell.com/w/search?qualifizierungsstandard-der-automobilindustrie=aec-q200&range=inc-in-stock&st=erju"; VariantName = "RS422_to_3V3"
Change component parameters (AddParameter): Name = "Value"; Value = "?"; VariantName = "RS422_to_3V3"
Change component parameters: Designator = "R3B"; Footprint = "RESC1608X55X30NL15T15"; UniqueID = "\REEOQYYS\LOSHMCEA\2DEFTBZMN\XWCIJMNU"
Change component parameters. Clean all parameters for all variants
Change component parameters (AddParameter): Name = "ComponentLink1Description"; Value = "Datasheet"; VariantName = "[No Variations]"
Change component parameters (AddParameter): Name = "ComponentLink1URL"; Value = "https://www.mouser.de/datasheet/2/315/AOA0000C334-1314047.pdf"; VariantName = "[No Variations]"
Change component parameters (AddParameter): Name = "Created"; Value = "2019-12-08_Thilo_Wendt"; VariantName = "[No Variations]"
Change component parameters (AddParameter): Name = "HelpURL"; Value = "https://www.mouser.de/datasheet/2/315/AOA0000C334-1314047.pdf"; VariantName = "[No Variations]"
Change component parameters (AddParameter): Name = "MaxVoltage"; Value = "100"; VariantName = "[No Variations]"
Change component parameters (AddParameter): Name = "MF"; Value = "Panasonic"; VariantName = "[No Variations]"
Change component parameters (AddParameter): Name = "MPN"; Value = "ERJU<pkg><tol><val><pkg_meth>"; VariantName = "[No Variations]"
Change component parameters (AddParameter): Name = "Package"; Value = "CurrentFootprint"; VariantName = "[No Variations]"
Change component parameters (AddParameter): Name = "Parameter1"; Value = "V"; VariantName = "[No Variations]"
Change component parameters (AddParameter): Name = "Parameter1Desc"; Value = "Package Method"; VariantName = "[No Variations]"
Change component parameters (AddParameter): Name = "Parameter2"; Value = "F"; VariantName = "[No Variations]"
Change component parameters (AddParameter): Name = "Parameter2Desc"; Value = "Tolerance Symbol"; VariantName = "[No Variations]"
Change component parameters (AddParameter): Name = "Parameter3"; Value = ""; VariantName = "[No Variations]"
Change component parameters (AddParameter): Name = "Parameter3Desc"; Value = ""; VariantName = "[No Variations]"
Change component parameters (AddParameter): Name = "Supplier1"; Value = "https://de.farnell.com/w/search?qualifizierungsstandard-der-automobilindustrie=aec-q200&range=inc-in-stock&st=erju"; VariantName = "[No Variations]"
Change component parameters (AddParameter): Name = "Value"; Value = "?"; VariantName = "[No Variations]"
Change component parameters (AddParameter): Name = "ComponentLink1Description"; Value = "Datasheet"; VariantName = "3V3_to_15V"
Change component parameters (AddParameter): Name = "ComponentLink1URL"; Value = "https://www.mouser.de/datasheet/2/315/AOA0000C334-1314047.pdf"; VariantName = "3V3_to_15V"
Change component parameters (AddParameter): Name = "Created"; Value = "2019-12-08_Thilo_Wendt"; VariantName = "3V3_to_15V"
Change component parameters (AddParameter): Name = "HelpURL"; Value = "https://www.mouser.de/datasheet/2/315/AOA0000C334-1314047.pdf"; VariantName = "3V3_to_15V"
Change component parameters (AddParameter): Name = "MaxVoltage"; Value = "100"; VariantName = "3V3_to_15V"
Change component parameters (AddParameter): Name = "MF"; Value = "Panasonic"; VariantName = "3V3_to_15V"
Change component parameters (AddParameter): Name = "MPN"; Value = "ERJU<pkg><tol><val><pkg_meth>"; VariantName = "3V3_to_15V"
Change component parameters (AddParameter): Name = "Package"; Value = "CurrentFootprint"; VariantName = "3V3_to_15V"
Change component parameters (AddParameter): Name = "Parameter1"; Value = "V"; VariantName = "3V3_to_15V"
Change component parameters (AddParameter): Name = "Parameter1Desc"; Value = "Package Method"; VariantName = "3V3_to_15V"
Change component parameters (AddParameter): Name = "Parameter2"; Value = "F"; VariantName = "3V3_to_15V"
Change component parameters (AddParameter): Name = "Parameter2Desc"; Value = "Tolerance Symbol"; VariantName = "3V3_to_15V"
Change component parameters (AddParameter): Name = "Parameter3"; Value = ""; VariantName = "3V3_to_15V"
Change component parameters (AddParameter): Name = "Parameter3Desc"; Value = ""; VariantName = "3V3_to_15V"
Change component parameters (AddParameter): Name = "Supplier1"; Value = "https://de.farnell.com/w/search?qualifizierungsstandard-der-automobilindustrie=aec-q200&range=inc-in-stock&st=erju"; VariantName = "3V3_to_15V"
Change component parameters (AddParameter): Name = "Value"; Value = "?"; VariantName = "3V3_to_15V"
Change component parameters (AddParameter): Name = "ComponentLink1Description"; Value = "Datasheet"; VariantName = "3V3_to_RS422"
Change component parameters (AddParameter): Name = "ComponentLink1URL"; Value = "https://www.mouser.de/datasheet/2/315/AOA0000C334-1314047.pdf"; VariantName = "3V3_to_RS422"
Change component parameters (AddParameter): Name = "Created"; Value = "2019-12-08_Thilo_Wendt"; VariantName = "3V3_to_RS422"
Change component parameters (AddParameter): Name = "HelpURL"; Value = "https://www.mouser.de/datasheet/2/315/AOA0000C334-1314047.pdf"; VariantName = "3V3_to_RS422"
Change component parameters (AddParameter): Name = "MaxVoltage"; Value = "100"; VariantName = "3V3_to_RS422"
Change component parameters (AddParameter): Name = "MF"; Value = "Panasonic"; VariantName = "3V3_to_RS422"
Change component parameters (AddParameter): Name = "MPN"; Value = "ERJU<pkg><tol><val><pkg_meth>"; VariantName = "3V3_to_RS422"
Change component parameters (AddParameter): Name = "Package"; Value = "CurrentFootprint"; VariantName = "3V3_to_RS422"
Change component parameters (AddParameter): Name = "Parameter1"; Value = "V"; VariantName = "3V3_to_RS422"
Change component parameters (AddParameter): Name = "Parameter1Desc"; Value = "Package Method"; VariantName = "3V3_to_RS422"
Change component parameters (AddParameter): Name = "Parameter2"; Value = "F"; VariantName = "3V3_to_RS422"
Change component parameters (AddParameter): Name = "Parameter2Desc"; Value = "Tolerance Symbol"; VariantName = "3V3_to_RS422"
Change component parameters (AddParameter): Name = "Parameter3"; Value = ""; VariantName = "3V3_to_RS422"
Change component parameters (AddParameter): Name = "Parameter3Desc"; Value = ""; VariantName = "3V3_to_RS422"
Change component parameters (AddParameter): Name = "Supplier1"; Value = "https://de.farnell.com/w/search?qualifizierungsstandard-der-automobilindustrie=aec-q200&range=inc-in-stock&st=erju"; VariantName = "3V3_to_RS422"
Change component parameters (AddParameter): Name = "Value"; Value = "?"; VariantName = "3V3_to_RS422"
Change component parameters (AddParameter): Name = "ComponentLink1Description"; Value = "Datasheet"; VariantName = "RS422_to_3V3"
Change component parameters (AddParameter): Name = "ComponentLink1URL"; Value = "https://www.mouser.de/datasheet/2/315/AOA0000C334-1314047.pdf"; VariantName = "RS422_to_3V3"
Change component parameters (AddParameter): Name = "Created"; Value = "2019-12-08_Thilo_Wendt"; VariantName = "RS422_to_3V3"
Change component parameters (AddParameter): Name = "HelpURL"; Value = "https://www.mouser.de/datasheet/2/315/AOA0000C334-1314047.pdf"; VariantName = "RS422_to_3V3"
Change component parameters (AddParameter): Name = "MaxVoltage"; Value = "100"; VariantName = "RS422_to_3V3"
Change component parameters (AddParameter): Name = "MF"; Value = "Panasonic"; VariantName = "RS422_to_3V3"
Change component parameters (AddParameter): Name = "MPN"; Value = "ERJU<pkg><tol><val><pkg_meth>"; VariantName = "RS422_to_3V3"
Change component parameters (AddParameter): Name = "Package"; Value = "CurrentFootprint"; VariantName = "RS422_to_3V3"
Change component parameters (AddParameter): Name = "Parameter1"; Value = "V"; VariantName = "RS422_to_3V3"
Change component parameters (AddParameter): Name = "Parameter1Desc"; Value = "Package Method"; VariantName = "RS422_to_3V3"
Change component parameters (AddParameter): Name = "Parameter2"; Value = "F"; VariantName = "RS422_to_3V3"
Change component parameters (AddParameter): Name = "Parameter2Desc"; Value = "Tolerance Symbol"; VariantName = "RS422_to_3V3"
Change component parameters (AddParameter): Name = "Parameter3"; Value = ""; VariantName = "RS422_to_3V3"
Change component parameters (AddParameter): Name = "Parameter3Desc"; Value = ""; VariantName = "RS422_to_3V3"
Change component parameters (AddParameter): Name = "Supplier1"; Value = "https://de.farnell.com/w/search?qualifizierungsstandard-der-automobilindustrie=aec-q200&range=inc-in-stock&st=erju"; VariantName = "RS422_to_3V3"
Change component parameters (AddParameter): Name = "Value"; Value = "?"; VariantName = "RS422_to_3V3"
Change component parameters: Designator = "R3C"; Footprint = "RESC1608X55X30NL15T15"; UniqueID = "\REEOQYYS\LOSHMCEA\3DEFTBZMN\XWCIJMNU"
Change component parameters. Clean all parameters for all variants
Change component parameters (AddParameter): Name = "ComponentLink1Description"; Value = "Datasheet"; VariantName = "[No Variations]"
Change component parameters (AddParameter): Name = "ComponentLink1URL"; Value = "https://www.mouser.de/datasheet/2/315/AOA0000C334-1314047.pdf"; VariantName = "[No Variations]"
Change component parameters (AddParameter): Name = "Created"; Value = "2019-12-08_Thilo_Wendt"; VariantName = "[No Variations]"
Change component parameters (AddParameter): Name = "HelpURL"; Value = "https://www.mouser.de/datasheet/2/315/AOA0000C334-1314047.pdf"; VariantName = "[No Variations]"
Change component parameters (AddParameter): Name = "MaxVoltage"; Value = "100"; VariantName = "[No Variations]"
Change component parameters (AddParameter): Name = "MF"; Value = "Panasonic"; VariantName = "[No Variations]"
Change component parameters (AddParameter): Name = "MPN"; Value = "ERJU<pkg><tol><val><pkg_meth>"; VariantName = "[No Variations]"
Change component parameters (AddParameter): Name = "Package"; Value = "CurrentFootprint"; VariantName = "[No Variations]"
Change component parameters (AddParameter): Name = "Parameter1"; Value = "V"; VariantName = "[No Variations]"
Change component parameters (AddParameter): Name = "Parameter1Desc"; Value = "Package Method"; VariantName = "[No Variations]"
Change component parameters (AddParameter): Name = "Parameter2"; Value = "F"; VariantName = "[No Variations]"
Change component parameters (AddParameter): Name = "Parameter2Desc"; Value = "Tolerance Symbol"; VariantName = "[No Variations]"
Change component parameters (AddParameter): Name = "Parameter3"; Value = ""; VariantName = "[No Variations]"
Change component parameters (AddParameter): Name = "Parameter3Desc"; Value = ""; VariantName = "[No Variations]"
Change component parameters (AddParameter): Name = "Supplier1"; Value = "https://de.farnell.com/w/search?qualifizierungsstandard-der-automobilindustrie=aec-q200&range=inc-in-stock&st=erju"; VariantName = "[No Variations]"
Change component parameters (AddParameter): Name = "Value"; Value = "?"; VariantName = "[No Variations]"
Change component parameters (AddParameter): Name = "ComponentLink1Description"; Value = "Datasheet"; VariantName = "3V3_to_15V"
Change component parameters (AddParameter): Name = "ComponentLink1URL"; Value = "https://www.mouser.de/datasheet/2/315/AOA0000C334-1314047.pdf"; VariantName = "3V3_to_15V"
Change component parameters (AddParameter): Name = "Created"; Value = "2019-12-08_Thilo_Wendt"; VariantName = "3V3_to_15V"
Change component parameters (AddParameter): Name = "HelpURL"; Value = "https://www.mouser.de/datasheet/2/315/AOA0000C334-1314047.pdf"; VariantName = "3V3_to_15V"
Change component parameters (AddParameter): Name = "MaxVoltage"; Value = "100"; VariantName = "3V3_to_15V"
Change component parameters (AddParameter): Name = "MF"; Value = "Panasonic"; VariantName = "3V3_to_15V"
Change component parameters (AddParameter): Name = "MPN"; Value = "ERJU<pkg><tol><val><pkg_meth>"; VariantName = "3V3_to_15V"
Change component parameters (AddParameter): Name = "Package"; Value = "CurrentFootprint"; VariantName = "3V3_to_15V"
Change component parameters (AddParameter): Name = "Parameter1"; Value = "V"; VariantName = "3V3_to_15V"
Change component parameters (AddParameter): Name = "Parameter1Desc"; Value = "Package Method"; VariantName = "3V3_to_15V"
Change component parameters (AddParameter): Name = "Parameter2"; Value = "F"; VariantName = "3V3_to_15V"
Change component parameters (AddParameter): Name = "Parameter2Desc"; Value = "Tolerance Symbol"; VariantName = "3V3_to_15V"
Change component parameters (AddParameter): Name = "Parameter3"; Value = ""; VariantName = "3V3_to_15V"
Change component parameters (AddParameter): Name = "Parameter3Desc"; Value = ""; VariantName = "3V3_to_15V"
Change component parameters (AddParameter): Name = "Supplier1"; Value = "https://de.farnell.com/w/search?qualifizierungsstandard-der-automobilindustrie=aec-q200&range=inc-in-stock&st=erju"; VariantName = "3V3_to_15V"
Change component parameters (AddParameter): Name = "Value"; Value = "?"; VariantName = "3V3_to_15V"
Change component parameters (AddParameter): Name = "ComponentLink1Description"; Value = "Datasheet"; VariantName = "3V3_to_RS422"
Change component parameters (AddParameter): Name = "ComponentLink1URL"; Value = "https://www.mouser.de/datasheet/2/315/AOA0000C334-1314047.pdf"; VariantName = "3V3_to_RS422"
Change component parameters (AddParameter): Name = "Created"; Value = "2019-12-08_Thilo_Wendt"; VariantName = "3V3_to_RS422"
Change component parameters (AddParameter): Name = "HelpURL"; Value = "https://www.mouser.de/datasheet/2/315/AOA0000C334-1314047.pdf"; VariantName = "3V3_to_RS422"
Change component parameters (AddParameter): Name = "MaxVoltage"; Value = "100"; VariantName = "3V3_to_RS422"
Change component parameters (AddParameter): Name = "MF"; Value = "Panasonic"; VariantName = "3V3_to_RS422"
Change component parameters (AddParameter): Name = "MPN"; Value = "ERJU<pkg><tol><val><pkg_meth>"; VariantName = "3V3_to_RS422"
Change component parameters (AddParameter): Name = "Package"; Value = "CurrentFootprint"; VariantName = "3V3_to_RS422"
Change component parameters (AddParameter): Name = "Parameter1"; Value = "V"; VariantName = "3V3_to_RS422"
Change component parameters (AddParameter): Name = "Parameter1Desc"; Value = "Package Method"; VariantName = "3V3_to_RS422"
Change component parameters (AddParameter): Name = "Parameter2"; Value = "F"; VariantName = "3V3_to_RS422"
Change component parameters (AddParameter): Name = "Parameter2Desc"; Value = "Tolerance Symbol"; VariantName = "3V3_to_RS422"
Change component parameters (AddParameter): Name = "Parameter3"; Value = ""; VariantName = "3V3_to_RS422"
Change component parameters (AddParameter): Name = "Parameter3Desc"; Value = ""; VariantName = "3V3_to_RS422"
Change component parameters (AddParameter): Name = "Supplier1"; Value = "https://de.farnell.com/w/search?qualifizierungsstandard-der-automobilindustrie=aec-q200&range=inc-in-stock&st=erju"; VariantName = "3V3_to_RS422"
Change component parameters (AddParameter): Name = "Value"; Value = "?"; VariantName = "3V3_to_RS422"
Change component parameters (AddParameter): Name = "ComponentLink1Description"; Value = "Datasheet"; VariantName = "RS422_to_3V3"
Change component parameters (AddParameter): Name = "ComponentLink1URL"; Value = "https://www.mouser.de/datasheet/2/315/AOA0000C334-1314047.pdf"; VariantName = "RS422_to_3V3"
Change component parameters (AddParameter): Name = "Created"; Value = "2019-12-08_Thilo_Wendt"; VariantName = "RS422_to_3V3"
Change component parameters (AddParameter): Name = "HelpURL"; Value = "https://www.mouser.de/datasheet/2/315/AOA0000C334-1314047.pdf"; VariantName = "RS422_to_3V3"
Change component parameters (AddParameter): Name = "MaxVoltage"; Value = "100"; VariantName = "RS422_to_3V3"
Change component parameters (AddParameter): Name = "MF"; Value = "Panasonic"; VariantName = "RS422_to_3V3"
Change component parameters (AddParameter): Name = "MPN"; Value = "ERJU<pkg><tol><val><pkg_meth>"; VariantName = "RS422_to_3V3"
Change component parameters (AddParameter): Name = "Package"; Value = "CurrentFootprint"; VariantName = "RS422_to_3V3"
Change component parameters (AddParameter): Name = "Parameter1"; Value = "V"; VariantName = "RS422_to_3V3"
Change component parameters (AddParameter): Name = "Parameter1Desc"; Value = "Package Method"; VariantName = "RS422_to_3V3"
Change component parameters (AddParameter): Name = "Parameter2"; Value = "F"; VariantName = "RS422_to_3V3"
Change component parameters (AddParameter): Name = "Parameter2Desc"; Value = "Tolerance Symbol"; VariantName = "RS422_to_3V3"
Change component parameters (AddParameter): Name = "Parameter3"; Value = ""; VariantName = "RS422_to_3V3"
Change component parameters (AddParameter): Name = "Parameter3Desc"; Value = ""; VariantName = "RS422_to_3V3"
Change component parameters (AddParameter): Name = "Supplier1"; Value = "https://de.farnell.com/w/search?qualifizierungsstandard-der-automobilindustrie=aec-q200&range=inc-in-stock&st=erju"; VariantName = "RS422_to_3V3"
Change component parameters (AddParameter): Name = "Value"; Value = "?"; VariantName = "RS422_to_3V3"
Change component parameters: Designator = "R3D"; Footprint = "RESC1608X55X30NL15T15"; UniqueID = "\REEOQYYS\LOSHMCEA\4DEFTBZMN\XWCIJMNU"
Change component parameters. Clean all parameters for all variants
Change component parameters (AddParameter): Name = "ComponentLink1Description"; Value = "Datasheet"; VariantName = "[No Variations]"
Change component parameters (AddParameter): Name = "ComponentLink1URL"; Value = "https://www.mouser.de/datasheet/2/315/AOA0000C334-1314047.pdf"; VariantName = "[No Variations]"
Change component parameters (AddParameter): Name = "Created"; Value = "2019-12-08_Thilo_Wendt"; VariantName = "[No Variations]"
Change component parameters (AddParameter): Name = "HelpURL"; Value = "https://www.mouser.de/datasheet/2/315/AOA0000C334-1314047.pdf"; VariantName = "[No Variations]"
Change component parameters (AddParameter): Name = "MaxVoltage"; Value = "100"; VariantName = "[No Variations]"
Change component parameters (AddParameter): Name = "MF"; Value = "Panasonic"; VariantName = "[No Variations]"
Change component parameters (AddParameter): Name = "MPN"; Value = "ERJU<pkg><tol><val><pkg_meth>"; VariantName = "[No Variations]"
Change component parameters (AddParameter): Name = "Package"; Value = "CurrentFootprint"; VariantName = "[No Variations]"
Change component parameters (AddParameter): Name = "Parameter1"; Value = "V"; VariantName = "[No Variations]"
Change component parameters (AddParameter): Name = "Parameter1Desc"; Value = "Package Method"; VariantName = "[No Variations]"
Change component parameters (AddParameter): Name = "Parameter2"; Value = "F"; VariantName = "[No Variations]"
Change component parameters (AddParameter): Name = "Parameter2Desc"; Value = "Tolerance Symbol"; VariantName = "[No Variations]"
Change component parameters (AddParameter): Name = "Parameter3"; Value = ""; VariantName = "[No Variations]"
Change component parameters (AddParameter): Name = "Parameter3Desc"; Value = ""; VariantName = "[No Variations]"
Change component parameters (AddParameter): Name = "Supplier1"; Value = "https://de.farnell.com/w/search?qualifizierungsstandard-der-automobilindustrie=aec-q200&range=inc-in-stock&st=erju"; VariantName = "[No Variations]"
Change component parameters (AddParameter): Name = "Value"; Value = "?"; VariantName = "[No Variations]"
Change component parameters (AddParameter): Name = "ComponentLink1Description"; Value = "Datasheet"; VariantName = "3V3_to_15V"
Change component parameters (AddParameter): Name = "ComponentLink1URL"; Value = "https://www.mouser.de/datasheet/2/315/AOA0000C334-1314047.pdf"; VariantName = "3V3_to_15V"
Change component parameters (AddParameter): Name = "Created"; Value = "2019-12-08_Thilo_Wendt"; VariantName = "3V3_to_15V"
Change component parameters (AddParameter): Name = "HelpURL"; Value = "https://www.mouser.de/datasheet/2/315/AOA0000C334-1314047.pdf"; VariantName = "3V3_to_15V"
Change component parameters (AddParameter): Name = "MaxVoltage"; Value = "100"; VariantName = "3V3_to_15V"
Change component parameters (AddParameter): Name = "MF"; Value = "Panasonic"; VariantName = "3V3_to_15V"
Change component parameters (AddParameter): Name = "MPN"; Value = "ERJU<pkg><tol><val><pkg_meth>"; VariantName = "3V3_to_15V"
Change component parameters (AddParameter): Name = "Package"; Value = "CurrentFootprint"; VariantName = "3V3_to_15V"
Change component parameters (AddParameter): Name = "Parameter1"; Value = "V"; VariantName = "3V3_to_15V"
Change component parameters (AddParameter): Name = "Parameter1Desc"; Value = "Package Method"; VariantName = "3V3_to_15V"
Change component parameters (AddParameter): Name = "Parameter2"; Value = "F"; VariantName = "3V3_to_15V"
Change component parameters (AddParameter): Name = "Parameter2Desc"; Value = "Tolerance Symbol"; VariantName = "3V3_to_15V"
Change component parameters (AddParameter): Name = "Parameter3"; Value = ""; VariantName = "3V3_to_15V"
Change component parameters (AddParameter): Name = "Parameter3Desc"; Value = ""; VariantName = "3V3_to_15V"
Change component parameters (AddParameter): Name = "Supplier1"; Value = "https://de.farnell.com/w/search?qualifizierungsstandard-der-automobilindustrie=aec-q200&range=inc-in-stock&st=erju"; VariantName = "3V3_to_15V"
Change component parameters (AddParameter): Name = "Value"; Value = "?"; VariantName = "3V3_to_15V"
Change component parameters (AddParameter): Name = "ComponentLink1Description"; Value = "Datasheet"; VariantName = "3V3_to_RS422"
Change component parameters (AddParameter): Name = "ComponentLink1URL"; Value = "https://www.mouser.de/datasheet/2/315/AOA0000C334-1314047.pdf"; VariantName = "3V3_to_RS422"
Change component parameters (AddParameter): Name = "Created"; Value = "2019-12-08_Thilo_Wendt"; VariantName = "3V3_to_RS422"
Change component parameters (AddParameter): Name = "HelpURL"; Value = "https://www.mouser.de/datasheet/2/315/AOA0000C334-1314047.pdf"; VariantName = "3V3_to_RS422"
Change component parameters (AddParameter): Name = "MaxVoltage"; Value = "100"; VariantName = "3V3_to_RS422"
Change component parameters (AddParameter): Name = "MF"; Value = "Panasonic"; VariantName = "3V3_to_RS422"
Change component parameters (AddParameter): Name = "MPN"; Value = "ERJU<pkg><tol><val><pkg_meth>"; VariantName = "3V3_to_RS422"
Change component parameters (AddParameter): Name = "Package"; Value = "CurrentFootprint"; VariantName = "3V3_to_RS422"
Change component parameters (AddParameter): Name = "Parameter1"; Value = "V"; VariantName = "3V3_to_RS422"
Change component parameters (AddParameter): Name = "Parameter1Desc"; Value = "Package Method"; VariantName = "3V3_to_RS422"
Change component parameters (AddParameter): Name = "Parameter2"; Value = "F"; VariantName = "3V3_to_RS422"
Change component parameters (AddParameter): Name = "Parameter2Desc"; Value = "Tolerance Symbol"; VariantName = "3V3_to_RS422"
Change component parameters (AddParameter): Name = "Parameter3"; Value = ""; VariantName = "3V3_to_RS422"
Change component parameters (AddParameter): Name = "Parameter3Desc"; Value = ""; VariantName = "3V3_to_RS422"
Change component parameters (AddParameter): Name = "Supplier1"; Value = "https://de.farnell.com/w/search?qualifizierungsstandard-der-automobilindustrie=aec-q200&range=inc-in-stock&st=erju"; VariantName = "3V3_to_RS422"
Change component parameters (AddParameter): Name = "Value"; Value = "?"; VariantName = "3V3_to_RS422"
Change component parameters (AddParameter): Name = "ComponentLink1Description"; Value = "Datasheet"; VariantName = "RS422_to_3V3"
Change component parameters (AddParameter): Name = "ComponentLink1URL"; Value = "https://www.mouser.de/datasheet/2/315/AOA0000C334-1314047.pdf"; VariantName = "RS422_to_3V3"
Change component parameters (AddParameter): Name = "Created"; Value = "2019-12-08_Thilo_Wendt"; VariantName = "RS422_to_3V3"
Change component parameters (AddParameter): Name = "HelpURL"; Value = "https://www.mouser.de/datasheet/2/315/AOA0000C334-1314047.pdf"; VariantName = "RS422_to_3V3"
Change component parameters (AddParameter): Name = "MaxVoltage"; Value = "100"; VariantName = "RS422_to_3V3"
Change component parameters (AddParameter): Name = "MF"; Value = "Panasonic"; VariantName = "RS422_to_3V3"
Change component parameters (AddParameter): Name = "MPN"; Value = "ERJU<pkg><tol><val><pkg_meth>"; VariantName = "RS422_to_3V3"
Change component parameters (AddParameter): Name = "Package"; Value = "CurrentFootprint"; VariantName = "RS422_to_3V3"
Change component parameters (AddParameter): Name = "Parameter1"; Value = "V"; VariantName = "RS422_to_3V3"
Change component parameters (AddParameter): Name = "Parameter1Desc"; Value = "Package Method"; VariantName = "RS422_to_3V3"
Change component parameters (AddParameter): Name = "Parameter2"; Value = "F"; VariantName = "RS422_to_3V3"
Change component parameters (AddParameter): Name = "Parameter2Desc"; Value = "Tolerance Symbol"; VariantName = "RS422_to_3V3"
Change component parameters (AddParameter): Name = "Parameter3"; Value = ""; VariantName = "RS422_to_3V3"
Change component parameters (AddParameter): Name = "Parameter3Desc"; Value = ""; VariantName = "RS422_to_3V3"
Change component parameters (AddParameter): Name = "Supplier1"; Value = "https://de.farnell.com/w/search?qualifizierungsstandard-der-automobilindustrie=aec-q200&range=inc-in-stock&st=erju"; VariantName = "RS422_to_3V3"
Change component parameters (AddParameter): Name = "Value"; Value = "?"; VariantName = "RS422_to_3V3"
Change component parameters: Designator = "R3E"; Footprint = "RESC1608X55X30NL15T15"; UniqueID = "\REEOQYYS\LOSHMCEA\5DEFTBZMN\XWCIJMNU"
Change component parameters. Clean all parameters for all variants
Change component parameters (AddParameter): Name = "ComponentLink1Description"; Value = "Datasheet"; VariantName = "[No Variations]"
Change component parameters (AddParameter): Name = "ComponentLink1URL"; Value = "https://www.mouser.de/datasheet/2/315/AOA0000C334-1314047.pdf"; VariantName = "[No Variations]"
Change component parameters (AddParameter): Name = "Created"; Value = "2019-12-08_Thilo_Wendt"; VariantName = "[No Variations]"
Change component parameters (AddParameter): Name = "HelpURL"; Value = "https://www.mouser.de/datasheet/2/315/AOA0000C334-1314047.pdf"; VariantName = "[No Variations]"
Change component parameters (AddParameter): Name = "MaxVoltage"; Value = "100"; VariantName = "[No Variations]"
Change component parameters (AddParameter): Name = "MF"; Value = "Panasonic"; VariantName = "[No Variations]"
Change component parameters (AddParameter): Name = "MPN"; Value = "ERJU<pkg><tol><val><pkg_meth>"; VariantName = "[No Variations]"
Change component parameters (AddParameter): Name = "Package"; Value = "CurrentFootprint"; VariantName = "[No Variations]"
Change component parameters (AddParameter): Name = "Parameter1"; Value = "V"; VariantName = "[No Variations]"
Change component parameters (AddParameter): Name = "Parameter1Desc"; Value = "Package Method"; VariantName = "[No Variations]"
Change component parameters (AddParameter): Name = "Parameter2"; Value = "F"; VariantName = "[No Variations]"
Change component parameters (AddParameter): Name = "Parameter2Desc"; Value = "Tolerance Symbol"; VariantName = "[No Variations]"
Change component parameters (AddParameter): Name = "Parameter3"; Value = ""; VariantName = "[No Variations]"
Change component parameters (AddParameter): Name = "Parameter3Desc"; Value = ""; VariantName = "[No Variations]"
Change component parameters (AddParameter): Name = "Supplier1"; Value = "https://de.farnell.com/w/search?qualifizierungsstandard-der-automobilindustrie=aec-q200&range=inc-in-stock&st=erju"; VariantName = "[No Variations]"
Change component parameters (AddParameter): Name = "Value"; Value = "?"; VariantName = "[No Variations]"
Change component parameters (AddParameter): Name = "ComponentLink1Description"; Value = "Datasheet"; VariantName = "3V3_to_15V"
Change component parameters (AddParameter): Name = "ComponentLink1URL"; Value = "https://www.mouser.de/datasheet/2/315/AOA0000C334-1314047.pdf"; VariantName = "3V3_to_15V"
Change component parameters (AddParameter): Name = "Created"; Value = "2019-12-08_Thilo_Wendt"; VariantName = "3V3_to_15V"
Change component parameters (AddParameter): Name = "HelpURL"; Value = "https://www.mouser.de/datasheet/2/315/AOA0000C334-1314047.pdf"; VariantName = "3V3_to_15V"
Change component parameters (AddParameter): Name = "MaxVoltage"; Value = "100"; VariantName = "3V3_to_15V"
Change component parameters (AddParameter): Name = "MF"; Value = "Panasonic"; VariantName = "3V3_to_15V"
Change component parameters (AddParameter): Name = "MPN"; Value = "ERJU<pkg><tol><val><pkg_meth>"; VariantName = "3V3_to_15V"
Change component parameters (AddParameter): Name = "Package"; Value = "CurrentFootprint"; VariantName = "3V3_to_15V"
Change component parameters (AddParameter): Name = "Parameter1"; Value = "V"; VariantName = "3V3_to_15V"
Change component parameters (AddParameter): Name = "Parameter1Desc"; Value = "Package Method"; VariantName = "3V3_to_15V"
Change component parameters (AddParameter): Name = "Parameter2"; Value = "F"; VariantName = "3V3_to_15V"
Change component parameters (AddParameter): Name = "Parameter2Desc"; Value = "Tolerance Symbol"; VariantName = "3V3_to_15V"
Change component parameters (AddParameter): Name = "Parameter3"; Value = ""; VariantName = "3V3_to_15V"
Change component parameters (AddParameter): Name = "Parameter3Desc"; Value = ""; VariantName = "3V3_to_15V"
Change component parameters (AddParameter): Name = "Supplier1"; Value = "https://de.farnell.com/w/search?qualifizierungsstandard-der-automobilindustrie=aec-q200&range=inc-in-stock&st=erju"; VariantName = "3V3_to_15V"
Change component parameters (AddParameter): Name = "Value"; Value = "?"; VariantName = "3V3_to_15V"
Change component parameters (AddParameter): Name = "ComponentLink1Description"; Value = "Datasheet"; VariantName = "3V3_to_RS422"
Change component parameters (AddParameter): Name = "ComponentLink1URL"; Value = "https://www.mouser.de/datasheet/2/315/AOA0000C334-1314047.pdf"; VariantName = "3V3_to_RS422"
Change component parameters (AddParameter): Name = "Created"; Value = "2019-12-08_Thilo_Wendt"; VariantName = "3V3_to_RS422"
Change component parameters (AddParameter): Name = "HelpURL"; Value = "https://www.mouser.de/datasheet/2/315/AOA0000C334-1314047.pdf"; VariantName = "3V3_to_RS422"
Change component parameters (AddParameter): Name = "MaxVoltage"; Value = "100"; VariantName = "3V3_to_RS422"
Change component parameters (AddParameter): Name = "MF"; Value = "Panasonic"; VariantName = "3V3_to_RS422"
Change component parameters (AddParameter): Name = "MPN"; Value = "ERJU<pkg><tol><val><pkg_meth>"; VariantName = "3V3_to_RS422"
Change component parameters (AddParameter): Name = "Package"; Value = "CurrentFootprint"; VariantName = "3V3_to_RS422"
Change component parameters (AddParameter): Name = "Parameter1"; Value = "V"; VariantName = "3V3_to_RS422"
Change component parameters (AddParameter): Name = "Parameter1Desc"; Value = "Package Method"; VariantName = "3V3_to_RS422"
Change component parameters (AddParameter): Name = "Parameter2"; Value = "F"; VariantName = "3V3_to_RS422"
Change component parameters (AddParameter): Name = "Parameter2Desc"; Value = "Tolerance Symbol"; VariantName = "3V3_to_RS422"
Change component parameters (AddParameter): Name = "Parameter3"; Value = ""; VariantName = "3V3_to_RS422"
Change component parameters (AddParameter): Name = "Parameter3Desc"; Value = ""; VariantName = "3V3_to_RS422"
Change component parameters (AddParameter): Name = "Supplier1"; Value = "https://de.farnell.com/w/search?qualifizierungsstandard-der-automobilindustrie=aec-q200&range=inc-in-stock&st=erju"; VariantName = "3V3_to_RS422"
Change component parameters (AddParameter): Name = "Value"; Value = "?"; VariantName = "3V3_to_RS422"
Change component parameters (AddParameter): Name = "ComponentLink1Description"; Value = "Datasheet"; VariantName = "RS422_to_3V3"
Change component parameters (AddParameter): Name = "ComponentLink1URL"; Value = "https://www.mouser.de/datasheet/2/315/AOA0000C334-1314047.pdf"; VariantName = "RS422_to_3V3"
Change component parameters (AddParameter): Name = "Created"; Value = "2019-12-08_Thilo_Wendt"; VariantName = "RS422_to_3V3"
Change component parameters (AddParameter): Name = "HelpURL"; Value = "https://www.mouser.de/datasheet/2/315/AOA0000C334-1314047.pdf"; VariantName = "RS422_to_3V3"
Change component parameters (AddParameter): Name = "MaxVoltage"; Value = "100"; VariantName = "RS422_to_3V3"
Change component parameters (AddParameter): Name = "MF"; Value = "Panasonic"; VariantName = "RS422_to_3V3"
Change component parameters (AddParameter): Name = "MPN"; Value = "ERJU<pkg><tol><val><pkg_meth>"; VariantName = "RS422_to_3V3"
Change component parameters (AddParameter): Name = "Package"; Value = "CurrentFootprint"; VariantName = "RS422_to_3V3"
Change component parameters (AddParameter): Name = "Parameter1"; Value = "V"; VariantName = "RS422_to_3V3"
Change component parameters (AddParameter): Name = "Parameter1Desc"; Value = "Package Method"; VariantName = "RS422_to_3V3"
Change component parameters (AddParameter): Name = "Parameter2"; Value = "F"; VariantName = "RS422_to_3V3"
Change component parameters (AddParameter): Name = "Parameter2Desc"; Value = "Tolerance Symbol"; VariantName = "RS422_to_3V3"
Change component parameters (AddParameter): Name = "Parameter3"; Value = ""; VariantName = "RS422_to_3V3"
Change component parameters (AddParameter): Name = "Parameter3Desc"; Value = ""; VariantName = "RS422_to_3V3"
Change component parameters (AddParameter): Name = "Supplier1"; Value = "https://de.farnell.com/w/search?qualifizierungsstandard-der-automobilindustrie=aec-q200&range=inc-in-stock&st=erju"; VariantName = "RS422_to_3V3"
Change component parameters (AddParameter): Name = "Value"; Value = "?"; VariantName = "RS422_to_3V3"
Change component parameters: Designator = "R4A"; Footprint = "RESC1608X55X30NL15T15"; UniqueID = "\REEOQYYS\LOSHMCEA\1DEFTBZMN\RJCLTDSQ"
Change component parameters. Clean all parameters for all variants
Change component parameters (AddParameter): Name = "ComponentLink1Description"; Value = "Datasheet"; VariantName = "[No Variations]"
Change component parameters (AddParameter): Name = "ComponentLink1URL"; Value = "https://www.mouser.de/datasheet/2/315/AOA0000C334-1314047.pdf"; VariantName = "[No Variations]"
Change component parameters (AddParameter): Name = "Created"; Value = "2019-12-08_Thilo_Wendt"; VariantName = "[No Variations]"
Change component parameters (AddParameter): Name = "HelpURL"; Value = "https://www.mouser.de/datasheet/2/315/AOA0000C334-1314047.pdf"; VariantName = "[No Variations]"
Change component parameters (AddParameter): Name = "MaxVoltage"; Value = "100"; VariantName = "[No Variations]"
Change component parameters (AddParameter): Name = "MF"; Value = "Panasonic"; VariantName = "[No Variations]"
Change component parameters (AddParameter): Name = "MPN"; Value = "ERJU<pkg><tol><val><pkg_meth>"; VariantName = "[No Variations]"
Change component parameters (AddParameter): Name = "Package"; Value = "CurrentFootprint"; VariantName = "[No Variations]"
Change component parameters (AddParameter): Name = "Parameter1"; Value = "V"; VariantName = "[No Variations]"
Change component parameters (AddParameter): Name = "Parameter1Desc"; Value = "Package Method"; VariantName = "[No Variations]"
Change component parameters (AddParameter): Name = "Parameter2"; Value = "F"; VariantName = "[No Variations]"
Change component parameters (AddParameter): Name = "Parameter2Desc"; Value = "Tolerance Symbol"; VariantName = "[No Variations]"
Change component parameters (AddParameter): Name = "Parameter3"; Value = ""; VariantName = "[No Variations]"
Change component parameters (AddParameter): Name = "Parameter3Desc"; Value = ""; VariantName = "[No Variations]"
Change component parameters (AddParameter): Name = "Supplier1"; Value = "https://de.farnell.com/w/search?qualifizierungsstandard-der-automobilindustrie=aec-q200&range=inc-in-stock&st=erju"; VariantName = "[No Variations]"
Change component parameters (AddParameter): Name = "Value"; Value = "?"; VariantName = "[No Variations]"
Change component parameters (AddParameter): Name = "ComponentLink1Description"; Value = "Datasheet"; VariantName = "3V3_to_15V"
Change component parameters (AddParameter): Name = "ComponentLink1URL"; Value = "https://www.mouser.de/datasheet/2/315/AOA0000C334-1314047.pdf"; VariantName = "3V3_to_15V"
Change component parameters (AddParameter): Name = "Created"; Value = "2019-12-08_Thilo_Wendt"; VariantName = "3V3_to_15V"
Change component parameters (AddParameter): Name = "HelpURL"; Value = "https://www.mouser.de/datasheet/2/315/AOA0000C334-1314047.pdf"; VariantName = "3V3_to_15V"
Change component parameters (AddParameter): Name = "MaxVoltage"; Value = "100"; VariantName = "3V3_to_15V"
Change component parameters (AddParameter): Name = "MF"; Value = "Panasonic"; VariantName = "3V3_to_15V"
Change component parameters (AddParameter): Name = "MPN"; Value = "ERJU<pkg><tol><val><pkg_meth>"; VariantName = "3V3_to_15V"
Change component parameters (AddParameter): Name = "Package"; Value = "CurrentFootprint"; VariantName = "3V3_to_15V"
Change component parameters (AddParameter): Name = "Parameter1"; Value = "V"; VariantName = "3V3_to_15V"
Change component parameters (AddParameter): Name = "Parameter1Desc"; Value = "Package Method"; VariantName = "3V3_to_15V"
Change component parameters (AddParameter): Name = "Parameter2"; Value = "F"; VariantName = "3V3_to_15V"
Change component parameters (AddParameter): Name = "Parameter2Desc"; Value = "Tolerance Symbol"; VariantName = "3V3_to_15V"
Change component parameters (AddParameter): Name = "Parameter3"; Value = ""; VariantName = "3V3_to_15V"
Change component parameters (AddParameter): Name = "Parameter3Desc"; Value = ""; VariantName = "3V3_to_15V"
Change component parameters (AddParameter): Name = "Supplier1"; Value = "https://de.farnell.com/w/search?qualifizierungsstandard-der-automobilindustrie=aec-q200&range=inc-in-stock&st=erju"; VariantName = "3V3_to_15V"
Change component parameters (AddParameter): Name = "Value"; Value = "?"; VariantName = "3V3_to_15V"
Change component parameters (AddParameter): Name = "ComponentLink1Description"; Value = "Datasheet"; VariantName = "3V3_to_RS422"
Change component parameters (AddParameter): Name = "ComponentLink1URL"; Value = "https://www.mouser.de/datasheet/2/315/AOA0000C334-1314047.pdf"; VariantName = "3V3_to_RS422"
Change component parameters (AddParameter): Name = "Created"; Value = "2019-12-08_Thilo_Wendt"; VariantName = "3V3_to_RS422"
Change component parameters (AddParameter): Name = "HelpURL"; Value = "https://www.mouser.de/datasheet/2/315/AOA0000C334-1314047.pdf"; VariantName = "3V3_to_RS422"
Change component parameters (AddParameter): Name = "MaxVoltage"; Value = "100"; VariantName = "3V3_to_RS422"
Change component parameters (AddParameter): Name = "MF"; Value = "Panasonic"; VariantName = "3V3_to_RS422"
Change component parameters (AddParameter): Name = "MPN"; Value = "ERJU<pkg><tol><val><pkg_meth>"; VariantName = "3V3_to_RS422"
Change component parameters (AddParameter): Name = "Package"; Value = "CurrentFootprint"; VariantName = "3V3_to_RS422"
Change component parameters (AddParameter): Name = "Parameter1"; Value = "V"; VariantName = "3V3_to_RS422"
Change component parameters (AddParameter): Name = "Parameter1Desc"; Value = "Package Method"; VariantName = "3V3_to_RS422"
Change component parameters (AddParameter): Name = "Parameter2"; Value = "F"; VariantName = "3V3_to_RS422"
Change component parameters (AddParameter): Name = "Parameter2Desc"; Value = "Tolerance Symbol"; VariantName = "3V3_to_RS422"
Change component parameters (AddParameter): Name = "Parameter3"; Value = ""; VariantName = "3V3_to_RS422"
Change component parameters (AddParameter): Name = "Parameter3Desc"; Value = ""; VariantName = "3V3_to_RS422"
Change component parameters (AddParameter): Name = "Supplier1"; Value = "https://de.farnell.com/w/search?qualifizierungsstandard-der-automobilindustrie=aec-q200&range=inc-in-stock&st=erju"; VariantName = "3V3_to_RS422"
Change component parameters (AddParameter): Name = "Value"; Value = "?"; VariantName = "3V3_to_RS422"
Change component parameters (AddParameter): Name = "ComponentLink1Description"; Value = "Datasheet"; VariantName = "RS422_to_3V3"
Change component parameters (AddParameter): Name = "ComponentLink1URL"; Value = "https://www.mouser.de/datasheet/2/315/AOA0000C334-1314047.pdf"; VariantName = "RS422_to_3V3"
Change component parameters (AddParameter): Name = "Created"; Value = "2019-12-08_Thilo_Wendt"; VariantName = "RS422_to_3V3"
Change component parameters (AddParameter): Name = "HelpURL"; Value = "https://www.mouser.de/datasheet/2/315/AOA0000C334-1314047.pdf"; VariantName = "RS422_to_3V3"
Change component parameters (AddParameter): Name = "MaxVoltage"; Value = "100"; VariantName = "RS422_to_3V3"
Change component parameters (AddParameter): Name = "MF"; Value = "Panasonic"; VariantName = "RS422_to_3V3"
Change component parameters (AddParameter): Name = "MPN"; Value = "ERJU<pkg><tol><val><pkg_meth>"; VariantName = "RS422_to_3V3"
Change component parameters (AddParameter): Name = "Package"; Value = "CurrentFootprint"; VariantName = "RS422_to_3V3"
Change component parameters (AddParameter): Name = "Parameter1"; Value = "V"; VariantName = "RS422_to_3V3"
Change component parameters (AddParameter): Name = "Parameter1Desc"; Value = "Package Method"; VariantName = "RS422_to_3V3"
Change component parameters (AddParameter): Name = "Parameter2"; Value = "F"; VariantName = "RS422_to_3V3"
Change component parameters (AddParameter): Name = "Parameter2Desc"; Value = "Tolerance Symbol"; VariantName = "RS422_to_3V3"
Change component parameters (AddParameter): Name = "Parameter3"; Value = ""; VariantName = "RS422_to_3V3"
Change component parameters (AddParameter): Name = "Parameter3Desc"; Value = ""; VariantName = "RS422_to_3V3"
Change component parameters (AddParameter): Name = "Supplier1"; Value = "https://de.farnell.com/w/search?qualifizierungsstandard-der-automobilindustrie=aec-q200&range=inc-in-stock&st=erju"; VariantName = "RS422_to_3V3"
Change component parameters (AddParameter): Name = "Value"; Value = "?"; VariantName = "RS422_to_3V3"
Change component parameters: Designator = "R4B"; Footprint = "RESC1608X55X30NL15T15"; UniqueID = "\REEOQYYS\LOSHMCEA\2DEFTBZMN\RJCLTDSQ"
Change component parameters. Clean all parameters for all variants
Change component parameters (AddParameter): Name = "ComponentLink1Description"; Value = "Datasheet"; VariantName = "[No Variations]"
Change component parameters (AddParameter): Name = "ComponentLink1URL"; Value = "https://www.mouser.de/datasheet/2/315/AOA0000C334-1314047.pdf"; VariantName = "[No Variations]"
Change component parameters (AddParameter): Name = "Created"; Value = "2019-12-08_Thilo_Wendt"; VariantName = "[No Variations]"
Change component parameters (AddParameter): Name = "HelpURL"; Value = "https://www.mouser.de/datasheet/2/315/AOA0000C334-1314047.pdf"; VariantName = "[No Variations]"
Change component parameters (AddParameter): Name = "MaxVoltage"; Value = "100"; VariantName = "[No Variations]"
Change component parameters (AddParameter): Name = "MF"; Value = "Panasonic"; VariantName = "[No Variations]"
Change component parameters (AddParameter): Name = "MPN"; Value = "ERJU<pkg><tol><val><pkg_meth>"; VariantName = "[No Variations]"
Change component parameters (AddParameter): Name = "Package"; Value = "CurrentFootprint"; VariantName = "[No Variations]"
Change component parameters (AddParameter): Name = "Parameter1"; Value = "V"; VariantName = "[No Variations]"
Change component parameters (AddParameter): Name = "Parameter1Desc"; Value = "Package Method"; VariantName = "[No Variations]"
Change component parameters (AddParameter): Name = "Parameter2"; Value = "F"; VariantName = "[No Variations]"
Change component parameters (AddParameter): Name = "Parameter2Desc"; Value = "Tolerance Symbol"; VariantName = "[No Variations]"
Change component parameters (AddParameter): Name = "Parameter3"; Value = ""; VariantName = "[No Variations]"
Change component parameters (AddParameter): Name = "Parameter3Desc"; Value = ""; VariantName = "[No Variations]"
Change component parameters (AddParameter): Name = "Supplier1"; Value = "https://de.farnell.com/w/search?qualifizierungsstandard-der-automobilindustrie=aec-q200&range=inc-in-stock&st=erju"; VariantName = "[No Variations]"
Change component parameters (AddParameter): Name = "Value"; Value = "?"; VariantName = "[No Variations]"
Change component parameters (AddParameter): Name = "ComponentLink1Description"; Value = "Datasheet"; VariantName = "3V3_to_15V"
Change component parameters (AddParameter): Name = "ComponentLink1URL"; Value = "https://www.mouser.de/datasheet/2/315/AOA0000C334-1314047.pdf"; VariantName = "3V3_to_15V"
Change component parameters (AddParameter): Name = "Created"; Value = "2019-12-08_Thilo_Wendt"; VariantName = "3V3_to_15V"
Change component parameters (AddParameter): Name = "HelpURL"; Value = "https://www.mouser.de/datasheet/2/315/AOA0000C334-1314047.pdf"; VariantName = "3V3_to_15V"
Change component parameters (AddParameter): Name = "MaxVoltage"; Value = "100"; VariantName = "3V3_to_15V"
Change component parameters (AddParameter): Name = "MF"; Value = "Panasonic"; VariantName = "3V3_to_15V"
Change component parameters (AddParameter): Name = "MPN"; Value = "ERJU<pkg><tol><val><pkg_meth>"; VariantName = "3V3_to_15V"
Change component parameters (AddParameter): Name = "Package"; Value = "CurrentFootprint"; VariantName = "3V3_to_15V"
Change component parameters (AddParameter): Name = "Parameter1"; Value = "V"; VariantName = "3V3_to_15V"
Change component parameters (AddParameter): Name = "Parameter1Desc"; Value = "Package Method"; VariantName = "3V3_to_15V"
Change component parameters (AddParameter): Name = "Parameter2"; Value = "F"; VariantName = "3V3_to_15V"
Change component parameters (AddParameter): Name = "Parameter2Desc"; Value = "Tolerance Symbol"; VariantName = "3V3_to_15V"
Change component parameters (AddParameter): Name = "Parameter3"; Value = ""; VariantName = "3V3_to_15V"
Change component parameters (AddParameter): Name = "Parameter3Desc"; Value = ""; VariantName = "3V3_to_15V"
Change component parameters (AddParameter): Name = "Supplier1"; Value = "https://de.farnell.com/w/search?qualifizierungsstandard-der-automobilindustrie=aec-q200&range=inc-in-stock&st=erju"; VariantName = "3V3_to_15V"
Change component parameters (AddParameter): Name = "Value"; Value = "?"; VariantName = "3V3_to_15V"
Change component parameters (AddParameter): Name = "ComponentLink1Description"; Value = "Datasheet"; VariantName = "3V3_to_RS422"
Change component parameters (AddParameter): Name = "ComponentLink1URL"; Value = "https://www.mouser.de/datasheet/2/315/AOA0000C334-1314047.pdf"; VariantName = "3V3_to_RS422"
Change component parameters (AddParameter): Name = "Created"; Value = "2019-12-08_Thilo_Wendt"; VariantName = "3V3_to_RS422"
Change component parameters (AddParameter): Name = "HelpURL"; Value = "https://www.mouser.de/datasheet/2/315/AOA0000C334-1314047.pdf"; VariantName = "3V3_to_RS422"
Change component parameters (AddParameter): Name = "MaxVoltage"; Value = "100"; VariantName = "3V3_to_RS422"
Change component parameters (AddParameter): Name = "MF"; Value = "Panasonic"; VariantName = "3V3_to_RS422"
Change component parameters (AddParameter): Name = "MPN"; Value = "ERJU<pkg><tol><val><pkg_meth>"; VariantName = "3V3_to_RS422"
Change component parameters (AddParameter): Name = "Package"; Value = "CurrentFootprint"; VariantName = "3V3_to_RS422"
Change component parameters (AddParameter): Name = "Parameter1"; Value = "V"; VariantName = "3V3_to_RS422"
Change component parameters (AddParameter): Name = "Parameter1Desc"; Value = "Package Method"; VariantName = "3V3_to_RS422"
Change component parameters (AddParameter): Name = "Parameter2"; Value = "F"; VariantName = "3V3_to_RS422"
Change component parameters (AddParameter): Name = "Parameter2Desc"; Value = "Tolerance Symbol"; VariantName = "3V3_to_RS422"
Change component parameters (AddParameter): Name = "Parameter3"; Value = ""; VariantName = "3V3_to_RS422"
Change component parameters (AddParameter): Name = "Parameter3Desc"; Value = ""; VariantName = "3V3_to_RS422"
Change component parameters (AddParameter): Name = "Supplier1"; Value = "https://de.farnell.com/w/search?qualifizierungsstandard-der-automobilindustrie=aec-q200&range=inc-in-stock&st=erju"; VariantName = "3V3_to_RS422"
Change component parameters (AddParameter): Name = "Value"; Value = "?"; VariantName = "3V3_to_RS422"
Change component parameters (AddParameter): Name = "ComponentLink1Description"; Value = "Datasheet"; VariantName = "RS422_to_3V3"
Change component parameters (AddParameter): Name = "ComponentLink1URL"; Value = "https://www.mouser.de/datasheet/2/315/AOA0000C334-1314047.pdf"; VariantName = "RS422_to_3V3"
Change component parameters (AddParameter): Name = "Created"; Value = "2019-12-08_Thilo_Wendt"; VariantName = "RS422_to_3V3"
Change component parameters (AddParameter): Name = "HelpURL"; Value = "https://www.mouser.de/datasheet/2/315/AOA0000C334-1314047.pdf"; VariantName = "RS422_to_3V3"
Change component parameters (AddParameter): Name = "MaxVoltage"; Value = "100"; VariantName = "RS422_to_3V3"
Change component parameters (AddParameter): Name = "MF"; Value = "Panasonic"; VariantName = "RS422_to_3V3"
Change component parameters (AddParameter): Name = "MPN"; Value = "ERJU<pkg><tol><val><pkg_meth>"; VariantName = "RS422_to_3V3"
Change component parameters (AddParameter): Name = "Package"; Value = "CurrentFootprint"; VariantName = "RS422_to_3V3"
Change component parameters (AddParameter): Name = "Parameter1"; Value = "V"; VariantName = "RS422_to_3V3"
Change component parameters (AddParameter): Name = "Parameter1Desc"; Value = "Package Method"; VariantName = "RS422_to_3V3"
Change component parameters (AddParameter): Name = "Parameter2"; Value = "F"; VariantName = "RS422_to_3V3"
Change component parameters (AddParameter): Name = "Parameter2Desc"; Value = "Tolerance Symbol"; VariantName = "RS422_to_3V3"
Change component parameters (AddParameter): Name = "Parameter3"; Value = ""; VariantName = "RS422_to_3V3"
Change component parameters (AddParameter): Name = "Parameter3Desc"; Value = ""; VariantName = "RS422_to_3V3"
Change component parameters (AddParameter): Name = "Supplier1"; Value = "https://de.farnell.com/w/search?qualifizierungsstandard-der-automobilindustrie=aec-q200&range=inc-in-stock&st=erju"; VariantName = "RS422_to_3V3"
Change component parameters (AddParameter): Name = "Value"; Value = "?"; VariantName = "RS422_to_3V3"
Change component parameters: Designator = "R4C"; Footprint = "RESC1608X55X30NL15T15"; UniqueID = "\REEOQYYS\LOSHMCEA\3DEFTBZMN\RJCLTDSQ"
Change component parameters. Clean all parameters for all variants
Change component parameters (AddParameter): Name = "ComponentLink1Description"; Value = "Datasheet"; VariantName = "[No Variations]"
Change component parameters (AddParameter): Name = "ComponentLink1URL"; Value = "https://www.mouser.de/datasheet/2/315/AOA0000C334-1314047.pdf"; VariantName = "[No Variations]"
Change component parameters (AddParameter): Name = "Created"; Value = "2019-12-08_Thilo_Wendt"; VariantName = "[No Variations]"
Change component parameters (AddParameter): Name = "HelpURL"; Value = "https://www.mouser.de/datasheet/2/315/AOA0000C334-1314047.pdf"; VariantName = "[No Variations]"
Change component parameters (AddParameter): Name = "MaxVoltage"; Value = "100"; VariantName = "[No Variations]"
Change component parameters (AddParameter): Name = "MF"; Value = "Panasonic"; VariantName = "[No Variations]"
Change component parameters (AddParameter): Name = "MPN"; Value = "ERJU<pkg><tol><val><pkg_meth>"; VariantName = "[No Variations]"
Change component parameters (AddParameter): Name = "Package"; Value = "CurrentFootprint"; VariantName = "[No Variations]"
Change component parameters (AddParameter): Name = "Parameter1"; Value = "V"; VariantName = "[No Variations]"
Change component parameters (AddParameter): Name = "Parameter1Desc"; Value = "Package Method"; VariantName = "[No Variations]"
Change component parameters (AddParameter): Name = "Parameter2"; Value = "F"; VariantName = "[No Variations]"
Change component parameters (AddParameter): Name = "Parameter2Desc"; Value = "Tolerance Symbol"; VariantName = "[No Variations]"
Change component parameters (AddParameter): Name = "Parameter3"; Value = ""; VariantName = "[No Variations]"
Change component parameters (AddParameter): Name = "Parameter3Desc"; Value = ""; VariantName = "[No Variations]"
Change component parameters (AddParameter): Name = "Supplier1"; Value = "https://de.farnell.com/w/search?qualifizierungsstandard-der-automobilindustrie=aec-q200&range=inc-in-stock&st=erju"; VariantName = "[No Variations]"
Change component parameters (AddParameter): Name = "Value"; Value = "?"; VariantName = "[No Variations]"
Change component parameters (AddParameter): Name = "ComponentLink1Description"; Value = "Datasheet"; VariantName = "3V3_to_15V"
Change component parameters (AddParameter): Name = "ComponentLink1URL"; Value = "https://www.mouser.de/datasheet/2/315/AOA0000C334-1314047.pdf"; VariantName = "3V3_to_15V"
Change component parameters (AddParameter): Name = "Created"; Value = "2019-12-08_Thilo_Wendt"; VariantName = "3V3_to_15V"
Change component parameters (AddParameter): Name = "HelpURL"; Value = "https://www.mouser.de/datasheet/2/315/AOA0000C334-1314047.pdf"; VariantName = "3V3_to_15V"
Change component parameters (AddParameter): Name = "MaxVoltage"; Value = "100"; VariantName = "3V3_to_15V"
Change component parameters (AddParameter): Name = "MF"; Value = "Panasonic"; VariantName = "3V3_to_15V"
Change component parameters (AddParameter): Name = "MPN"; Value = "ERJU<pkg><tol><val><pkg_meth>"; VariantName = "3V3_to_15V"
Change component parameters (AddParameter): Name = "Package"; Value = "CurrentFootprint"; VariantName = "3V3_to_15V"
Change component parameters (AddParameter): Name = "Parameter1"; Value = "V"; VariantName = "3V3_to_15V"
Change component parameters (AddParameter): Name = "Parameter1Desc"; Value = "Package Method"; VariantName = "3V3_to_15V"
Change component parameters (AddParameter): Name = "Parameter2"; Value = "F"; VariantName = "3V3_to_15V"
Change component parameters (AddParameter): Name = "Parameter2Desc"; Value = "Tolerance Symbol"; VariantName = "3V3_to_15V"
Change component parameters (AddParameter): Name = "Parameter3"; Value = ""; VariantName = "3V3_to_15V"
Change component parameters (AddParameter): Name = "Parameter3Desc"; Value = ""; VariantName = "3V3_to_15V"
Change component parameters (AddParameter): Name = "Supplier1"; Value = "https://de.farnell.com/w/search?qualifizierungsstandard-der-automobilindustrie=aec-q200&range=inc-in-stock&st=erju"; VariantName = "3V3_to_15V"
Change component parameters (AddParameter): Name = "Value"; Value = "?"; VariantName = "3V3_to_15V"
Change component parameters (AddParameter): Name = "ComponentLink1Description"; Value = "Datasheet"; VariantName = "3V3_to_RS422"
Change component parameters (AddParameter): Name = "ComponentLink1URL"; Value = "https://www.mouser.de/datasheet/2/315/AOA0000C334-1314047.pdf"; VariantName = "3V3_to_RS422"
Change component parameters (AddParameter): Name = "Created"; Value = "2019-12-08_Thilo_Wendt"; VariantName = "3V3_to_RS422"
Change component parameters (AddParameter): Name = "HelpURL"; Value = "https://www.mouser.de/datasheet/2/315/AOA0000C334-1314047.pdf"; VariantName = "3V3_to_RS422"
Change component parameters (AddParameter): Name = "MaxVoltage"; Value = "100"; VariantName = "3V3_to_RS422"
Change component parameters (AddParameter): Name = "MF"; Value = "Panasonic"; VariantName = "3V3_to_RS422"
Change component parameters (AddParameter): Name = "MPN"; Value = "ERJU<pkg><tol><val><pkg_meth>"; VariantName = "3V3_to_RS422"
Change component parameters (AddParameter): Name = "Package"; Value = "CurrentFootprint"; VariantName = "3V3_to_RS422"
Change component parameters (AddParameter): Name = "Parameter1"; Value = "V"; VariantName = "3V3_to_RS422"
Change component parameters (AddParameter): Name = "Parameter1Desc"; Value = "Package Method"; VariantName = "3V3_to_RS422"
Change component parameters (AddParameter): Name = "Parameter2"; Value = "F"; VariantName = "3V3_to_RS422"
Change component parameters (AddParameter): Name = "Parameter2Desc"; Value = "Tolerance Symbol"; VariantName = "3V3_to_RS422"
Change component parameters (AddParameter): Name = "Parameter3"; Value = ""; VariantName = "3V3_to_RS422"
Change component parameters (AddParameter): Name = "Parameter3Desc"; Value = ""; VariantName = "3V3_to_RS422"
Change component parameters (AddParameter): Name = "Supplier1"; Value = "https://de.farnell.com/w/search?qualifizierungsstandard-der-automobilindustrie=aec-q200&range=inc-in-stock&st=erju"; VariantName = "3V3_to_RS422"
Change component parameters (AddParameter): Name = "Value"; Value = "?"; VariantName = "3V3_to_RS422"
Change component parameters (AddParameter): Name = "ComponentLink1Description"; Value = "Datasheet"; VariantName = "RS422_to_3V3"
Change component parameters (AddParameter): Name = "ComponentLink1URL"; Value = "https://www.mouser.de/datasheet/2/315/AOA0000C334-1314047.pdf"; VariantName = "RS422_to_3V3"
Change component parameters (AddParameter): Name = "Created"; Value = "2019-12-08_Thilo_Wendt"; VariantName = "RS422_to_3V3"
Change component parameters (AddParameter): Name = "HelpURL"; Value = "https://www.mouser.de/datasheet/2/315/AOA0000C334-1314047.pdf"; VariantName = "RS422_to_3V3"
Change component parameters (AddParameter): Name = "MaxVoltage"; Value = "100"; VariantName = "RS422_to_3V3"
Change component parameters (AddParameter): Name = "MF"; Value = "Panasonic"; VariantName = "RS422_to_3V3"
Change component parameters (AddParameter): Name = "MPN"; Value = "ERJU<pkg><tol><val><pkg_meth>"; VariantName = "RS422_to_3V3"
Change component parameters (AddParameter): Name = "Package"; Value = "CurrentFootprint"; VariantName = "RS422_to_3V3"
Change component parameters (AddParameter): Name = "Parameter1"; Value = "V"; VariantName = "RS422_to_3V3"
Change component parameters (AddParameter): Name = "Parameter1Desc"; Value = "Package Method"; VariantName = "RS422_to_3V3"
Change component parameters (AddParameter): Name = "Parameter2"; Value = "F"; VariantName = "RS422_to_3V3"
Change component parameters (AddParameter): Name = "Parameter2Desc"; Value = "Tolerance Symbol"; VariantName = "RS422_to_3V3"
Change component parameters (AddParameter): Name = "Parameter3"; Value = ""; VariantName = "RS422_to_3V3"
Change component parameters (AddParameter): Name = "Parameter3Desc"; Value = ""; VariantName = "RS422_to_3V3"
Change component parameters (AddParameter): Name = "Supplier1"; Value = "https://de.farnell.com/w/search?qualifizierungsstandard-der-automobilindustrie=aec-q200&range=inc-in-stock&st=erju"; VariantName = "RS422_to_3V3"
Change component parameters (AddParameter): Name = "Value"; Value = "?"; VariantName = "RS422_to_3V3"
Change component parameters: Designator = "R4D"; Footprint = "RESC1608X55X30NL15T15"; UniqueID = "\REEOQYYS\LOSHMCEA\4DEFTBZMN\RJCLTDSQ"
Change component parameters. Clean all parameters for all variants
Change component parameters (AddParameter): Name = "ComponentLink1Description"; Value = "Datasheet"; VariantName = "[No Variations]"
Change component parameters (AddParameter): Name = "ComponentLink1URL"; Value = "https://www.mouser.de/datasheet/2/315/AOA0000C334-1314047.pdf"; VariantName = "[No Variations]"
Change component parameters (AddParameter): Name = "Created"; Value = "2019-12-08_Thilo_Wendt"; VariantName = "[No Variations]"
Change component parameters (AddParameter): Name = "HelpURL"; Value = "https://www.mouser.de/datasheet/2/315/AOA0000C334-1314047.pdf"; VariantName = "[No Variations]"
Change component parameters (AddParameter): Name = "MaxVoltage"; Value = "100"; VariantName = "[No Variations]"
Change component parameters (AddParameter): Name = "MF"; Value = "Panasonic"; VariantName = "[No Variations]"
Change component parameters (AddParameter): Name = "MPN"; Value = "ERJU<pkg><tol><val><pkg_meth>"; VariantName = "[No Variations]"
Change component parameters (AddParameter): Name = "Package"; Value = "CurrentFootprint"; VariantName = "[No Variations]"
Change component parameters (AddParameter): Name = "Parameter1"; Value = "V"; VariantName = "[No Variations]"
Change component parameters (AddParameter): Name = "Parameter1Desc"; Value = "Package Method"; VariantName = "[No Variations]"
Change component parameters (AddParameter): Name = "Parameter2"; Value = "F"; VariantName = "[No Variations]"
Change component parameters (AddParameter): Name = "Parameter2Desc"; Value = "Tolerance Symbol"; VariantName = "[No Variations]"
Change component parameters (AddParameter): Name = "Parameter3"; Value = ""; VariantName = "[No Variations]"
Change component parameters (AddParameter): Name = "Parameter3Desc"; Value = ""; VariantName = "[No Variations]"
Change component parameters (AddParameter): Name = "Supplier1"; Value = "https://de.farnell.com/w/search?qualifizierungsstandard-der-automobilindustrie=aec-q200&range=inc-in-stock&st=erju"; VariantName = "[No Variations]"
Change component parameters (AddParameter): Name = "Value"; Value = "?"; VariantName = "[No Variations]"
Change component parameters (AddParameter): Name = "ComponentLink1Description"; Value = "Datasheet"; VariantName = "3V3_to_15V"
Change component parameters (AddParameter): Name = "ComponentLink1URL"; Value = "https://www.mouser.de/datasheet/2/315/AOA0000C334-1314047.pdf"; VariantName = "3V3_to_15V"
Change component parameters (AddParameter): Name = "Created"; Value = "2019-12-08_Thilo_Wendt"; VariantName = "3V3_to_15V"
Change component parameters (AddParameter): Name = "HelpURL"; Value = "https://www.mouser.de/datasheet/2/315/AOA0000C334-1314047.pdf"; VariantName = "3V3_to_15V"
Change component parameters (AddParameter): Name = "MaxVoltage"; Value = "100"; VariantName = "3V3_to_15V"
Change component parameters (AddParameter): Name = "MF"; Value = "Panasonic"; VariantName = "3V3_to_15V"
Change component parameters (AddParameter): Name = "MPN"; Value = "ERJU<pkg><tol><val><pkg_meth>"; VariantName = "3V3_to_15V"
Change component parameters (AddParameter): Name = "Package"; Value = "CurrentFootprint"; VariantName = "3V3_to_15V"
Change component parameters (AddParameter): Name = "Parameter1"; Value = "V"; VariantName = "3V3_to_15V"
Change component parameters (AddParameter): Name = "Parameter1Desc"; Value = "Package Method"; VariantName = "3V3_to_15V"
Change component parameters (AddParameter): Name = "Parameter2"; Value = "F"; VariantName = "3V3_to_15V"
Change component parameters (AddParameter): Name = "Parameter2Desc"; Value = "Tolerance Symbol"; VariantName = "3V3_to_15V"
Change component parameters (AddParameter): Name = "Parameter3"; Value = ""; VariantName = "3V3_to_15V"
Change component parameters (AddParameter): Name = "Parameter3Desc"; Value = ""; VariantName = "3V3_to_15V"
Change component parameters (AddParameter): Name = "Supplier1"; Value = "https://de.farnell.com/w/search?qualifizierungsstandard-der-automobilindustrie=aec-q200&range=inc-in-stock&st=erju"; VariantName = "3V3_to_15V"
Change component parameters (AddParameter): Name = "Value"; Value = "?"; VariantName = "3V3_to_15V"
Change component parameters (AddParameter): Name = "ComponentLink1Description"; Value = "Datasheet"; VariantName = "3V3_to_RS422"
Change component parameters (AddParameter): Name = "ComponentLink1URL"; Value = "https://www.mouser.de/datasheet/2/315/AOA0000C334-1314047.pdf"; VariantName = "3V3_to_RS422"
Change component parameters (AddParameter): Name = "Created"; Value = "2019-12-08_Thilo_Wendt"; VariantName = "3V3_to_RS422"
Change component parameters (AddParameter): Name = "HelpURL"; Value = "https://www.mouser.de/datasheet/2/315/AOA0000C334-1314047.pdf"; VariantName = "3V3_to_RS422"
Change component parameters (AddParameter): Name = "MaxVoltage"; Value = "100"; VariantName = "3V3_to_RS422"
Change component parameters (AddParameter): Name = "MF"; Value = "Panasonic"; VariantName = "3V3_to_RS422"
Change component parameters (AddParameter): Name = "MPN"; Value = "ERJU<pkg><tol><val><pkg_meth>"; VariantName = "3V3_to_RS422"
Change component parameters (AddParameter): Name = "Package"; Value = "CurrentFootprint"; VariantName = "3V3_to_RS422"
Change component parameters (AddParameter): Name = "Parameter1"; Value = "V"; VariantName = "3V3_to_RS422"
Change component parameters (AddParameter): Name = "Parameter1Desc"; Value = "Package Method"; VariantName = "3V3_to_RS422"
Change component parameters (AddParameter): Name = "Parameter2"; Value = "F"; VariantName = "3V3_to_RS422"
Change component parameters (AddParameter): Name = "Parameter2Desc"; Value = "Tolerance Symbol"; VariantName = "3V3_to_RS422"
Change component parameters (AddParameter): Name = "Parameter3"; Value = ""; VariantName = "3V3_to_RS422"
Change component parameters (AddParameter): Name = "Parameter3Desc"; Value = ""; VariantName = "3V3_to_RS422"
Change component parameters (AddParameter): Name = "Supplier1"; Value = "https://de.farnell.com/w/search?qualifizierungsstandard-der-automobilindustrie=aec-q200&range=inc-in-stock&st=erju"; VariantName = "3V3_to_RS422"
Change component parameters (AddParameter): Name = "Value"; Value = "?"; VariantName = "3V3_to_RS422"
Change component parameters (AddParameter): Name = "ComponentLink1Description"; Value = "Datasheet"; VariantName = "RS422_to_3V3"
Change component parameters (AddParameter): Name = "ComponentLink1URL"; Value = "https://www.mouser.de/datasheet/2/315/AOA0000C334-1314047.pdf"; VariantName = "RS422_to_3V3"
Change component parameters (AddParameter): Name = "Created"; Value = "2019-12-08_Thilo_Wendt"; VariantName = "RS422_to_3V3"
Change component parameters (AddParameter): Name = "HelpURL"; Value = "https://www.mouser.de/datasheet/2/315/AOA0000C334-1314047.pdf"; VariantName = "RS422_to_3V3"
Change component parameters (AddParameter): Name = "MaxVoltage"; Value = "100"; VariantName = "RS422_to_3V3"
Change component parameters (AddParameter): Name = "MF"; Value = "Panasonic"; VariantName = "RS422_to_3V3"
Change component parameters (AddParameter): Name = "MPN"; Value = "ERJU<pkg><tol><val><pkg_meth>"; VariantName = "RS422_to_3V3"
Change component parameters (AddParameter): Name = "Package"; Value = "CurrentFootprint"; VariantName = "RS422_to_3V3"
Change component parameters (AddParameter): Name = "Parameter1"; Value = "V"; VariantName = "RS422_to_3V3"
Change component parameters (AddParameter): Name = "Parameter1Desc"; Value = "Package Method"; VariantName = "RS422_to_3V3"
Change component parameters (AddParameter): Name = "Parameter2"; Value = "F"; VariantName = "RS422_to_3V3"
Change component parameters (AddParameter): Name = "Parameter2Desc"; Value = "Tolerance Symbol"; VariantName = "RS422_to_3V3"
Change component parameters (AddParameter): Name = "Parameter3"; Value = ""; VariantName = "RS422_to_3V3"
Change component parameters (AddParameter): Name = "Parameter3Desc"; Value = ""; VariantName = "RS422_to_3V3"
Change component parameters (AddParameter): Name = "Supplier1"; Value = "https://de.farnell.com/w/search?qualifizierungsstandard-der-automobilindustrie=aec-q200&range=inc-in-stock&st=erju"; VariantName = "RS422_to_3V3"
Change component parameters (AddParameter): Name = "Value"; Value = "?"; VariantName = "RS422_to_3V3"
Change component parameters: Designator = "R4E"; Footprint = "RESC1608X55X30NL15T15"; UniqueID = "\REEOQYYS\LOSHMCEA\5DEFTBZMN\RJCLTDSQ"
Change component parameters. Clean all parameters for all variants
Change component parameters (AddParameter): Name = "ComponentLink1Description"; Value = "Datasheet"; VariantName = "[No Variations]"
Change component parameters (AddParameter): Name = "ComponentLink1URL"; Value = "https://www.mouser.de/datasheet/2/315/AOA0000C334-1314047.pdf"; VariantName = "[No Variations]"
Change component parameters (AddParameter): Name = "Created"; Value = "2019-12-08_Thilo_Wendt"; VariantName = "[No Variations]"
Change component parameters (AddParameter): Name = "HelpURL"; Value = "https://www.mouser.de/datasheet/2/315/AOA0000C334-1314047.pdf"; VariantName = "[No Variations]"
Change component parameters (AddParameter): Name = "MaxVoltage"; Value = "100"; VariantName = "[No Variations]"
Change component parameters (AddParameter): Name = "MF"; Value = "Panasonic"; VariantName = "[No Variations]"
Change component parameters (AddParameter): Name = "MPN"; Value = "ERJU<pkg><tol><val><pkg_meth>"; VariantName = "[No Variations]"
Change component parameters (AddParameter): Name = "Package"; Value = "CurrentFootprint"; VariantName = "[No Variations]"
Change component parameters (AddParameter): Name = "Parameter1"; Value = "V"; VariantName = "[No Variations]"
Change component parameters (AddParameter): Name = "Parameter1Desc"; Value = "Package Method"; VariantName = "[No Variations]"
Change component parameters (AddParameter): Name = "Parameter2"; Value = "F"; VariantName = "[No Variations]"
Change component parameters (AddParameter): Name = "Parameter2Desc"; Value = "Tolerance Symbol"; VariantName = "[No Variations]"
Change component parameters (AddParameter): Name = "Parameter3"; Value = ""; VariantName = "[No Variations]"
Change component parameters (AddParameter): Name = "Parameter3Desc"; Value = ""; VariantName = "[No Variations]"
Change component parameters (AddParameter): Name = "Supplier1"; Value = "https://de.farnell.com/w/search?qualifizierungsstandard-der-automobilindustrie=aec-q200&range=inc-in-stock&st=erju"; VariantName = "[No Variations]"
Change component parameters (AddParameter): Name = "Value"; Value = "?"; VariantName = "[No Variations]"
Change component parameters (AddParameter): Name = "ComponentLink1Description"; Value = "Datasheet"; VariantName = "3V3_to_15V"
Change component parameters (AddParameter): Name = "ComponentLink1URL"; Value = "https://www.mouser.de/datasheet/2/315/AOA0000C334-1314047.pdf"; VariantName = "3V3_to_15V"
Change component parameters (AddParameter): Name = "Created"; Value = "2019-12-08_Thilo_Wendt"; VariantName = "3V3_to_15V"
Change component parameters (AddParameter): Name = "HelpURL"; Value = "https://www.mouser.de/datasheet/2/315/AOA0000C334-1314047.pdf"; VariantName = "3V3_to_15V"
Change component parameters (AddParameter): Name = "MaxVoltage"; Value = "100"; VariantName = "3V3_to_15V"
Change component parameters (AddParameter): Name = "MF"; Value = "Panasonic"; VariantName = "3V3_to_15V"
Change component parameters (AddParameter): Name = "MPN"; Value = "ERJU<pkg><tol><val><pkg_meth>"; VariantName = "3V3_to_15V"
Change component parameters (AddParameter): Name = "Package"; Value = "CurrentFootprint"; VariantName = "3V3_to_15V"
Change component parameters (AddParameter): Name = "Parameter1"; Value = "V"; VariantName = "3V3_to_15V"
Change component parameters (AddParameter): Name = "Parameter1Desc"; Value = "Package Method"; VariantName = "3V3_to_15V"
Change component parameters (AddParameter): Name = "Parameter2"; Value = "F"; VariantName = "3V3_to_15V"
Change component parameters (AddParameter): Name = "Parameter2Desc"; Value = "Tolerance Symbol"; VariantName = "3V3_to_15V"
Change component parameters (AddParameter): Name = "Parameter3"; Value = ""; VariantName = "3V3_to_15V"
Change component parameters (AddParameter): Name = "Parameter3Desc"; Value = ""; VariantName = "3V3_to_15V"
Change component parameters (AddParameter): Name = "Supplier1"; Value = "https://de.farnell.com/w/search?qualifizierungsstandard-der-automobilindustrie=aec-q200&range=inc-in-stock&st=erju"; VariantName = "3V3_to_15V"
Change component parameters (AddParameter): Name = "Value"; Value = "?"; VariantName = "3V3_to_15V"
Change component parameters (AddParameter): Name = "ComponentLink1Description"; Value = "Datasheet"; VariantName = "3V3_to_RS422"
Change component parameters (AddParameter): Name = "ComponentLink1URL"; Value = "https://www.mouser.de/datasheet/2/315/AOA0000C334-1314047.pdf"; VariantName = "3V3_to_RS422"
Change component parameters (AddParameter): Name = "Created"; Value = "2019-12-08_Thilo_Wendt"; VariantName = "3V3_to_RS422"
Change component parameters (AddParameter): Name = "HelpURL"; Value = "https://www.mouser.de/datasheet/2/315/AOA0000C334-1314047.pdf"; VariantName = "3V3_to_RS422"
Change component parameters (AddParameter): Name = "MaxVoltage"; Value = "100"; VariantName = "3V3_to_RS422"
Change component parameters (AddParameter): Name = "MF"; Value = "Panasonic"; VariantName = "3V3_to_RS422"
Change component parameters (AddParameter): Name = "MPN"; Value = "ERJU<pkg><tol><val><pkg_meth>"; VariantName = "3V3_to_RS422"
Change component parameters (AddParameter): Name = "Package"; Value = "CurrentFootprint"; VariantName = "3V3_to_RS422"
Change component parameters (AddParameter): Name = "Parameter1"; Value = "V"; VariantName = "3V3_to_RS422"
Change component parameters (AddParameter): Name = "Parameter1Desc"; Value = "Package Method"; VariantName = "3V3_to_RS422"
Change component parameters (AddParameter): Name = "Parameter2"; Value = "F"; VariantName = "3V3_to_RS422"
Change component parameters (AddParameter): Name = "Parameter2Desc"; Value = "Tolerance Symbol"; VariantName = "3V3_to_RS422"
Change component parameters (AddParameter): Name = "Parameter3"; Value = ""; VariantName = "3V3_to_RS422"
Change component parameters (AddParameter): Name = "Parameter3Desc"; Value = ""; VariantName = "3V3_to_RS422"
Change component parameters (AddParameter): Name = "Supplier1"; Value = "https://de.farnell.com/w/search?qualifizierungsstandard-der-automobilindustrie=aec-q200&range=inc-in-stock&st=erju"; VariantName = "3V3_to_RS422"
Change component parameters (AddParameter): Name = "Value"; Value = "?"; VariantName = "3V3_to_RS422"
Change component parameters (AddParameter): Name = "ComponentLink1Description"; Value = "Datasheet"; VariantName = "RS422_to_3V3"
Change component parameters (AddParameter): Name = "ComponentLink1URL"; Value = "https://www.mouser.de/datasheet/2/315/AOA0000C334-1314047.pdf"; VariantName = "RS422_to_3V3"
Change component parameters (AddParameter): Name = "Created"; Value = "2019-12-08_Thilo_Wendt"; VariantName = "RS422_to_3V3"
Change component parameters (AddParameter): Name = "HelpURL"; Value = "https://www.mouser.de/datasheet/2/315/AOA0000C334-1314047.pdf"; VariantName = "RS422_to_3V3"
Change component parameters (AddParameter): Name = "MaxVoltage"; Value = "100"; VariantName = "RS422_to_3V3"
Change component parameters (AddParameter): Name = "MF"; Value = "Panasonic"; VariantName = "RS422_to_3V3"
Change component parameters (AddParameter): Name = "MPN"; Value = "ERJU<pkg><tol><val><pkg_meth>"; VariantName = "RS422_to_3V3"
Change component parameters (AddParameter): Name = "Package"; Value = "CurrentFootprint"; VariantName = "RS422_to_3V3"
Change component parameters (AddParameter): Name = "Parameter1"; Value = "V"; VariantName = "RS422_to_3V3"
Change component parameters (AddParameter): Name = "Parameter1Desc"; Value = "Package Method"; VariantName = "RS422_to_3V3"
Change component parameters (AddParameter): Name = "Parameter2"; Value = "F"; VariantName = "RS422_to_3V3"
Change component parameters (AddParameter): Name = "Parameter2Desc"; Value = "Tolerance Symbol"; VariantName = "RS422_to_3V3"
Change component parameters (AddParameter): Name = "Parameter3"; Value = ""; VariantName = "RS422_to_3V3"
Change component parameters (AddParameter): Name = "Parameter3Desc"; Value = ""; VariantName = "RS422_to_3V3"
Change component parameters (AddParameter): Name = "Supplier1"; Value = "https://de.farnell.com/w/search?qualifizierungsstandard-der-automobilindustrie=aec-q200&range=inc-in-stock&st=erju"; VariantName = "RS422_to_3V3"
Change component parameters (AddParameter): Name = "Value"; Value = "?"; VariantName = "RS422_to_3V3"
Change component parameters: Designator = "R5A"; Footprint = "RESC1608X55X30NL15T15"; UniqueID = "\REEOQYYS\LOSHMCEA\1DEFTBZMN\UWYBJKHT"
Change component parameters. Clean all parameters for all variants
Change component parameters (AddParameter): Name = "ComponentLink1Description"; Value = "Datasheet"; VariantName = "[No Variations]"
Change component parameters (AddParameter): Name = "ComponentLink1URL"; Value = "https://www.mouser.de/datasheet/2/315/AOA0000C334-1314047.pdf"; VariantName = "[No Variations]"
Change component parameters (AddParameter): Name = "Created"; Value = "2019-12-08_Thilo_Wendt"; VariantName = "[No Variations]"
Change component parameters (AddParameter): Name = "HelpURL"; Value = "https://www.mouser.de/datasheet/2/315/AOA0000C334-1314047.pdf"; VariantName = "[No Variations]"
Change component parameters (AddParameter): Name = "MaxVoltage"; Value = "100"; VariantName = "[No Variations]"
Change component parameters (AddParameter): Name = "MF"; Value = "Panasonic"; VariantName = "[No Variations]"
Change component parameters (AddParameter): Name = "MPN"; Value = "ERJU<pkg><tol><val><pkg_meth>"; VariantName = "[No Variations]"
Change component parameters (AddParameter): Name = "Package"; Value = "CurrentFootprint"; VariantName = "[No Variations]"
Change component parameters (AddParameter): Name = "Parameter1"; Value = "V"; VariantName = "[No Variations]"
Change component parameters (AddParameter): Name = "Parameter1Desc"; Value = "Package Method"; VariantName = "[No Variations]"
Change component parameters (AddParameter): Name = "Parameter2"; Value = "F"; VariantName = "[No Variations]"
Change component parameters (AddParameter): Name = "Parameter2Desc"; Value = "Tolerance Symbol"; VariantName = "[No Variations]"
Change component parameters (AddParameter): Name = "Parameter3"; Value = ""; VariantName = "[No Variations]"
Change component parameters (AddParameter): Name = "Parameter3Desc"; Value = ""; VariantName = "[No Variations]"
Change component parameters (AddParameter): Name = "Supplier1"; Value = "https://de.farnell.com/w/search?qualifizierungsstandard-der-automobilindustrie=aec-q200&range=inc-in-stock&st=erju"; VariantName = "[No Variations]"
Change component parameters (AddParameter): Name = "Value"; Value = "?"; VariantName = "[No Variations]"
Change component parameters (AddParameter): Name = "ComponentLink1Description"; Value = "Datasheet"; VariantName = "3V3_to_15V"
Change component parameters (AddParameter): Name = "ComponentLink1URL"; Value = "https://www.mouser.de/datasheet/2/315/AOA0000C334-1314047.pdf"; VariantName = "3V3_to_15V"
Change component parameters (AddParameter): Name = "Created"; Value = "2019-12-08_Thilo_Wendt"; VariantName = "3V3_to_15V"
Change component parameters (AddParameter): Name = "HelpURL"; Value = "https://www.mouser.de/datasheet/2/315/AOA0000C334-1314047.pdf"; VariantName = "3V3_to_15V"
Change component parameters (AddParameter): Name = "MaxVoltage"; Value = "100"; VariantName = "3V3_to_15V"
Change component parameters (AddParameter): Name = "MF"; Value = "Panasonic"; VariantName = "3V3_to_15V"
Change component parameters (AddParameter): Name = "MPN"; Value = "ERJU<pkg><tol><val><pkg_meth>"; VariantName = "3V3_to_15V"
Change component parameters (AddParameter): Name = "Package"; Value = "CurrentFootprint"; VariantName = "3V3_to_15V"
Change component parameters (AddParameter): Name = "Parameter1"; Value = "V"; VariantName = "3V3_to_15V"
Change component parameters (AddParameter): Name = "Parameter1Desc"; Value = "Package Method"; VariantName = "3V3_to_15V"
Change component parameters (AddParameter): Name = "Parameter2"; Value = "F"; VariantName = "3V3_to_15V"
Change component parameters (AddParameter): Name = "Parameter2Desc"; Value = "Tolerance Symbol"; VariantName = "3V3_to_15V"
Change component parameters (AddParameter): Name = "Parameter3"; Value = ""; VariantName = "3V3_to_15V"
Change component parameters (AddParameter): Name = "Parameter3Desc"; Value = ""; VariantName = "3V3_to_15V"
Change component parameters (AddParameter): Name = "Supplier1"; Value = "https://de.farnell.com/w/search?qualifizierungsstandard-der-automobilindustrie=aec-q200&range=inc-in-stock&st=erju"; VariantName = "3V3_to_15V"
Change component parameters (AddParameter): Name = "Value"; Value = "?"; VariantName = "3V3_to_15V"
Change component parameters (AddParameter): Name = "ComponentLink1Description"; Value = "Datasheet"; VariantName = "3V3_to_RS422"
Change component parameters (AddParameter): Name = "ComponentLink1URL"; Value = "https://www.mouser.de/datasheet/2/315/AOA0000C334-1314047.pdf"; VariantName = "3V3_to_RS422"
Change component parameters (AddParameter): Name = "Created"; Value = "2019-12-08_Thilo_Wendt"; VariantName = "3V3_to_RS422"
Change component parameters (AddParameter): Name = "HelpURL"; Value = "https://www.mouser.de/datasheet/2/315/AOA0000C334-1314047.pdf"; VariantName = "3V3_to_RS422"
Change component parameters (AddParameter): Name = "MaxVoltage"; Value = "100"; VariantName = "3V3_to_RS422"
Change component parameters (AddParameter): Name = "MF"; Value = "Panasonic"; VariantName = "3V3_to_RS422"
Change component parameters (AddParameter): Name = "MPN"; Value = "ERJU<pkg><tol><val><pkg_meth>"; VariantName = "3V3_to_RS422"
Change component parameters (AddParameter): Name = "Package"; Value = "CurrentFootprint"; VariantName = "3V3_to_RS422"
Change component parameters (AddParameter): Name = "Parameter1"; Value = "V"; VariantName = "3V3_to_RS422"
Change component parameters (AddParameter): Name = "Parameter1Desc"; Value = "Package Method"; VariantName = "3V3_to_RS422"
Change component parameters (AddParameter): Name = "Parameter2"; Value = "F"; VariantName = "3V3_to_RS422"
Change component parameters (AddParameter): Name = "Parameter2Desc"; Value = "Tolerance Symbol"; VariantName = "3V3_to_RS422"
Change component parameters (AddParameter): Name = "Parameter3"; Value = ""; VariantName = "3V3_to_RS422"
Change component parameters (AddParameter): Name = "Parameter3Desc"; Value = ""; VariantName = "3V3_to_RS422"
Change component parameters (AddParameter): Name = "Supplier1"; Value = "https://de.farnell.com/w/search?qualifizierungsstandard-der-automobilindustrie=aec-q200&range=inc-in-stock&st=erju"; VariantName = "3V3_to_RS422"
Change component parameters (AddParameter): Name = "Value"; Value = "?"; VariantName = "3V3_to_RS422"
Change component parameters (AddParameter): Name = "ComponentLink1Description"; Value = "Datasheet"; VariantName = "RS422_to_3V3"
Change component parameters (AddParameter): Name = "ComponentLink1URL"; Value = "https://www.mouser.de/datasheet/2/315/AOA0000C334-1314047.pdf"; VariantName = "RS422_to_3V3"
Change component parameters (AddParameter): Name = "Created"; Value = "2019-12-08_Thilo_Wendt"; VariantName = "RS422_to_3V3"
Change component parameters (AddParameter): Name = "HelpURL"; Value = "https://www.mouser.de/datasheet/2/315/AOA0000C334-1314047.pdf"; VariantName = "RS422_to_3V3"
Change component parameters (AddParameter): Name = "MaxVoltage"; Value = "100"; VariantName = "RS422_to_3V3"
Change component parameters (AddParameter): Name = "MF"; Value = "Panasonic"; VariantName = "RS422_to_3V3"
Change component parameters (AddParameter): Name = "MPN"; Value = "ERJU<pkg><tol><val><pkg_meth>"; VariantName = "RS422_to_3V3"
Change component parameters (AddParameter): Name = "Package"; Value = "CurrentFootprint"; VariantName = "RS422_to_3V3"
Change component parameters (AddParameter): Name = "Parameter1"; Value = "V"; VariantName = "RS422_to_3V3"
Change component parameters (AddParameter): Name = "Parameter1Desc"; Value = "Package Method"; VariantName = "RS422_to_3V3"
Change component parameters (AddParameter): Name = "Parameter2"; Value = "F"; VariantName = "RS422_to_3V3"
Change component parameters (AddParameter): Name = "Parameter2Desc"; Value = "Tolerance Symbol"; VariantName = "RS422_to_3V3"
Change component parameters (AddParameter): Name = "Parameter3"; Value = ""; VariantName = "RS422_to_3V3"
Change component parameters (AddParameter): Name = "Parameter3Desc"; Value = ""; VariantName = "RS422_to_3V3"
Change component parameters (AddParameter): Name = "Supplier1"; Value = "https://de.farnell.com/w/search?qualifizierungsstandard-der-automobilindustrie=aec-q200&range=inc-in-stock&st=erju"; VariantName = "RS422_to_3V3"
Change component parameters (AddParameter): Name = "Value"; Value = "?"; VariantName = "RS422_to_3V3"
Change component parameters: Designator = "R5B"; Footprint = "RESC1608X55X30NL15T15"; UniqueID = "\REEOQYYS\LOSHMCEA\2DEFTBZMN\UWYBJKHT"
Change component parameters. Clean all parameters for all variants
Change component parameters (AddParameter): Name = "ComponentLink1Description"; Value = "Datasheet"; VariantName = "[No Variations]"
Change component parameters (AddParameter): Name = "ComponentLink1URL"; Value = "https://www.mouser.de/datasheet/2/315/AOA0000C334-1314047.pdf"; VariantName = "[No Variations]"
Change component parameters (AddParameter): Name = "Created"; Value = "2019-12-08_Thilo_Wendt"; VariantName = "[No Variations]"
Change component parameters (AddParameter): Name = "HelpURL"; Value = "https://www.mouser.de/datasheet/2/315/AOA0000C334-1314047.pdf"; VariantName = "[No Variations]"
Change component parameters (AddParameter): Name = "MaxVoltage"; Value = "100"; VariantName = "[No Variations]"
Change component parameters (AddParameter): Name = "MF"; Value = "Panasonic"; VariantName = "[No Variations]"
Change component parameters (AddParameter): Name = "MPN"; Value = "ERJU<pkg><tol><val><pkg_meth>"; VariantName = "[No Variations]"
Change component parameters (AddParameter): Name = "Package"; Value = "CurrentFootprint"; VariantName = "[No Variations]"
Change component parameters (AddParameter): Name = "Parameter1"; Value = "V"; VariantName = "[No Variations]"
Change component parameters (AddParameter): Name = "Parameter1Desc"; Value = "Package Method"; VariantName = "[No Variations]"
Change component parameters (AddParameter): Name = "Parameter2"; Value = "F"; VariantName = "[No Variations]"
Change component parameters (AddParameter): Name = "Parameter2Desc"; Value = "Tolerance Symbol"; VariantName = "[No Variations]"
Change component parameters (AddParameter): Name = "Parameter3"; Value = ""; VariantName = "[No Variations]"
Change component parameters (AddParameter): Name = "Parameter3Desc"; Value = ""; VariantName = "[No Variations]"
Change component parameters (AddParameter): Name = "Supplier1"; Value = "https://de.farnell.com/w/search?qualifizierungsstandard-der-automobilindustrie=aec-q200&range=inc-in-stock&st=erju"; VariantName = "[No Variations]"
Change component parameters (AddParameter): Name = "Value"; Value = "?"; VariantName = "[No Variations]"
Change component parameters (AddParameter): Name = "ComponentLink1Description"; Value = "Datasheet"; VariantName = "3V3_to_15V"
Change component parameters (AddParameter): Name = "ComponentLink1URL"; Value = "https://www.mouser.de/datasheet/2/315/AOA0000C334-1314047.pdf"; VariantName = "3V3_to_15V"
Change component parameters (AddParameter): Name = "Created"; Value = "2019-12-08_Thilo_Wendt"; VariantName = "3V3_to_15V"
Change component parameters (AddParameter): Name = "HelpURL"; Value = "https://www.mouser.de/datasheet/2/315/AOA0000C334-1314047.pdf"; VariantName = "3V3_to_15V"
Change component parameters (AddParameter): Name = "MaxVoltage"; Value = "100"; VariantName = "3V3_to_15V"
Change component parameters (AddParameter): Name = "MF"; Value = "Panasonic"; VariantName = "3V3_to_15V"
Change component parameters (AddParameter): Name = "MPN"; Value = "ERJU<pkg><tol><val><pkg_meth>"; VariantName = "3V3_to_15V"
Change component parameters (AddParameter): Name = "Package"; Value = "CurrentFootprint"; VariantName = "3V3_to_15V"
Change component parameters (AddParameter): Name = "Parameter1"; Value = "V"; VariantName = "3V3_to_15V"
Change component parameters (AddParameter): Name = "Parameter1Desc"; Value = "Package Method"; VariantName = "3V3_to_15V"
Change component parameters (AddParameter): Name = "Parameter2"; Value = "F"; VariantName = "3V3_to_15V"
Change component parameters (AddParameter): Name = "Parameter2Desc"; Value = "Tolerance Symbol"; VariantName = "3V3_to_15V"
Change component parameters (AddParameter): Name = "Parameter3"; Value = ""; VariantName = "3V3_to_15V"
Change component parameters (AddParameter): Name = "Parameter3Desc"; Value = ""; VariantName = "3V3_to_15V"
Change component parameters (AddParameter): Name = "Supplier1"; Value = "https://de.farnell.com/w/search?qualifizierungsstandard-der-automobilindustrie=aec-q200&range=inc-in-stock&st=erju"; VariantName = "3V3_to_15V"
Change component parameters (AddParameter): Name = "Value"; Value = "?"; VariantName = "3V3_to_15V"
Change component parameters (AddParameter): Name = "ComponentLink1Description"; Value = "Datasheet"; VariantName = "3V3_to_RS422"
Change component parameters (AddParameter): Name = "ComponentLink1URL"; Value = "https://www.mouser.de/datasheet/2/315/AOA0000C334-1314047.pdf"; VariantName = "3V3_to_RS422"
Change component parameters (AddParameter): Name = "Created"; Value = "2019-12-08_Thilo_Wendt"; VariantName = "3V3_to_RS422"
Change component parameters (AddParameter): Name = "HelpURL"; Value = "https://www.mouser.de/datasheet/2/315/AOA0000C334-1314047.pdf"; VariantName = "3V3_to_RS422"
Change component parameters (AddParameter): Name = "MaxVoltage"; Value = "100"; VariantName = "3V3_to_RS422"
Change component parameters (AddParameter): Name = "MF"; Value = "Panasonic"; VariantName = "3V3_to_RS422"
Change component parameters (AddParameter): Name = "MPN"; Value = "ERJU<pkg><tol><val><pkg_meth>"; VariantName = "3V3_to_RS422"
Change component parameters (AddParameter): Name = "Package"; Value = "CurrentFootprint"; VariantName = "3V3_to_RS422"
Change component parameters (AddParameter): Name = "Parameter1"; Value = "V"; VariantName = "3V3_to_RS422"
Change component parameters (AddParameter): Name = "Parameter1Desc"; Value = "Package Method"; VariantName = "3V3_to_RS422"
Change component parameters (AddParameter): Name = "Parameter2"; Value = "F"; VariantName = "3V3_to_RS422"
Change component parameters (AddParameter): Name = "Parameter2Desc"; Value = "Tolerance Symbol"; VariantName = "3V3_to_RS422"
Change component parameters (AddParameter): Name = "Parameter3"; Value = ""; VariantName = "3V3_to_RS422"
Change component parameters (AddParameter): Name = "Parameter3Desc"; Value = ""; VariantName = "3V3_to_RS422"
Change component parameters (AddParameter): Name = "Supplier1"; Value = "https://de.farnell.com/w/search?qualifizierungsstandard-der-automobilindustrie=aec-q200&range=inc-in-stock&st=erju"; VariantName = "3V3_to_RS422"
Change component parameters (AddParameter): Name = "Value"; Value = "?"; VariantName = "3V3_to_RS422"
Change component parameters (AddParameter): Name = "ComponentLink1Description"; Value = "Datasheet"; VariantName = "RS422_to_3V3"
Change component parameters (AddParameter): Name = "ComponentLink1URL"; Value = "https://www.mouser.de/datasheet/2/315/AOA0000C334-1314047.pdf"; VariantName = "RS422_to_3V3"
Change component parameters (AddParameter): Name = "Created"; Value = "2019-12-08_Thilo_Wendt"; VariantName = "RS422_to_3V3"
Change component parameters (AddParameter): Name = "HelpURL"; Value = "https://www.mouser.de/datasheet/2/315/AOA0000C334-1314047.pdf"; VariantName = "RS422_to_3V3"
Change component parameters (AddParameter): Name = "MaxVoltage"; Value = "100"; VariantName = "RS422_to_3V3"
Change component parameters (AddParameter): Name = "MF"; Value = "Panasonic"; VariantName = "RS422_to_3V3"
Change component parameters (AddParameter): Name = "MPN"; Value = "ERJU<pkg><tol><val><pkg_meth>"; VariantName = "RS422_to_3V3"
Change component parameters (AddParameter): Name = "Package"; Value = "CurrentFootprint"; VariantName = "RS422_to_3V3"
Change component parameters (AddParameter): Name = "Parameter1"; Value = "V"; VariantName = "RS422_to_3V3"
Change component parameters (AddParameter): Name = "Parameter1Desc"; Value = "Package Method"; VariantName = "RS422_to_3V3"
Change component parameters (AddParameter): Name = "Parameter2"; Value = "F"; VariantName = "RS422_to_3V3"
Change component parameters (AddParameter): Name = "Parameter2Desc"; Value = "Tolerance Symbol"; VariantName = "RS422_to_3V3"
Change component parameters (AddParameter): Name = "Parameter3"; Value = ""; VariantName = "RS422_to_3V3"
Change component parameters (AddParameter): Name = "Parameter3Desc"; Value = ""; VariantName = "RS422_to_3V3"
Change component parameters (AddParameter): Name = "Supplier1"; Value = "https://de.farnell.com/w/search?qualifizierungsstandard-der-automobilindustrie=aec-q200&range=inc-in-stock&st=erju"; VariantName = "RS422_to_3V3"
Change component parameters (AddParameter): Name = "Value"; Value = "?"; VariantName = "RS422_to_3V3"
Change component parameters: Designator = "R5C"; Footprint = "RESC1608X55X30NL15T15"; UniqueID = "\REEOQYYS\LOSHMCEA\3DEFTBZMN\UWYBJKHT"
Change component parameters. Clean all parameters for all variants
Change component parameters (AddParameter): Name = "ComponentLink1Description"; Value = "Datasheet"; VariantName = "[No Variations]"
Change component parameters (AddParameter): Name = "ComponentLink1URL"; Value = "https://www.mouser.de/datasheet/2/315/AOA0000C334-1314047.pdf"; VariantName = "[No Variations]"
Change component parameters (AddParameter): Name = "Created"; Value = "2019-12-08_Thilo_Wendt"; VariantName = "[No Variations]"
Change component parameters (AddParameter): Name = "HelpURL"; Value = "https://www.mouser.de/datasheet/2/315/AOA0000C334-1314047.pdf"; VariantName = "[No Variations]"
Change component parameters (AddParameter): Name = "MaxVoltage"; Value = "100"; VariantName = "[No Variations]"
Change component parameters (AddParameter): Name = "MF"; Value = "Panasonic"; VariantName = "[No Variations]"
Change component parameters (AddParameter): Name = "MPN"; Value = "ERJU<pkg><tol><val><pkg_meth>"; VariantName = "[No Variations]"
Change component parameters (AddParameter): Name = "Package"; Value = "CurrentFootprint"; VariantName = "[No Variations]"
Change component parameters (AddParameter): Name = "Parameter1"; Value = "V"; VariantName = "[No Variations]"
Change component parameters (AddParameter): Name = "Parameter1Desc"; Value = "Package Method"; VariantName = "[No Variations]"
Change component parameters (AddParameter): Name = "Parameter2"; Value = "F"; VariantName = "[No Variations]"
Change component parameters (AddParameter): Name = "Parameter2Desc"; Value = "Tolerance Symbol"; VariantName = "[No Variations]"
Change component parameters (AddParameter): Name = "Parameter3"; Value = ""; VariantName = "[No Variations]"
Change component parameters (AddParameter): Name = "Parameter3Desc"; Value = ""; VariantName = "[No Variations]"
Change component parameters (AddParameter): Name = "Supplier1"; Value = "https://de.farnell.com/w/search?qualifizierungsstandard-der-automobilindustrie=aec-q200&range=inc-in-stock&st=erju"; VariantName = "[No Variations]"
Change component parameters (AddParameter): Name = "Value"; Value = "?"; VariantName = "[No Variations]"
Change component parameters (AddParameter): Name = "ComponentLink1Description"; Value = "Datasheet"; VariantName = "3V3_to_15V"
Change component parameters (AddParameter): Name = "ComponentLink1URL"; Value = "https://www.mouser.de/datasheet/2/315/AOA0000C334-1314047.pdf"; VariantName = "3V3_to_15V"
Change component parameters (AddParameter): Name = "Created"; Value = "2019-12-08_Thilo_Wendt"; VariantName = "3V3_to_15V"
Change component parameters (AddParameter): Name = "HelpURL"; Value = "https://www.mouser.de/datasheet/2/315/AOA0000C334-1314047.pdf"; VariantName = "3V3_to_15V"
Change component parameters (AddParameter): Name = "MaxVoltage"; Value = "100"; VariantName = "3V3_to_15V"
Change component parameters (AddParameter): Name = "MF"; Value = "Panasonic"; VariantName = "3V3_to_15V"
Change component parameters (AddParameter): Name = "MPN"; Value = "ERJU<pkg><tol><val><pkg_meth>"; VariantName = "3V3_to_15V"
Change component parameters (AddParameter): Name = "Package"; Value = "CurrentFootprint"; VariantName = "3V3_to_15V"
Change component parameters (AddParameter): Name = "Parameter1"; Value = "V"; VariantName = "3V3_to_15V"
Change component parameters (AddParameter): Name = "Parameter1Desc"; Value = "Package Method"; VariantName = "3V3_to_15V"
Change component parameters (AddParameter): Name = "Parameter2"; Value = "F"; VariantName = "3V3_to_15V"
Change component parameters (AddParameter): Name = "Parameter2Desc"; Value = "Tolerance Symbol"; VariantName = "3V3_to_15V"
Change component parameters (AddParameter): Name = "Parameter3"; Value = ""; VariantName = "3V3_to_15V"
Change component parameters (AddParameter): Name = "Parameter3Desc"; Value = ""; VariantName = "3V3_to_15V"
Change component parameters (AddParameter): Name = "Supplier1"; Value = "https://de.farnell.com/w/search?qualifizierungsstandard-der-automobilindustrie=aec-q200&range=inc-in-stock&st=erju"; VariantName = "3V3_to_15V"
Change component parameters (AddParameter): Name = "Value"; Value = "?"; VariantName = "3V3_to_15V"
Change component parameters (AddParameter): Name = "ComponentLink1Description"; Value = "Datasheet"; VariantName = "3V3_to_RS422"
Change component parameters (AddParameter): Name = "ComponentLink1URL"; Value = "https://www.mouser.de/datasheet/2/315/AOA0000C334-1314047.pdf"; VariantName = "3V3_to_RS422"
Change component parameters (AddParameter): Name = "Created"; Value = "2019-12-08_Thilo_Wendt"; VariantName = "3V3_to_RS422"
Change component parameters (AddParameter): Name = "HelpURL"; Value = "https://www.mouser.de/datasheet/2/315/AOA0000C334-1314047.pdf"; VariantName = "3V3_to_RS422"
Change component parameters (AddParameter): Name = "MaxVoltage"; Value = "100"; VariantName = "3V3_to_RS422"
Change component parameters (AddParameter): Name = "MF"; Value = "Panasonic"; VariantName = "3V3_to_RS422"
Change component parameters (AddParameter): Name = "MPN"; Value = "ERJU<pkg><tol><val><pkg_meth>"; VariantName = "3V3_to_RS422"
Change component parameters (AddParameter): Name = "Package"; Value = "CurrentFootprint"; VariantName = "3V3_to_RS422"
Change component parameters (AddParameter): Name = "Parameter1"; Value = "V"; VariantName = "3V3_to_RS422"
Change component parameters (AddParameter): Name = "Parameter1Desc"; Value = "Package Method"; VariantName = "3V3_to_RS422"
Change component parameters (AddParameter): Name = "Parameter2"; Value = "F"; VariantName = "3V3_to_RS422"
Change component parameters (AddParameter): Name = "Parameter2Desc"; Value = "Tolerance Symbol"; VariantName = "3V3_to_RS422"
Change component parameters (AddParameter): Name = "Parameter3"; Value = ""; VariantName = "3V3_to_RS422"
Change component parameters (AddParameter): Name = "Parameter3Desc"; Value = ""; VariantName = "3V3_to_RS422"
Change component parameters (AddParameter): Name = "Supplier1"; Value = "https://de.farnell.com/w/search?qualifizierungsstandard-der-automobilindustrie=aec-q200&range=inc-in-stock&st=erju"; VariantName = "3V3_to_RS422"
Change component parameters (AddParameter): Name = "Value"; Value = "?"; VariantName = "3V3_to_RS422"
Change component parameters (AddParameter): Name = "ComponentLink1Description"; Value = "Datasheet"; VariantName = "RS422_to_3V3"
Change component parameters (AddParameter): Name = "ComponentLink1URL"; Value = "https://www.mouser.de/datasheet/2/315/AOA0000C334-1314047.pdf"; VariantName = "RS422_to_3V3"
Change component parameters (AddParameter): Name = "Created"; Value = "2019-12-08_Thilo_Wendt"; VariantName = "RS422_to_3V3"
Change component parameters (AddParameter): Name = "HelpURL"; Value = "https://www.mouser.de/datasheet/2/315/AOA0000C334-1314047.pdf"; VariantName = "RS422_to_3V3"
Change component parameters (AddParameter): Name = "MaxVoltage"; Value = "100"; VariantName = "RS422_to_3V3"
Change component parameters (AddParameter): Name = "MF"; Value = "Panasonic"; VariantName = "RS422_to_3V3"
Change component parameters (AddParameter): Name = "MPN"; Value = "ERJU<pkg><tol><val><pkg_meth>"; VariantName = "RS422_to_3V3"
Change component parameters (AddParameter): Name = "Package"; Value = "CurrentFootprint"; VariantName = "RS422_to_3V3"
Change component parameters (AddParameter): Name = "Parameter1"; Value = "V"; VariantName = "RS422_to_3V3"
Change component parameters (AddParameter): Name = "Parameter1Desc"; Value = "Package Method"; VariantName = "RS422_to_3V3"
Change component parameters (AddParameter): Name = "Parameter2"; Value = "F"; VariantName = "RS422_to_3V3"
Change component parameters (AddParameter): Name = "Parameter2Desc"; Value = "Tolerance Symbol"; VariantName = "RS422_to_3V3"
Change component parameters (AddParameter): Name = "Parameter3"; Value = ""; VariantName = "RS422_to_3V3"
Change component parameters (AddParameter): Name = "Parameter3Desc"; Value = ""; VariantName = "RS422_to_3V3"
Change component parameters (AddParameter): Name = "Supplier1"; Value = "https://de.farnell.com/w/search?qualifizierungsstandard-der-automobilindustrie=aec-q200&range=inc-in-stock&st=erju"; VariantName = "RS422_to_3V3"
Change component parameters (AddParameter): Name = "Value"; Value = "?"; VariantName = "RS422_to_3V3"
Change component parameters: Designator = "R5D"; Footprint = "RESC1608X55X30NL15T15"; UniqueID = "\REEOQYYS\LOSHMCEA\4DEFTBZMN\UWYBJKHT"
Change component parameters. Clean all parameters for all variants
Change component parameters (AddParameter): Name = "ComponentLink1Description"; Value = "Datasheet"; VariantName = "[No Variations]"
Change component parameters (AddParameter): Name = "ComponentLink1URL"; Value = "https://www.mouser.de/datasheet/2/315/AOA0000C334-1314047.pdf"; VariantName = "[No Variations]"
Change component parameters (AddParameter): Name = "Created"; Value = "2019-12-08_Thilo_Wendt"; VariantName = "[No Variations]"
Change component parameters (AddParameter): Name = "HelpURL"; Value = "https://www.mouser.de/datasheet/2/315/AOA0000C334-1314047.pdf"; VariantName = "[No Variations]"
Change component parameters (AddParameter): Name = "MaxVoltage"; Value = "100"; VariantName = "[No Variations]"
Change component parameters (AddParameter): Name = "MF"; Value = "Panasonic"; VariantName = "[No Variations]"
Change component parameters (AddParameter): Name = "MPN"; Value = "ERJU<pkg><tol><val><pkg_meth>"; VariantName = "[No Variations]"
Change component parameters (AddParameter): Name = "Package"; Value = "CurrentFootprint"; VariantName = "[No Variations]"
Change component parameters (AddParameter): Name = "Parameter1"; Value = "V"; VariantName = "[No Variations]"
Change component parameters (AddParameter): Name = "Parameter1Desc"; Value = "Package Method"; VariantName = "[No Variations]"
Change component parameters (AddParameter): Name = "Parameter2"; Value = "F"; VariantName = "[No Variations]"
Change component parameters (AddParameter): Name = "Parameter2Desc"; Value = "Tolerance Symbol"; VariantName = "[No Variations]"
Change component parameters (AddParameter): Name = "Parameter3"; Value = ""; VariantName = "[No Variations]"
Change component parameters (AddParameter): Name = "Parameter3Desc"; Value = ""; VariantName = "[No Variations]"
Change component parameters (AddParameter): Name = "Supplier1"; Value = "https://de.farnell.com/w/search?qualifizierungsstandard-der-automobilindustrie=aec-q200&range=inc-in-stock&st=erju"; VariantName = "[No Variations]"
Change component parameters (AddParameter): Name = "Value"; Value = "?"; VariantName = "[No Variations]"
Change component parameters (AddParameter): Name = "ComponentLink1Description"; Value = "Datasheet"; VariantName = "3V3_to_15V"
Change component parameters (AddParameter): Name = "ComponentLink1URL"; Value = "https://www.mouser.de/datasheet/2/315/AOA0000C334-1314047.pdf"; VariantName = "3V3_to_15V"
Change component parameters (AddParameter): Name = "Created"; Value = "2019-12-08_Thilo_Wendt"; VariantName = "3V3_to_15V"
Change component parameters (AddParameter): Name = "HelpURL"; Value = "https://www.mouser.de/datasheet/2/315/AOA0000C334-1314047.pdf"; VariantName = "3V3_to_15V"
Change component parameters (AddParameter): Name = "MaxVoltage"; Value = "100"; VariantName = "3V3_to_15V"
Change component parameters (AddParameter): Name = "MF"; Value = "Panasonic"; VariantName = "3V3_to_15V"
Change component parameters (AddParameter): Name = "MPN"; Value = "ERJU<pkg><tol><val><pkg_meth>"; VariantName = "3V3_to_15V"
Change component parameters (AddParameter): Name = "Package"; Value = "CurrentFootprint"; VariantName = "3V3_to_15V"
Change component parameters (AddParameter): Name = "Parameter1"; Value = "V"; VariantName = "3V3_to_15V"
Change component parameters (AddParameter): Name = "Parameter1Desc"; Value = "Package Method"; VariantName = "3V3_to_15V"
Change component parameters (AddParameter): Name = "Parameter2"; Value = "F"; VariantName = "3V3_to_15V"
Change component parameters (AddParameter): Name = "Parameter2Desc"; Value = "Tolerance Symbol"; VariantName = "3V3_to_15V"
Change component parameters (AddParameter): Name = "Parameter3"; Value = ""; VariantName = "3V3_to_15V"
Change component parameters (AddParameter): Name = "Parameter3Desc"; Value = ""; VariantName = "3V3_to_15V"
Change component parameters (AddParameter): Name = "Supplier1"; Value = "https://de.farnell.com/w/search?qualifizierungsstandard-der-automobilindustrie=aec-q200&range=inc-in-stock&st=erju"; VariantName = "3V3_to_15V"
Change component parameters (AddParameter): Name = "Value"; Value = "?"; VariantName = "3V3_to_15V"
Change component parameters (AddParameter): Name = "ComponentLink1Description"; Value = "Datasheet"; VariantName = "3V3_to_RS422"
Change component parameters (AddParameter): Name = "ComponentLink1URL"; Value = "https://www.mouser.de/datasheet/2/315/AOA0000C334-1314047.pdf"; VariantName = "3V3_to_RS422"
Change component parameters (AddParameter): Name = "Created"; Value = "2019-12-08_Thilo_Wendt"; VariantName = "3V3_to_RS422"
Change component parameters (AddParameter): Name = "HelpURL"; Value = "https://www.mouser.de/datasheet/2/315/AOA0000C334-1314047.pdf"; VariantName = "3V3_to_RS422"
Change component parameters (AddParameter): Name = "MaxVoltage"; Value = "100"; VariantName = "3V3_to_RS422"
Change component parameters (AddParameter): Name = "MF"; Value = "Panasonic"; VariantName = "3V3_to_RS422"
Change component parameters (AddParameter): Name = "MPN"; Value = "ERJU<pkg><tol><val><pkg_meth>"; VariantName = "3V3_to_RS422"
Change component parameters (AddParameter): Name = "Package"; Value = "CurrentFootprint"; VariantName = "3V3_to_RS422"
Change component parameters (AddParameter): Name = "Parameter1"; Value = "V"; VariantName = "3V3_to_RS422"
Change component parameters (AddParameter): Name = "Parameter1Desc"; Value = "Package Method"; VariantName = "3V3_to_RS422"
Change component parameters (AddParameter): Name = "Parameter2"; Value = "F"; VariantName = "3V3_to_RS422"
Change component parameters (AddParameter): Name = "Parameter2Desc"; Value = "Tolerance Symbol"; VariantName = "3V3_to_RS422"
Change component parameters (AddParameter): Name = "Parameter3"; Value = ""; VariantName = "3V3_to_RS422"
Change component parameters (AddParameter): Name = "Parameter3Desc"; Value = ""; VariantName = "3V3_to_RS422"
Change component parameters (AddParameter): Name = "Supplier1"; Value = "https://de.farnell.com/w/search?qualifizierungsstandard-der-automobilindustrie=aec-q200&range=inc-in-stock&st=erju"; VariantName = "3V3_to_RS422"
Change component parameters (AddParameter): Name = "Value"; Value = "?"; VariantName = "3V3_to_RS422"
Change component parameters (AddParameter): Name = "ComponentLink1Description"; Value = "Datasheet"; VariantName = "RS422_to_3V3"
Change component parameters (AddParameter): Name = "ComponentLink1URL"; Value = "https://www.mouser.de/datasheet/2/315/AOA0000C334-1314047.pdf"; VariantName = "RS422_to_3V3"
Change component parameters (AddParameter): Name = "Created"; Value = "2019-12-08_Thilo_Wendt"; VariantName = "RS422_to_3V3"
Change component parameters (AddParameter): Name = "HelpURL"; Value = "https://www.mouser.de/datasheet/2/315/AOA0000C334-1314047.pdf"; VariantName = "RS422_to_3V3"
Change component parameters (AddParameter): Name = "MaxVoltage"; Value = "100"; VariantName = "RS422_to_3V3"
Change component parameters (AddParameter): Name = "MF"; Value = "Panasonic"; VariantName = "RS422_to_3V3"
Change component parameters (AddParameter): Name = "MPN"; Value = "ERJU<pkg><tol><val><pkg_meth>"; VariantName = "RS422_to_3V3"
Change component parameters (AddParameter): Name = "Package"; Value = "CurrentFootprint"; VariantName = "RS422_to_3V3"
Change component parameters (AddParameter): Name = "Parameter1"; Value = "V"; VariantName = "RS422_to_3V3"
Change component parameters (AddParameter): Name = "Parameter1Desc"; Value = "Package Method"; VariantName = "RS422_to_3V3"
Change component parameters (AddParameter): Name = "Parameter2"; Value = "F"; VariantName = "RS422_to_3V3"
Change component parameters (AddParameter): Name = "Parameter2Desc"; Value = "Tolerance Symbol"; VariantName = "RS422_to_3V3"
Change component parameters (AddParameter): Name = "Parameter3"; Value = ""; VariantName = "RS422_to_3V3"
Change component parameters (AddParameter): Name = "Parameter3Desc"; Value = ""; VariantName = "RS422_to_3V3"
Change component parameters (AddParameter): Name = "Supplier1"; Value = "https://de.farnell.com/w/search?qualifizierungsstandard-der-automobilindustrie=aec-q200&range=inc-in-stock&st=erju"; VariantName = "RS422_to_3V3"
Change component parameters (AddParameter): Name = "Value"; Value = "?"; VariantName = "RS422_to_3V3"
Change component parameters: Designator = "R5E"; Footprint = "RESC1608X55X30NL15T15"; UniqueID = "\REEOQYYS\LOSHMCEA\5DEFTBZMN\UWYBJKHT"
Change component parameters. Clean all parameters for all variants
Change component parameters (AddParameter): Name = "ComponentLink1Description"; Value = "Datasheet"; VariantName = "[No Variations]"
Change component parameters (AddParameter): Name = "ComponentLink1URL"; Value = "https://www.mouser.de/datasheet/2/315/AOA0000C334-1314047.pdf"; VariantName = "[No Variations]"
Change component parameters (AddParameter): Name = "Created"; Value = "2019-12-08_Thilo_Wendt"; VariantName = "[No Variations]"
Change component parameters (AddParameter): Name = "HelpURL"; Value = "https://www.mouser.de/datasheet/2/315/AOA0000C334-1314047.pdf"; VariantName = "[No Variations]"
Change component parameters (AddParameter): Name = "MaxVoltage"; Value = "100"; VariantName = "[No Variations]"
Change component parameters (AddParameter): Name = "MF"; Value = "Panasonic"; VariantName = "[No Variations]"
Change component parameters (AddParameter): Name = "MPN"; Value = "ERJU<pkg><tol><val><pkg_meth>"; VariantName = "[No Variations]"
Change component parameters (AddParameter): Name = "Package"; Value = "CurrentFootprint"; VariantName = "[No Variations]"
Change component parameters (AddParameter): Name = "Parameter1"; Value = "V"; VariantName = "[No Variations]"
Change component parameters (AddParameter): Name = "Parameter1Desc"; Value = "Package Method"; VariantName = "[No Variations]"
Change component parameters (AddParameter): Name = "Parameter2"; Value = "F"; VariantName = "[No Variations]"
Change component parameters (AddParameter): Name = "Parameter2Desc"; Value = "Tolerance Symbol"; VariantName = "[No Variations]"
Change component parameters (AddParameter): Name = "Parameter3"; Value = ""; VariantName = "[No Variations]"
Change component parameters (AddParameter): Name = "Parameter3Desc"; Value = ""; VariantName = "[No Variations]"
Change component parameters (AddParameter): Name = "Supplier1"; Value = "https://de.farnell.com/w/search?qualifizierungsstandard-der-automobilindustrie=aec-q200&range=inc-in-stock&st=erju"; VariantName = "[No Variations]"
Change component parameters (AddParameter): Name = "Value"; Value = "?"; VariantName = "[No Variations]"
Change component parameters (AddParameter): Name = "ComponentLink1Description"; Value = "Datasheet"; VariantName = "3V3_to_15V"
Change component parameters (AddParameter): Name = "ComponentLink1URL"; Value = "https://www.mouser.de/datasheet/2/315/AOA0000C334-1314047.pdf"; VariantName = "3V3_to_15V"
Change component parameters (AddParameter): Name = "Created"; Value = "2019-12-08_Thilo_Wendt"; VariantName = "3V3_to_15V"
Change component parameters (AddParameter): Name = "HelpURL"; Value = "https://www.mouser.de/datasheet/2/315/AOA0000C334-1314047.pdf"; VariantName = "3V3_to_15V"
Change component parameters (AddParameter): Name = "MaxVoltage"; Value = "100"; VariantName = "3V3_to_15V"
Change component parameters (AddParameter): Name = "MF"; Value = "Panasonic"; VariantName = "3V3_to_15V"
Change component parameters (AddParameter): Name = "MPN"; Value = "ERJU<pkg><tol><val><pkg_meth>"; VariantName = "3V3_to_15V"
Change component parameters (AddParameter): Name = "Package"; Value = "CurrentFootprint"; VariantName = "3V3_to_15V"
Change component parameters (AddParameter): Name = "Parameter1"; Value = "V"; VariantName = "3V3_to_15V"
Change component parameters (AddParameter): Name = "Parameter1Desc"; Value = "Package Method"; VariantName = "3V3_to_15V"
Change component parameters (AddParameter): Name = "Parameter2"; Value = "F"; VariantName = "3V3_to_15V"
Change component parameters (AddParameter): Name = "Parameter2Desc"; Value = "Tolerance Symbol"; VariantName = "3V3_to_15V"
Change component parameters (AddParameter): Name = "Parameter3"; Value = ""; VariantName = "3V3_to_15V"
Change component parameters (AddParameter): Name = "Parameter3Desc"; Value = ""; VariantName = "3V3_to_15V"
Change component parameters (AddParameter): Name = "Supplier1"; Value = "https://de.farnell.com/w/search?qualifizierungsstandard-der-automobilindustrie=aec-q200&range=inc-in-stock&st=erju"; VariantName = "3V3_to_15V"
Change component parameters (AddParameter): Name = "Value"; Value = "?"; VariantName = "3V3_to_15V"
Change component parameters (AddParameter): Name = "ComponentLink1Description"; Value = "Datasheet"; VariantName = "3V3_to_RS422"
Change component parameters (AddParameter): Name = "ComponentLink1URL"; Value = "https://www.mouser.de/datasheet/2/315/AOA0000C334-1314047.pdf"; VariantName = "3V3_to_RS422"
Change component parameters (AddParameter): Name = "Created"; Value = "2019-12-08_Thilo_Wendt"; VariantName = "3V3_to_RS422"
Change component parameters (AddParameter): Name = "HelpURL"; Value = "https://www.mouser.de/datasheet/2/315/AOA0000C334-1314047.pdf"; VariantName = "3V3_to_RS422"
Change component parameters (AddParameter): Name = "MaxVoltage"; Value = "100"; VariantName = "3V3_to_RS422"
Change component parameters (AddParameter): Name = "MF"; Value = "Panasonic"; VariantName = "3V3_to_RS422"
Change component parameters (AddParameter): Name = "MPN"; Value = "ERJU<pkg><tol><val><pkg_meth>"; VariantName = "3V3_to_RS422"
Change component parameters (AddParameter): Name = "Package"; Value = "CurrentFootprint"; VariantName = "3V3_to_RS422"
Change component parameters (AddParameter): Name = "Parameter1"; Value = "V"; VariantName = "3V3_to_RS422"
Change component parameters (AddParameter): Name = "Parameter1Desc"; Value = "Package Method"; VariantName = "3V3_to_RS422"
Change component parameters (AddParameter): Name = "Parameter2"; Value = "F"; VariantName = "3V3_to_RS422"
Change component parameters (AddParameter): Name = "Parameter2Desc"; Value = "Tolerance Symbol"; VariantName = "3V3_to_RS422"
Change component parameters (AddParameter): Name = "Parameter3"; Value = ""; VariantName = "3V3_to_RS422"
Change component parameters (AddParameter): Name = "Parameter3Desc"; Value = ""; VariantName = "3V3_to_RS422"
Change component parameters (AddParameter): Name = "Supplier1"; Value = "https://de.farnell.com/w/search?qualifizierungsstandard-der-automobilindustrie=aec-q200&range=inc-in-stock&st=erju"; VariantName = "3V3_to_RS422"
Change component parameters (AddParameter): Name = "Value"; Value = "?"; VariantName = "3V3_to_RS422"
Change component parameters (AddParameter): Name = "ComponentLink1Description"; Value = "Datasheet"; VariantName = "RS422_to_3V3"
Change component parameters (AddParameter): Name = "ComponentLink1URL"; Value = "https://www.mouser.de/datasheet/2/315/AOA0000C334-1314047.pdf"; VariantName = "RS422_to_3V3"
Change component parameters (AddParameter): Name = "Created"; Value = "2019-12-08_Thilo_Wendt"; VariantName = "RS422_to_3V3"
Change component parameters (AddParameter): Name = "HelpURL"; Value = "https://www.mouser.de/datasheet/2/315/AOA0000C334-1314047.pdf"; VariantName = "RS422_to_3V3"
Change component parameters (AddParameter): Name = "MaxVoltage"; Value = "100"; VariantName = "RS422_to_3V3"
Change component parameters (AddParameter): Name = "MF"; Value = "Panasonic"; VariantName = "RS422_to_3V3"
Change component parameters (AddParameter): Name = "MPN"; Value = "ERJU<pkg><tol><val><pkg_meth>"; VariantName = "RS422_to_3V3"
Change component parameters (AddParameter): Name = "Package"; Value = "CurrentFootprint"; VariantName = "RS422_to_3V3"
Change component parameters (AddParameter): Name = "Parameter1"; Value = "V"; VariantName = "RS422_to_3V3"
Change component parameters (AddParameter): Name = "Parameter1Desc"; Value = "Package Method"; VariantName = "RS422_to_3V3"
Change component parameters (AddParameter): Name = "Parameter2"; Value = "F"; VariantName = "RS422_to_3V3"
Change component parameters (AddParameter): Name = "Parameter2Desc"; Value = "Tolerance Symbol"; VariantName = "RS422_to_3V3"
Change component parameters (AddParameter): Name = "Parameter3"; Value = ""; VariantName = "RS422_to_3V3"
Change component parameters (AddParameter): Name = "Parameter3Desc"; Value = ""; VariantName = "RS422_to_3V3"
Change component parameters (AddParameter): Name = "Supplier1"; Value = "https://de.farnell.com/w/search?qualifizierungsstandard-der-automobilindustrie=aec-q200&range=inc-in-stock&st=erju"; VariantName = "RS422_to_3V3"
Change component parameters (AddParameter): Name = "Value"; Value = "?"; VariantName = "RS422_to_3V3"
Change component parameters: Designator = "R6A"; Footprint = "RESC1608X55X30NL15T15"; UniqueID = "\REEOQYYS\LOSHMCEA\1DEFTBZMN\XQOTLDFB"
Change component parameters. Clean all parameters for all variants
Change component parameters (AddParameter): Name = "ComponentLink1Description"; Value = "Datasheet"; VariantName = "[No Variations]"
Change component parameters (AddParameter): Name = "ComponentLink1URL"; Value = "https://www.mouser.de/datasheet/2/315/AOA0000C334-1314047.pdf"; VariantName = "[No Variations]"
Change component parameters (AddParameter): Name = "Created"; Value = "2019-12-08_Thilo_Wendt"; VariantName = "[No Variations]"
Change component parameters (AddParameter): Name = "HelpURL"; Value = "https://www.mouser.de/datasheet/2/315/AOA0000C334-1314047.pdf"; VariantName = "[No Variations]"
Change component parameters (AddParameter): Name = "MaxVoltage"; Value = "100"; VariantName = "[No Variations]"
Change component parameters (AddParameter): Name = "MF"; Value = "Panasonic"; VariantName = "[No Variations]"
Change component parameters (AddParameter): Name = "MPN"; Value = "ERJU<pkg><tol><val><pkg_meth>"; VariantName = "[No Variations]"
Change component parameters (AddParameter): Name = "Package"; Value = "CurrentFootprint"; VariantName = "[No Variations]"
Change component parameters (AddParameter): Name = "Parameter1"; Value = "V"; VariantName = "[No Variations]"
Change component parameters (AddParameter): Name = "Parameter1Desc"; Value = "Package Method"; VariantName = "[No Variations]"
Change component parameters (AddParameter): Name = "Parameter2"; Value = "F"; VariantName = "[No Variations]"
Change component parameters (AddParameter): Name = "Parameter2Desc"; Value = "Tolerance Symbol"; VariantName = "[No Variations]"
Change component parameters (AddParameter): Name = "Parameter3"; Value = ""; VariantName = "[No Variations]"
Change component parameters (AddParameter): Name = "Parameter3Desc"; Value = ""; VariantName = "[No Variations]"
Change component parameters (AddParameter): Name = "Supplier1"; Value = "https://de.farnell.com/w/search?qualifizierungsstandard-der-automobilindustrie=aec-q200&range=inc-in-stock&st=erju"; VariantName = "[No Variations]"
Change component parameters (AddParameter): Name = "Value"; Value = "?"; VariantName = "[No Variations]"
Change component parameters (AddParameter): Name = "ComponentLink1Description"; Value = "Datasheet"; VariantName = "3V3_to_15V"
Change component parameters (AddParameter): Name = "ComponentLink1URL"; Value = "https://www.mouser.de/datasheet/2/315/AOA0000C334-1314047.pdf"; VariantName = "3V3_to_15V"
Change component parameters (AddParameter): Name = "Created"; Value = "2019-12-08_Thilo_Wendt"; VariantName = "3V3_to_15V"
Change component parameters (AddParameter): Name = "HelpURL"; Value = "https://www.mouser.de/datasheet/2/315/AOA0000C334-1314047.pdf"; VariantName = "3V3_to_15V"
Change component parameters (AddParameter): Name = "MaxVoltage"; Value = "100"; VariantName = "3V3_to_15V"
Change component parameters (AddParameter): Name = "MF"; Value = "Panasonic"; VariantName = "3V3_to_15V"
Change component parameters (AddParameter): Name = "MPN"; Value = "ERJU<pkg><tol><val><pkg_meth>"; VariantName = "3V3_to_15V"
Change component parameters (AddParameter): Name = "Package"; Value = "CurrentFootprint"; VariantName = "3V3_to_15V"
Change component parameters (AddParameter): Name = "Parameter1"; Value = "V"; VariantName = "3V3_to_15V"
Change component parameters (AddParameter): Name = "Parameter1Desc"; Value = "Package Method"; VariantName = "3V3_to_15V"
Change component parameters (AddParameter): Name = "Parameter2"; Value = "F"; VariantName = "3V3_to_15V"
Change component parameters (AddParameter): Name = "Parameter2Desc"; Value = "Tolerance Symbol"; VariantName = "3V3_to_15V"
Change component parameters (AddParameter): Name = "Parameter3"; Value = ""; VariantName = "3V3_to_15V"
Change component parameters (AddParameter): Name = "Parameter3Desc"; Value = ""; VariantName = "3V3_to_15V"
Change component parameters (AddParameter): Name = "Supplier1"; Value = "https://de.farnell.com/w/search?qualifizierungsstandard-der-automobilindustrie=aec-q200&range=inc-in-stock&st=erju"; VariantName = "3V3_to_15V"
Change component parameters (AddParameter): Name = "Value"; Value = "?"; VariantName = "3V3_to_15V"
Change component parameters (AddParameter): Name = "ComponentLink1Description"; Value = "Datasheet"; VariantName = "3V3_to_RS422"
Change component parameters (AddParameter): Name = "ComponentLink1URL"; Value = "https://www.mouser.de/datasheet/2/315/AOA0000C334-1314047.pdf"; VariantName = "3V3_to_RS422"
Change component parameters (AddParameter): Name = "Created"; Value = "2019-12-08_Thilo_Wendt"; VariantName = "3V3_to_RS422"
Change component parameters (AddParameter): Name = "HelpURL"; Value = "https://www.mouser.de/datasheet/2/315/AOA0000C334-1314047.pdf"; VariantName = "3V3_to_RS422"
Change component parameters (AddParameter): Name = "MaxVoltage"; Value = "100"; VariantName = "3V3_to_RS422"
Change component parameters (AddParameter): Name = "MF"; Value = "Panasonic"; VariantName = "3V3_to_RS422"
Change component parameters (AddParameter): Name = "MPN"; Value = "ERJU<pkg><tol><val><pkg_meth>"; VariantName = "3V3_to_RS422"
Change component parameters (AddParameter): Name = "Package"; Value = "CurrentFootprint"; VariantName = "3V3_to_RS422"
Change component parameters (AddParameter): Name = "Parameter1"; Value = "V"; VariantName = "3V3_to_RS422"
Change component parameters (AddParameter): Name = "Parameter1Desc"; Value = "Package Method"; VariantName = "3V3_to_RS422"
Change component parameters (AddParameter): Name = "Parameter2"; Value = "F"; VariantName = "3V3_to_RS422"
Change component parameters (AddParameter): Name = "Parameter2Desc"; Value = "Tolerance Symbol"; VariantName = "3V3_to_RS422"
Change component parameters (AddParameter): Name = "Parameter3"; Value = ""; VariantName = "3V3_to_RS422"
Change component parameters (AddParameter): Name = "Parameter3Desc"; Value = ""; VariantName = "3V3_to_RS422"
Change component parameters (AddParameter): Name = "Supplier1"; Value = "https://de.farnell.com/w/search?qualifizierungsstandard-der-automobilindustrie=aec-q200&range=inc-in-stock&st=erju"; VariantName = "3V3_to_RS422"
Change component parameters (AddParameter): Name = "Value"; Value = "?"; VariantName = "3V3_to_RS422"
Change component parameters (AddParameter): Name = "ComponentLink1Description"; Value = "Datasheet"; VariantName = "RS422_to_3V3"
Change component parameters (AddParameter): Name = "ComponentLink1URL"; Value = "https://www.mouser.de/datasheet/2/315/AOA0000C334-1314047.pdf"; VariantName = "RS422_to_3V3"
Change component parameters (AddParameter): Name = "Created"; Value = "2019-12-08_Thilo_Wendt"; VariantName = "RS422_to_3V3"
Change component parameters (AddParameter): Name = "HelpURL"; Value = "https://www.mouser.de/datasheet/2/315/AOA0000C334-1314047.pdf"; VariantName = "RS422_to_3V3"
Change component parameters (AddParameter): Name = "MaxVoltage"; Value = "100"; VariantName = "RS422_to_3V3"
Change component parameters (AddParameter): Name = "MF"; Value = "Panasonic"; VariantName = "RS422_to_3V3"
Change component parameters (AddParameter): Name = "MPN"; Value = "ERJU<pkg><tol><val><pkg_meth>"; VariantName = "RS422_to_3V3"
Change component parameters (AddParameter): Name = "Package"; Value = "CurrentFootprint"; VariantName = "RS422_to_3V3"
Change component parameters (AddParameter): Name = "Parameter1"; Value = "V"; VariantName = "RS422_to_3V3"
Change component parameters (AddParameter): Name = "Parameter1Desc"; Value = "Package Method"; VariantName = "RS422_to_3V3"
Change component parameters (AddParameter): Name = "Parameter2"; Value = "F"; VariantName = "RS422_to_3V3"
Change component parameters (AddParameter): Name = "Parameter2Desc"; Value = "Tolerance Symbol"; VariantName = "RS422_to_3V3"
Change component parameters (AddParameter): Name = "Parameter3"; Value = ""; VariantName = "RS422_to_3V3"
Change component parameters (AddParameter): Name = "Parameter3Desc"; Value = ""; VariantName = "RS422_to_3V3"
Change component parameters (AddParameter): Name = "Supplier1"; Value = "https://de.farnell.com/w/search?qualifizierungsstandard-der-automobilindustrie=aec-q200&range=inc-in-stock&st=erju"; VariantName = "RS422_to_3V3"
Change component parameters (AddParameter): Name = "Value"; Value = "?"; VariantName = "RS422_to_3V3"
Change component parameters: Designator = "R6B"; Footprint = "RESC1608X55X30NL15T15"; UniqueID = "\REEOQYYS\LOSHMCEA\2DEFTBZMN\XQOTLDFB"
Change component parameters. Clean all parameters for all variants
Change component parameters (AddParameter): Name = "ComponentLink1Description"; Value = "Datasheet"; VariantName = "[No Variations]"
Change component parameters (AddParameter): Name = "ComponentLink1URL"; Value = "https://www.mouser.de/datasheet/2/315/AOA0000C334-1314047.pdf"; VariantName = "[No Variations]"
Change component parameters (AddParameter): Name = "Created"; Value = "2019-12-08_Thilo_Wendt"; VariantName = "[No Variations]"
Change component parameters (AddParameter): Name = "HelpURL"; Value = "https://www.mouser.de/datasheet/2/315/AOA0000C334-1314047.pdf"; VariantName = "[No Variations]"
Change component parameters (AddParameter): Name = "MaxVoltage"; Value = "100"; VariantName = "[No Variations]"
Change component parameters (AddParameter): Name = "MF"; Value = "Panasonic"; VariantName = "[No Variations]"
Change component parameters (AddParameter): Name = "MPN"; Value = "ERJU<pkg><tol><val><pkg_meth>"; VariantName = "[No Variations]"
Change component parameters (AddParameter): Name = "Package"; Value = "CurrentFootprint"; VariantName = "[No Variations]"
Change component parameters (AddParameter): Name = "Parameter1"; Value = "V"; VariantName = "[No Variations]"
Change component parameters (AddParameter): Name = "Parameter1Desc"; Value = "Package Method"; VariantName = "[No Variations]"
Change component parameters (AddParameter): Name = "Parameter2"; Value = "F"; VariantName = "[No Variations]"
Change component parameters (AddParameter): Name = "Parameter2Desc"; Value = "Tolerance Symbol"; VariantName = "[No Variations]"
Change component parameters (AddParameter): Name = "Parameter3"; Value = ""; VariantName = "[No Variations]"
Change component parameters (AddParameter): Name = "Parameter3Desc"; Value = ""; VariantName = "[No Variations]"
Change component parameters (AddParameter): Name = "Supplier1"; Value = "https://de.farnell.com/w/search?qualifizierungsstandard-der-automobilindustrie=aec-q200&range=inc-in-stock&st=erju"; VariantName = "[No Variations]"
Change component parameters (AddParameter): Name = "Value"; Value = "?"; VariantName = "[No Variations]"
Change component parameters (AddParameter): Name = "ComponentLink1Description"; Value = "Datasheet"; VariantName = "3V3_to_15V"
Change component parameters (AddParameter): Name = "ComponentLink1URL"; Value = "https://www.mouser.de/datasheet/2/315/AOA0000C334-1314047.pdf"; VariantName = "3V3_to_15V"
Change component parameters (AddParameter): Name = "Created"; Value = "2019-12-08_Thilo_Wendt"; VariantName = "3V3_to_15V"
Change component parameters (AddParameter): Name = "HelpURL"; Value = "https://www.mouser.de/datasheet/2/315/AOA0000C334-1314047.pdf"; VariantName = "3V3_to_15V"
Change component parameters (AddParameter): Name = "MaxVoltage"; Value = "100"; VariantName = "3V3_to_15V"
Change component parameters (AddParameter): Name = "MF"; Value = "Panasonic"; VariantName = "3V3_to_15V"
Change component parameters (AddParameter): Name = "MPN"; Value = "ERJU<pkg><tol><val><pkg_meth>"; VariantName = "3V3_to_15V"
Change component parameters (AddParameter): Name = "Package"; Value = "CurrentFootprint"; VariantName = "3V3_to_15V"
Change component parameters (AddParameter): Name = "Parameter1"; Value = "V"; VariantName = "3V3_to_15V"
Change component parameters (AddParameter): Name = "Parameter1Desc"; Value = "Package Method"; VariantName = "3V3_to_15V"
Change component parameters (AddParameter): Name = "Parameter2"; Value = "F"; VariantName = "3V3_to_15V"
Change component parameters (AddParameter): Name = "Parameter2Desc"; Value = "Tolerance Symbol"; VariantName = "3V3_to_15V"
Change component parameters (AddParameter): Name = "Parameter3"; Value = ""; VariantName = "3V3_to_15V"
Change component parameters (AddParameter): Name = "Parameter3Desc"; Value = ""; VariantName = "3V3_to_15V"
Change component parameters (AddParameter): Name = "Supplier1"; Value = "https://de.farnell.com/w/search?qualifizierungsstandard-der-automobilindustrie=aec-q200&range=inc-in-stock&st=erju"; VariantName = "3V3_to_15V"
Change component parameters (AddParameter): Name = "Value"; Value = "?"; VariantName = "3V3_to_15V"
Change component parameters (AddParameter): Name = "ComponentLink1Description"; Value = "Datasheet"; VariantName = "3V3_to_RS422"
Change component parameters (AddParameter): Name = "ComponentLink1URL"; Value = "https://www.mouser.de/datasheet/2/315/AOA0000C334-1314047.pdf"; VariantName = "3V3_to_RS422"
Change component parameters (AddParameter): Name = "Created"; Value = "2019-12-08_Thilo_Wendt"; VariantName = "3V3_to_RS422"
Change component parameters (AddParameter): Name = "HelpURL"; Value = "https://www.mouser.de/datasheet/2/315/AOA0000C334-1314047.pdf"; VariantName = "3V3_to_RS422"
Change component parameters (AddParameter): Name = "MaxVoltage"; Value = "100"; VariantName = "3V3_to_RS422"
Change component parameters (AddParameter): Name = "MF"; Value = "Panasonic"; VariantName = "3V3_to_RS422"
Change component parameters (AddParameter): Name = "MPN"; Value = "ERJU<pkg><tol><val><pkg_meth>"; VariantName = "3V3_to_RS422"
Change component parameters (AddParameter): Name = "Package"; Value = "CurrentFootprint"; VariantName = "3V3_to_RS422"
Change component parameters (AddParameter): Name = "Parameter1"; Value = "V"; VariantName = "3V3_to_RS422"
Change component parameters (AddParameter): Name = "Parameter1Desc"; Value = "Package Method"; VariantName = "3V3_to_RS422"
Change component parameters (AddParameter): Name = "Parameter2"; Value = "F"; VariantName = "3V3_to_RS422"
Change component parameters (AddParameter): Name = "Parameter2Desc"; Value = "Tolerance Symbol"; VariantName = "3V3_to_RS422"
Change component parameters (AddParameter): Name = "Parameter3"; Value = ""; VariantName = "3V3_to_RS422"
Change component parameters (AddParameter): Name = "Parameter3Desc"; Value = ""; VariantName = "3V3_to_RS422"
Change component parameters (AddParameter): Name = "Supplier1"; Value = "https://de.farnell.com/w/search?qualifizierungsstandard-der-automobilindustrie=aec-q200&range=inc-in-stock&st=erju"; VariantName = "3V3_to_RS422"
Change component parameters (AddParameter): Name = "Value"; Value = "?"; VariantName = "3V3_to_RS422"
Change component parameters (AddParameter): Name = "ComponentLink1Description"; Value = "Datasheet"; VariantName = "RS422_to_3V3"
Change component parameters (AddParameter): Name = "ComponentLink1URL"; Value = "https://www.mouser.de/datasheet/2/315/AOA0000C334-1314047.pdf"; VariantName = "RS422_to_3V3"
Change component parameters (AddParameter): Name = "Created"; Value = "2019-12-08_Thilo_Wendt"; VariantName = "RS422_to_3V3"
Change component parameters (AddParameter): Name = "HelpURL"; Value = "https://www.mouser.de/datasheet/2/315/AOA0000C334-1314047.pdf"; VariantName = "RS422_to_3V3"
Change component parameters (AddParameter): Name = "MaxVoltage"; Value = "100"; VariantName = "RS422_to_3V3"
Change component parameters (AddParameter): Name = "MF"; Value = "Panasonic"; VariantName = "RS422_to_3V3"
Change component parameters (AddParameter): Name = "MPN"; Value = "ERJU<pkg><tol><val><pkg_meth>"; VariantName = "RS422_to_3V3"
Change component parameters (AddParameter): Name = "Package"; Value = "CurrentFootprint"; VariantName = "RS422_to_3V3"
Change component parameters (AddParameter): Name = "Parameter1"; Value = "V"; VariantName = "RS422_to_3V3"
Change component parameters (AddParameter): Name = "Parameter1Desc"; Value = "Package Method"; VariantName = "RS422_to_3V3"
Change component parameters (AddParameter): Name = "Parameter2"; Value = "F"; VariantName = "RS422_to_3V3"
Change component parameters (AddParameter): Name = "Parameter2Desc"; Value = "Tolerance Symbol"; VariantName = "RS422_to_3V3"
Change component parameters (AddParameter): Name = "Parameter3"; Value = ""; VariantName = "RS422_to_3V3"
Change component parameters (AddParameter): Name = "Parameter3Desc"; Value = ""; VariantName = "RS422_to_3V3"
Change component parameters (AddParameter): Name = "Supplier1"; Value = "https://de.farnell.com/w/search?qualifizierungsstandard-der-automobilindustrie=aec-q200&range=inc-in-stock&st=erju"; VariantName = "RS422_to_3V3"
Change component parameters (AddParameter): Name = "Value"; Value = "?"; VariantName = "RS422_to_3V3"
Change component parameters: Designator = "R6C"; Footprint = "RESC1608X55X30NL15T15"; UniqueID = "\REEOQYYS\LOSHMCEA\3DEFTBZMN\XQOTLDFB"
Change component parameters. Clean all parameters for all variants
Change component parameters (AddParameter): Name = "ComponentLink1Description"; Value = "Datasheet"; VariantName = "[No Variations]"
Change component parameters (AddParameter): Name = "ComponentLink1URL"; Value = "https://www.mouser.de/datasheet/2/315/AOA0000C334-1314047.pdf"; VariantName = "[No Variations]"
Change component parameters (AddParameter): Name = "Created"; Value = "2019-12-08_Thilo_Wendt"; VariantName = "[No Variations]"
Change component parameters (AddParameter): Name = "HelpURL"; Value = "https://www.mouser.de/datasheet/2/315/AOA0000C334-1314047.pdf"; VariantName = "[No Variations]"
Change component parameters (AddParameter): Name = "MaxVoltage"; Value = "100"; VariantName = "[No Variations]"
Change component parameters (AddParameter): Name = "MF"; Value = "Panasonic"; VariantName = "[No Variations]"
Change component parameters (AddParameter): Name = "MPN"; Value = "ERJU<pkg><tol><val><pkg_meth>"; VariantName = "[No Variations]"
Change component parameters (AddParameter): Name = "Package"; Value = "CurrentFootprint"; VariantName = "[No Variations]"
Change component parameters (AddParameter): Name = "Parameter1"; Value = "V"; VariantName = "[No Variations]"
Change component parameters (AddParameter): Name = "Parameter1Desc"; Value = "Package Method"; VariantName = "[No Variations]"
Change component parameters (AddParameter): Name = "Parameter2"; Value = "F"; VariantName = "[No Variations]"
Change component parameters (AddParameter): Name = "Parameter2Desc"; Value = "Tolerance Symbol"; VariantName = "[No Variations]"
Change component parameters (AddParameter): Name = "Parameter3"; Value = ""; VariantName = "[No Variations]"
Change component parameters (AddParameter): Name = "Parameter3Desc"; Value = ""; VariantName = "[No Variations]"
Change component parameters (AddParameter): Name = "Supplier1"; Value = "https://de.farnell.com/w/search?qualifizierungsstandard-der-automobilindustrie=aec-q200&range=inc-in-stock&st=erju"; VariantName = "[No Variations]"
Change component parameters (AddParameter): Name = "Value"; Value = "?"; VariantName = "[No Variations]"
Change component parameters (AddParameter): Name = "ComponentLink1Description"; Value = "Datasheet"; VariantName = "3V3_to_15V"
Change component parameters (AddParameter): Name = "ComponentLink1URL"; Value = "https://www.mouser.de/datasheet/2/315/AOA0000C334-1314047.pdf"; VariantName = "3V3_to_15V"
Change component parameters (AddParameter): Name = "Created"; Value = "2019-12-08_Thilo_Wendt"; VariantName = "3V3_to_15V"
Change component parameters (AddParameter): Name = "HelpURL"; Value = "https://www.mouser.de/datasheet/2/315/AOA0000C334-1314047.pdf"; VariantName = "3V3_to_15V"
Change component parameters (AddParameter): Name = "MaxVoltage"; Value = "100"; VariantName = "3V3_to_15V"
Change component parameters (AddParameter): Name = "MF"; Value = "Panasonic"; VariantName = "3V3_to_15V"
Change component parameters (AddParameter): Name = "MPN"; Value = "ERJU<pkg><tol><val><pkg_meth>"; VariantName = "3V3_to_15V"
Change component parameters (AddParameter): Name = "Package"; Value = "CurrentFootprint"; VariantName = "3V3_to_15V"
Change component parameters (AddParameter): Name = "Parameter1"; Value = "V"; VariantName = "3V3_to_15V"
Change component parameters (AddParameter): Name = "Parameter1Desc"; Value = "Package Method"; VariantName = "3V3_to_15V"
Change component parameters (AddParameter): Name = "Parameter2"; Value = "F"; VariantName = "3V3_to_15V"
Change component parameters (AddParameter): Name = "Parameter2Desc"; Value = "Tolerance Symbol"; VariantName = "3V3_to_15V"
Change component parameters (AddParameter): Name = "Parameter3"; Value = ""; VariantName = "3V3_to_15V"
Change component parameters (AddParameter): Name = "Parameter3Desc"; Value = ""; VariantName = "3V3_to_15V"
Change component parameters (AddParameter): Name = "Supplier1"; Value = "https://de.farnell.com/w/search?qualifizierungsstandard-der-automobilindustrie=aec-q200&range=inc-in-stock&st=erju"; VariantName = "3V3_to_15V"
Change component parameters (AddParameter): Name = "Value"; Value = "?"; VariantName = "3V3_to_15V"
Change component parameters (AddParameter): Name = "ComponentLink1Description"; Value = "Datasheet"; VariantName = "3V3_to_RS422"
Change component parameters (AddParameter): Name = "ComponentLink1URL"; Value = "https://www.mouser.de/datasheet/2/315/AOA0000C334-1314047.pdf"; VariantName = "3V3_to_RS422"
Change component parameters (AddParameter): Name = "Created"; Value = "2019-12-08_Thilo_Wendt"; VariantName = "3V3_to_RS422"
Change component parameters (AddParameter): Name = "HelpURL"; Value = "https://www.mouser.de/datasheet/2/315/AOA0000C334-1314047.pdf"; VariantName = "3V3_to_RS422"
Change component parameters (AddParameter): Name = "MaxVoltage"; Value = "100"; VariantName = "3V3_to_RS422"
Change component parameters (AddParameter): Name = "MF"; Value = "Panasonic"; VariantName = "3V3_to_RS422"
Change component parameters (AddParameter): Name = "MPN"; Value = "ERJU<pkg><tol><val><pkg_meth>"; VariantName = "3V3_to_RS422"
Change component parameters (AddParameter): Name = "Package"; Value = "CurrentFootprint"; VariantName = "3V3_to_RS422"
Change component parameters (AddParameter): Name = "Parameter1"; Value = "V"; VariantName = "3V3_to_RS422"
Change component parameters (AddParameter): Name = "Parameter1Desc"; Value = "Package Method"; VariantName = "3V3_to_RS422"
Change component parameters (AddParameter): Name = "Parameter2"; Value = "F"; VariantName = "3V3_to_RS422"
Change component parameters (AddParameter): Name = "Parameter2Desc"; Value = "Tolerance Symbol"; VariantName = "3V3_to_RS422"
Change component parameters (AddParameter): Name = "Parameter3"; Value = ""; VariantName = "3V3_to_RS422"
Change component parameters (AddParameter): Name = "Parameter3Desc"; Value = ""; VariantName = "3V3_to_RS422"
Change component parameters (AddParameter): Name = "Supplier1"; Value = "https://de.farnell.com/w/search?qualifizierungsstandard-der-automobilindustrie=aec-q200&range=inc-in-stock&st=erju"; VariantName = "3V3_to_RS422"
Change component parameters (AddParameter): Name = "Value"; Value = "?"; VariantName = "3V3_to_RS422"
Change component parameters (AddParameter): Name = "ComponentLink1Description"; Value = "Datasheet"; VariantName = "RS422_to_3V3"
Change component parameters (AddParameter): Name = "ComponentLink1URL"; Value = "https://www.mouser.de/datasheet/2/315/AOA0000C334-1314047.pdf"; VariantName = "RS422_to_3V3"
Change component parameters (AddParameter): Name = "Created"; Value = "2019-12-08_Thilo_Wendt"; VariantName = "RS422_to_3V3"
Change component parameters (AddParameter): Name = "HelpURL"; Value = "https://www.mouser.de/datasheet/2/315/AOA0000C334-1314047.pdf"; VariantName = "RS422_to_3V3"
Change component parameters (AddParameter): Name = "MaxVoltage"; Value = "100"; VariantName = "RS422_to_3V3"
Change component parameters (AddParameter): Name = "MF"; Value = "Panasonic"; VariantName = "RS422_to_3V3"
Change component parameters (AddParameter): Name = "MPN"; Value = "ERJU<pkg><tol><val><pkg_meth>"; VariantName = "RS422_to_3V3"
Change component parameters (AddParameter): Name = "Package"; Value = "CurrentFootprint"; VariantName = "RS422_to_3V3"
Change component parameters (AddParameter): Name = "Parameter1"; Value = "V"; VariantName = "RS422_to_3V3"
Change component parameters (AddParameter): Name = "Parameter1Desc"; Value = "Package Method"; VariantName = "RS422_to_3V3"
Change component parameters (AddParameter): Name = "Parameter2"; Value = "F"; VariantName = "RS422_to_3V3"
Change component parameters (AddParameter): Name = "Parameter2Desc"; Value = "Tolerance Symbol"; VariantName = "RS422_to_3V3"
Change component parameters (AddParameter): Name = "Parameter3"; Value = ""; VariantName = "RS422_to_3V3"
Change component parameters (AddParameter): Name = "Parameter3Desc"; Value = ""; VariantName = "RS422_to_3V3"
Change component parameters (AddParameter): Name = "Supplier1"; Value = "https://de.farnell.com/w/search?qualifizierungsstandard-der-automobilindustrie=aec-q200&range=inc-in-stock&st=erju"; VariantName = "RS422_to_3V3"
Change component parameters (AddParameter): Name = "Value"; Value = "?"; VariantName = "RS422_to_3V3"
Change component parameters: Designator = "R6D"; Footprint = "RESC1608X55X30NL15T15"; UniqueID = "\REEOQYYS\LOSHMCEA\4DEFTBZMN\XQOTLDFB"
Change component parameters. Clean all parameters for all variants
Change component parameters (AddParameter): Name = "ComponentLink1Description"; Value = "Datasheet"; VariantName = "[No Variations]"
Change component parameters (AddParameter): Name = "ComponentLink1URL"; Value = "https://www.mouser.de/datasheet/2/315/AOA0000C334-1314047.pdf"; VariantName = "[No Variations]"
Change component parameters (AddParameter): Name = "Created"; Value = "2019-12-08_Thilo_Wendt"; VariantName = "[No Variations]"
Change component parameters (AddParameter): Name = "HelpURL"; Value = "https://www.mouser.de/datasheet/2/315/AOA0000C334-1314047.pdf"; VariantName = "[No Variations]"
Change component parameters (AddParameter): Name = "MaxVoltage"; Value = "100"; VariantName = "[No Variations]"
Change component parameters (AddParameter): Name = "MF"; Value = "Panasonic"; VariantName = "[No Variations]"
Change component parameters (AddParameter): Name = "MPN"; Value = "ERJU<pkg><tol><val><pkg_meth>"; VariantName = "[No Variations]"
Change component parameters (AddParameter): Name = "Package"; Value = "CurrentFootprint"; VariantName = "[No Variations]"
Change component parameters (AddParameter): Name = "Parameter1"; Value = "V"; VariantName = "[No Variations]"
Change component parameters (AddParameter): Name = "Parameter1Desc"; Value = "Package Method"; VariantName = "[No Variations]"
Change component parameters (AddParameter): Name = "Parameter2"; Value = "F"; VariantName = "[No Variations]"
Change component parameters (AddParameter): Name = "Parameter2Desc"; Value = "Tolerance Symbol"; VariantName = "[No Variations]"
Change component parameters (AddParameter): Name = "Parameter3"; Value = ""; VariantName = "[No Variations]"
Change component parameters (AddParameter): Name = "Parameter3Desc"; Value = ""; VariantName = "[No Variations]"
Change component parameters (AddParameter): Name = "Supplier1"; Value = "https://de.farnell.com/w/search?qualifizierungsstandard-der-automobilindustrie=aec-q200&range=inc-in-stock&st=erju"; VariantName = "[No Variations]"
Change component parameters (AddParameter): Name = "Value"; Value = "?"; VariantName = "[No Variations]"
Change component parameters (AddParameter): Name = "ComponentLink1Description"; Value = "Datasheet"; VariantName = "3V3_to_15V"
Change component parameters (AddParameter): Name = "ComponentLink1URL"; Value = "https://www.mouser.de/datasheet/2/315/AOA0000C334-1314047.pdf"; VariantName = "3V3_to_15V"
Change component parameters (AddParameter): Name = "Created"; Value = "2019-12-08_Thilo_Wendt"; VariantName = "3V3_to_15V"
Change component parameters (AddParameter): Name = "HelpURL"; Value = "https://www.mouser.de/datasheet/2/315/AOA0000C334-1314047.pdf"; VariantName = "3V3_to_15V"
Change component parameters (AddParameter): Name = "MaxVoltage"; Value = "100"; VariantName = "3V3_to_15V"
Change component parameters (AddParameter): Name = "MF"; Value = "Panasonic"; VariantName = "3V3_to_15V"
Change component parameters (AddParameter): Name = "MPN"; Value = "ERJU<pkg><tol><val><pkg_meth>"; VariantName = "3V3_to_15V"
Change component parameters (AddParameter): Name = "Package"; Value = "CurrentFootprint"; VariantName = "3V3_to_15V"
Change component parameters (AddParameter): Name = "Parameter1"; Value = "V"; VariantName = "3V3_to_15V"
Change component parameters (AddParameter): Name = "Parameter1Desc"; Value = "Package Method"; VariantName = "3V3_to_15V"
Change component parameters (AddParameter): Name = "Parameter2"; Value = "F"; VariantName = "3V3_to_15V"
Change component parameters (AddParameter): Name = "Parameter2Desc"; Value = "Tolerance Symbol"; VariantName = "3V3_to_15V"
Change component parameters (AddParameter): Name = "Parameter3"; Value = ""; VariantName = "3V3_to_15V"
Change component parameters (AddParameter): Name = "Parameter3Desc"; Value = ""; VariantName = "3V3_to_15V"
Change component parameters (AddParameter): Name = "Supplier1"; Value = "https://de.farnell.com/w/search?qualifizierungsstandard-der-automobilindustrie=aec-q200&range=inc-in-stock&st=erju"; VariantName = "3V3_to_15V"
Change component parameters (AddParameter): Name = "Value"; Value = "?"; VariantName = "3V3_to_15V"
Change component parameters (AddParameter): Name = "ComponentLink1Description"; Value = "Datasheet"; VariantName = "3V3_to_RS422"
Change component parameters (AddParameter): Name = "ComponentLink1URL"; Value = "https://www.mouser.de/datasheet/2/315/AOA0000C334-1314047.pdf"; VariantName = "3V3_to_RS422"
Change component parameters (AddParameter): Name = "Created"; Value = "2019-12-08_Thilo_Wendt"; VariantName = "3V3_to_RS422"
Change component parameters (AddParameter): Name = "HelpURL"; Value = "https://www.mouser.de/datasheet/2/315/AOA0000C334-1314047.pdf"; VariantName = "3V3_to_RS422"
Change component parameters (AddParameter): Name = "MaxVoltage"; Value = "100"; VariantName = "3V3_to_RS422"
Change component parameters (AddParameter): Name = "MF"; Value = "Panasonic"; VariantName = "3V3_to_RS422"
Change component parameters (AddParameter): Name = "MPN"; Value = "ERJU<pkg><tol><val><pkg_meth>"; VariantName = "3V3_to_RS422"
Change component parameters (AddParameter): Name = "Package"; Value = "CurrentFootprint"; VariantName = "3V3_to_RS422"
Change component parameters (AddParameter): Name = "Parameter1"; Value = "V"; VariantName = "3V3_to_RS422"
Change component parameters (AddParameter): Name = "Parameter1Desc"; Value = "Package Method"; VariantName = "3V3_to_RS422"
Change component parameters (AddParameter): Name = "Parameter2"; Value = "F"; VariantName = "3V3_to_RS422"
Change component parameters (AddParameter): Name = "Parameter2Desc"; Value = "Tolerance Symbol"; VariantName = "3V3_to_RS422"
Change component parameters (AddParameter): Name = "Parameter3"; Value = ""; VariantName = "3V3_to_RS422"
Change component parameters (AddParameter): Name = "Parameter3Desc"; Value = ""; VariantName = "3V3_to_RS422"
Change component parameters (AddParameter): Name = "Supplier1"; Value = "https://de.farnell.com/w/search?qualifizierungsstandard-der-automobilindustrie=aec-q200&range=inc-in-stock&st=erju"; VariantName = "3V3_to_RS422"
Change component parameters (AddParameter): Name = "Value"; Value = "?"; VariantName = "3V3_to_RS422"
Change component parameters (AddParameter): Name = "ComponentLink1Description"; Value = "Datasheet"; VariantName = "RS422_to_3V3"
Change component parameters (AddParameter): Name = "ComponentLink1URL"; Value = "https://www.mouser.de/datasheet/2/315/AOA0000C334-1314047.pdf"; VariantName = "RS422_to_3V3"
Change component parameters (AddParameter): Name = "Created"; Value = "2019-12-08_Thilo_Wendt"; VariantName = "RS422_to_3V3"
Change component parameters (AddParameter): Name = "HelpURL"; Value = "https://www.mouser.de/datasheet/2/315/AOA0000C334-1314047.pdf"; VariantName = "RS422_to_3V3"
Change component parameters (AddParameter): Name = "MaxVoltage"; Value = "100"; VariantName = "RS422_to_3V3"
Change component parameters (AddParameter): Name = "MF"; Value = "Panasonic"; VariantName = "RS422_to_3V3"
Change component parameters (AddParameter): Name = "MPN"; Value = "ERJU<pkg><tol><val><pkg_meth>"; VariantName = "RS422_to_3V3"
Change component parameters (AddParameter): Name = "Package"; Value = "CurrentFootprint"; VariantName = "RS422_to_3V3"
Change component parameters (AddParameter): Name = "Parameter1"; Value = "V"; VariantName = "RS422_to_3V3"
Change component parameters (AddParameter): Name = "Parameter1Desc"; Value = "Package Method"; VariantName = "RS422_to_3V3"
Change component parameters (AddParameter): Name = "Parameter2"; Value = "F"; VariantName = "RS422_to_3V3"
Change component parameters (AddParameter): Name = "Parameter2Desc"; Value = "Tolerance Symbol"; VariantName = "RS422_to_3V3"
Change component parameters (AddParameter): Name = "Parameter3"; Value = ""; VariantName = "RS422_to_3V3"
Change component parameters (AddParameter): Name = "Parameter3Desc"; Value = ""; VariantName = "RS422_to_3V3"
Change component parameters (AddParameter): Name = "Supplier1"; Value = "https://de.farnell.com/w/search?qualifizierungsstandard-der-automobilindustrie=aec-q200&range=inc-in-stock&st=erju"; VariantName = "RS422_to_3V3"
Change component parameters (AddParameter): Name = "Value"; Value = "?"; VariantName = "RS422_to_3V3"
Change component parameters: Designator = "R6E"; Footprint = "RESC1608X55X30NL15T15"; UniqueID = "\REEOQYYS\LOSHMCEA\5DEFTBZMN\XQOTLDFB"
Change component parameters. Clean all parameters for all variants
Change component parameters (AddParameter): Name = "ComponentLink1Description"; Value = "Datasheet"; VariantName = "[No Variations]"
Change component parameters (AddParameter): Name = "ComponentLink1URL"; Value = "https://www.mouser.de/datasheet/2/315/AOA0000C334-1314047.pdf"; VariantName = "[No Variations]"
Change component parameters (AddParameter): Name = "Created"; Value = "2019-12-08_Thilo_Wendt"; VariantName = "[No Variations]"
Change component parameters (AddParameter): Name = "HelpURL"; Value = "https://www.mouser.de/datasheet/2/315/AOA0000C334-1314047.pdf"; VariantName = "[No Variations]"
Change component parameters (AddParameter): Name = "MaxVoltage"; Value = "100"; VariantName = "[No Variations]"
Change component parameters (AddParameter): Name = "MF"; Value = "Panasonic"; VariantName = "[No Variations]"
Change component parameters (AddParameter): Name = "MPN"; Value = "ERJU<pkg><tol><val><pkg_meth>"; VariantName = "[No Variations]"
Change component parameters (AddParameter): Name = "Package"; Value = "CurrentFootprint"; VariantName = "[No Variations]"
Change component parameters (AddParameter): Name = "Parameter1"; Value = "V"; VariantName = "[No Variations]"
Change component parameters (AddParameter): Name = "Parameter1Desc"; Value = "Package Method"; VariantName = "[No Variations]"
Change component parameters (AddParameter): Name = "Parameter2"; Value = "F"; VariantName = "[No Variations]"
Change component parameters (AddParameter): Name = "Parameter2Desc"; Value = "Tolerance Symbol"; VariantName = "[No Variations]"
Change component parameters (AddParameter): Name = "Parameter3"; Value = ""; VariantName = "[No Variations]"
Change component parameters (AddParameter): Name = "Parameter3Desc"; Value = ""; VariantName = "[No Variations]"
Change component parameters (AddParameter): Name = "Supplier1"; Value = "https://de.farnell.com/w/search?qualifizierungsstandard-der-automobilindustrie=aec-q200&range=inc-in-stock&st=erju"; VariantName = "[No Variations]"
Change component parameters (AddParameter): Name = "Value"; Value = "?"; VariantName = "[No Variations]"
Change component parameters (AddParameter): Name = "ComponentLink1Description"; Value = "Datasheet"; VariantName = "3V3_to_15V"
Change component parameters (AddParameter): Name = "ComponentLink1URL"; Value = "https://www.mouser.de/datasheet/2/315/AOA0000C334-1314047.pdf"; VariantName = "3V3_to_15V"
Change component parameters (AddParameter): Name = "Created"; Value = "2019-12-08_Thilo_Wendt"; VariantName = "3V3_to_15V"
Change component parameters (AddParameter): Name = "HelpURL"; Value = "https://www.mouser.de/datasheet/2/315/AOA0000C334-1314047.pdf"; VariantName = "3V3_to_15V"
Change component parameters (AddParameter): Name = "MaxVoltage"; Value = "100"; VariantName = "3V3_to_15V"
Change component parameters (AddParameter): Name = "MF"; Value = "Panasonic"; VariantName = "3V3_to_15V"
Change component parameters (AddParameter): Name = "MPN"; Value = "ERJU<pkg><tol><val><pkg_meth>"; VariantName = "3V3_to_15V"
Change component parameters (AddParameter): Name = "Package"; Value = "CurrentFootprint"; VariantName = "3V3_to_15V"
Change component parameters (AddParameter): Name = "Parameter1"; Value = "V"; VariantName = "3V3_to_15V"
Change component parameters (AddParameter): Name = "Parameter1Desc"; Value = "Package Method"; VariantName = "3V3_to_15V"
Change component parameters (AddParameter): Name = "Parameter2"; Value = "F"; VariantName = "3V3_to_15V"
Change component parameters (AddParameter): Name = "Parameter2Desc"; Value = "Tolerance Symbol"; VariantName = "3V3_to_15V"
Change component parameters (AddParameter): Name = "Parameter3"; Value = ""; VariantName = "3V3_to_15V"
Change component parameters (AddParameter): Name = "Parameter3Desc"; Value = ""; VariantName = "3V3_to_15V"
Change component parameters (AddParameter): Name = "Supplier1"; Value = "https://de.farnell.com/w/search?qualifizierungsstandard-der-automobilindustrie=aec-q200&range=inc-in-stock&st=erju"; VariantName = "3V3_to_15V"
Change component parameters (AddParameter): Name = "Value"; Value = "?"; VariantName = "3V3_to_15V"
Change component parameters (AddParameter): Name = "ComponentLink1Description"; Value = "Datasheet"; VariantName = "3V3_to_RS422"
Change component parameters (AddParameter): Name = "ComponentLink1URL"; Value = "https://www.mouser.de/datasheet/2/315/AOA0000C334-1314047.pdf"; VariantName = "3V3_to_RS422"
Change component parameters (AddParameter): Name = "Created"; Value = "2019-12-08_Thilo_Wendt"; VariantName = "3V3_to_RS422"
Change component parameters (AddParameter): Name = "HelpURL"; Value = "https://www.mouser.de/datasheet/2/315/AOA0000C334-1314047.pdf"; VariantName = "3V3_to_RS422"
Change component parameters (AddParameter): Name = "MaxVoltage"; Value = "100"; VariantName = "3V3_to_RS422"
Change component parameters (AddParameter): Name = "MF"; Value = "Panasonic"; VariantName = "3V3_to_RS422"
Change component parameters (AddParameter): Name = "MPN"; Value = "ERJU<pkg><tol><val><pkg_meth>"; VariantName = "3V3_to_RS422"
Change component parameters (AddParameter): Name = "Package"; Value = "CurrentFootprint"; VariantName = "3V3_to_RS422"
Change component parameters (AddParameter): Name = "Parameter1"; Value = "V"; VariantName = "3V3_to_RS422"
Change component parameters (AddParameter): Name = "Parameter1Desc"; Value = "Package Method"; VariantName = "3V3_to_RS422"
Change component parameters (AddParameter): Name = "Parameter2"; Value = "F"; VariantName = "3V3_to_RS422"
Change component parameters (AddParameter): Name = "Parameter2Desc"; Value = "Tolerance Symbol"; VariantName = "3V3_to_RS422"
Change component parameters (AddParameter): Name = "Parameter3"; Value = ""; VariantName = "3V3_to_RS422"
Change component parameters (AddParameter): Name = "Parameter3Desc"; Value = ""; VariantName = "3V3_to_RS422"
Change component parameters (AddParameter): Name = "Supplier1"; Value = "https://de.farnell.com/w/search?qualifizierungsstandard-der-automobilindustrie=aec-q200&range=inc-in-stock&st=erju"; VariantName = "3V3_to_RS422"
Change component parameters (AddParameter): Name = "Value"; Value = "?"; VariantName = "3V3_to_RS422"
Change component parameters (AddParameter): Name = "ComponentLink1Description"; Value = "Datasheet"; VariantName = "RS422_to_3V3"
Change component parameters (AddParameter): Name = "ComponentLink1URL"; Value = "https://www.mouser.de/datasheet/2/315/AOA0000C334-1314047.pdf"; VariantName = "RS422_to_3V3"
Change component parameters (AddParameter): Name = "Created"; Value = "2019-12-08_Thilo_Wendt"; VariantName = "RS422_to_3V3"
Change component parameters (AddParameter): Name = "HelpURL"; Value = "https://www.mouser.de/datasheet/2/315/AOA0000C334-1314047.pdf"; VariantName = "RS422_to_3V3"
Change component parameters (AddParameter): Name = "MaxVoltage"; Value = "100"; VariantName = "RS422_to_3V3"
Change component parameters (AddParameter): Name = "MF"; Value = "Panasonic"; VariantName = "RS422_to_3V3"
Change component parameters (AddParameter): Name = "MPN"; Value = "ERJU<pkg><tol><val><pkg_meth>"; VariantName = "RS422_to_3V3"
Change component parameters (AddParameter): Name = "Package"; Value = "CurrentFootprint"; VariantName = "RS422_to_3V3"
Change component parameters (AddParameter): Name = "Parameter1"; Value = "V"; VariantName = "RS422_to_3V3"
Change component parameters (AddParameter): Name = "Parameter1Desc"; Value = "Package Method"; VariantName = "RS422_to_3V3"
Change component parameters (AddParameter): Name = "Parameter2"; Value = "F"; VariantName = "RS422_to_3V3"
Change component parameters (AddParameter): Name = "Parameter2Desc"; Value = "Tolerance Symbol"; VariantName = "RS422_to_3V3"
Change component parameters (AddParameter): Name = "Parameter3"; Value = ""; VariantName = "RS422_to_3V3"
Change component parameters (AddParameter): Name = "Parameter3Desc"; Value = ""; VariantName = "RS422_to_3V3"
Change component parameters (AddParameter): Name = "Supplier1"; Value = "https://de.farnell.com/w/search?qualifizierungsstandard-der-automobilindustrie=aec-q200&range=inc-in-stock&st=erju"; VariantName = "RS422_to_3V3"
Change component parameters (AddParameter): Name = "Value"; Value = "?"; VariantName = "RS422_to_3V3"
Change component parameters: Designator = "R7A"; Footprint = "RESC1608X55X30NL15T15"; UniqueID = "\REEOQYYS\LOSHMCEA\1DEFTBZMN\HPIPXNJK"
Change component parameters. Clean all parameters for all variants
Change component parameters (AddParameter): Name = "ComponentLink1Description"; Value = "Datasheet"; VariantName = "[No Variations]"
Change component parameters (AddParameter): Name = "ComponentLink1URL"; Value = "https://www.mouser.de/datasheet/2/315/AOA0000C334-1314047.pdf"; VariantName = "[No Variations]"
Change component parameters (AddParameter): Name = "Created"; Value = "2019-12-08_Thilo_Wendt"; VariantName = "[No Variations]"
Change component parameters (AddParameter): Name = "HelpURL"; Value = "https://www.mouser.de/datasheet/2/315/AOA0000C334-1314047.pdf"; VariantName = "[No Variations]"
Change component parameters (AddParameter): Name = "MaxVoltage"; Value = "100"; VariantName = "[No Variations]"
Change component parameters (AddParameter): Name = "MF"; Value = "Panasonic"; VariantName = "[No Variations]"
Change component parameters (AddParameter): Name = "MPN"; Value = "ERJU<pkg><tol><val><pkg_meth>"; VariantName = "[No Variations]"
Change component parameters (AddParameter): Name = "Package"; Value = "CurrentFootprint"; VariantName = "[No Variations]"
Change component parameters (AddParameter): Name = "Parameter1"; Value = "V"; VariantName = "[No Variations]"
Change component parameters (AddParameter): Name = "Parameter1Desc"; Value = "Package Method"; VariantName = "[No Variations]"
Change component parameters (AddParameter): Name = "Parameter2"; Value = "F"; VariantName = "[No Variations]"
Change component parameters (AddParameter): Name = "Parameter2Desc"; Value = "Tolerance Symbol"; VariantName = "[No Variations]"
Change component parameters (AddParameter): Name = "Parameter3"; Value = ""; VariantName = "[No Variations]"
Change component parameters (AddParameter): Name = "Parameter3Desc"; Value = ""; VariantName = "[No Variations]"
Change component parameters (AddParameter): Name = "Supplier1"; Value = "https://de.farnell.com/w/search?qualifizierungsstandard-der-automobilindustrie=aec-q200&range=inc-in-stock&st=erju"; VariantName = "[No Variations]"
Change component parameters (AddParameter): Name = "Value"; Value = "?"; VariantName = "[No Variations]"
Change component parameters (AddParameter): Name = "ComponentLink1Description"; Value = "Datasheet"; VariantName = "3V3_to_15V"
Change component parameters (AddParameter): Name = "ComponentLink1URL"; Value = "https://www.mouser.de/datasheet/2/315/AOA0000C334-1314047.pdf"; VariantName = "3V3_to_15V"
Change component parameters (AddParameter): Name = "Created"; Value = "2019-12-08_Thilo_Wendt"; VariantName = "3V3_to_15V"
Change component parameters (AddParameter): Name = "HelpURL"; Value = "https://www.mouser.de/datasheet/2/315/AOA0000C334-1314047.pdf"; VariantName = "3V3_to_15V"
Change component parameters (AddParameter): Name = "MaxVoltage"; Value = "100"; VariantName = "3V3_to_15V"
Change component parameters (AddParameter): Name = "MF"; Value = "Panasonic"; VariantName = "3V3_to_15V"
Change component parameters (AddParameter): Name = "MPN"; Value = "ERJU<pkg><tol><val><pkg_meth>"; VariantName = "3V3_to_15V"
Change component parameters (AddParameter): Name = "Package"; Value = "CurrentFootprint"; VariantName = "3V3_to_15V"
Change component parameters (AddParameter): Name = "Parameter1"; Value = "V"; VariantName = "3V3_to_15V"
Change component parameters (AddParameter): Name = "Parameter1Desc"; Value = "Package Method"; VariantName = "3V3_to_15V"
Change component parameters (AddParameter): Name = "Parameter2"; Value = "F"; VariantName = "3V3_to_15V"
Change component parameters (AddParameter): Name = "Parameter2Desc"; Value = "Tolerance Symbol"; VariantName = "3V3_to_15V"
Change component parameters (AddParameter): Name = "Parameter3"; Value = ""; VariantName = "3V3_to_15V"
Change component parameters (AddParameter): Name = "Parameter3Desc"; Value = ""; VariantName = "3V3_to_15V"
Change component parameters (AddParameter): Name = "Supplier1"; Value = "https://de.farnell.com/w/search?qualifizierungsstandard-der-automobilindustrie=aec-q200&range=inc-in-stock&st=erju"; VariantName = "3V3_to_15V"
Change component parameters (AddParameter): Name = "Value"; Value = "?"; VariantName = "3V3_to_15V"
Change component parameters (AddParameter): Name = "ComponentLink1Description"; Value = "Datasheet"; VariantName = "3V3_to_RS422"
Change component parameters (AddParameter): Name = "ComponentLink1URL"; Value = "https://www.mouser.de/datasheet/2/315/AOA0000C334-1314047.pdf"; VariantName = "3V3_to_RS422"
Change component parameters (AddParameter): Name = "Created"; Value = "2019-12-08_Thilo_Wendt"; VariantName = "3V3_to_RS422"
Change component parameters (AddParameter): Name = "HelpURL"; Value = "https://www.mouser.de/datasheet/2/315/AOA0000C334-1314047.pdf"; VariantName = "3V3_to_RS422"
Change component parameters (AddParameter): Name = "MaxVoltage"; Value = "100"; VariantName = "3V3_to_RS422"
Change component parameters (AddParameter): Name = "MF"; Value = "Panasonic"; VariantName = "3V3_to_RS422"
Change component parameters (AddParameter): Name = "MPN"; Value = "ERJU<pkg><tol><val><pkg_meth>"; VariantName = "3V3_to_RS422"
Change component parameters (AddParameter): Name = "Package"; Value = "CurrentFootprint"; VariantName = "3V3_to_RS422"
Change component parameters (AddParameter): Name = "Parameter1"; Value = "V"; VariantName = "3V3_to_RS422"
Change component parameters (AddParameter): Name = "Parameter1Desc"; Value = "Package Method"; VariantName = "3V3_to_RS422"
Change component parameters (AddParameter): Name = "Parameter2"; Value = "F"; VariantName = "3V3_to_RS422"
Change component parameters (AddParameter): Name = "Parameter2Desc"; Value = "Tolerance Symbol"; VariantName = "3V3_to_RS422"
Change component parameters (AddParameter): Name = "Parameter3"; Value = ""; VariantName = "3V3_to_RS422"
Change component parameters (AddParameter): Name = "Parameter3Desc"; Value = ""; VariantName = "3V3_to_RS422"
Change component parameters (AddParameter): Name = "Supplier1"; Value = "https://de.farnell.com/w/search?qualifizierungsstandard-der-automobilindustrie=aec-q200&range=inc-in-stock&st=erju"; VariantName = "3V3_to_RS422"
Change component parameters (AddParameter): Name = "Value"; Value = "?"; VariantName = "3V3_to_RS422"
Change component parameters (AddParameter): Name = "ComponentLink1Description"; Value = "Datasheet"; VariantName = "RS422_to_3V3"
Change component parameters (AddParameter): Name = "ComponentLink1URL"; Value = "https://www.mouser.de/datasheet/2/315/AOA0000C334-1314047.pdf"; VariantName = "RS422_to_3V3"
Change component parameters (AddParameter): Name = "Created"; Value = "2019-12-08_Thilo_Wendt"; VariantName = "RS422_to_3V3"
Change component parameters (AddParameter): Name = "HelpURL"; Value = "https://www.mouser.de/datasheet/2/315/AOA0000C334-1314047.pdf"; VariantName = "RS422_to_3V3"
Change component parameters (AddParameter): Name = "MaxVoltage"; Value = "100"; VariantName = "RS422_to_3V3"
Change component parameters (AddParameter): Name = "MF"; Value = "Panasonic"; VariantName = "RS422_to_3V3"
Change component parameters (AddParameter): Name = "MPN"; Value = "ERJU<pkg><tol><val><pkg_meth>"; VariantName = "RS422_to_3V3"
Change component parameters (AddParameter): Name = "Package"; Value = "CurrentFootprint"; VariantName = "RS422_to_3V3"
Change component parameters (AddParameter): Name = "Parameter1"; Value = "V"; VariantName = "RS422_to_3V3"
Change component parameters (AddParameter): Name = "Parameter1Desc"; Value = "Package Method"; VariantName = "RS422_to_3V3"
Change component parameters (AddParameter): Name = "Parameter2"; Value = "F"; VariantName = "RS422_to_3V3"
Change component parameters (AddParameter): Name = "Parameter2Desc"; Value = "Tolerance Symbol"; VariantName = "RS422_to_3V3"
Change component parameters (AddParameter): Name = "Parameter3"; Value = ""; VariantName = "RS422_to_3V3"
Change component parameters (AddParameter): Name = "Parameter3Desc"; Value = ""; VariantName = "RS422_to_3V3"
Change component parameters (AddParameter): Name = "Supplier1"; Value = "https://de.farnell.com/w/search?qualifizierungsstandard-der-automobilindustrie=aec-q200&range=inc-in-stock&st=erju"; VariantName = "RS422_to_3V3"
Change component parameters (AddParameter): Name = "Value"; Value = "?"; VariantName = "RS422_to_3V3"
Change component parameters: Designator = "R7B"; Footprint = "RESC1608X55X30NL15T15"; UniqueID = "\REEOQYYS\LOSHMCEA\2DEFTBZMN\HPIPXNJK"
Change component parameters. Clean all parameters for all variants
Change component parameters (AddParameter): Name = "ComponentLink1Description"; Value = "Datasheet"; VariantName = "[No Variations]"
Change component parameters (AddParameter): Name = "ComponentLink1URL"; Value = "https://www.mouser.de/datasheet/2/315/AOA0000C334-1314047.pdf"; VariantName = "[No Variations]"
Change component parameters (AddParameter): Name = "Created"; Value = "2019-12-08_Thilo_Wendt"; VariantName = "[No Variations]"
Change component parameters (AddParameter): Name = "HelpURL"; Value = "https://www.mouser.de/datasheet/2/315/AOA0000C334-1314047.pdf"; VariantName = "[No Variations]"
Change component parameters (AddParameter): Name = "MaxVoltage"; Value = "100"; VariantName = "[No Variations]"
Change component parameters (AddParameter): Name = "MF"; Value = "Panasonic"; VariantName = "[No Variations]"
Change component parameters (AddParameter): Name = "MPN"; Value = "ERJU<pkg><tol><val><pkg_meth>"; VariantName = "[No Variations]"
Change component parameters (AddParameter): Name = "Package"; Value = "CurrentFootprint"; VariantName = "[No Variations]"
Change component parameters (AddParameter): Name = "Parameter1"; Value = "V"; VariantName = "[No Variations]"
Change component parameters (AddParameter): Name = "Parameter1Desc"; Value = "Package Method"; VariantName = "[No Variations]"
Change component parameters (AddParameter): Name = "Parameter2"; Value = "F"; VariantName = "[No Variations]"
Change component parameters (AddParameter): Name = "Parameter2Desc"; Value = "Tolerance Symbol"; VariantName = "[No Variations]"
Change component parameters (AddParameter): Name = "Parameter3"; Value = ""; VariantName = "[No Variations]"
Change component parameters (AddParameter): Name = "Parameter3Desc"; Value = ""; VariantName = "[No Variations]"
Change component parameters (AddParameter): Name = "Supplier1"; Value = "https://de.farnell.com/w/search?qualifizierungsstandard-der-automobilindustrie=aec-q200&range=inc-in-stock&st=erju"; VariantName = "[No Variations]"
Change component parameters (AddParameter): Name = "Value"; Value = "?"; VariantName = "[No Variations]"
Change component parameters (AddParameter): Name = "ComponentLink1Description"; Value = "Datasheet"; VariantName = "3V3_to_15V"
Change component parameters (AddParameter): Name = "ComponentLink1URL"; Value = "https://www.mouser.de/datasheet/2/315/AOA0000C334-1314047.pdf"; VariantName = "3V3_to_15V"
Change component parameters (AddParameter): Name = "Created"; Value = "2019-12-08_Thilo_Wendt"; VariantName = "3V3_to_15V"
Change component parameters (AddParameter): Name = "HelpURL"; Value = "https://www.mouser.de/datasheet/2/315/AOA0000C334-1314047.pdf"; VariantName = "3V3_to_15V"
Change component parameters (AddParameter): Name = "MaxVoltage"; Value = "100"; VariantName = "3V3_to_15V"
Change component parameters (AddParameter): Name = "MF"; Value = "Panasonic"; VariantName = "3V3_to_15V"
Change component parameters (AddParameter): Name = "MPN"; Value = "ERJU<pkg><tol><val><pkg_meth>"; VariantName = "3V3_to_15V"
Change component parameters (AddParameter): Name = "Package"; Value = "CurrentFootprint"; VariantName = "3V3_to_15V"
Change component parameters (AddParameter): Name = "Parameter1"; Value = "V"; VariantName = "3V3_to_15V"
Change component parameters (AddParameter): Name = "Parameter1Desc"; Value = "Package Method"; VariantName = "3V3_to_15V"
Change component parameters (AddParameter): Name = "Parameter2"; Value = "F"; VariantName = "3V3_to_15V"
Change component parameters (AddParameter): Name = "Parameter2Desc"; Value = "Tolerance Symbol"; VariantName = "3V3_to_15V"
Change component parameters (AddParameter): Name = "Parameter3"; Value = ""; VariantName = "3V3_to_15V"
Change component parameters (AddParameter): Name = "Parameter3Desc"; Value = ""; VariantName = "3V3_to_15V"
Change component parameters (AddParameter): Name = "Supplier1"; Value = "https://de.farnell.com/w/search?qualifizierungsstandard-der-automobilindustrie=aec-q200&range=inc-in-stock&st=erju"; VariantName = "3V3_to_15V"
Change component parameters (AddParameter): Name = "Value"; Value = "?"; VariantName = "3V3_to_15V"
Change component parameters (AddParameter): Name = "ComponentLink1Description"; Value = "Datasheet"; VariantName = "3V3_to_RS422"
Change component parameters (AddParameter): Name = "ComponentLink1URL"; Value = "https://www.mouser.de/datasheet/2/315/AOA0000C334-1314047.pdf"; VariantName = "3V3_to_RS422"
Change component parameters (AddParameter): Name = "Created"; Value = "2019-12-08_Thilo_Wendt"; VariantName = "3V3_to_RS422"
Change component parameters (AddParameter): Name = "HelpURL"; Value = "https://www.mouser.de/datasheet/2/315/AOA0000C334-1314047.pdf"; VariantName = "3V3_to_RS422"
Change component parameters (AddParameter): Name = "MaxVoltage"; Value = "100"; VariantName = "3V3_to_RS422"
Change component parameters (AddParameter): Name = "MF"; Value = "Panasonic"; VariantName = "3V3_to_RS422"
Change component parameters (AddParameter): Name = "MPN"; Value = "ERJU<pkg><tol><val><pkg_meth>"; VariantName = "3V3_to_RS422"
Change component parameters (AddParameter): Name = "Package"; Value = "CurrentFootprint"; VariantName = "3V3_to_RS422"
Change component parameters (AddParameter): Name = "Parameter1"; Value = "V"; VariantName = "3V3_to_RS422"
Change component parameters (AddParameter): Name = "Parameter1Desc"; Value = "Package Method"; VariantName = "3V3_to_RS422"
Change component parameters (AddParameter): Name = "Parameter2"; Value = "F"; VariantName = "3V3_to_RS422"
Change component parameters (AddParameter): Name = "Parameter2Desc"; Value = "Tolerance Symbol"; VariantName = "3V3_to_RS422"
Change component parameters (AddParameter): Name = "Parameter3"; Value = ""; VariantName = "3V3_to_RS422"
Change component parameters (AddParameter): Name = "Parameter3Desc"; Value = ""; VariantName = "3V3_to_RS422"
Change component parameters (AddParameter): Name = "Supplier1"; Value = "https://de.farnell.com/w/search?qualifizierungsstandard-der-automobilindustrie=aec-q200&range=inc-in-stock&st=erju"; VariantName = "3V3_to_RS422"
Change component parameters (AddParameter): Name = "Value"; Value = "?"; VariantName = "3V3_to_RS422"
Change component parameters (AddParameter): Name = "ComponentLink1Description"; Value = "Datasheet"; VariantName = "RS422_to_3V3"
Change component parameters (AddParameter): Name = "ComponentLink1URL"; Value = "https://www.mouser.de/datasheet/2/315/AOA0000C334-1314047.pdf"; VariantName = "RS422_to_3V3"
Change component parameters (AddParameter): Name = "Created"; Value = "2019-12-08_Thilo_Wendt"; VariantName = "RS422_to_3V3"
Change component parameters (AddParameter): Name = "HelpURL"; Value = "https://www.mouser.de/datasheet/2/315/AOA0000C334-1314047.pdf"; VariantName = "RS422_to_3V3"
Change component parameters (AddParameter): Name = "MaxVoltage"; Value = "100"; VariantName = "RS422_to_3V3"
Change component parameters (AddParameter): Name = "MF"; Value = "Panasonic"; VariantName = "RS422_to_3V3"
Change component parameters (AddParameter): Name = "MPN"; Value = "ERJU<pkg><tol><val><pkg_meth>"; VariantName = "RS422_to_3V3"
Change component parameters (AddParameter): Name = "Package"; Value = "CurrentFootprint"; VariantName = "RS422_to_3V3"
Change component parameters (AddParameter): Name = "Parameter1"; Value = "V"; VariantName = "RS422_to_3V3"
Change component parameters (AddParameter): Name = "Parameter1Desc"; Value = "Package Method"; VariantName = "RS422_to_3V3"
Change component parameters (AddParameter): Name = "Parameter2"; Value = "F"; VariantName = "RS422_to_3V3"
Change component parameters (AddParameter): Name = "Parameter2Desc"; Value = "Tolerance Symbol"; VariantName = "RS422_to_3V3"
Change component parameters (AddParameter): Name = "Parameter3"; Value = ""; VariantName = "RS422_to_3V3"
Change component parameters (AddParameter): Name = "Parameter3Desc"; Value = ""; VariantName = "RS422_to_3V3"
Change component parameters (AddParameter): Name = "Supplier1"; Value = "https://de.farnell.com/w/search?qualifizierungsstandard-der-automobilindustrie=aec-q200&range=inc-in-stock&st=erju"; VariantName = "RS422_to_3V3"
Change component parameters (AddParameter): Name = "Value"; Value = "?"; VariantName = "RS422_to_3V3"
Change component parameters: Designator = "R7C"; Footprint = "RESC1608X55X30NL15T15"; UniqueID = "\REEOQYYS\LOSHMCEA\3DEFTBZMN\HPIPXNJK"
Change component parameters. Clean all parameters for all variants
Change component parameters (AddParameter): Name = "ComponentLink1Description"; Value = "Datasheet"; VariantName = "[No Variations]"
Change component parameters (AddParameter): Name = "ComponentLink1URL"; Value = "https://www.mouser.de/datasheet/2/315/AOA0000C334-1314047.pdf"; VariantName = "[No Variations]"
Change component parameters (AddParameter): Name = "Created"; Value = "2019-12-08_Thilo_Wendt"; VariantName = "[No Variations]"
Change component parameters (AddParameter): Name = "HelpURL"; Value = "https://www.mouser.de/datasheet/2/315/AOA0000C334-1314047.pdf"; VariantName = "[No Variations]"
Change component parameters (AddParameter): Name = "MaxVoltage"; Value = "100"; VariantName = "[No Variations]"
Change component parameters (AddParameter): Name = "MF"; Value = "Panasonic"; VariantName = "[No Variations]"
Change component parameters (AddParameter): Name = "MPN"; Value = "ERJU<pkg><tol><val><pkg_meth>"; VariantName = "[No Variations]"
Change component parameters (AddParameter): Name = "Package"; Value = "CurrentFootprint"; VariantName = "[No Variations]"
Change component parameters (AddParameter): Name = "Parameter1"; Value = "V"; VariantName = "[No Variations]"
Change component parameters (AddParameter): Name = "Parameter1Desc"; Value = "Package Method"; VariantName = "[No Variations]"
Change component parameters (AddParameter): Name = "Parameter2"; Value = "F"; VariantName = "[No Variations]"
Change component parameters (AddParameter): Name = "Parameter2Desc"; Value = "Tolerance Symbol"; VariantName = "[No Variations]"
Change component parameters (AddParameter): Name = "Parameter3"; Value = ""; VariantName = "[No Variations]"
Change component parameters (AddParameter): Name = "Parameter3Desc"; Value = ""; VariantName = "[No Variations]"
Change component parameters (AddParameter): Name = "Supplier1"; Value = "https://de.farnell.com/w/search?qualifizierungsstandard-der-automobilindustrie=aec-q200&range=inc-in-stock&st=erju"; VariantName = "[No Variations]"
Change component parameters (AddParameter): Name = "Value"; Value = "?"; VariantName = "[No Variations]"
Change component parameters (AddParameter): Name = "ComponentLink1Description"; Value = "Datasheet"; VariantName = "3V3_to_15V"
Change component parameters (AddParameter): Name = "ComponentLink1URL"; Value = "https://www.mouser.de/datasheet/2/315/AOA0000C334-1314047.pdf"; VariantName = "3V3_to_15V"
Change component parameters (AddParameter): Name = "Created"; Value = "2019-12-08_Thilo_Wendt"; VariantName = "3V3_to_15V"
Change component parameters (AddParameter): Name = "HelpURL"; Value = "https://www.mouser.de/datasheet/2/315/AOA0000C334-1314047.pdf"; VariantName = "3V3_to_15V"
Change component parameters (AddParameter): Name = "MaxVoltage"; Value = "100"; VariantName = "3V3_to_15V"
Change component parameters (AddParameter): Name = "MF"; Value = "Panasonic"; VariantName = "3V3_to_15V"
Change component parameters (AddParameter): Name = "MPN"; Value = "ERJU<pkg><tol><val><pkg_meth>"; VariantName = "3V3_to_15V"
Change component parameters (AddParameter): Name = "Package"; Value = "CurrentFootprint"; VariantName = "3V3_to_15V"
Change component parameters (AddParameter): Name = "Parameter1"; Value = "V"; VariantName = "3V3_to_15V"
Change component parameters (AddParameter): Name = "Parameter1Desc"; Value = "Package Method"; VariantName = "3V3_to_15V"
Change component parameters (AddParameter): Name = "Parameter2"; Value = "F"; VariantName = "3V3_to_15V"
Change component parameters (AddParameter): Name = "Parameter2Desc"; Value = "Tolerance Symbol"; VariantName = "3V3_to_15V"
Change component parameters (AddParameter): Name = "Parameter3"; Value = ""; VariantName = "3V3_to_15V"
Change component parameters (AddParameter): Name = "Parameter3Desc"; Value = ""; VariantName = "3V3_to_15V"
Change component parameters (AddParameter): Name = "Supplier1"; Value = "https://de.farnell.com/w/search?qualifizierungsstandard-der-automobilindustrie=aec-q200&range=inc-in-stock&st=erju"; VariantName = "3V3_to_15V"
Change component parameters (AddParameter): Name = "Value"; Value = "?"; VariantName = "3V3_to_15V"
Change component parameters (AddParameter): Name = "ComponentLink1Description"; Value = "Datasheet"; VariantName = "3V3_to_RS422"
Change component parameters (AddParameter): Name = "ComponentLink1URL"; Value = "https://www.mouser.de/datasheet/2/315/AOA0000C334-1314047.pdf"; VariantName = "3V3_to_RS422"
Change component parameters (AddParameter): Name = "Created"; Value = "2019-12-08_Thilo_Wendt"; VariantName = "3V3_to_RS422"
Change component parameters (AddParameter): Name = "HelpURL"; Value = "https://www.mouser.de/datasheet/2/315/AOA0000C334-1314047.pdf"; VariantName = "3V3_to_RS422"
Change component parameters (AddParameter): Name = "MaxVoltage"; Value = "100"; VariantName = "3V3_to_RS422"
Change component parameters (AddParameter): Name = "MF"; Value = "Panasonic"; VariantName = "3V3_to_RS422"
Change component parameters (AddParameter): Name = "MPN"; Value = "ERJU<pkg><tol><val><pkg_meth>"; VariantName = "3V3_to_RS422"
Change component parameters (AddParameter): Name = "Package"; Value = "CurrentFootprint"; VariantName = "3V3_to_RS422"
Change component parameters (AddParameter): Name = "Parameter1"; Value = "V"; VariantName = "3V3_to_RS422"
Change component parameters (AddParameter): Name = "Parameter1Desc"; Value = "Package Method"; VariantName = "3V3_to_RS422"
Change component parameters (AddParameter): Name = "Parameter2"; Value = "F"; VariantName = "3V3_to_RS422"
Change component parameters (AddParameter): Name = "Parameter2Desc"; Value = "Tolerance Symbol"; VariantName = "3V3_to_RS422"
Change component parameters (AddParameter): Name = "Parameter3"; Value = ""; VariantName = "3V3_to_RS422"
Change component parameters (AddParameter): Name = "Parameter3Desc"; Value = ""; VariantName = "3V3_to_RS422"
Change component parameters (AddParameter): Name = "Supplier1"; Value = "https://de.farnell.com/w/search?qualifizierungsstandard-der-automobilindustrie=aec-q200&range=inc-in-stock&st=erju"; VariantName = "3V3_to_RS422"
Change component parameters (AddParameter): Name = "Value"; Value = "?"; VariantName = "3V3_to_RS422"
Change component parameters (AddParameter): Name = "ComponentLink1Description"; Value = "Datasheet"; VariantName = "RS422_to_3V3"
Change component parameters (AddParameter): Name = "ComponentLink1URL"; Value = "https://www.mouser.de/datasheet/2/315/AOA0000C334-1314047.pdf"; VariantName = "RS422_to_3V3"
Change component parameters (AddParameter): Name = "Created"; Value = "2019-12-08_Thilo_Wendt"; VariantName = "RS422_to_3V3"
Change component parameters (AddParameter): Name = "HelpURL"; Value = "https://www.mouser.de/datasheet/2/315/AOA0000C334-1314047.pdf"; VariantName = "RS422_to_3V3"
Change component parameters (AddParameter): Name = "MaxVoltage"; Value = "100"; VariantName = "RS422_to_3V3"
Change component parameters (AddParameter): Name = "MF"; Value = "Panasonic"; VariantName = "RS422_to_3V3"
Change component parameters (AddParameter): Name = "MPN"; Value = "ERJU<pkg><tol><val><pkg_meth>"; VariantName = "RS422_to_3V3"
Change component parameters (AddParameter): Name = "Package"; Value = "CurrentFootprint"; VariantName = "RS422_to_3V3"
Change component parameters (AddParameter): Name = "Parameter1"; Value = "V"; VariantName = "RS422_to_3V3"
Change component parameters (AddParameter): Name = "Parameter1Desc"; Value = "Package Method"; VariantName = "RS422_to_3V3"
Change component parameters (AddParameter): Name = "Parameter2"; Value = "F"; VariantName = "RS422_to_3V3"
Change component parameters (AddParameter): Name = "Parameter2Desc"; Value = "Tolerance Symbol"; VariantName = "RS422_to_3V3"
Change component parameters (AddParameter): Name = "Parameter3"; Value = ""; VariantName = "RS422_to_3V3"
Change component parameters (AddParameter): Name = "Parameter3Desc"; Value = ""; VariantName = "RS422_to_3V3"
Change component parameters (AddParameter): Name = "Supplier1"; Value = "https://de.farnell.com/w/search?qualifizierungsstandard-der-automobilindustrie=aec-q200&range=inc-in-stock&st=erju"; VariantName = "RS422_to_3V3"
Change component parameters (AddParameter): Name = "Value"; Value = "?"; VariantName = "RS422_to_3V3"
Change component parameters: Designator = "R7D"; Footprint = "RESC1608X55X30NL15T15"; UniqueID = "\REEOQYYS\LOSHMCEA\4DEFTBZMN\HPIPXNJK"
Change component parameters. Clean all parameters for all variants
Change component parameters (AddParameter): Name = "ComponentLink1Description"; Value = "Datasheet"; VariantName = "[No Variations]"
Change component parameters (AddParameter): Name = "ComponentLink1URL"; Value = "https://www.mouser.de/datasheet/2/315/AOA0000C334-1314047.pdf"; VariantName = "[No Variations]"
Change component parameters (AddParameter): Name = "Created"; Value = "2019-12-08_Thilo_Wendt"; VariantName = "[No Variations]"
Change component parameters (AddParameter): Name = "HelpURL"; Value = "https://www.mouser.de/datasheet/2/315/AOA0000C334-1314047.pdf"; VariantName = "[No Variations]"
Change component parameters (AddParameter): Name = "MaxVoltage"; Value = "100"; VariantName = "[No Variations]"
Change component parameters (AddParameter): Name = "MF"; Value = "Panasonic"; VariantName = "[No Variations]"
Change component parameters (AddParameter): Name = "MPN"; Value = "ERJU<pkg><tol><val><pkg_meth>"; VariantName = "[No Variations]"
Change component parameters (AddParameter): Name = "Package"; Value = "CurrentFootprint"; VariantName = "[No Variations]"
Change component parameters (AddParameter): Name = "Parameter1"; Value = "V"; VariantName = "[No Variations]"
Change component parameters (AddParameter): Name = "Parameter1Desc"; Value = "Package Method"; VariantName = "[No Variations]"
Change component parameters (AddParameter): Name = "Parameter2"; Value = "F"; VariantName = "[No Variations]"
Change component parameters (AddParameter): Name = "Parameter2Desc"; Value = "Tolerance Symbol"; VariantName = "[No Variations]"
Change component parameters (AddParameter): Name = "Parameter3"; Value = ""; VariantName = "[No Variations]"
Change component parameters (AddParameter): Name = "Parameter3Desc"; Value = ""; VariantName = "[No Variations]"
Change component parameters (AddParameter): Name = "Supplier1"; Value = "https://de.farnell.com/w/search?qualifizierungsstandard-der-automobilindustrie=aec-q200&range=inc-in-stock&st=erju"; VariantName = "[No Variations]"
Change component parameters (AddParameter): Name = "Value"; Value = "?"; VariantName = "[No Variations]"
Change component parameters (AddParameter): Name = "ComponentLink1Description"; Value = "Datasheet"; VariantName = "3V3_to_15V"
Change component parameters (AddParameter): Name = "ComponentLink1URL"; Value = "https://www.mouser.de/datasheet/2/315/AOA0000C334-1314047.pdf"; VariantName = "3V3_to_15V"
Change component parameters (AddParameter): Name = "Created"; Value = "2019-12-08_Thilo_Wendt"; VariantName = "3V3_to_15V"
Change component parameters (AddParameter): Name = "HelpURL"; Value = "https://www.mouser.de/datasheet/2/315/AOA0000C334-1314047.pdf"; VariantName = "3V3_to_15V"
Change component parameters (AddParameter): Name = "MaxVoltage"; Value = "100"; VariantName = "3V3_to_15V"
Change component parameters (AddParameter): Name = "MF"; Value = "Panasonic"; VariantName = "3V3_to_15V"
Change component parameters (AddParameter): Name = "MPN"; Value = "ERJU<pkg><tol><val><pkg_meth>"; VariantName = "3V3_to_15V"
Change component parameters (AddParameter): Name = "Package"; Value = "CurrentFootprint"; VariantName = "3V3_to_15V"
Change component parameters (AddParameter): Name = "Parameter1"; Value = "V"; VariantName = "3V3_to_15V"
Change component parameters (AddParameter): Name = "Parameter1Desc"; Value = "Package Method"; VariantName = "3V3_to_15V"
Change component parameters (AddParameter): Name = "Parameter2"; Value = "F"; VariantName = "3V3_to_15V"
Change component parameters (AddParameter): Name = "Parameter2Desc"; Value = "Tolerance Symbol"; VariantName = "3V3_to_15V"
Change component parameters (AddParameter): Name = "Parameter3"; Value = ""; VariantName = "3V3_to_15V"
Change component parameters (AddParameter): Name = "Parameter3Desc"; Value = ""; VariantName = "3V3_to_15V"
Change component parameters (AddParameter): Name = "Supplier1"; Value = "https://de.farnell.com/w/search?qualifizierungsstandard-der-automobilindustrie=aec-q200&range=inc-in-stock&st=erju"; VariantName = "3V3_to_15V"
Change component parameters (AddParameter): Name = "Value"; Value = "?"; VariantName = "3V3_to_15V"
Change component parameters (AddParameter): Name = "ComponentLink1Description"; Value = "Datasheet"; VariantName = "3V3_to_RS422"
Change component parameters (AddParameter): Name = "ComponentLink1URL"; Value = "https://www.mouser.de/datasheet/2/315/AOA0000C334-1314047.pdf"; VariantName = "3V3_to_RS422"
Change component parameters (AddParameter): Name = "Created"; Value = "2019-12-08_Thilo_Wendt"; VariantName = "3V3_to_RS422"
Change component parameters (AddParameter): Name = "HelpURL"; Value = "https://www.mouser.de/datasheet/2/315/AOA0000C334-1314047.pdf"; VariantName = "3V3_to_RS422"
Change component parameters (AddParameter): Name = "MaxVoltage"; Value = "100"; VariantName = "3V3_to_RS422"
Change component parameters (AddParameter): Name = "MF"; Value = "Panasonic"; VariantName = "3V3_to_RS422"
Change component parameters (AddParameter): Name = "MPN"; Value = "ERJU<pkg><tol><val><pkg_meth>"; VariantName = "3V3_to_RS422"
Change component parameters (AddParameter): Name = "Package"; Value = "CurrentFootprint"; VariantName = "3V3_to_RS422"
Change component parameters (AddParameter): Name = "Parameter1"; Value = "V"; VariantName = "3V3_to_RS422"
Change component parameters (AddParameter): Name = "Parameter1Desc"; Value = "Package Method"; VariantName = "3V3_to_RS422"
Change component parameters (AddParameter): Name = "Parameter2"; Value = "F"; VariantName = "3V3_to_RS422"
Change component parameters (AddParameter): Name = "Parameter2Desc"; Value = "Tolerance Symbol"; VariantName = "3V3_to_RS422"
Change component parameters (AddParameter): Name = "Parameter3"; Value = ""; VariantName = "3V3_to_RS422"
Change component parameters (AddParameter): Name = "Parameter3Desc"; Value = ""; VariantName = "3V3_to_RS422"
Change component parameters (AddParameter): Name = "Supplier1"; Value = "https://de.farnell.com/w/search?qualifizierungsstandard-der-automobilindustrie=aec-q200&range=inc-in-stock&st=erju"; VariantName = "3V3_to_RS422"
Change component parameters (AddParameter): Name = "Value"; Value = "?"; VariantName = "3V3_to_RS422"
Change component parameters (AddParameter): Name = "ComponentLink1Description"; Value = "Datasheet"; VariantName = "RS422_to_3V3"
Change component parameters (AddParameter): Name = "ComponentLink1URL"; Value = "https://www.mouser.de/datasheet/2/315/AOA0000C334-1314047.pdf"; VariantName = "RS422_to_3V3"
Change component parameters (AddParameter): Name = "Created"; Value = "2019-12-08_Thilo_Wendt"; VariantName = "RS422_to_3V3"
Change component parameters (AddParameter): Name = "HelpURL"; Value = "https://www.mouser.de/datasheet/2/315/AOA0000C334-1314047.pdf"; VariantName = "RS422_to_3V3"
Change component parameters (AddParameter): Name = "MaxVoltage"; Value = "100"; VariantName = "RS422_to_3V3"
Change component parameters (AddParameter): Name = "MF"; Value = "Panasonic"; VariantName = "RS422_to_3V3"
Change component parameters (AddParameter): Name = "MPN"; Value = "ERJU<pkg><tol><val><pkg_meth>"; VariantName = "RS422_to_3V3"
Change component parameters (AddParameter): Name = "Package"; Value = "CurrentFootprint"; VariantName = "RS422_to_3V3"
Change component parameters (AddParameter): Name = "Parameter1"; Value = "V"; VariantName = "RS422_to_3V3"
Change component parameters (AddParameter): Name = "Parameter1Desc"; Value = "Package Method"; VariantName = "RS422_to_3V3"
Change component parameters (AddParameter): Name = "Parameter2"; Value = "F"; VariantName = "RS422_to_3V3"
Change component parameters (AddParameter): Name = "Parameter2Desc"; Value = "Tolerance Symbol"; VariantName = "RS422_to_3V3"
Change component parameters (AddParameter): Name = "Parameter3"; Value = ""; VariantName = "RS422_to_3V3"
Change component parameters (AddParameter): Name = "Parameter3Desc"; Value = ""; VariantName = "RS422_to_3V3"
Change component parameters (AddParameter): Name = "Supplier1"; Value = "https://de.farnell.com/w/search?qualifizierungsstandard-der-automobilindustrie=aec-q200&range=inc-in-stock&st=erju"; VariantName = "RS422_to_3V3"
Change component parameters (AddParameter): Name = "Value"; Value = "?"; VariantName = "RS422_to_3V3"
Change component parameters: Designator = "R7E"; Footprint = "RESC1608X55X30NL15T15"; UniqueID = "\REEOQYYS\LOSHMCEA\5DEFTBZMN\HPIPXNJK"
Change component parameters. Clean all parameters for all variants
Change component parameters (AddParameter): Name = "ComponentLink1Description"; Value = "Datasheet"; VariantName = "[No Variations]"
Change component parameters (AddParameter): Name = "ComponentLink1URL"; Value = "https://www.mouser.de/datasheet/2/315/AOA0000C334-1314047.pdf"; VariantName = "[No Variations]"
Change component parameters (AddParameter): Name = "Created"; Value = "2019-12-08_Thilo_Wendt"; VariantName = "[No Variations]"
Change component parameters (AddParameter): Name = "HelpURL"; Value = "https://www.mouser.de/datasheet/2/315/AOA0000C334-1314047.pdf"; VariantName = "[No Variations]"
Change component parameters (AddParameter): Name = "MaxVoltage"; Value = "100"; VariantName = "[No Variations]"
Change component parameters (AddParameter): Name = "MF"; Value = "Panasonic"; VariantName = "[No Variations]"
Change component parameters (AddParameter): Name = "MPN"; Value = "ERJU<pkg><tol><val><pkg_meth>"; VariantName = "[No Variations]"
Change component parameters (AddParameter): Name = "Package"; Value = "CurrentFootprint"; VariantName = "[No Variations]"
Change component parameters (AddParameter): Name = "Parameter1"; Value = "V"; VariantName = "[No Variations]"
Change component parameters (AddParameter): Name = "Parameter1Desc"; Value = "Package Method"; VariantName = "[No Variations]"
Change component parameters (AddParameter): Name = "Parameter2"; Value = "F"; VariantName = "[No Variations]"
Change component parameters (AddParameter): Name = "Parameter2Desc"; Value = "Tolerance Symbol"; VariantName = "[No Variations]"
Change component parameters (AddParameter): Name = "Parameter3"; Value = ""; VariantName = "[No Variations]"
Change component parameters (AddParameter): Name = "Parameter3Desc"; Value = ""; VariantName = "[No Variations]"
Change component parameters (AddParameter): Name = "Supplier1"; Value = "https://de.farnell.com/w/search?qualifizierungsstandard-der-automobilindustrie=aec-q200&range=inc-in-stock&st=erju"; VariantName = "[No Variations]"
Change component parameters (AddParameter): Name = "Value"; Value = "?"; VariantName = "[No Variations]"
Change component parameters (AddParameter): Name = "ComponentLink1Description"; Value = "Datasheet"; VariantName = "3V3_to_15V"
Change component parameters (AddParameter): Name = "ComponentLink1URL"; Value = "https://www.mouser.de/datasheet/2/315/AOA0000C334-1314047.pdf"; VariantName = "3V3_to_15V"
Change component parameters (AddParameter): Name = "Created"; Value = "2019-12-08_Thilo_Wendt"; VariantName = "3V3_to_15V"
Change component parameters (AddParameter): Name = "HelpURL"; Value = "https://www.mouser.de/datasheet/2/315/AOA0000C334-1314047.pdf"; VariantName = "3V3_to_15V"
Change component parameters (AddParameter): Name = "MaxVoltage"; Value = "100"; VariantName = "3V3_to_15V"
Change component parameters (AddParameter): Name = "MF"; Value = "Panasonic"; VariantName = "3V3_to_15V"
Change component parameters (AddParameter): Name = "MPN"; Value = "ERJU<pkg><tol><val><pkg_meth>"; VariantName = "3V3_to_15V"
Change component parameters (AddParameter): Name = "Package"; Value = "CurrentFootprint"; VariantName = "3V3_to_15V"
Change component parameters (AddParameter): Name = "Parameter1"; Value = "V"; VariantName = "3V3_to_15V"
Change component parameters (AddParameter): Name = "Parameter1Desc"; Value = "Package Method"; VariantName = "3V3_to_15V"
Change component parameters (AddParameter): Name = "Parameter2"; Value = "F"; VariantName = "3V3_to_15V"
Change component parameters (AddParameter): Name = "Parameter2Desc"; Value = "Tolerance Symbol"; VariantName = "3V3_to_15V"
Change component parameters (AddParameter): Name = "Parameter3"; Value = ""; VariantName = "3V3_to_15V"
Change component parameters (AddParameter): Name = "Parameter3Desc"; Value = ""; VariantName = "3V3_to_15V"
Change component parameters (AddParameter): Name = "Supplier1"; Value = "https://de.farnell.com/w/search?qualifizierungsstandard-der-automobilindustrie=aec-q200&range=inc-in-stock&st=erju"; VariantName = "3V3_to_15V"
Change component parameters (AddParameter): Name = "Value"; Value = "?"; VariantName = "3V3_to_15V"
Change component parameters (AddParameter): Name = "ComponentLink1Description"; Value = "Datasheet"; VariantName = "3V3_to_RS422"
Change component parameters (AddParameter): Name = "ComponentLink1URL"; Value = "https://www.mouser.de/datasheet/2/315/AOA0000C334-1314047.pdf"; VariantName = "3V3_to_RS422"
Change component parameters (AddParameter): Name = "Created"; Value = "2019-12-08_Thilo_Wendt"; VariantName = "3V3_to_RS422"
Change component parameters (AddParameter): Name = "HelpURL"; Value = "https://www.mouser.de/datasheet/2/315/AOA0000C334-1314047.pdf"; VariantName = "3V3_to_RS422"
Change component parameters (AddParameter): Name = "MaxVoltage"; Value = "100"; VariantName = "3V3_to_RS422"
Change component parameters (AddParameter): Name = "MF"; Value = "Panasonic"; VariantName = "3V3_to_RS422"
Change component parameters (AddParameter): Name = "MPN"; Value = "ERJU<pkg><tol><val><pkg_meth>"; VariantName = "3V3_to_RS422"
Change component parameters (AddParameter): Name = "Package"; Value = "CurrentFootprint"; VariantName = "3V3_to_RS422"
Change component parameters (AddParameter): Name = "Parameter1"; Value = "V"; VariantName = "3V3_to_RS422"
Change component parameters (AddParameter): Name = "Parameter1Desc"; Value = "Package Method"; VariantName = "3V3_to_RS422"
Change component parameters (AddParameter): Name = "Parameter2"; Value = "F"; VariantName = "3V3_to_RS422"
Change component parameters (AddParameter): Name = "Parameter2Desc"; Value = "Tolerance Symbol"; VariantName = "3V3_to_RS422"
Change component parameters (AddParameter): Name = "Parameter3"; Value = ""; VariantName = "3V3_to_RS422"
Change component parameters (AddParameter): Name = "Parameter3Desc"; Value = ""; VariantName = "3V3_to_RS422"
Change component parameters (AddParameter): Name = "Supplier1"; Value = "https://de.farnell.com/w/search?qualifizierungsstandard-der-automobilindustrie=aec-q200&range=inc-in-stock&st=erju"; VariantName = "3V3_to_RS422"
Change component parameters (AddParameter): Name = "Value"; Value = "?"; VariantName = "3V3_to_RS422"
Change component parameters (AddParameter): Name = "ComponentLink1Description"; Value = "Datasheet"; VariantName = "RS422_to_3V3"
Change component parameters (AddParameter): Name = "ComponentLink1URL"; Value = "https://www.mouser.de/datasheet/2/315/AOA0000C334-1314047.pdf"; VariantName = "RS422_to_3V3"
Change component parameters (AddParameter): Name = "Created"; Value = "2019-12-08_Thilo_Wendt"; VariantName = "RS422_to_3V3"
Change component parameters (AddParameter): Name = "HelpURL"; Value = "https://www.mouser.de/datasheet/2/315/AOA0000C334-1314047.pdf"; VariantName = "RS422_to_3V3"
Change component parameters (AddParameter): Name = "MaxVoltage"; Value = "100"; VariantName = "RS422_to_3V3"
Change component parameters (AddParameter): Name = "MF"; Value = "Panasonic"; VariantName = "RS422_to_3V3"
Change component parameters (AddParameter): Name = "MPN"; Value = "ERJU<pkg><tol><val><pkg_meth>"; VariantName = "RS422_to_3V3"
Change component parameters (AddParameter): Name = "Package"; Value = "CurrentFootprint"; VariantName = "RS422_to_3V3"
Change component parameters (AddParameter): Name = "Parameter1"; Value = "V"; VariantName = "RS422_to_3V3"
Change component parameters (AddParameter): Name = "Parameter1Desc"; Value = "Package Method"; VariantName = "RS422_to_3V3"
Change component parameters (AddParameter): Name = "Parameter2"; Value = "F"; VariantName = "RS422_to_3V3"
Change component parameters (AddParameter): Name = "Parameter2Desc"; Value = "Tolerance Symbol"; VariantName = "RS422_to_3V3"
Change component parameters (AddParameter): Name = "Parameter3"; Value = ""; VariantName = "RS422_to_3V3"
Change component parameters (AddParameter): Name = "Parameter3Desc"; Value = ""; VariantName = "RS422_to_3V3"
Change component parameters (AddParameter): Name = "Supplier1"; Value = "https://de.farnell.com/w/search?qualifizierungsstandard-der-automobilindustrie=aec-q200&range=inc-in-stock&st=erju"; VariantName = "RS422_to_3V3"
Change component parameters (AddParameter): Name = "Value"; Value = "?"; VariantName = "RS422_to_3V3"
Change component parameters: Designator = "R8A"; Footprint = "RESC1608X55X30NL15T15"; UniqueID = "\REEOQYYS\LOSHMCEA\1DEFTBZMN\IBUSNIEJ"
Change component parameters. Clean all parameters for all variants
Change component parameters (AddParameter): Name = "ComponentLink1Description"; Value = "Datasheet"; VariantName = "[No Variations]"
Change component parameters (AddParameter): Name = "ComponentLink1URL"; Value = "https://www.mouser.de/datasheet/2/315/AOA0000C334-1314047.pdf"; VariantName = "[No Variations]"
Change component parameters (AddParameter): Name = "Created"; Value = "2019-12-08_Thilo_Wendt"; VariantName = "[No Variations]"
Change component parameters (AddParameter): Name = "HelpURL"; Value = "https://www.mouser.de/datasheet/2/315/AOA0000C334-1314047.pdf"; VariantName = "[No Variations]"
Change component parameters (AddParameter): Name = "MaxVoltage"; Value = "100"; VariantName = "[No Variations]"
Change component parameters (AddParameter): Name = "MF"; Value = "Panasonic"; VariantName = "[No Variations]"
Change component parameters (AddParameter): Name = "MPN"; Value = "ERJU<pkg><tol><val><pkg_meth>"; VariantName = "[No Variations]"
Change component parameters (AddParameter): Name = "Package"; Value = "CurrentFootprint"; VariantName = "[No Variations]"
Change component parameters (AddParameter): Name = "Parameter1"; Value = "V"; VariantName = "[No Variations]"
Change component parameters (AddParameter): Name = "Parameter1Desc"; Value = "Package Method"; VariantName = "[No Variations]"
Change component parameters (AddParameter): Name = "Parameter2"; Value = "F"; VariantName = "[No Variations]"
Change component parameters (AddParameter): Name = "Parameter2Desc"; Value = "Tolerance Symbol"; VariantName = "[No Variations]"
Change component parameters (AddParameter): Name = "Parameter3"; Value = ""; VariantName = "[No Variations]"
Change component parameters (AddParameter): Name = "Parameter3Desc"; Value = ""; VariantName = "[No Variations]"
Change component parameters (AddParameter): Name = "Supplier1"; Value = "https://de.farnell.com/w/search?qualifizierungsstandard-der-automobilindustrie=aec-q200&range=inc-in-stock&st=erju"; VariantName = "[No Variations]"
Change component parameters (AddParameter): Name = "Value"; Value = "?"; VariantName = "[No Variations]"
Change component parameters (AddParameter): Name = "ComponentLink1Description"; Value = "Datasheet"; VariantName = "3V3_to_15V"
Change component parameters (AddParameter): Name = "ComponentLink1URL"; Value = "https://www.mouser.de/datasheet/2/315/AOA0000C334-1314047.pdf"; VariantName = "3V3_to_15V"
Change component parameters (AddParameter): Name = "Created"; Value = "2019-12-08_Thilo_Wendt"; VariantName = "3V3_to_15V"
Change component parameters (AddParameter): Name = "HelpURL"; Value = "https://www.mouser.de/datasheet/2/315/AOA0000C334-1314047.pdf"; VariantName = "3V3_to_15V"
Change component parameters (AddParameter): Name = "MaxVoltage"; Value = "100"; VariantName = "3V3_to_15V"
Change component parameters (AddParameter): Name = "MF"; Value = "Panasonic"; VariantName = "3V3_to_15V"
Change component parameters (AddParameter): Name = "MPN"; Value = "ERJU<pkg><tol><val><pkg_meth>"; VariantName = "3V3_to_15V"
Change component parameters (AddParameter): Name = "Package"; Value = "CurrentFootprint"; VariantName = "3V3_to_15V"
Change component parameters (AddParameter): Name = "Parameter1"; Value = "V"; VariantName = "3V3_to_15V"
Change component parameters (AddParameter): Name = "Parameter1Desc"; Value = "Package Method"; VariantName = "3V3_to_15V"
Change component parameters (AddParameter): Name = "Parameter2"; Value = "F"; VariantName = "3V3_to_15V"
Change component parameters (AddParameter): Name = "Parameter2Desc"; Value = "Tolerance Symbol"; VariantName = "3V3_to_15V"
Change component parameters (AddParameter): Name = "Parameter3"; Value = ""; VariantName = "3V3_to_15V"
Change component parameters (AddParameter): Name = "Parameter3Desc"; Value = ""; VariantName = "3V3_to_15V"
Change component parameters (AddParameter): Name = "Supplier1"; Value = "https://de.farnell.com/w/search?qualifizierungsstandard-der-automobilindustrie=aec-q200&range=inc-in-stock&st=erju"; VariantName = "3V3_to_15V"
Change component parameters (AddParameter): Name = "Value"; Value = "?"; VariantName = "3V3_to_15V"
Change component parameters (AddParameter): Name = "ComponentLink1Description"; Value = "Datasheet"; VariantName = "3V3_to_RS422"
Change component parameters (AddParameter): Name = "ComponentLink1URL"; Value = "https://www.mouser.de/datasheet/2/315/AOA0000C334-1314047.pdf"; VariantName = "3V3_to_RS422"
Change component parameters (AddParameter): Name = "Created"; Value = "2019-12-08_Thilo_Wendt"; VariantName = "3V3_to_RS422"
Change component parameters (AddParameter): Name = "HelpURL"; Value = "https://www.mouser.de/datasheet/2/315/AOA0000C334-1314047.pdf"; VariantName = "3V3_to_RS422"
Change component parameters (AddParameter): Name = "MaxVoltage"; Value = "100"; VariantName = "3V3_to_RS422"
Change component parameters (AddParameter): Name = "MF"; Value = "Panasonic"; VariantName = "3V3_to_RS422"
Change component parameters (AddParameter): Name = "MPN"; Value = "ERJU<pkg><tol><val><pkg_meth>"; VariantName = "3V3_to_RS422"
Change component parameters (AddParameter): Name = "Package"; Value = "CurrentFootprint"; VariantName = "3V3_to_RS422"
Change component parameters (AddParameter): Name = "Parameter1"; Value = "V"; VariantName = "3V3_to_RS422"
Change component parameters (AddParameter): Name = "Parameter1Desc"; Value = "Package Method"; VariantName = "3V3_to_RS422"
Change component parameters (AddParameter): Name = "Parameter2"; Value = "F"; VariantName = "3V3_to_RS422"
Change component parameters (AddParameter): Name = "Parameter2Desc"; Value = "Tolerance Symbol"; VariantName = "3V3_to_RS422"
Change component parameters (AddParameter): Name = "Parameter3"; Value = ""; VariantName = "3V3_to_RS422"
Change component parameters (AddParameter): Name = "Parameter3Desc"; Value = ""; VariantName = "3V3_to_RS422"
Change component parameters (AddParameter): Name = "Supplier1"; Value = "https://de.farnell.com/w/search?qualifizierungsstandard-der-automobilindustrie=aec-q200&range=inc-in-stock&st=erju"; VariantName = "3V3_to_RS422"
Change component parameters (AddParameter): Name = "Value"; Value = "?"; VariantName = "3V3_to_RS422"
Change component parameters (AddParameter): Name = "ComponentLink1Description"; Value = "Datasheet"; VariantName = "RS422_to_3V3"
Change component parameters (AddParameter): Name = "ComponentLink1URL"; Value = "https://www.mouser.de/datasheet/2/315/AOA0000C334-1314047.pdf"; VariantName = "RS422_to_3V3"
Change component parameters (AddParameter): Name = "Created"; Value = "2019-12-08_Thilo_Wendt"; VariantName = "RS422_to_3V3"
Change component parameters (AddParameter): Name = "HelpURL"; Value = "https://www.mouser.de/datasheet/2/315/AOA0000C334-1314047.pdf"; VariantName = "RS422_to_3V3"
Change component parameters (AddParameter): Name = "MaxVoltage"; Value = "100"; VariantName = "RS422_to_3V3"
Change component parameters (AddParameter): Name = "MF"; Value = "Panasonic"; VariantName = "RS422_to_3V3"
Change component parameters (AddParameter): Name = "MPN"; Value = "ERJU<pkg><tol><val><pkg_meth>"; VariantName = "RS422_to_3V3"
Change component parameters (AddParameter): Name = "Package"; Value = "CurrentFootprint"; VariantName = "RS422_to_3V3"
Change component parameters (AddParameter): Name = "Parameter1"; Value = "V"; VariantName = "RS422_to_3V3"
Change component parameters (AddParameter): Name = "Parameter1Desc"; Value = "Package Method"; VariantName = "RS422_to_3V3"
Change component parameters (AddParameter): Name = "Parameter2"; Value = "F"; VariantName = "RS422_to_3V3"
Change component parameters (AddParameter): Name = "Parameter2Desc"; Value = "Tolerance Symbol"; VariantName = "RS422_to_3V3"
Change component parameters (AddParameter): Name = "Parameter3"; Value = ""; VariantName = "RS422_to_3V3"
Change component parameters (AddParameter): Name = "Parameter3Desc"; Value = ""; VariantName = "RS422_to_3V3"
Change component parameters (AddParameter): Name = "Supplier1"; Value = "https://de.farnell.com/w/search?qualifizierungsstandard-der-automobilindustrie=aec-q200&range=inc-in-stock&st=erju"; VariantName = "RS422_to_3V3"
Change component parameters (AddParameter): Name = "Value"; Value = "?"; VariantName = "RS422_to_3V3"
Change component parameters: Designator = "R8B"; Footprint = "RESC1608X55X30NL15T15"; UniqueID = "\REEOQYYS\LOSHMCEA\2DEFTBZMN\IBUSNIEJ"
Change component parameters. Clean all parameters for all variants
Change component parameters (AddParameter): Name = "ComponentLink1Description"; Value = "Datasheet"; VariantName = "[No Variations]"
Change component parameters (AddParameter): Name = "ComponentLink1URL"; Value = "https://www.mouser.de/datasheet/2/315/AOA0000C334-1314047.pdf"; VariantName = "[No Variations]"
Change component parameters (AddParameter): Name = "Created"; Value = "2019-12-08_Thilo_Wendt"; VariantName = "[No Variations]"
Change component parameters (AddParameter): Name = "HelpURL"; Value = "https://www.mouser.de/datasheet/2/315/AOA0000C334-1314047.pdf"; VariantName = "[No Variations]"
Change component parameters (AddParameter): Name = "MaxVoltage"; Value = "100"; VariantName = "[No Variations]"
Change component parameters (AddParameter): Name = "MF"; Value = "Panasonic"; VariantName = "[No Variations]"
Change component parameters (AddParameter): Name = "MPN"; Value = "ERJU<pkg><tol><val><pkg_meth>"; VariantName = "[No Variations]"
Change component parameters (AddParameter): Name = "Package"; Value = "CurrentFootprint"; VariantName = "[No Variations]"
Change component parameters (AddParameter): Name = "Parameter1"; Value = "V"; VariantName = "[No Variations]"
Change component parameters (AddParameter): Name = "Parameter1Desc"; Value = "Package Method"; VariantName = "[No Variations]"
Change component parameters (AddParameter): Name = "Parameter2"; Value = "F"; VariantName = "[No Variations]"
Change component parameters (AddParameter): Name = "Parameter2Desc"; Value = "Tolerance Symbol"; VariantName = "[No Variations]"
Change component parameters (AddParameter): Name = "Parameter3"; Value = ""; VariantName = "[No Variations]"
Change component parameters (AddParameter): Name = "Parameter3Desc"; Value = ""; VariantName = "[No Variations]"
Change component parameters (AddParameter): Name = "Supplier1"; Value = "https://de.farnell.com/w/search?qualifizierungsstandard-der-automobilindustrie=aec-q200&range=inc-in-stock&st=erju"; VariantName = "[No Variations]"
Change component parameters (AddParameter): Name = "Value"; Value = "?"; VariantName = "[No Variations]"
Change component parameters (AddParameter): Name = "ComponentLink1Description"; Value = "Datasheet"; VariantName = "3V3_to_15V"
Change component parameters (AddParameter): Name = "ComponentLink1URL"; Value = "https://www.mouser.de/datasheet/2/315/AOA0000C334-1314047.pdf"; VariantName = "3V3_to_15V"
Change component parameters (AddParameter): Name = "Created"; Value = "2019-12-08_Thilo_Wendt"; VariantName = "3V3_to_15V"
Change component parameters (AddParameter): Name = "HelpURL"; Value = "https://www.mouser.de/datasheet/2/315/AOA0000C334-1314047.pdf"; VariantName = "3V3_to_15V"
Change component parameters (AddParameter): Name = "MaxVoltage"; Value = "100"; VariantName = "3V3_to_15V"
Change component parameters (AddParameter): Name = "MF"; Value = "Panasonic"; VariantName = "3V3_to_15V"
Change component parameters (AddParameter): Name = "MPN"; Value = "ERJU<pkg><tol><val><pkg_meth>"; VariantName = "3V3_to_15V"
Change component parameters (AddParameter): Name = "Package"; Value = "CurrentFootprint"; VariantName = "3V3_to_15V"
Change component parameters (AddParameter): Name = "Parameter1"; Value = "V"; VariantName = "3V3_to_15V"
Change component parameters (AddParameter): Name = "Parameter1Desc"; Value = "Package Method"; VariantName = "3V3_to_15V"
Change component parameters (AddParameter): Name = "Parameter2"; Value = "F"; VariantName = "3V3_to_15V"
Change component parameters (AddParameter): Name = "Parameter2Desc"; Value = "Tolerance Symbol"; VariantName = "3V3_to_15V"
Change component parameters (AddParameter): Name = "Parameter3"; Value = ""; VariantName = "3V3_to_15V"
Change component parameters (AddParameter): Name = "Parameter3Desc"; Value = ""; VariantName = "3V3_to_15V"
Change component parameters (AddParameter): Name = "Supplier1"; Value = "https://de.farnell.com/w/search?qualifizierungsstandard-der-automobilindustrie=aec-q200&range=inc-in-stock&st=erju"; VariantName = "3V3_to_15V"
Change component parameters (AddParameter): Name = "Value"; Value = "?"; VariantName = "3V3_to_15V"
Change component parameters (AddParameter): Name = "ComponentLink1Description"; Value = "Datasheet"; VariantName = "3V3_to_RS422"
Change component parameters (AddParameter): Name = "ComponentLink1URL"; Value = "https://www.mouser.de/datasheet/2/315/AOA0000C334-1314047.pdf"; VariantName = "3V3_to_RS422"
Change component parameters (AddParameter): Name = "Created"; Value = "2019-12-08_Thilo_Wendt"; VariantName = "3V3_to_RS422"
Change component parameters (AddParameter): Name = "HelpURL"; Value = "https://www.mouser.de/datasheet/2/315/AOA0000C334-1314047.pdf"; VariantName = "3V3_to_RS422"
Change component parameters (AddParameter): Name = "MaxVoltage"; Value = "100"; VariantName = "3V3_to_RS422"
Change component parameters (AddParameter): Name = "MF"; Value = "Panasonic"; VariantName = "3V3_to_RS422"
Change component parameters (AddParameter): Name = "MPN"; Value = "ERJU<pkg><tol><val><pkg_meth>"; VariantName = "3V3_to_RS422"
Change component parameters (AddParameter): Name = "Package"; Value = "CurrentFootprint"; VariantName = "3V3_to_RS422"
Change component parameters (AddParameter): Name = "Parameter1"; Value = "V"; VariantName = "3V3_to_RS422"
Change component parameters (AddParameter): Name = "Parameter1Desc"; Value = "Package Method"; VariantName = "3V3_to_RS422"
Change component parameters (AddParameter): Name = "Parameter2"; Value = "F"; VariantName = "3V3_to_RS422"
Change component parameters (AddParameter): Name = "Parameter2Desc"; Value = "Tolerance Symbol"; VariantName = "3V3_to_RS422"
Change component parameters (AddParameter): Name = "Parameter3"; Value = ""; VariantName = "3V3_to_RS422"
Change component parameters (AddParameter): Name = "Parameter3Desc"; Value = ""; VariantName = "3V3_to_RS422"
Change component parameters (AddParameter): Name = "Supplier1"; Value = "https://de.farnell.com/w/search?qualifizierungsstandard-der-automobilindustrie=aec-q200&range=inc-in-stock&st=erju"; VariantName = "3V3_to_RS422"
Change component parameters (AddParameter): Name = "Value"; Value = "?"; VariantName = "3V3_to_RS422"
Change component parameters (AddParameter): Name = "ComponentLink1Description"; Value = "Datasheet"; VariantName = "RS422_to_3V3"
Change component parameters (AddParameter): Name = "ComponentLink1URL"; Value = "https://www.mouser.de/datasheet/2/315/AOA0000C334-1314047.pdf"; VariantName = "RS422_to_3V3"
Change component parameters (AddParameter): Name = "Created"; Value = "2019-12-08_Thilo_Wendt"; VariantName = "RS422_to_3V3"
Change component parameters (AddParameter): Name = "HelpURL"; Value = "https://www.mouser.de/datasheet/2/315/AOA0000C334-1314047.pdf"; VariantName = "RS422_to_3V3"
Change component parameters (AddParameter): Name = "MaxVoltage"; Value = "100"; VariantName = "RS422_to_3V3"
Change component parameters (AddParameter): Name = "MF"; Value = "Panasonic"; VariantName = "RS422_to_3V3"
Change component parameters (AddParameter): Name = "MPN"; Value = "ERJU<pkg><tol><val><pkg_meth>"; VariantName = "RS422_to_3V3"
Change component parameters (AddParameter): Name = "Package"; Value = "CurrentFootprint"; VariantName = "RS422_to_3V3"
Change component parameters (AddParameter): Name = "Parameter1"; Value = "V"; VariantName = "RS422_to_3V3"
Change component parameters (AddParameter): Name = "Parameter1Desc"; Value = "Package Method"; VariantName = "RS422_to_3V3"
Change component parameters (AddParameter): Name = "Parameter2"; Value = "F"; VariantName = "RS422_to_3V3"
Change component parameters (AddParameter): Name = "Parameter2Desc"; Value = "Tolerance Symbol"; VariantName = "RS422_to_3V3"
Change component parameters (AddParameter): Name = "Parameter3"; Value = ""; VariantName = "RS422_to_3V3"
Change component parameters (AddParameter): Name = "Parameter3Desc"; Value = ""; VariantName = "RS422_to_3V3"
Change component parameters (AddParameter): Name = "Supplier1"; Value = "https://de.farnell.com/w/search?qualifizierungsstandard-der-automobilindustrie=aec-q200&range=inc-in-stock&st=erju"; VariantName = "RS422_to_3V3"
Change component parameters (AddParameter): Name = "Value"; Value = "?"; VariantName = "RS422_to_3V3"
Change component parameters: Designator = "R8C"; Footprint = "RESC1608X55X30NL15T15"; UniqueID = "\REEOQYYS\LOSHMCEA\3DEFTBZMN\IBUSNIEJ"
Change component parameters. Clean all parameters for all variants
Change component parameters (AddParameter): Name = "ComponentLink1Description"; Value = "Datasheet"; VariantName = "[No Variations]"
Change component parameters (AddParameter): Name = "ComponentLink1URL"; Value = "https://www.mouser.de/datasheet/2/315/AOA0000C334-1314047.pdf"; VariantName = "[No Variations]"
Change component parameters (AddParameter): Name = "Created"; Value = "2019-12-08_Thilo_Wendt"; VariantName = "[No Variations]"
Change component parameters (AddParameter): Name = "HelpURL"; Value = "https://www.mouser.de/datasheet/2/315/AOA0000C334-1314047.pdf"; VariantName = "[No Variations]"
Change component parameters (AddParameter): Name = "MaxVoltage"; Value = "100"; VariantName = "[No Variations]"
Change component parameters (AddParameter): Name = "MF"; Value = "Panasonic"; VariantName = "[No Variations]"
Change component parameters (AddParameter): Name = "MPN"; Value = "ERJU<pkg><tol><val><pkg_meth>"; VariantName = "[No Variations]"
Change component parameters (AddParameter): Name = "Package"; Value = "CurrentFootprint"; VariantName = "[No Variations]"
Change component parameters (AddParameter): Name = "Parameter1"; Value = "V"; VariantName = "[No Variations]"
Change component parameters (AddParameter): Name = "Parameter1Desc"; Value = "Package Method"; VariantName = "[No Variations]"
Change component parameters (AddParameter): Name = "Parameter2"; Value = "F"; VariantName = "[No Variations]"
Change component parameters (AddParameter): Name = "Parameter2Desc"; Value = "Tolerance Symbol"; VariantName = "[No Variations]"
Change component parameters (AddParameter): Name = "Parameter3"; Value = ""; VariantName = "[No Variations]"
Change component parameters (AddParameter): Name = "Parameter3Desc"; Value = ""; VariantName = "[No Variations]"
Change component parameters (AddParameter): Name = "Supplier1"; Value = "https://de.farnell.com/w/search?qualifizierungsstandard-der-automobilindustrie=aec-q200&range=inc-in-stock&st=erju"; VariantName = "[No Variations]"
Change component parameters (AddParameter): Name = "Value"; Value = "?"; VariantName = "[No Variations]"
Change component parameters (AddParameter): Name = "ComponentLink1Description"; Value = "Datasheet"; VariantName = "3V3_to_15V"
Change component parameters (AddParameter): Name = "ComponentLink1URL"; Value = "https://www.mouser.de/datasheet/2/315/AOA0000C334-1314047.pdf"; VariantName = "3V3_to_15V"
Change component parameters (AddParameter): Name = "Created"; Value = "2019-12-08_Thilo_Wendt"; VariantName = "3V3_to_15V"
Change component parameters (AddParameter): Name = "HelpURL"; Value = "https://www.mouser.de/datasheet/2/315/AOA0000C334-1314047.pdf"; VariantName = "3V3_to_15V"
Change component parameters (AddParameter): Name = "MaxVoltage"; Value = "100"; VariantName = "3V3_to_15V"
Change component parameters (AddParameter): Name = "MF"; Value = "Panasonic"; VariantName = "3V3_to_15V"
Change component parameters (AddParameter): Name = "MPN"; Value = "ERJU<pkg><tol><val><pkg_meth>"; VariantName = "3V3_to_15V"
Change component parameters (AddParameter): Name = "Package"; Value = "CurrentFootprint"; VariantName = "3V3_to_15V"
Change component parameters (AddParameter): Name = "Parameter1"; Value = "V"; VariantName = "3V3_to_15V"
Change component parameters (AddParameter): Name = "Parameter1Desc"; Value = "Package Method"; VariantName = "3V3_to_15V"
Change component parameters (AddParameter): Name = "Parameter2"; Value = "F"; VariantName = "3V3_to_15V"
Change component parameters (AddParameter): Name = "Parameter2Desc"; Value = "Tolerance Symbol"; VariantName = "3V3_to_15V"
Change component parameters (AddParameter): Name = "Parameter3"; Value = ""; VariantName = "3V3_to_15V"
Change component parameters (AddParameter): Name = "Parameter3Desc"; Value = ""; VariantName = "3V3_to_15V"
Change component parameters (AddParameter): Name = "Supplier1"; Value = "https://de.farnell.com/w/search?qualifizierungsstandard-der-automobilindustrie=aec-q200&range=inc-in-stock&st=erju"; VariantName = "3V3_to_15V"
Change component parameters (AddParameter): Name = "Value"; Value = "?"; VariantName = "3V3_to_15V"
Change component parameters (AddParameter): Name = "ComponentLink1Description"; Value = "Datasheet"; VariantName = "3V3_to_RS422"
Change component parameters (AddParameter): Name = "ComponentLink1URL"; Value = "https://www.mouser.de/datasheet/2/315/AOA0000C334-1314047.pdf"; VariantName = "3V3_to_RS422"
Change component parameters (AddParameter): Name = "Created"; Value = "2019-12-08_Thilo_Wendt"; VariantName = "3V3_to_RS422"
Change component parameters (AddParameter): Name = "HelpURL"; Value = "https://www.mouser.de/datasheet/2/315/AOA0000C334-1314047.pdf"; VariantName = "3V3_to_RS422"
Change component parameters (AddParameter): Name = "MaxVoltage"; Value = "100"; VariantName = "3V3_to_RS422"
Change component parameters (AddParameter): Name = "MF"; Value = "Panasonic"; VariantName = "3V3_to_RS422"
Change component parameters (AddParameter): Name = "MPN"; Value = "ERJU<pkg><tol><val><pkg_meth>"; VariantName = "3V3_to_RS422"
Change component parameters (AddParameter): Name = "Package"; Value = "CurrentFootprint"; VariantName = "3V3_to_RS422"
Change component parameters (AddParameter): Name = "Parameter1"; Value = "V"; VariantName = "3V3_to_RS422"
Change component parameters (AddParameter): Name = "Parameter1Desc"; Value = "Package Method"; VariantName = "3V3_to_RS422"
Change component parameters (AddParameter): Name = "Parameter2"; Value = "F"; VariantName = "3V3_to_RS422"
Change component parameters (AddParameter): Name = "Parameter2Desc"; Value = "Tolerance Symbol"; VariantName = "3V3_to_RS422"
Change component parameters (AddParameter): Name = "Parameter3"; Value = ""; VariantName = "3V3_to_RS422"
Change component parameters (AddParameter): Name = "Parameter3Desc"; Value = ""; VariantName = "3V3_to_RS422"
Change component parameters (AddParameter): Name = "Supplier1"; Value = "https://de.farnell.com/w/search?qualifizierungsstandard-der-automobilindustrie=aec-q200&range=inc-in-stock&st=erju"; VariantName = "3V3_to_RS422"
Change component parameters (AddParameter): Name = "Value"; Value = "?"; VariantName = "3V3_to_RS422"
Change component parameters (AddParameter): Name = "ComponentLink1Description"; Value = "Datasheet"; VariantName = "RS422_to_3V3"
Change component parameters (AddParameter): Name = "ComponentLink1URL"; Value = "https://www.mouser.de/datasheet/2/315/AOA0000C334-1314047.pdf"; VariantName = "RS422_to_3V3"
Change component parameters (AddParameter): Name = "Created"; Value = "2019-12-08_Thilo_Wendt"; VariantName = "RS422_to_3V3"
Change component parameters (AddParameter): Name = "HelpURL"; Value = "https://www.mouser.de/datasheet/2/315/AOA0000C334-1314047.pdf"; VariantName = "RS422_to_3V3"
Change component parameters (AddParameter): Name = "MaxVoltage"; Value = "100"; VariantName = "RS422_to_3V3"
Change component parameters (AddParameter): Name = "MF"; Value = "Panasonic"; VariantName = "RS422_to_3V3"
Change component parameters (AddParameter): Name = "MPN"; Value = "ERJU<pkg><tol><val><pkg_meth>"; VariantName = "RS422_to_3V3"
Change component parameters (AddParameter): Name = "Package"; Value = "CurrentFootprint"; VariantName = "RS422_to_3V3"
Change component parameters (AddParameter): Name = "Parameter1"; Value = "V"; VariantName = "RS422_to_3V3"
Change component parameters (AddParameter): Name = "Parameter1Desc"; Value = "Package Method"; VariantName = "RS422_to_3V3"
Change component parameters (AddParameter): Name = "Parameter2"; Value = "F"; VariantName = "RS422_to_3V3"
Change component parameters (AddParameter): Name = "Parameter2Desc"; Value = "Tolerance Symbol"; VariantName = "RS422_to_3V3"
Change component parameters (AddParameter): Name = "Parameter3"; Value = ""; VariantName = "RS422_to_3V3"
Change component parameters (AddParameter): Name = "Parameter3Desc"; Value = ""; VariantName = "RS422_to_3V3"
Change component parameters (AddParameter): Name = "Supplier1"; Value = "https://de.farnell.com/w/search?qualifizierungsstandard-der-automobilindustrie=aec-q200&range=inc-in-stock&st=erju"; VariantName = "RS422_to_3V3"
Change component parameters (AddParameter): Name = "Value"; Value = "?"; VariantName = "RS422_to_3V3"
Change component parameters: Designator = "R8D"; Footprint = "RESC1608X55X30NL15T15"; UniqueID = "\REEOQYYS\LOSHMCEA\4DEFTBZMN\IBUSNIEJ"
Change component parameters. Clean all parameters for all variants
Change component parameters (AddParameter): Name = "ComponentLink1Description"; Value = "Datasheet"; VariantName = "[No Variations]"
Change component parameters (AddParameter): Name = "ComponentLink1URL"; Value = "https://www.mouser.de/datasheet/2/315/AOA0000C334-1314047.pdf"; VariantName = "[No Variations]"
Change component parameters (AddParameter): Name = "Created"; Value = "2019-12-08_Thilo_Wendt"; VariantName = "[No Variations]"
Change component parameters (AddParameter): Name = "HelpURL"; Value = "https://www.mouser.de/datasheet/2/315/AOA0000C334-1314047.pdf"; VariantName = "[No Variations]"
Change component parameters (AddParameter): Name = "MaxVoltage"; Value = "100"; VariantName = "[No Variations]"
Change component parameters (AddParameter): Name = "MF"; Value = "Panasonic"; VariantName = "[No Variations]"
Change component parameters (AddParameter): Name = "MPN"; Value = "ERJU<pkg><tol><val><pkg_meth>"; VariantName = "[No Variations]"
Change component parameters (AddParameter): Name = "Package"; Value = "CurrentFootprint"; VariantName = "[No Variations]"
Change component parameters (AddParameter): Name = "Parameter1"; Value = "V"; VariantName = "[No Variations]"
Change component parameters (AddParameter): Name = "Parameter1Desc"; Value = "Package Method"; VariantName = "[No Variations]"
Change component parameters (AddParameter): Name = "Parameter2"; Value = "F"; VariantName = "[No Variations]"
Change component parameters (AddParameter): Name = "Parameter2Desc"; Value = "Tolerance Symbol"; VariantName = "[No Variations]"
Change component parameters (AddParameter): Name = "Parameter3"; Value = ""; VariantName = "[No Variations]"
Change component parameters (AddParameter): Name = "Parameter3Desc"; Value = ""; VariantName = "[No Variations]"
Change component parameters (AddParameter): Name = "Supplier1"; Value = "https://de.farnell.com/w/search?qualifizierungsstandard-der-automobilindustrie=aec-q200&range=inc-in-stock&st=erju"; VariantName = "[No Variations]"
Change component parameters (AddParameter): Name = "Value"; Value = "?"; VariantName = "[No Variations]"
Change component parameters (AddParameter): Name = "ComponentLink1Description"; Value = "Datasheet"; VariantName = "3V3_to_15V"
Change component parameters (AddParameter): Name = "ComponentLink1URL"; Value = "https://www.mouser.de/datasheet/2/315/AOA0000C334-1314047.pdf"; VariantName = "3V3_to_15V"
Change component parameters (AddParameter): Name = "Created"; Value = "2019-12-08_Thilo_Wendt"; VariantName = "3V3_to_15V"
Change component parameters (AddParameter): Name = "HelpURL"; Value = "https://www.mouser.de/datasheet/2/315/AOA0000C334-1314047.pdf"; VariantName = "3V3_to_15V"
Change component parameters (AddParameter): Name = "MaxVoltage"; Value = "100"; VariantName = "3V3_to_15V"
Change component parameters (AddParameter): Name = "MF"; Value = "Panasonic"; VariantName = "3V3_to_15V"
Change component parameters (AddParameter): Name = "MPN"; Value = "ERJU<pkg><tol><val><pkg_meth>"; VariantName = "3V3_to_15V"
Change component parameters (AddParameter): Name = "Package"; Value = "CurrentFootprint"; VariantName = "3V3_to_15V"
Change component parameters (AddParameter): Name = "Parameter1"; Value = "V"; VariantName = "3V3_to_15V"
Change component parameters (AddParameter): Name = "Parameter1Desc"; Value = "Package Method"; VariantName = "3V3_to_15V"
Change component parameters (AddParameter): Name = "Parameter2"; Value = "F"; VariantName = "3V3_to_15V"
Change component parameters (AddParameter): Name = "Parameter2Desc"; Value = "Tolerance Symbol"; VariantName = "3V3_to_15V"
Change component parameters (AddParameter): Name = "Parameter3"; Value = ""; VariantName = "3V3_to_15V"
Change component parameters (AddParameter): Name = "Parameter3Desc"; Value = ""; VariantName = "3V3_to_15V"
Change component parameters (AddParameter): Name = "Supplier1"; Value = "https://de.farnell.com/w/search?qualifizierungsstandard-der-automobilindustrie=aec-q200&range=inc-in-stock&st=erju"; VariantName = "3V3_to_15V"
Change component parameters (AddParameter): Name = "Value"; Value = "?"; VariantName = "3V3_to_15V"
Change component parameters (AddParameter): Name = "ComponentLink1Description"; Value = "Datasheet"; VariantName = "3V3_to_RS422"
Change component parameters (AddParameter): Name = "ComponentLink1URL"; Value = "https://www.mouser.de/datasheet/2/315/AOA0000C334-1314047.pdf"; VariantName = "3V3_to_RS422"
Change component parameters (AddParameter): Name = "Created"; Value = "2019-12-08_Thilo_Wendt"; VariantName = "3V3_to_RS422"
Change component parameters (AddParameter): Name = "HelpURL"; Value = "https://www.mouser.de/datasheet/2/315/AOA0000C334-1314047.pdf"; VariantName = "3V3_to_RS422"
Change component parameters (AddParameter): Name = "MaxVoltage"; Value = "100"; VariantName = "3V3_to_RS422"
Change component parameters (AddParameter): Name = "MF"; Value = "Panasonic"; VariantName = "3V3_to_RS422"
Change component parameters (AddParameter): Name = "MPN"; Value = "ERJU<pkg><tol><val><pkg_meth>"; VariantName = "3V3_to_RS422"
Change component parameters (AddParameter): Name = "Package"; Value = "CurrentFootprint"; VariantName = "3V3_to_RS422"
Change component parameters (AddParameter): Name = "Parameter1"; Value = "V"; VariantName = "3V3_to_RS422"
Change component parameters (AddParameter): Name = "Parameter1Desc"; Value = "Package Method"; VariantName = "3V3_to_RS422"
Change component parameters (AddParameter): Name = "Parameter2"; Value = "F"; VariantName = "3V3_to_RS422"
Change component parameters (AddParameter): Name = "Parameter2Desc"; Value = "Tolerance Symbol"; VariantName = "3V3_to_RS422"
Change component parameters (AddParameter): Name = "Parameter3"; Value = ""; VariantName = "3V3_to_RS422"
Change component parameters (AddParameter): Name = "Parameter3Desc"; Value = ""; VariantName = "3V3_to_RS422"
Change component parameters (AddParameter): Name = "Supplier1"; Value = "https://de.farnell.com/w/search?qualifizierungsstandard-der-automobilindustrie=aec-q200&range=inc-in-stock&st=erju"; VariantName = "3V3_to_RS422"
Change component parameters (AddParameter): Name = "Value"; Value = "?"; VariantName = "3V3_to_RS422"
Change component parameters (AddParameter): Name = "ComponentLink1Description"; Value = "Datasheet"; VariantName = "RS422_to_3V3"
Change component parameters (AddParameter): Name = "ComponentLink1URL"; Value = "https://www.mouser.de/datasheet/2/315/AOA0000C334-1314047.pdf"; VariantName = "RS422_to_3V3"
Change component parameters (AddParameter): Name = "Created"; Value = "2019-12-08_Thilo_Wendt"; VariantName = "RS422_to_3V3"
Change component parameters (AddParameter): Name = "HelpURL"; Value = "https://www.mouser.de/datasheet/2/315/AOA0000C334-1314047.pdf"; VariantName = "RS422_to_3V3"
Change component parameters (AddParameter): Name = "MaxVoltage"; Value = "100"; VariantName = "RS422_to_3V3"
Change component parameters (AddParameter): Name = "MF"; Value = "Panasonic"; VariantName = "RS422_to_3V3"
Change component parameters (AddParameter): Name = "MPN"; Value = "ERJU<pkg><tol><val><pkg_meth>"; VariantName = "RS422_to_3V3"
Change component parameters (AddParameter): Name = "Package"; Value = "CurrentFootprint"; VariantName = "RS422_to_3V3"
Change component parameters (AddParameter): Name = "Parameter1"; Value = "V"; VariantName = "RS422_to_3V3"
Change component parameters (AddParameter): Name = "Parameter1Desc"; Value = "Package Method"; VariantName = "RS422_to_3V3"
Change component parameters (AddParameter): Name = "Parameter2"; Value = "F"; VariantName = "RS422_to_3V3"
Change component parameters (AddParameter): Name = "Parameter2Desc"; Value = "Tolerance Symbol"; VariantName = "RS422_to_3V3"
Change component parameters (AddParameter): Name = "Parameter3"; Value = ""; VariantName = "RS422_to_3V3"
Change component parameters (AddParameter): Name = "Parameter3Desc"; Value = ""; VariantName = "RS422_to_3V3"
Change component parameters (AddParameter): Name = "Supplier1"; Value = "https://de.farnell.com/w/search?qualifizierungsstandard-der-automobilindustrie=aec-q200&range=inc-in-stock&st=erju"; VariantName = "RS422_to_3V3"
Change component parameters (AddParameter): Name = "Value"; Value = "?"; VariantName = "RS422_to_3V3"
Change component parameters: Designator = "R8E"; Footprint = "RESC1608X55X30NL15T15"; UniqueID = "\REEOQYYS\LOSHMCEA\5DEFTBZMN\IBUSNIEJ"
Change component parameters. Clean all parameters for all variants
Change component parameters (AddParameter): Name = "ComponentLink1Description"; Value = "Datasheet"; VariantName = "[No Variations]"
Change component parameters (AddParameter): Name = "ComponentLink1URL"; Value = "https://www.mouser.de/datasheet/2/315/AOA0000C334-1314047.pdf"; VariantName = "[No Variations]"
Change component parameters (AddParameter): Name = "Created"; Value = "2019-12-08_Thilo_Wendt"; VariantName = "[No Variations]"
Change component parameters (AddParameter): Name = "HelpURL"; Value = "https://www.mouser.de/datasheet/2/315/AOA0000C334-1314047.pdf"; VariantName = "[No Variations]"
Change component parameters (AddParameter): Name = "MaxVoltage"; Value = "100"; VariantName = "[No Variations]"
Change component parameters (AddParameter): Name = "MF"; Value = "Panasonic"; VariantName = "[No Variations]"
Change component parameters (AddParameter): Name = "MPN"; Value = "ERJU<pkg><tol><val><pkg_meth>"; VariantName = "[No Variations]"
Change component parameters (AddParameter): Name = "Package"; Value = "CurrentFootprint"; VariantName = "[No Variations]"
Change component parameters (AddParameter): Name = "Parameter1"; Value = "V"; VariantName = "[No Variations]"
Change component parameters (AddParameter): Name = "Parameter1Desc"; Value = "Package Method"; VariantName = "[No Variations]"
Change component parameters (AddParameter): Name = "Parameter2"; Value = "F"; VariantName = "[No Variations]"
Change component parameters (AddParameter): Name = "Parameter2Desc"; Value = "Tolerance Symbol"; VariantName = "[No Variations]"
Change component parameters (AddParameter): Name = "Parameter3"; Value = ""; VariantName = "[No Variations]"
Change component parameters (AddParameter): Name = "Parameter3Desc"; Value = ""; VariantName = "[No Variations]"
Change component parameters (AddParameter): Name = "Supplier1"; Value = "https://de.farnell.com/w/search?qualifizierungsstandard-der-automobilindustrie=aec-q200&range=inc-in-stock&st=erju"; VariantName = "[No Variations]"
Change component parameters (AddParameter): Name = "Value"; Value = "?"; VariantName = "[No Variations]"
Change component parameters (AddParameter): Name = "ComponentLink1Description"; Value = "Datasheet"; VariantName = "3V3_to_15V"
Change component parameters (AddParameter): Name = "ComponentLink1URL"; Value = "https://www.mouser.de/datasheet/2/315/AOA0000C334-1314047.pdf"; VariantName = "3V3_to_15V"
Change component parameters (AddParameter): Name = "Created"; Value = "2019-12-08_Thilo_Wendt"; VariantName = "3V3_to_15V"
Change component parameters (AddParameter): Name = "HelpURL"; Value = "https://www.mouser.de/datasheet/2/315/AOA0000C334-1314047.pdf"; VariantName = "3V3_to_15V"
Change component parameters (AddParameter): Name = "MaxVoltage"; Value = "100"; VariantName = "3V3_to_15V"
Change component parameters (AddParameter): Name = "MF"; Value = "Panasonic"; VariantName = "3V3_to_15V"
Change component parameters (AddParameter): Name = "MPN"; Value = "ERJU<pkg><tol><val><pkg_meth>"; VariantName = "3V3_to_15V"
Change component parameters (AddParameter): Name = "Package"; Value = "CurrentFootprint"; VariantName = "3V3_to_15V"
Change component parameters (AddParameter): Name = "Parameter1"; Value = "V"; VariantName = "3V3_to_15V"
Change component parameters (AddParameter): Name = "Parameter1Desc"; Value = "Package Method"; VariantName = "3V3_to_15V"
Change component parameters (AddParameter): Name = "Parameter2"; Value = "F"; VariantName = "3V3_to_15V"
Change component parameters (AddParameter): Name = "Parameter2Desc"; Value = "Tolerance Symbol"; VariantName = "3V3_to_15V"
Change component parameters (AddParameter): Name = "Parameter3"; Value = ""; VariantName = "3V3_to_15V"
Change component parameters (AddParameter): Name = "Parameter3Desc"; Value = ""; VariantName = "3V3_to_15V"
Change component parameters (AddParameter): Name = "Supplier1"; Value = "https://de.farnell.com/w/search?qualifizierungsstandard-der-automobilindustrie=aec-q200&range=inc-in-stock&st=erju"; VariantName = "3V3_to_15V"
Change component parameters (AddParameter): Name = "Value"; Value = "?"; VariantName = "3V3_to_15V"
Change component parameters (AddParameter): Name = "ComponentLink1Description"; Value = "Datasheet"; VariantName = "3V3_to_RS422"
Change component parameters (AddParameter): Name = "ComponentLink1URL"; Value = "https://www.mouser.de/datasheet/2/315/AOA0000C334-1314047.pdf"; VariantName = "3V3_to_RS422"
Change component parameters (AddParameter): Name = "Created"; Value = "2019-12-08_Thilo_Wendt"; VariantName = "3V3_to_RS422"
Change component parameters (AddParameter): Name = "HelpURL"; Value = "https://www.mouser.de/datasheet/2/315/AOA0000C334-1314047.pdf"; VariantName = "3V3_to_RS422"
Change component parameters (AddParameter): Name = "MaxVoltage"; Value = "100"; VariantName = "3V3_to_RS422"
Change component parameters (AddParameter): Name = "MF"; Value = "Panasonic"; VariantName = "3V3_to_RS422"
Change component parameters (AddParameter): Name = "MPN"; Value = "ERJU<pkg><tol><val><pkg_meth>"; VariantName = "3V3_to_RS422"
Change component parameters (AddParameter): Name = "Package"; Value = "CurrentFootprint"; VariantName = "3V3_to_RS422"
Change component parameters (AddParameter): Name = "Parameter1"; Value = "V"; VariantName = "3V3_to_RS422"
Change component parameters (AddParameter): Name = "Parameter1Desc"; Value = "Package Method"; VariantName = "3V3_to_RS422"
Change component parameters (AddParameter): Name = "Parameter2"; Value = "F"; VariantName = "3V3_to_RS422"
Change component parameters (AddParameter): Name = "Parameter2Desc"; Value = "Tolerance Symbol"; VariantName = "3V3_to_RS422"
Change component parameters (AddParameter): Name = "Parameter3"; Value = ""; VariantName = "3V3_to_RS422"
Change component parameters (AddParameter): Name = "Parameter3Desc"; Value = ""; VariantName = "3V3_to_RS422"
Change component parameters (AddParameter): Name = "Supplier1"; Value = "https://de.farnell.com/w/search?qualifizierungsstandard-der-automobilindustrie=aec-q200&range=inc-in-stock&st=erju"; VariantName = "3V3_to_RS422"
Change component parameters (AddParameter): Name = "Value"; Value = "?"; VariantName = "3V3_to_RS422"
Change component parameters (AddParameter): Name = "ComponentLink1Description"; Value = "Datasheet"; VariantName = "RS422_to_3V3"
Change component parameters (AddParameter): Name = "ComponentLink1URL"; Value = "https://www.mouser.de/datasheet/2/315/AOA0000C334-1314047.pdf"; VariantName = "RS422_to_3V3"
Change component parameters (AddParameter): Name = "Created"; Value = "2019-12-08_Thilo_Wendt"; VariantName = "RS422_to_3V3"
Change component parameters (AddParameter): Name = "HelpURL"; Value = "https://www.mouser.de/datasheet/2/315/AOA0000C334-1314047.pdf"; VariantName = "RS422_to_3V3"
Change component parameters (AddParameter): Name = "MaxVoltage"; Value = "100"; VariantName = "RS422_to_3V3"
Change component parameters (AddParameter): Name = "MF"; Value = "Panasonic"; VariantName = "RS422_to_3V3"
Change component parameters (AddParameter): Name = "MPN"; Value = "ERJU<pkg><tol><val><pkg_meth>"; VariantName = "RS422_to_3V3"
Change component parameters (AddParameter): Name = "Package"; Value = "CurrentFootprint"; VariantName = "RS422_to_3V3"
Change component parameters (AddParameter): Name = "Parameter1"; Value = "V"; VariantName = "RS422_to_3V3"
Change component parameters (AddParameter): Name = "Parameter1Desc"; Value = "Package Method"; VariantName = "RS422_to_3V3"
Change component parameters (AddParameter): Name = "Parameter2"; Value = "F"; VariantName = "RS422_to_3V3"
Change component parameters (AddParameter): Name = "Parameter2Desc"; Value = "Tolerance Symbol"; VariantName = "RS422_to_3V3"
Change component parameters (AddParameter): Name = "Parameter3"; Value = ""; VariantName = "RS422_to_3V3"
Change component parameters (AddParameter): Name = "Parameter3Desc"; Value = ""; VariantName = "RS422_to_3V3"
Change component parameters (AddParameter): Name = "Supplier1"; Value = "https://de.farnell.com/w/search?qualifizierungsstandard-der-automobilindustrie=aec-q200&range=inc-in-stock&st=erju"; VariantName = "RS422_to_3V3"
Change component parameters (AddParameter): Name = "Value"; Value = "?"; VariantName = "RS422_to_3V3"
Change component parameters: Designator = "R9"; Footprint = "RESC1608X55X30NL15T15"; UniqueID = "\GEIJMUXU\HCHBUUDC"
Change component parameters. Clean all parameters for all variants
Change component parameters (AddParameter): Name = "ComponentLink1Description"; Value = "Datasheet"; VariantName = "[No Variations]"
Change component parameters (AddParameter): Name = "ComponentLink1URL"; Value = "https://www.mouser.de/datasheet/2/315/AOA0000C334-1314047.pdf"; VariantName = "[No Variations]"
Change component parameters (AddParameter): Name = "Created"; Value = "2019-12-08_Thilo_Wendt"; VariantName = "[No Variations]"
Change component parameters (AddParameter): Name = "HelpURL"; Value = "https://www.mouser.de/datasheet/2/315/AOA0000C334-1314047.pdf"; VariantName = "[No Variations]"
Change component parameters (AddParameter): Name = "MaxVoltage"; Value = "100"; VariantName = "[No Variations]"
Change component parameters (AddParameter): Name = "MF"; Value = "Panasonic"; VariantName = "[No Variations]"
Change component parameters (AddParameter): Name = "MPN"; Value = "ERJU<pkg><tol><val><pkg_meth>"; VariantName = "[No Variations]"
Change component parameters (AddParameter): Name = "Package"; Value = "CurrentFootprint"; VariantName = "[No Variations]"
Change component parameters (AddParameter): Name = "Parameter1"; Value = "V"; VariantName = "[No Variations]"
Change component parameters (AddParameter): Name = "Parameter1Desc"; Value = "Package Method"; VariantName = "[No Variations]"
Change component parameters (AddParameter): Name = "Parameter2"; Value = "F"; VariantName = "[No Variations]"
Change component parameters (AddParameter): Name = "Parameter2Desc"; Value = "Tolerance Symbol"; VariantName = "[No Variations]"
Change component parameters (AddParameter): Name = "Parameter3"; Value = ""; VariantName = "[No Variations]"
Change component parameters (AddParameter): Name = "Parameter3Desc"; Value = ""; VariantName = "[No Variations]"
Change component parameters (AddParameter): Name = "Supplier1"; Value = "https://de.farnell.com/w/search?qualifizierungsstandard-der-automobilindustrie=aec-q200&range=inc-in-stock&st=erju"; VariantName = "[No Variations]"
Change component parameters (AddParameter): Name = "Value"; Value = "?"; VariantName = "[No Variations]"
Change component parameters: Designator = "R10"; Footprint = "RESC1608X55X30NL15T15"; UniqueID = "\GEIJMUXU\YJEMIYYI"
Change component parameters. Clean all parameters for all variants
Change component parameters (AddParameter): Name = "ComponentLink1Description"; Value = "Datasheet"; VariantName = "[No Variations]"
Change component parameters (AddParameter): Name = "ComponentLink1URL"; Value = "https://www.mouser.de/datasheet/2/315/AOA0000C334-1314047.pdf"; VariantName = "[No Variations]"
Change component parameters (AddParameter): Name = "Created"; Value = "2019-12-08_Thilo_Wendt"; VariantName = "[No Variations]"
Change component parameters (AddParameter): Name = "HelpURL"; Value = "https://www.mouser.de/datasheet/2/315/AOA0000C334-1314047.pdf"; VariantName = "[No Variations]"
Change component parameters (AddParameter): Name = "MaxVoltage"; Value = "100"; VariantName = "[No Variations]"
Change component parameters (AddParameter): Name = "MF"; Value = "Panasonic"; VariantName = "[No Variations]"
Change component parameters (AddParameter): Name = "MPN"; Value = "ERJU<pkg><tol><val><pkg_meth>"; VariantName = "[No Variations]"
Change component parameters (AddParameter): Name = "Package"; Value = "CurrentFootprint"; VariantName = "[No Variations]"
Change component parameters (AddParameter): Name = "Parameter1"; Value = "V"; VariantName = "[No Variations]"
Change component parameters (AddParameter): Name = "Parameter1Desc"; Value = "Package Method"; VariantName = "[No Variations]"
Change component parameters (AddParameter): Name = "Parameter2"; Value = "F"; VariantName = "[No Variations]"
Change component parameters (AddParameter): Name = "Parameter2Desc"; Value = "Tolerance Symbol"; VariantName = "[No Variations]"
Change component parameters (AddParameter): Name = "Parameter3"; Value = ""; VariantName = "[No Variations]"
Change component parameters (AddParameter): Name = "Parameter3Desc"; Value = ""; VariantName = "[No Variations]"
Change component parameters (AddParameter): Name = "Supplier1"; Value = "https://de.farnell.com/w/search?qualifizierungsstandard-der-automobilindustrie=aec-q200&range=inc-in-stock&st=erju"; VariantName = "[No Variations]"
Change component parameters (AddParameter): Name = "Value"; Value = "?"; VariantName = "[No Variations]"
Change component parameters: Designator = "R11"; Footprint = "RESC1608X55X30NL15T15"; UniqueID = "\GEIJMUXU\MLJSYHOW"
Change component parameters. Clean all parameters for all variants
Change component parameters (AddParameter): Name = "ComponentLink1Description"; Value = "Datasheet"; VariantName = "[No Variations]"
Change component parameters (AddParameter): Name = "ComponentLink1URL"; Value = "https://www.mouser.de/datasheet/2/315/AOA0000C334-1314047.pdf"; VariantName = "[No Variations]"
Change component parameters (AddParameter): Name = "Created"; Value = "2019-12-08_Thilo_Wendt"; VariantName = "[No Variations]"
Change component parameters (AddParameter): Name = "HelpURL"; Value = "https://www.mouser.de/datasheet/2/315/AOA0000C334-1314047.pdf"; VariantName = "[No Variations]"
Change component parameters (AddParameter): Name = "MaxVoltage"; Value = "100"; VariantName = "[No Variations]"
Change component parameters (AddParameter): Name = "MF"; Value = "Panasonic"; VariantName = "[No Variations]"
Change component parameters (AddParameter): Name = "MPN"; Value = "ERJU<pkg><tol><val><pkg_meth>"; VariantName = "[No Variations]"
Change component parameters (AddParameter): Name = "Package"; Value = "CurrentFootprint"; VariantName = "[No Variations]"
Change component parameters (AddParameter): Name = "Parameter1"; Value = "V"; VariantName = "[No Variations]"
Change component parameters (AddParameter): Name = "Parameter1Desc"; Value = "Package Method"; VariantName = "[No Variations]"
Change component parameters (AddParameter): Name = "Parameter2"; Value = "F"; VariantName = "[No Variations]"
Change component parameters (AddParameter): Name = "Parameter2Desc"; Value = "Tolerance Symbol"; VariantName = "[No Variations]"
Change component parameters (AddParameter): Name = "Parameter3"; Value = ""; VariantName = "[No Variations]"
Change component parameters (AddParameter): Name = "Parameter3Desc"; Value = ""; VariantName = "[No Variations]"
Change component parameters (AddParameter): Name = "Supplier1"; Value = "https://de.farnell.com/w/search?qualifizierungsstandard-der-automobilindustrie=aec-q200&range=inc-in-stock&st=erju"; VariantName = "[No Variations]"
Change component parameters (AddParameter): Name = "Value"; Value = "?"; VariantName = "[No Variations]"
Change component parameters: Designator = "R12"; Footprint = "RESC1608X55X30NL15T15"; UniqueID = "\GEIJMUXU\KUCMFYGW"
Change component parameters. Clean all parameters for all variants
Change component parameters (AddParameter): Name = "ComponentLink1Description"; Value = "Datasheet"; VariantName = "[No Variations]"
Change component parameters (AddParameter): Name = "ComponentLink1URL"; Value = "https://www.mouser.de/datasheet/2/315/AOA0000C334-1314047.pdf"; VariantName = "[No Variations]"
Change component parameters (AddParameter): Name = "Created"; Value = "2019-12-08_Thilo_Wendt"; VariantName = "[No Variations]"
Change component parameters (AddParameter): Name = "HelpURL"; Value = "https://www.mouser.de/datasheet/2/315/AOA0000C334-1314047.pdf"; VariantName = "[No Variations]"
Change component parameters (AddParameter): Name = "MaxVoltage"; Value = "100"; VariantName = "[No Variations]"
Change component parameters (AddParameter): Name = "MF"; Value = "Panasonic"; VariantName = "[No Variations]"
Change component parameters (AddParameter): Name = "MPN"; Value = "ERJU<pkg><tol><val><pkg_meth>"; VariantName = "[No Variations]"
Change component parameters (AddParameter): Name = "Package"; Value = "CurrentFootprint"; VariantName = "[No Variations]"
Change component parameters (AddParameter): Name = "Parameter1"; Value = "V"; VariantName = "[No Variations]"
Change component parameters (AddParameter): Name = "Parameter1Desc"; Value = "Package Method"; VariantName = "[No Variations]"
Change component parameters (AddParameter): Name = "Parameter2"; Value = "F"; VariantName = "[No Variations]"
Change component parameters (AddParameter): Name = "Parameter2Desc"; Value = "Tolerance Symbol"; VariantName = "[No Variations]"
Change component parameters (AddParameter): Name = "Parameter3"; Value = ""; VariantName = "[No Variations]"
Change component parameters (AddParameter): Name = "Parameter3Desc"; Value = ""; VariantName = "[No Variations]"
Change component parameters (AddParameter): Name = "Supplier1"; Value = "https://de.farnell.com/w/search?qualifizierungsstandard-der-automobilindustrie=aec-q200&range=inc-in-stock&st=erju"; VariantName = "[No Variations]"
Change component parameters (AddParameter): Name = "Value"; Value = "?"; VariantName = "[No Variations]"
Change component parameters: Designator = "R13"; Footprint = "RESC1608X55X30NL15T15"; UniqueID = "\GEIJMUXU\FPSNTXEJ"
Change component parameters. Clean all parameters for all variants
Change component parameters (AddParameter): Name = "ComponentLink1Description"; Value = "Datasheet"; VariantName = "[No Variations]"
Change component parameters (AddParameter): Name = "ComponentLink1URL"; Value = "https://www.mouser.de/datasheet/2/315/AOA0000C334-1314047.pdf"; VariantName = "[No Variations]"
Change component parameters (AddParameter): Name = "Created"; Value = "2019-12-08_Thilo_Wendt"; VariantName = "[No Variations]"
Change component parameters (AddParameter): Name = "HelpURL"; Value = "https://www.mouser.de/datasheet/2/315/AOA0000C334-1314047.pdf"; VariantName = "[No Variations]"
Change component parameters (AddParameter): Name = "MaxVoltage"; Value = "100"; VariantName = "[No Variations]"
Change component parameters (AddParameter): Name = "MF"; Value = "Panasonic"; VariantName = "[No Variations]"
Change component parameters (AddParameter): Name = "MPN"; Value = "ERJU<pkg><tol><val><pkg_meth>"; VariantName = "[No Variations]"
Change component parameters (AddParameter): Name = "Package"; Value = "CurrentFootprint"; VariantName = "[No Variations]"
Change component parameters (AddParameter): Name = "Parameter1"; Value = "V"; VariantName = "[No Variations]"
Change component parameters (AddParameter): Name = "Parameter1Desc"; Value = "Package Method"; VariantName = "[No Variations]"
Change component parameters (AddParameter): Name = "Parameter2"; Value = "F"; VariantName = "[No Variations]"
Change component parameters (AddParameter): Name = "Parameter2Desc"; Value = "Tolerance Symbol"; VariantName = "[No Variations]"
Change component parameters (AddParameter): Name = "Parameter3"; Value = ""; VariantName = "[No Variations]"
Change component parameters (AddParameter): Name = "Parameter3Desc"; Value = ""; VariantName = "[No Variations]"
Change component parameters (AddParameter): Name = "Supplier1"; Value = "https://de.farnell.com/w/search?qualifizierungsstandard-der-automobilindustrie=aec-q200&range=inc-in-stock&st=erju"; VariantName = "[No Variations]"
Change component parameters (AddParameter): Name = "Value"; Value = "?"; VariantName = "[No Variations]"
Change component parameters: Designator = "R23"; Footprint = "RESC3216X70X50LL20T25_CONFIG"; UniqueID = "\REEOQYYS\LOSHMCEA\TPCLPYHI"
Change component parameters. Clean all parameters for all variants
Change component parameters (AddParameter): Name = "ComponentLink1Description"; Value = "Datasheet"; VariantName = "[No Variations]"
Change component parameters (AddParameter): Name = "ComponentLink1URL"; Value = "https://www.mouser.de/datasheet/2/315/AOA0000C334-1314047.pdf"; VariantName = "[No Variations]"
Change component parameters (AddParameter): Name = "Created"; Value = "2018_09_04_AGeiger"; VariantName = "[No Variations]"
Change component parameters (AddParameter): Name = "HelpURL"; Value = "https://www.mouser.de/datasheet/2/315/AOA0000C334-1314047.pdf"; VariantName = "[No Variations]"
Change component parameters (AddParameter): Name = "MaxVoltage"; Value = "100"; VariantName = "[No Variations]"
Change component parameters (AddParameter): Name = "MF"; Value = "Panasonic"; VariantName = "[No Variations]"
Change component parameters (AddParameter): Name = "MPN"; Value = "ERJU<pkg><tol><val><pkg_meth>"; VariantName = "[No Variations]"
Change component parameters (AddParameter): Name = "Package"; Value = "CurrentFootprint"; VariantName = "[No Variations]"
Change component parameters (AddParameter): Name = "Parameter1"; Value = "V"; VariantName = "[No Variations]"
Change component parameters (AddParameter): Name = "Parameter1Desc"; Value = "Package Method"; VariantName = "[No Variations]"
Change component parameters (AddParameter): Name = "Parameter2"; Value = "F"; VariantName = "[No Variations]"
Change component parameters (AddParameter): Name = "Parameter2Desc"; Value = "Tolerance Symbol"; VariantName = "[No Variations]"
Change component parameters (AddParameter): Name = "Parameter3"; Value = ""; VariantName = "[No Variations]"
Change component parameters (AddParameter): Name = "Parameter3Desc"; Value = ""; VariantName = "[No Variations]"
Change component parameters (AddParameter): Name = "Supplier1"; Value = "https://de.farnell.com/w/search?qualifizierungsstandard-der-automobilindustrie=aec-q200&range=inc-in-stock&st=erju"; VariantName = "[No Variations]"
Change component parameters (AddParameter): Name = "Value"; Value = "?"; VariantName = "[No Variations]"
Change component parameters (AddParameter): Name = "ComponentLink1Description"; Value = "Datasheet"; VariantName = "3V3_to_3V3"
Change component parameters (AddParameter): Name = "ComponentLink1URL"; Value = "https://www.mouser.de/datasheet/2/315/AOA0000C334-1314047.pdf"; VariantName = "3V3_to_3V3"
Change component parameters (AddParameter): Name = "Created"; Value = "2018_09_04_AGeiger"; VariantName = "3V3_to_3V3"
Change component parameters (AddParameter): Name = "HelpURL"; Value = "https://www.mouser.de/datasheet/2/315/AOA0000C334-1314047.pdf"; VariantName = "3V3_to_3V3"
Change component parameters (AddParameter): Name = "MaxVoltage"; Value = "100"; VariantName = "3V3_to_3V3"
Change component parameters (AddParameter): Name = "MF"; Value = "Panasonic"; VariantName = "3V3_to_3V3"
Change component parameters (AddParameter): Name = "MPN"; Value = "ERJU<pkg><tol><val><pkg_meth>"; VariantName = "3V3_to_3V3"
Change component parameters (AddParameter): Name = "Package"; Value = "CurrentFootprint"; VariantName = "3V3_to_3V3"
Change component parameters (AddParameter): Name = "Parameter1"; Value = "V"; VariantName = "3V3_to_3V3"
Change component parameters (AddParameter): Name = "Parameter1Desc"; Value = "Package Method"; VariantName = "3V3_to_3V3"
Change component parameters (AddParameter): Name = "Parameter2"; Value = "F"; VariantName = "3V3_to_3V3"
Change component parameters (AddParameter): Name = "Parameter2Desc"; Value = "Tolerance Symbol"; VariantName = "3V3_to_3V3"
Change component parameters (AddParameter): Name = "Parameter3"; Value = ""; VariantName = "3V3_to_3V3"
Change component parameters (AddParameter): Name = "Parameter3Desc"; Value = ""; VariantName = "3V3_to_3V3"
Change component parameters (AddParameter): Name = "Supplier1"; Value = "https://de.farnell.com/w/search?qualifizierungsstandard-der-automobilindustrie=aec-q200&range=inc-in-stock&st=erju"; VariantName = "3V3_to_3V3"
Change component parameters (AddParameter): Name = "Value"; Value = "?"; VariantName = "3V3_to_3V3"
Change component parameters (AddParameter): Name = "ComponentLink1Description"; Value = "Datasheet"; VariantName = "3V3_to_RS422"
Change component parameters (AddParameter): Name = "ComponentLink1URL"; Value = "https://www.mouser.de/datasheet/2/315/AOA0000C334-1314047.pdf"; VariantName = "3V3_to_RS422"
Change component parameters (AddParameter): Name = "Created"; Value = "2018_09_04_AGeiger"; VariantName = "3V3_to_RS422"
Change component parameters (AddParameter): Name = "HelpURL"; Value = "https://www.mouser.de/datasheet/2/315/AOA0000C334-1314047.pdf"; VariantName = "3V3_to_RS422"
Change component parameters (AddParameter): Name = "MaxVoltage"; Value = "100"; VariantName = "3V3_to_RS422"
Change component parameters (AddParameter): Name = "MF"; Value = "Panasonic"; VariantName = "3V3_to_RS422"
Change component parameters (AddParameter): Name = "MPN"; Value = "ERJU<pkg><tol><val><pkg_meth>"; VariantName = "3V3_to_RS422"
Change component parameters (AddParameter): Name = "Package"; Value = "CurrentFootprint"; VariantName = "3V3_to_RS422"
Change component parameters (AddParameter): Name = "Parameter1"; Value = "V"; VariantName = "3V3_to_RS422"
Change component parameters (AddParameter): Name = "Parameter1Desc"; Value = "Package Method"; VariantName = "3V3_to_RS422"
Change component parameters (AddParameter): Name = "Parameter2"; Value = "F"; VariantName = "3V3_to_RS422"
Change component parameters (AddParameter): Name = "Parameter2Desc"; Value = "Tolerance Symbol"; VariantName = "3V3_to_RS422"
Change component parameters (AddParameter): Name = "Parameter3"; Value = ""; VariantName = "3V3_to_RS422"
Change component parameters (AddParameter): Name = "Parameter3Desc"; Value = ""; VariantName = "3V3_to_RS422"
Change component parameters (AddParameter): Name = "Supplier1"; Value = "https://de.farnell.com/w/search?qualifizierungsstandard-der-automobilindustrie=aec-q200&range=inc-in-stock&st=erju"; VariantName = "3V3_to_RS422"
Change component parameters (AddParameter): Name = "Value"; Value = "?"; VariantName = "3V3_to_RS422"
Change component parameters (AddParameter): Name = "ComponentLink1Description"; Value = "Datasheet"; VariantName = "RS422_to_3V3"
Change component parameters (AddParameter): Name = "ComponentLink1URL"; Value = "https://www.mouser.de/datasheet/2/315/AOA0000C334-1314047.pdf"; VariantName = "RS422_to_3V3"
Change component parameters (AddParameter): Name = "Created"; Value = "2018_09_04_AGeiger"; VariantName = "RS422_to_3V3"
Change component parameters (AddParameter): Name = "HelpURL"; Value = "https://www.mouser.de/datasheet/2/315/AOA0000C334-1314047.pdf"; VariantName = "RS422_to_3V3"
Change component parameters (AddParameter): Name = "MaxVoltage"; Value = "100"; VariantName = "RS422_to_3V3"
Change component parameters (AddParameter): Name = "MF"; Value = "Panasonic"; VariantName = "RS422_to_3V3"
Change component parameters (AddParameter): Name = "MPN"; Value = "ERJU<pkg><tol><val><pkg_meth>"; VariantName = "RS422_to_3V3"
Change component parameters (AddParameter): Name = "Package"; Value = "CurrentFootprint"; VariantName = "RS422_to_3V3"
Change component parameters (AddParameter): Name = "Parameter1"; Value = "V"; VariantName = "RS422_to_3V3"
Change component parameters (AddParameter): Name = "Parameter1Desc"; Value = "Package Method"; VariantName = "RS422_to_3V3"
Change component parameters (AddParameter): Name = "Parameter2"; Value = "F"; VariantName = "RS422_to_3V3"
Change component parameters (AddParameter): Name = "Parameter2Desc"; Value = "Tolerance Symbol"; VariantName = "RS422_to_3V3"
Change component parameters (AddParameter): Name = "Parameter3"; Value = ""; VariantName = "RS422_to_3V3"
Change component parameters (AddParameter): Name = "Parameter3Desc"; Value = ""; VariantName = "RS422_to_3V3"
Change component parameters (AddParameter): Name = "Supplier1"; Value = "https://de.farnell.com/w/search?qualifizierungsstandard-der-automobilindustrie=aec-q200&range=inc-in-stock&st=erju"; VariantName = "RS422_to_3V3"
Change component parameters (AddParameter): Name = "Value"; Value = "?"; VariantName = "RS422_to_3V3"
Change component parameters: Designator = "R24"; Footprint = "RESC1608X55X30NL15T15_CONFIG"; UniqueID = "\REEOQYYS\IIHAQJIS\RETMDXMW"
Change component parameters. Clean all parameters for all variants
Change component parameters (AddParameter): Name = "ComponentLink1Description"; Value = "Datasheet"; VariantName = "[No Variations]"
Change component parameters (AddParameter): Name = "ComponentLink1URL"; Value = "https://www.mouser.de/datasheet/2/315/AOA0000C334-1314047.pdf"; VariantName = "[No Variations]"
Change component parameters (AddParameter): Name = "Created"; Value = "2018_09_04_AGeiger"; VariantName = "[No Variations]"
Change component parameters (AddParameter): Name = "HelpURL"; Value = "https://www.mouser.de/datasheet/2/315/AOA0000C334-1314047.pdf"; VariantName = "[No Variations]"
Change component parameters (AddParameter): Name = "MaxVoltage"; Value = "100"; VariantName = "[No Variations]"
Change component parameters (AddParameter): Name = "MF"; Value = "Panasonic"; VariantName = "[No Variations]"
Change component parameters (AddParameter): Name = "MPN"; Value = "ERJU<pkg><tol><val><pkg_meth>"; VariantName = "[No Variations]"
Change component parameters (AddParameter): Name = "Package"; Value = "CurrentFootprint"; VariantName = "[No Variations]"
Change component parameters (AddParameter): Name = "Parameter1"; Value = "V"; VariantName = "[No Variations]"
Change component parameters (AddParameter): Name = "Parameter1Desc"; Value = "Package Method"; VariantName = "[No Variations]"
Change component parameters (AddParameter): Name = "Parameter2"; Value = "F"; VariantName = "[No Variations]"
Change component parameters (AddParameter): Name = "Parameter2Desc"; Value = "Tolerance Symbol"; VariantName = "[No Variations]"
Change component parameters (AddParameter): Name = "Parameter3"; Value = ""; VariantName = "[No Variations]"
Change component parameters (AddParameter): Name = "Parameter3Desc"; Value = ""; VariantName = "[No Variations]"
Change component parameters (AddParameter): Name = "Supplier1"; Value = "https://de.farnell.com/w/search?qualifizierungsstandard-der-automobilindustrie=aec-q200&range=inc-in-stock&st=erju"; VariantName = "[No Variations]"
Change component parameters (AddParameter): Name = "Value"; Value = "?"; VariantName = "[No Variations]"
Change component parameters (AddParameter): Name = "ComponentLink1Description"; Value = "Datasheet"; VariantName = "3V3_to_3V3"
Change component parameters (AddParameter): Name = "ComponentLink1URL"; Value = "https://www.mouser.de/datasheet/2/315/AOA0000C334-1314047.pdf"; VariantName = "3V3_to_3V3"
Change component parameters (AddParameter): Name = "Created"; Value = "2018_09_04_AGeiger"; VariantName = "3V3_to_3V3"
Change component parameters (AddParameter): Name = "HelpURL"; Value = "https://www.mouser.de/datasheet/2/315/AOA0000C334-1314047.pdf"; VariantName = "3V3_to_3V3"
Change component parameters (AddParameter): Name = "MaxVoltage"; Value = "100"; VariantName = "3V3_to_3V3"
Change component parameters (AddParameter): Name = "MF"; Value = "Panasonic"; VariantName = "3V3_to_3V3"
Change component parameters (AddParameter): Name = "MPN"; Value = "ERJU<pkg><tol><val><pkg_meth>"; VariantName = "3V3_to_3V3"
Change component parameters (AddParameter): Name = "Package"; Value = "CurrentFootprint"; VariantName = "3V3_to_3V3"
Change component parameters (AddParameter): Name = "Parameter1"; Value = "V"; VariantName = "3V3_to_3V3"
Change component parameters (AddParameter): Name = "Parameter1Desc"; Value = "Package Method"; VariantName = "3V3_to_3V3"
Change component parameters (AddParameter): Name = "Parameter2"; Value = "F"; VariantName = "3V3_to_3V3"
Change component parameters (AddParameter): Name = "Parameter2Desc"; Value = "Tolerance Symbol"; VariantName = "3V3_to_3V3"
Change component parameters (AddParameter): Name = "Parameter3"; Value = ""; VariantName = "3V3_to_3V3"
Change component parameters (AddParameter): Name = "Parameter3Desc"; Value = ""; VariantName = "3V3_to_3V3"
Change component parameters (AddParameter): Name = "Supplier1"; Value = "https://de.farnell.com/w/search?qualifizierungsstandard-der-automobilindustrie=aec-q200&range=inc-in-stock&st=erju"; VariantName = "3V3_to_3V3"
Change component parameters (AddParameter): Name = "Value"; Value = "?"; VariantName = "3V3_to_3V3"
Change component parameters (AddParameter): Name = "ComponentLink1Description"; Value = "Datasheet"; VariantName = "3V3_to_15V"
Change component parameters (AddParameter): Name = "ComponentLink1URL"; Value = "https://www.mouser.de/datasheet/2/315/AOA0000C334-1314047.pdf"; VariantName = "3V3_to_15V"
Change component parameters (AddParameter): Name = "Created"; Value = "2018_09_04_AGeiger"; VariantName = "3V3_to_15V"
Change component parameters (AddParameter): Name = "HelpURL"; Value = "https://www.mouser.de/datasheet/2/315/AOA0000C334-1314047.pdf"; VariantName = "3V3_to_15V"
Change component parameters (AddParameter): Name = "MaxVoltage"; Value = "100"; VariantName = "3V3_to_15V"
Change component parameters (AddParameter): Name = "MF"; Value = "Panasonic"; VariantName = "3V3_to_15V"
Change component parameters (AddParameter): Name = "MPN"; Value = "ERJU<pkg><tol><val><pkg_meth>"; VariantName = "3V3_to_15V"
Change component parameters (AddParameter): Name = "Package"; Value = "CurrentFootprint"; VariantName = "3V3_to_15V"
Change component parameters (AddParameter): Name = "Parameter1"; Value = "V"; VariantName = "3V3_to_15V"
Change component parameters (AddParameter): Name = "Parameter1Desc"; Value = "Package Method"; VariantName = "3V3_to_15V"
Change component parameters (AddParameter): Name = "Parameter2"; Value = "F"; VariantName = "3V3_to_15V"
Change component parameters (AddParameter): Name = "Parameter2Desc"; Value = "Tolerance Symbol"; VariantName = "3V3_to_15V"
Change component parameters (AddParameter): Name = "Parameter3"; Value = ""; VariantName = "3V3_to_15V"
Change component parameters (AddParameter): Name = "Parameter3Desc"; Value = ""; VariantName = "3V3_to_15V"
Change component parameters (AddParameter): Name = "Supplier1"; Value = "https://de.farnell.com/w/search?qualifizierungsstandard-der-automobilindustrie=aec-q200&range=inc-in-stock&st=erju"; VariantName = "3V3_to_15V"
Change component parameters (AddParameter): Name = "Value"; Value = "?"; VariantName = "3V3_to_15V"
Change component parameters (AddParameter): Name = "ComponentLink1Description"; Value = "Datasheet"; VariantName = "3V3_to_RS422"
Change component parameters (AddParameter): Name = "ComponentLink1URL"; Value = "https://www.mouser.de/datasheet/2/315/AOA0000C334-1314047.pdf"; VariantName = "3V3_to_RS422"
Change component parameters (AddParameter): Name = "Created"; Value = "2018_09_04_AGeiger"; VariantName = "3V3_to_RS422"
Change component parameters (AddParameter): Name = "HelpURL"; Value = "https://www.mouser.de/datasheet/2/315/AOA0000C334-1314047.pdf"; VariantName = "3V3_to_RS422"
Change component parameters (AddParameter): Name = "MaxVoltage"; Value = "100"; VariantName = "3V3_to_RS422"
Change component parameters (AddParameter): Name = "MF"; Value = "Panasonic"; VariantName = "3V3_to_RS422"
Change component parameters (AddParameter): Name = "MPN"; Value = "ERJU<pkg><tol><val><pkg_meth>"; VariantName = "3V3_to_RS422"
Change component parameters (AddParameter): Name = "Package"; Value = "CurrentFootprint"; VariantName = "3V3_to_RS422"
Change component parameters (AddParameter): Name = "Parameter1"; Value = "V"; VariantName = "3V3_to_RS422"
Change component parameters (AddParameter): Name = "Parameter1Desc"; Value = "Package Method"; VariantName = "3V3_to_RS422"
Change component parameters (AddParameter): Name = "Parameter2"; Value = "F"; VariantName = "3V3_to_RS422"
Change component parameters (AddParameter): Name = "Parameter2Desc"; Value = "Tolerance Symbol"; VariantName = "3V3_to_RS422"
Change component parameters (AddParameter): Name = "Parameter3"; Value = ""; VariantName = "3V3_to_RS422"
Change component parameters (AddParameter): Name = "Parameter3Desc"; Value = ""; VariantName = "3V3_to_RS422"
Change component parameters (AddParameter): Name = "Supplier1"; Value = "https://de.farnell.com/w/search?qualifizierungsstandard-der-automobilindustrie=aec-q200&range=inc-in-stock&st=erju"; VariantName = "3V3_to_RS422"
Change component parameters (AddParameter): Name = "Value"; Value = "?"; VariantName = "3V3_to_RS422"
Change component parameters (AddParameter): Name = "ComponentLink1Description"; Value = "Datasheet"; VariantName = "RS422_to_3V3"
Change component parameters (AddParameter): Name = "ComponentLink1URL"; Value = "https://www.mouser.de/datasheet/2/315/AOA0000C334-1314047.pdf"; VariantName = "RS422_to_3V3"
Change component parameters (AddParameter): Name = "Created"; Value = "2018_09_04_AGeiger"; VariantName = "RS422_to_3V3"
Change component parameters (AddParameter): Name = "HelpURL"; Value = "https://www.mouser.de/datasheet/2/315/AOA0000C334-1314047.pdf"; VariantName = "RS422_to_3V3"
Change component parameters (AddParameter): Name = "MaxVoltage"; Value = "100"; VariantName = "RS422_to_3V3"
Change component parameters (AddParameter): Name = "MF"; Value = "Panasonic"; VariantName = "RS422_to_3V3"
Change component parameters (AddParameter): Name = "MPN"; Value = "ERJU<pkg><tol><val><pkg_meth>"; VariantName = "RS422_to_3V3"
Change component parameters (AddParameter): Name = "Package"; Value = "CurrentFootprint"; VariantName = "RS422_to_3V3"
Change component parameters (AddParameter): Name = "Parameter1"; Value = "V"; VariantName = "RS422_to_3V3"
Change component parameters (AddParameter): Name = "Parameter1Desc"; Value = "Package Method"; VariantName = "RS422_to_3V3"
Change component parameters (AddParameter): Name = "Parameter2"; Value = "F"; VariantName = "RS422_to_3V3"
Change component parameters (AddParameter): Name = "Parameter2Desc"; Value = "Tolerance Symbol"; VariantName = "RS422_to_3V3"
Change component parameters (AddParameter): Name = "Parameter3"; Value = ""; VariantName = "RS422_to_3V3"
Change component parameters (AddParameter): Name = "Parameter3Desc"; Value = ""; VariantName = "RS422_to_3V3"
Change component parameters (AddParameter): Name = "Supplier1"; Value = "https://de.farnell.com/w/search?qualifizierungsstandard-der-automobilindustrie=aec-q200&range=inc-in-stock&st=erju"; VariantName = "RS422_to_3V3"
Change component parameters (AddParameter): Name = "Value"; Value = "?"; VariantName = "RS422_to_3V3"
Change component parameters: Designator = "R3"; Footprint = "RESCAXE-50P380X160X45-16N"; UniqueID = "\REEOQYYS\ZTJPEBVF\XWSNTWHL"
Change component parameters. Clean all parameters for all variants
Change component parameters (AddParameter): Name = "ComponentLink1Description"; Value = "Datasheet"; VariantName = "[No Variations]"
Change component parameters (AddParameter): Name = "ComponentLink1URL"; Value = "https://www.mouser.de/datasheet/2/315/AOC0000C14-1108062.pdf"; VariantName = "[No Variations]"
Change component parameters (AddParameter): Name = "ComponentLink2Description"; Value = "Landpattern"; VariantName = "[No Variations]"
Change component parameters (AddParameter): Name = "ComponentLink2URL"; Value = "https://industrial.panasonic.com/cdbs/www-data/pdf/AOC0000/AOC0000COL4.pdf"; VariantName = "[No Variations]"
Change component parameters (AddParameter): Name = "Created"; Value = "2020-01-03_Thilo_Wendt"; VariantName = "[No Variations]"
Change component parameters (AddParameter): Name = "HelpURL"; Value = "https://www.mouser.de/datasheet/2/315/AOC0000C14-1108062.pdf"; VariantName = "[No Variations]"
Change component parameters (AddParameter): Name = "Manufacturer1"; Value = "Panasonic"; VariantName = "[No Variations]"
Change component parameters (AddParameter): Name = "MaxVoltage"; Value = "100"; VariantName = "[No Variations]"
Change component parameters (AddParameter): Name = "MPN1"; Value = "EXB2HV<2dig_res+#zeros><tol/jumper>V"; VariantName = "[No Variations]"
Change component parameters (AddParameter): Name = "Package"; Value = "CurrentFootprint"; VariantName = "[No Variations]"
Change component parameters (AddParameter): Name = "Parameter1"; Value = "V"; VariantName = "[No Variations]"
Change component parameters (AddParameter): Name = "Parameter1Desc"; Value = "Package Method"; VariantName = "[No Variations]"
Change component parameters (AddParameter): Name = "Parameter2"; Value = "J"; VariantName = "[No Variations]"
Change component parameters (AddParameter): Name = "Parameter2Desc"; Value = "Tolerance Symbol"; VariantName = "[No Variations]"
Change component parameters (AddParameter): Name = "Parameter3"; Value = ""; VariantName = "[No Variations]"
Change component parameters (AddParameter): Name = "Parameter3Desc"; Value = ""; VariantName = "[No Variations]"
Change component parameters (AddParameter): Name = "Supplier 1"; Value = "Farnell"; VariantName = "[No Variations]"
Change component parameters (AddParameter): Name = "Supplier 2"; Value = "Mouser"; VariantName = "[No Variations]"
Change component parameters (AddParameter): Name = "Supplier Link 1"; Value = "https://de.farnell.com/w/search?range=inc-in-stock&st=exb2hv"; VariantName = "[No Variations]"
Change component parameters (AddParameter): Name = "Supplier Part Number 2"; Value = "667-<MPN>"; VariantName = "[No Variations]"
Change component parameters (AddParameter): Name = "Value"; Value = "?"; VariantName = "[No Variations]"
Change component parameters: Designator = "R4"; Footprint = "RESCAXE-50P380X160X45-16N"; UniqueID = "\REEOQYYS\ZTJPEBVF\KUNFMAIN"
Change component parameters. Clean all parameters for all variants
Change component parameters (AddParameter): Name = "ComponentLink1Description"; Value = "Datasheet"; VariantName = "[No Variations]"
Change component parameters (AddParameter): Name = "ComponentLink1URL"; Value = "https://www.mouser.de/datasheet/2/315/AOC0000C14-1108062.pdf"; VariantName = "[No Variations]"
Change component parameters (AddParameter): Name = "ComponentLink2Description"; Value = "Landpattern"; VariantName = "[No Variations]"
Change component parameters (AddParameter): Name = "ComponentLink2URL"; Value = "https://industrial.panasonic.com/cdbs/www-data/pdf/AOC0000/AOC0000COL4.pdf"; VariantName = "[No Variations]"
Change component parameters (AddParameter): Name = "Created"; Value = "2020-01-03_Thilo_Wendt"; VariantName = "[No Variations]"
Change component parameters (AddParameter): Name = "HelpURL"; Value = "https://www.mouser.de/datasheet/2/315/AOC0000C14-1108062.pdf"; VariantName = "[No Variations]"
Change component parameters (AddParameter): Name = "Manufacturer1"; Value = "Panasonic"; VariantName = "[No Variations]"
Change component parameters (AddParameter): Name = "MaxVoltage"; Value = "100"; VariantName = "[No Variations]"
Change component parameters (AddParameter): Name = "MPN1"; Value = "EXB2HV<2dig_res+#zeros><tol/jumper>V"; VariantName = "[No Variations]"
Change component parameters (AddParameter): Name = "Package"; Value = "CurrentFootprint"; VariantName = "[No Variations]"
Change component parameters (AddParameter): Name = "Parameter1"; Value = "V"; VariantName = "[No Variations]"
Change component parameters (AddParameter): Name = "Parameter1Desc"; Value = "Package Method"; VariantName = "[No Variations]"
Change component parameters (AddParameter): Name = "Parameter2"; Value = "J"; VariantName = "[No Variations]"
Change component parameters (AddParameter): Name = "Parameter2Desc"; Value = "Tolerance Symbol"; VariantName = "[No Variations]"
Change component parameters (AddParameter): Name = "Parameter3"; Value = ""; VariantName = "[No Variations]"
Change component parameters (AddParameter): Name = "Parameter3Desc"; Value = ""; VariantName = "[No Variations]"
Change component parameters (AddParameter): Name = "Supplier 1"; Value = "Farnell"; VariantName = "[No Variations]"
Change component parameters (AddParameter): Name = "Supplier 2"; Value = "Mouser"; VariantName = "[No Variations]"
Change component parameters (AddParameter): Name = "Supplier Link 1"; Value = "https://de.farnell.com/w/search?range=inc-in-stock&st=exb2hv"; VariantName = "[No Variations]"
Change component parameters (AddParameter): Name = "Supplier Part Number 2"; Value = "667-<MPN>"; VariantName = "[No Variations]"
Change component parameters (AddParameter): Name = "Value"; Value = "?"; VariantName = "[No Variations]"
Change component parameters: Designator = "R5"; Footprint = "RESCAXE-50P380X160X45-16N"; UniqueID = "\REEOQYYS\ZTJPEBVF\SJKTAHVJ"
Change component parameters. Clean all parameters for all variants
Change component parameters (AddParameter): Name = "ComponentLink1Description"; Value = "Datasheet"; VariantName = "[No Variations]"
Change component parameters (AddParameter): Name = "ComponentLink1URL"; Value = "https://www.mouser.de/datasheet/2/315/AOC0000C14-1108062.pdf"; VariantName = "[No Variations]"
Change component parameters (AddParameter): Name = "ComponentLink2Description"; Value = "Landpattern"; VariantName = "[No Variations]"
Change component parameters (AddParameter): Name = "ComponentLink2URL"; Value = "https://industrial.panasonic.com/cdbs/www-data/pdf/AOC0000/AOC0000COL4.pdf"; VariantName = "[No Variations]"
Change component parameters (AddParameter): Name = "Created"; Value = "2020-01-03_Thilo_Wendt"; VariantName = "[No Variations]"
Change component parameters (AddParameter): Name = "HelpURL"; Value = "https://www.mouser.de/datasheet/2/315/AOC0000C14-1108062.pdf"; VariantName = "[No Variations]"
Change component parameters (AddParameter): Name = "Manufacturer1"; Value = "Panasonic"; VariantName = "[No Variations]"
Change component parameters (AddParameter): Name = "MaxVoltage"; Value = "100"; VariantName = "[No Variations]"
Change component parameters (AddParameter): Name = "MPN1"; Value = "EXB2HV<2dig_res+#zeros><tol/jumper>V"; VariantName = "[No Variations]"
Change component parameters (AddParameter): Name = "Package"; Value = "CurrentFootprint"; VariantName = "[No Variations]"
Change component parameters (AddParameter): Name = "Parameter1"; Value = "V"; VariantName = "[No Variations]"
Change component parameters (AddParameter): Name = "Parameter1Desc"; Value = "Package Method"; VariantName = "[No Variations]"
Change component parameters (AddParameter): Name = "Parameter2"; Value = "J"; VariantName = "[No Variations]"
Change component parameters (AddParameter): Name = "Parameter2Desc"; Value = "Tolerance Symbol"; VariantName = "[No Variations]"
Change component parameters (AddParameter): Name = "Parameter3"; Value = ""; VariantName = "[No Variations]"
Change component parameters (AddParameter): Name = "Parameter3Desc"; Value = ""; VariantName = "[No Variations]"
Change component parameters (AddParameter): Name = "Supplier 1"; Value = "Farnell"; VariantName = "[No Variations]"
Change component parameters (AddParameter): Name = "Supplier 2"; Value = "Mouser"; VariantName = "[No Variations]"
Change component parameters (AddParameter): Name = "Supplier Link 1"; Value = "https://de.farnell.com/w/search?range=inc-in-stock&st=exb2hv"; VariantName = "[No Variations]"
Change component parameters (AddParameter): Name = "Supplier Part Number 2"; Value = "667-<MPN>"; VariantName = "[No Variations]"
Change component parameters (AddParameter): Name = "Value"; Value = "?"; VariantName = "[No Variations]"
Change component parameters: Designator = "R6"; Footprint = "RESCAXE-50P380X160X45-16N"; UniqueID = "\REEOQYYS\ZTJPEBVF\WSNGUOWM"
Change component parameters. Clean all parameters for all variants
Change component parameters (AddParameter): Name = "ComponentLink1Description"; Value = "Datasheet"; VariantName = "[No Variations]"
Change component parameters (AddParameter): Name = "ComponentLink1URL"; Value = "https://www.mouser.de/datasheet/2/315/AOC0000C14-1108062.pdf"; VariantName = "[No Variations]"
Change component parameters (AddParameter): Name = "ComponentLink2Description"; Value = "Landpattern"; VariantName = "[No Variations]"
Change component parameters (AddParameter): Name = "ComponentLink2URL"; Value = "https://industrial.panasonic.com/cdbs/www-data/pdf/AOC0000/AOC0000COL4.pdf"; VariantName = "[No Variations]"
Change component parameters (AddParameter): Name = "Created"; Value = "2020-01-03_Thilo_Wendt"; VariantName = "[No Variations]"
Change component parameters (AddParameter): Name = "HelpURL"; Value = "https://www.mouser.de/datasheet/2/315/AOC0000C14-1108062.pdf"; VariantName = "[No Variations]"
Change component parameters (AddParameter): Name = "Manufacturer1"; Value = "Panasonic"; VariantName = "[No Variations]"
Change component parameters (AddParameter): Name = "MaxVoltage"; Value = "100"; VariantName = "[No Variations]"
Change component parameters (AddParameter): Name = "MPN1"; Value = "EXB2HV<2dig_res+#zeros><tol/jumper>V"; VariantName = "[No Variations]"
Change component parameters (AddParameter): Name = "Package"; Value = "CurrentFootprint"; VariantName = "[No Variations]"
Change component parameters (AddParameter): Name = "Parameter1"; Value = "V"; VariantName = "[No Variations]"
Change component parameters (AddParameter): Name = "Parameter1Desc"; Value = "Package Method"; VariantName = "[No Variations]"
Change component parameters (AddParameter): Name = "Parameter2"; Value = "J"; VariantName = "[No Variations]"
Change component parameters (AddParameter): Name = "Parameter2Desc"; Value = "Tolerance Symbol"; VariantName = "[No Variations]"
Change component parameters (AddParameter): Name = "Parameter3"; Value = ""; VariantName = "[No Variations]"
Change component parameters (AddParameter): Name = "Parameter3Desc"; Value = ""; VariantName = "[No Variations]"
Change component parameters (AddParameter): Name = "Supplier 1"; Value = "Farnell"; VariantName = "[No Variations]"
Change component parameters (AddParameter): Name = "Supplier 2"; Value = "Mouser"; VariantName = "[No Variations]"
Change component parameters (AddParameter): Name = "Supplier Link 1"; Value = "https://de.farnell.com/w/search?range=inc-in-stock&st=exb2hv"; VariantName = "[No Variations]"
Change component parameters (AddParameter): Name = "Supplier Part Number 2"; Value = "667-<MPN>"; VariantName = "[No Variations]"
Change component parameters (AddParameter): Name = "Value"; Value = "?"; VariantName = "[No Variations]"
Change component parameters: Designator = "R15"; Footprint = "RESCAXE-50P380X160X45-16N"; UniqueID = "\REEOQYYS\ZTJPEBVF\IZTEPUQU\VJHKOQRU"
Change component parameters. Clean all parameters for all variants
Change component parameters (AddParameter): Name = "ComponentLink1Description"; Value = "Datasheet"; VariantName = "[No Variations]"
Change component parameters (AddParameter): Name = "ComponentLink1URL"; Value = "https://www.mouser.de/datasheet/2/315/AOC0000C14-1108062.pdf"; VariantName = "[No Variations]"
Change component parameters (AddParameter): Name = "ComponentLink2Description"; Value = "Landpattern"; VariantName = "[No Variations]"
Change component parameters (AddParameter): Name = "ComponentLink2URL"; Value = "https://industrial.panasonic.com/cdbs/www-data/pdf/AOC0000/AOC0000COL4.pdf"; VariantName = "[No Variations]"
Change component parameters (AddParameter): Name = "Created"; Value = "2020-01-03_Thilo_Wendt"; VariantName = "[No Variations]"
Change component parameters (AddParameter): Name = "HelpURL"; Value = "https://www.mouser.de/datasheet/2/315/AOC0000C14-1108062.pdf"; VariantName = "[No Variations]"
Change component parameters (AddParameter): Name = "Manufacturer1"; Value = "Panasonic"; VariantName = "[No Variations]"
Change component parameters (AddParameter): Name = "MaxVoltage"; Value = "100"; VariantName = "[No Variations]"
Change component parameters (AddParameter): Name = "MPN1"; Value = "EXB2HV<2dig_res+#zeros><tol/jumper>V"; VariantName = "[No Variations]"
Change component parameters (AddParameter): Name = "Package"; Value = "CurrentFootprint"; VariantName = "[No Variations]"
Change component parameters (AddParameter): Name = "Parameter1"; Value = "V"; VariantName = "[No Variations]"
Change component parameters (AddParameter): Name = "Parameter1Desc"; Value = "Package Method"; VariantName = "[No Variations]"
Change component parameters (AddParameter): Name = "Parameter2"; Value = "J"; VariantName = "[No Variations]"
Change component parameters (AddParameter): Name = "Parameter2Desc"; Value = "Tolerance Symbol"; VariantName = "[No Variations]"
Change component parameters (AddParameter): Name = "Parameter3"; Value = ""; VariantName = "[No Variations]"
Change component parameters (AddParameter): Name = "Parameter3Desc"; Value = ""; VariantName = "[No Variations]"
Change component parameters (AddParameter): Name = "Supplier 1"; Value = "Farnell"; VariantName = "[No Variations]"
Change component parameters (AddParameter): Name = "Supplier 2"; Value = "Mouser"; VariantName = "[No Variations]"
Change component parameters (AddParameter): Name = "Supplier Link 1"; Value = "https://de.farnell.com/w/search?range=inc-in-stock&st=exb2hv"; VariantName = "[No Variations]"
Change component parameters (AddParameter): Name = "Supplier Part Number 2"; Value = "667-<MPN>"; VariantName = "[No Variations]"
Change component parameters (AddParameter): Name = "Value"; Value = "?"; VariantName = "[No Variations]"
Change component parameters: Designator = "R16"; Footprint = "RESCAXE-50P380X160X45-16N"; UniqueID = "\REEOQYYS\ZTJPEBVF\IZTEPUQU\IOLWIPVB"
Change component parameters. Clean all parameters for all variants
Change component parameters (AddParameter): Name = "ComponentLink1Description"; Value = "Datasheet"; VariantName = "[No Variations]"
Change component parameters (AddParameter): Name = "ComponentLink1URL"; Value = "https://www.mouser.de/datasheet/2/315/AOC0000C14-1108062.pdf"; VariantName = "[No Variations]"
Change component parameters (AddParameter): Name = "ComponentLink2Description"; Value = "Landpattern"; VariantName = "[No Variations]"
Change component parameters (AddParameter): Name = "ComponentLink2URL"; Value = "https://industrial.panasonic.com/cdbs/www-data/pdf/AOC0000/AOC0000COL4.pdf"; VariantName = "[No Variations]"
Change component parameters (AddParameter): Name = "Created"; Value = "2020-01-03_Thilo_Wendt"; VariantName = "[No Variations]"
Change component parameters (AddParameter): Name = "HelpURL"; Value = "https://www.mouser.de/datasheet/2/315/AOC0000C14-1108062.pdf"; VariantName = "[No Variations]"
Change component parameters (AddParameter): Name = "Manufacturer1"; Value = "Panasonic"; VariantName = "[No Variations]"
Change component parameters (AddParameter): Name = "MaxVoltage"; Value = "100"; VariantName = "[No Variations]"
Change component parameters (AddParameter): Name = "MPN1"; Value = "EXB2HV<2dig_res+#zeros><tol/jumper>V"; VariantName = "[No Variations]"
Change component parameters (AddParameter): Name = "Package"; Value = "CurrentFootprint"; VariantName = "[No Variations]"
Change component parameters (AddParameter): Name = "Parameter1"; Value = "V"; VariantName = "[No Variations]"
Change component parameters (AddParameter): Name = "Parameter1Desc"; Value = "Package Method"; VariantName = "[No Variations]"
Change component parameters (AddParameter): Name = "Parameter2"; Value = "J"; VariantName = "[No Variations]"
Change component parameters (AddParameter): Name = "Parameter2Desc"; Value = "Tolerance Symbol"; VariantName = "[No Variations]"
Change component parameters (AddParameter): Name = "Parameter3"; Value = ""; VariantName = "[No Variations]"
Change component parameters (AddParameter): Name = "Parameter3Desc"; Value = ""; VariantName = "[No Variations]"
Change component parameters (AddParameter): Name = "Supplier 1"; Value = "Farnell"; VariantName = "[No Variations]"
Change component parameters (AddParameter): Name = "Supplier 2"; Value = "Mouser"; VariantName = "[No Variations]"
Change component parameters (AddParameter): Name = "Supplier Link 1"; Value = "https://de.farnell.com/w/search?range=inc-in-stock&st=exb2hv"; VariantName = "[No Variations]"
Change component parameters (AddParameter): Name = "Supplier Part Number 2"; Value = "667-<MPN>"; VariantName = "[No Variations]"
Change component parameters (AddParameter): Name = "Value"; Value = "?"; VariantName = "[No Variations]"
Change component parameters: Designator = "R17"; Footprint = "RESCAXE-50P380X160X45-16N"; UniqueID = "\REEOQYYS\ZTJPEBVF\IZTEPUQU\UEOMPOFM"
Change component parameters. Clean all parameters for all variants
Change component parameters (AddParameter): Name = "ComponentLink1Description"; Value = "Datasheet"; VariantName = "[No Variations]"
Change component parameters (AddParameter): Name = "ComponentLink1URL"; Value = "https://www.mouser.de/datasheet/2/315/AOC0000C14-1108062.pdf"; VariantName = "[No Variations]"
Change component parameters (AddParameter): Name = "ComponentLink2Description"; Value = "Landpattern"; VariantName = "[No Variations]"
Change component parameters (AddParameter): Name = "ComponentLink2URL"; Value = "https://industrial.panasonic.com/cdbs/www-data/pdf/AOC0000/AOC0000COL4.pdf"; VariantName = "[No Variations]"
Change component parameters (AddParameter): Name = "Created"; Value = "2020-01-03_Thilo_Wendt"; VariantName = "[No Variations]"
Change component parameters (AddParameter): Name = "HelpURL"; Value = "https://www.mouser.de/datasheet/2/315/AOC0000C14-1108062.pdf"; VariantName = "[No Variations]"
Change component parameters (AddParameter): Name = "Manufacturer1"; Value = "Panasonic"; VariantName = "[No Variations]"
Change component parameters (AddParameter): Name = "MaxVoltage"; Value = "100"; VariantName = "[No Variations]"
Change component parameters (AddParameter): Name = "MPN1"; Value = "EXB2HV<2dig_res+#zeros><tol/jumper>V"; VariantName = "[No Variations]"
Change component parameters (AddParameter): Name = "Package"; Value = "CurrentFootprint"; VariantName = "[No Variations]"
Change component parameters (AddParameter): Name = "Parameter1"; Value = "V"; VariantName = "[No Variations]"
Change component parameters (AddParameter): Name = "Parameter1Desc"; Value = "Package Method"; VariantName = "[No Variations]"
Change component parameters (AddParameter): Name = "Parameter2"; Value = "J"; VariantName = "[No Variations]"
Change component parameters (AddParameter): Name = "Parameter2Desc"; Value = "Tolerance Symbol"; VariantName = "[No Variations]"
Change component parameters (AddParameter): Name = "Parameter3"; Value = ""; VariantName = "[No Variations]"
Change component parameters (AddParameter): Name = "Parameter3Desc"; Value = ""; VariantName = "[No Variations]"
Change component parameters (AddParameter): Name = "Supplier 1"; Value = "Farnell"; VariantName = "[No Variations]"
Change component parameters (AddParameter): Name = "Supplier 2"; Value = "Mouser"; VariantName = "[No Variations]"
Change component parameters (AddParameter): Name = "Supplier Link 1"; Value = "https://de.farnell.com/w/search?range=inc-in-stock&st=exb2hv"; VariantName = "[No Variations]"
Change component parameters (AddParameter): Name = "Supplier Part Number 2"; Value = "667-<MPN>"; VariantName = "[No Variations]"
Change component parameters (AddParameter): Name = "Value"; Value = "?"; VariantName = "[No Variations]"
Change component parameters: Designator = "R18"; Footprint = "RESCAXE-50P380X160X45-16N"; UniqueID = "\REEOQYYS\ZTJPEBVF\IZTEPUQU\UGHNICPK"
Change component parameters. Clean all parameters for all variants
Change component parameters (AddParameter): Name = "ComponentLink1Description"; Value = "Datasheet"; VariantName = "[No Variations]"
Change component parameters (AddParameter): Name = "ComponentLink1URL"; Value = "https://www.mouser.de/datasheet/2/315/AOC0000C14-1108062.pdf"; VariantName = "[No Variations]"
Change component parameters (AddParameter): Name = "ComponentLink2Description"; Value = "Landpattern"; VariantName = "[No Variations]"
Change component parameters (AddParameter): Name = "ComponentLink2URL"; Value = "https://industrial.panasonic.com/cdbs/www-data/pdf/AOC0000/AOC0000COL4.pdf"; VariantName = "[No Variations]"
Change component parameters (AddParameter): Name = "Created"; Value = "2020-01-03_Thilo_Wendt"; VariantName = "[No Variations]"
Change component parameters (AddParameter): Name = "HelpURL"; Value = "https://www.mouser.de/datasheet/2/315/AOC0000C14-1108062.pdf"; VariantName = "[No Variations]"
Change component parameters (AddParameter): Name = "Manufacturer1"; Value = "Panasonic"; VariantName = "[No Variations]"
Change component parameters (AddParameter): Name = "MaxVoltage"; Value = "100"; VariantName = "[No Variations]"
Change component parameters (AddParameter): Name = "MPN1"; Value = "EXB2HV<2dig_res+#zeros><tol/jumper>V"; VariantName = "[No Variations]"
Change component parameters (AddParameter): Name = "Package"; Value = "CurrentFootprint"; VariantName = "[No Variations]"
Change component parameters (AddParameter): Name = "Parameter1"; Value = "V"; VariantName = "[No Variations]"
Change component parameters (AddParameter): Name = "Parameter1Desc"; Value = "Package Method"; VariantName = "[No Variations]"
Change component parameters (AddParameter): Name = "Parameter2"; Value = "J"; VariantName = "[No Variations]"
Change component parameters (AddParameter): Name = "Parameter2Desc"; Value = "Tolerance Symbol"; VariantName = "[No Variations]"
Change component parameters (AddParameter): Name = "Parameter3"; Value = ""; VariantName = "[No Variations]"
Change component parameters (AddParameter): Name = "Parameter3Desc"; Value = ""; VariantName = "[No Variations]"
Change component parameters (AddParameter): Name = "Supplier 1"; Value = "Farnell"; VariantName = "[No Variations]"
Change component parameters (AddParameter): Name = "Supplier 2"; Value = "Mouser"; VariantName = "[No Variations]"
Change component parameters (AddParameter): Name = "Supplier Link 1"; Value = "https://de.farnell.com/w/search?range=inc-in-stock&st=exb2hv"; VariantName = "[No Variations]"
Change component parameters (AddParameter): Name = "Supplier Part Number 2"; Value = "667-<MPN>"; VariantName = "[No Variations]"
Change component parameters (AddParameter): Name = "Value"; Value = "?"; VariantName = "[No Variations]"
Change component parameters: Designator = "R19"; Footprint = "RESCAXE-50P380X160X45-16N"; UniqueID = "\REEOQYYS\ZTJPEBVF\IZTEPUQU\LNQQDHQE"
Change component parameters. Clean all parameters for all variants
Change component parameters (AddParameter): Name = "ComponentLink1Description"; Value = "Datasheet"; VariantName = "[No Variations]"
Change component parameters (AddParameter): Name = "ComponentLink1URL"; Value = "https://www.mouser.de/datasheet/2/315/AOC0000C14-1108062.pdf"; VariantName = "[No Variations]"
Change component parameters (AddParameter): Name = "ComponentLink2Description"; Value = "Landpattern"; VariantName = "[No Variations]"
Change component parameters (AddParameter): Name = "ComponentLink2URL"; Value = "https://industrial.panasonic.com/cdbs/www-data/pdf/AOC0000/AOC0000COL4.pdf"; VariantName = "[No Variations]"
Change component parameters (AddParameter): Name = "Created"; Value = "2020-01-03_Thilo_Wendt"; VariantName = "[No Variations]"
Change component parameters (AddParameter): Name = "HelpURL"; Value = "https://www.mouser.de/datasheet/2/315/AOC0000C14-1108062.pdf"; VariantName = "[No Variations]"
Change component parameters (AddParameter): Name = "Manufacturer1"; Value = "Panasonic"; VariantName = "[No Variations]"
Change component parameters (AddParameter): Name = "MaxVoltage"; Value = "100"; VariantName = "[No Variations]"
Change component parameters (AddParameter): Name = "MPN1"; Value = "EXB2HV<2dig_res+#zeros><tol/jumper>V"; VariantName = "[No Variations]"
Change component parameters (AddParameter): Name = "Package"; Value = "CurrentFootprint"; VariantName = "[No Variations]"
Change component parameters (AddParameter): Name = "Parameter1"; Value = "V"; VariantName = "[No Variations]"
Change component parameters (AddParameter): Name = "Parameter1Desc"; Value = "Package Method"; VariantName = "[No Variations]"
Change component parameters (AddParameter): Name = "Parameter2"; Value = "J"; VariantName = "[No Variations]"
Change component parameters (AddParameter): Name = "Parameter2Desc"; Value = "Tolerance Symbol"; VariantName = "[No Variations]"
Change component parameters (AddParameter): Name = "Parameter3"; Value = ""; VariantName = "[No Variations]"
Change component parameters (AddParameter): Name = "Parameter3Desc"; Value = ""; VariantName = "[No Variations]"
Change component parameters (AddParameter): Name = "Supplier 1"; Value = "Farnell"; VariantName = "[No Variations]"
Change component parameters (AddParameter): Name = "Supplier 2"; Value = "Mouser"; VariantName = "[No Variations]"
Change component parameters (AddParameter): Name = "Supplier Link 1"; Value = "https://de.farnell.com/w/search?range=inc-in-stock&st=exb2hv"; VariantName = "[No Variations]"
Change component parameters (AddParameter): Name = "Supplier Part Number 2"; Value = "667-<MPN>"; VariantName = "[No Variations]"
Change component parameters (AddParameter): Name = "Value"; Value = "?"; VariantName = "[No Variations]"
Change component parameters: Designator = "R20"; Footprint = "RESCAXE-50P380X160X45-16N"; UniqueID = "\REEOQYYS\ZTJPEBVF\IZTEPUQU\QVGFWAGR"
Change component parameters. Clean all parameters for all variants
Change component parameters (AddParameter): Name = "ComponentLink1Description"; Value = "Datasheet"; VariantName = "[No Variations]"
Change component parameters (AddParameter): Name = "ComponentLink1URL"; Value = "https://www.mouser.de/datasheet/2/315/AOC0000C14-1108062.pdf"; VariantName = "[No Variations]"
Change component parameters (AddParameter): Name = "ComponentLink2Description"; Value = "Landpattern"; VariantName = "[No Variations]"
Change component parameters (AddParameter): Name = "ComponentLink2URL"; Value = "https://industrial.panasonic.com/cdbs/www-data/pdf/AOC0000/AOC0000COL4.pdf"; VariantName = "[No Variations]"
Change component parameters (AddParameter): Name = "Created"; Value = "2020-01-03_Thilo_Wendt"; VariantName = "[No Variations]"
Change component parameters (AddParameter): Name = "HelpURL"; Value = "https://www.mouser.de/datasheet/2/315/AOC0000C14-1108062.pdf"; VariantName = "[No Variations]"
Change component parameters (AddParameter): Name = "Manufacturer1"; Value = "Panasonic"; VariantName = "[No Variations]"
Change component parameters (AddParameter): Name = "MaxVoltage"; Value = "100"; VariantName = "[No Variations]"
Change component parameters (AddParameter): Name = "MPN1"; Value = "EXB2HV<2dig_res+#zeros><tol/jumper>V"; VariantName = "[No Variations]"
Change component parameters (AddParameter): Name = "Package"; Value = "CurrentFootprint"; VariantName = "[No Variations]"
Change component parameters (AddParameter): Name = "Parameter1"; Value = "V"; VariantName = "[No Variations]"
Change component parameters (AddParameter): Name = "Parameter1Desc"; Value = "Package Method"; VariantName = "[No Variations]"
Change component parameters (AddParameter): Name = "Parameter2"; Value = "J"; VariantName = "[No Variations]"
Change component parameters (AddParameter): Name = "Parameter2Desc"; Value = "Tolerance Symbol"; VariantName = "[No Variations]"
Change component parameters (AddParameter): Name = "Parameter3"; Value = ""; VariantName = "[No Variations]"
Change component parameters (AddParameter): Name = "Parameter3Desc"; Value = ""; VariantName = "[No Variations]"
Change component parameters (AddParameter): Name = "Supplier 1"; Value = "Farnell"; VariantName = "[No Variations]"
Change component parameters (AddParameter): Name = "Supplier 2"; Value = "Mouser"; VariantName = "[No Variations]"
Change component parameters (AddParameter): Name = "Supplier Link 1"; Value = "https://de.farnell.com/w/search?range=inc-in-stock&st=exb2hv"; VariantName = "[No Variations]"
Change component parameters (AddParameter): Name = "Supplier Part Number 2"; Value = "667-<MPN>"; VariantName = "[No Variations]"
Change component parameters (AddParameter): Name = "Value"; Value = "?"; VariantName = "[No Variations]"
Change component parameters: Designator = "R22"; Footprint = "RESCAXE-50P380X160X45-16N"; UniqueID = "\REEOQYYS\ZTJPEBVF\IZTEPUQU\QJUMAPXU"
Change component parameters. Clean all parameters for all variants
Change component parameters (AddParameter): Name = "ComponentLink1Description"; Value = "Datasheet"; VariantName = "[No Variations]"
Change component parameters (AddParameter): Name = "ComponentLink1URL"; Value = "https://www.mouser.de/datasheet/2/315/AOC0000C14-1108062.pdf"; VariantName = "[No Variations]"
Change component parameters (AddParameter): Name = "ComponentLink2Description"; Value = "Landpattern"; VariantName = "[No Variations]"
Change component parameters (AddParameter): Name = "ComponentLink2URL"; Value = "https://industrial.panasonic.com/cdbs/www-data/pdf/AOC0000/AOC0000COL4.pdf"; VariantName = "[No Variations]"
Change component parameters (AddParameter): Name = "Created"; Value = "2020-01-03_Thilo_Wendt"; VariantName = "[No Variations]"
Change component parameters (AddParameter): Name = "HelpURL"; Value = "https://www.mouser.de/datasheet/2/315/AOC0000C14-1108062.pdf"; VariantName = "[No Variations]"
Change component parameters (AddParameter): Name = "Manufacturer1"; Value = "Panasonic"; VariantName = "[No Variations]"
Change component parameters (AddParameter): Name = "MaxVoltage"; Value = "100"; VariantName = "[No Variations]"
Change component parameters (AddParameter): Name = "MPN1"; Value = "EXB2HV<2dig_res+#zeros><tol/jumper>V"; VariantName = "[No Variations]"
Change component parameters (AddParameter): Name = "Package"; Value = "CurrentFootprint"; VariantName = "[No Variations]"
Change component parameters (AddParameter): Name = "Parameter1"; Value = "V"; VariantName = "[No Variations]"
Change component parameters (AddParameter): Name = "Parameter1Desc"; Value = "Package Method"; VariantName = "[No Variations]"
Change component parameters (AddParameter): Name = "Parameter2"; Value = "J"; VariantName = "[No Variations]"
Change component parameters (AddParameter): Name = "Parameter2Desc"; Value = "Tolerance Symbol"; VariantName = "[No Variations]"
Change component parameters (AddParameter): Name = "Parameter3"; Value = ""; VariantName = "[No Variations]"
Change component parameters (AddParameter): Name = "Parameter3Desc"; Value = ""; VariantName = "[No Variations]"
Change component parameters (AddParameter): Name = "Supplier 1"; Value = "Farnell"; VariantName = "[No Variations]"
Change component parameters (AddParameter): Name = "Supplier 2"; Value = "Mouser"; VariantName = "[No Variations]"
Change component parameters (AddParameter): Name = "Supplier Link 1"; Value = "https://de.farnell.com/w/search?range=inc-in-stock&st=exb2hv"; VariantName = "[No Variations]"
Change component parameters (AddParameter): Name = "Supplier Part Number 2"; Value = "667-<MPN>"; VariantName = "[No Variations]"
Change component parameters (AddParameter): Name = "Value"; Value = "?"; VariantName = "[No Variations]"
Change component parameters: Designator = "R40"; Footprint = "RESCAXE-50P380X160X45-16N"; UniqueID = "\GEIJMUXU\DTNUUHGB"
Change component parameters. Clean all parameters for all variants
Change component parameters (AddParameter): Name = "ComponentLink1Description"; Value = "Datasheet"; VariantName = "[No Variations]"
Change component parameters (AddParameter): Name = "ComponentLink1URL"; Value = "https://www.mouser.de/datasheet/2/315/AOC0000C14-1108062.pdf"; VariantName = "[No Variations]"
Change component parameters (AddParameter): Name = "ComponentLink2Description"; Value = "Landpattern"; VariantName = "[No Variations]"
Change component parameters (AddParameter): Name = "ComponentLink2URL"; Value = "https://industrial.panasonic.com/cdbs/www-data/pdf/AOC0000/AOC0000COL4.pdf"; VariantName = "[No Variations]"
Change component parameters (AddParameter): Name = "Created"; Value = "2020-01-03_Thilo_Wendt"; VariantName = "[No Variations]"
Change component parameters (AddParameter): Name = "HelpURL"; Value = "https://www.mouser.de/datasheet/2/315/AOC0000C14-1108062.pdf"; VariantName = "[No Variations]"
Change component parameters (AddParameter): Name = "Manufacturer1"; Value = "Panasonic"; VariantName = "[No Variations]"
Change component parameters (AddParameter): Name = "MaxVoltage"; Value = "100"; VariantName = "[No Variations]"
Change component parameters (AddParameter): Name = "MPN1"; Value = "EXB2HV<2dig_res+#zeros><tol/jumper>V"; VariantName = "[No Variations]"
Change component parameters (AddParameter): Name = "Package"; Value = "CurrentFootprint"; VariantName = "[No Variations]"
Change component parameters (AddParameter): Name = "Parameter1"; Value = "V"; VariantName = "[No Variations]"
Change component parameters (AddParameter): Name = "Parameter1Desc"; Value = "Package Method"; VariantName = "[No Variations]"
Change component parameters (AddParameter): Name = "Parameter2"; Value = "J"; VariantName = "[No Variations]"
Change component parameters (AddParameter): Name = "Parameter2Desc"; Value = "Tolerance Symbol"; VariantName = "[No Variations]"
Change component parameters (AddParameter): Name = "Parameter3"; Value = ""; VariantName = "[No Variations]"
Change component parameters (AddParameter): Name = "Parameter3Desc"; Value = ""; VariantName = "[No Variations]"
Change component parameters (AddParameter): Name = "Supplier 1"; Value = "Farnell"; VariantName = "[No Variations]"
Change component parameters (AddParameter): Name = "Supplier 2"; Value = "Mouser"; VariantName = "[No Variations]"
Change component parameters (AddParameter): Name = "Supplier Link 1"; Value = "https://de.farnell.com/w/search?range=inc-in-stock&st=exb2hv"; VariantName = "[No Variations]"
Change component parameters (AddParameter): Name = "Supplier Part Number 2"; Value = "667-<MPN>"; VariantName = "[No Variations]"
Change component parameters (AddParameter): Name = "Value"; Value = "?"; VariantName = "[No Variations]"
Change component parameters: Designator = "R32A"; Footprint = "RESC1608X55X30NL15T15"; UniqueID = "\REEOQYYS\IIHAQJIS\SHYXJNDG\AGQEHQZC"
Change component parameters. Clean all parameters for all variants
Change component parameters (AddParameter): Name = "ComponentLink1Description"; Value = "Datasheet"; VariantName = "[No Variations]"
Change component parameters (AddParameter): Name = "ComponentLink1URL"; Value = "https://www.mouser.de/datasheet/2/315/AOA0000C334-1314047.pdf"; VariantName = "[No Variations]"
Change component parameters (AddParameter): Name = "Created"; Value = "2019-12-08_Thilo_Wendt"; VariantName = "[No Variations]"
Change component parameters (AddParameter): Name = "HelpURL"; Value = "https://www.mouser.de/datasheet/2/315/AOA0000C334-1314047.pdf"; VariantName = "[No Variations]"
Change component parameters (AddParameter): Name = "MaxVoltage"; Value = "100"; VariantName = "[No Variations]"
Change component parameters (AddParameter): Name = "MF"; Value = "Panasonic"; VariantName = "[No Variations]"
Change component parameters (AddParameter): Name = "MPN"; Value = "ERJU<pkg><tol><val><pkg_meth>"; VariantName = "[No Variations]"
Change component parameters (AddParameter): Name = "Package"; Value = "CurrentFootprint"; VariantName = "[No Variations]"
Change component parameters (AddParameter): Name = "Parameter1"; Value = "V"; VariantName = "[No Variations]"
Change component parameters (AddParameter): Name = "Parameter1Desc"; Value = "Package Method"; VariantName = "[No Variations]"
Change component parameters (AddParameter): Name = "Parameter2"; Value = "F"; VariantName = "[No Variations]"
Change component parameters (AddParameter): Name = "Parameter2Desc"; Value = "Tolerance Symbol"; VariantName = "[No Variations]"
Change component parameters (AddParameter): Name = "Parameter3"; Value = ""; VariantName = "[No Variations]"
Change component parameters (AddParameter): Name = "Parameter3Desc"; Value = ""; VariantName = "[No Variations]"
Change component parameters (AddParameter): Name = "Supplier1"; Value = "https://de.farnell.com/w/search?qualifizierungsstandard-der-automobilindustrie=aec-q200&range=inc-in-stock&st=erju"; VariantName = "[No Variations]"
Change component parameters (AddParameter): Name = "Value"; Value = "?"; VariantName = "[No Variations]"
Change component parameters (AddParameter): Name = "ComponentLink1Description"; Value = "Datasheet"; VariantName = "3V3_to_3V3"
Change component parameters (AddParameter): Name = "ComponentLink1URL"; Value = "https://www.mouser.de/datasheet/2/315/AOA0000C334-1314047.pdf"; VariantName = "3V3_to_3V3"
Change component parameters (AddParameter): Name = "Created"; Value = "2019-12-08_Thilo_Wendt"; VariantName = "3V3_to_3V3"
Change component parameters (AddParameter): Name = "HelpURL"; Value = "https://www.mouser.de/datasheet/2/315/AOA0000C334-1314047.pdf"; VariantName = "3V3_to_3V3"
Change component parameters (AddParameter): Name = "MaxVoltage"; Value = "100"; VariantName = "3V3_to_3V3"
Change component parameters (AddParameter): Name = "MF"; Value = "Panasonic"; VariantName = "3V3_to_3V3"
Change component parameters (AddParameter): Name = "MPN"; Value = "ERJU<pkg><tol><val><pkg_meth>"; VariantName = "3V3_to_3V3"
Change component parameters (AddParameter): Name = "Package"; Value = "CurrentFootprint"; VariantName = "3V3_to_3V3"
Change component parameters (AddParameter): Name = "Parameter1"; Value = "V"; VariantName = "3V3_to_3V3"
Change component parameters (AddParameter): Name = "Parameter1Desc"; Value = "Package Method"; VariantName = "3V3_to_3V3"
Change component parameters (AddParameter): Name = "Parameter2"; Value = "F"; VariantName = "3V3_to_3V3"
Change component parameters (AddParameter): Name = "Parameter2Desc"; Value = "Tolerance Symbol"; VariantName = "3V3_to_3V3"
Change component parameters (AddParameter): Name = "Parameter3"; Value = ""; VariantName = "3V3_to_3V3"
Change component parameters (AddParameter): Name = "Parameter3Desc"; Value = ""; VariantName = "3V3_to_3V3"
Change component parameters (AddParameter): Name = "Supplier1"; Value = "https://de.farnell.com/w/search?qualifizierungsstandard-der-automobilindustrie=aec-q200&range=inc-in-stock&st=erju"; VariantName = "3V3_to_3V3"
Change component parameters (AddParameter): Name = "Value"; Value = "?"; VariantName = "3V3_to_3V3"
Change component parameters (AddParameter): Name = "ComponentLink1Description"; Value = "Datasheet"; VariantName = "3V3_to_RS422"
Change component parameters (AddParameter): Name = "ComponentLink1URL"; Value = "https://www.mouser.de/datasheet/2/315/AOA0000C334-1314047.pdf"; VariantName = "3V3_to_RS422"
Change component parameters (AddParameter): Name = "Created"; Value = "2019-12-08_Thilo_Wendt"; VariantName = "3V3_to_RS422"
Change component parameters (AddParameter): Name = "HelpURL"; Value = "https://www.mouser.de/datasheet/2/315/AOA0000C334-1314047.pdf"; VariantName = "3V3_to_RS422"
Change component parameters (AddParameter): Name = "MaxVoltage"; Value = "100"; VariantName = "3V3_to_RS422"
Change component parameters (AddParameter): Name = "MF"; Value = "Panasonic"; VariantName = "3V3_to_RS422"
Change component parameters (AddParameter): Name = "MPN"; Value = "ERJU<pkg><tol><val><pkg_meth>"; VariantName = "3V3_to_RS422"
Change component parameters (AddParameter): Name = "Package"; Value = "CurrentFootprint"; VariantName = "3V3_to_RS422"
Change component parameters (AddParameter): Name = "Parameter1"; Value = "V"; VariantName = "3V3_to_RS422"
Change component parameters (AddParameter): Name = "Parameter1Desc"; Value = "Package Method"; VariantName = "3V3_to_RS422"
Change component parameters (AddParameter): Name = "Parameter2"; Value = "F"; VariantName = "3V3_to_RS422"
Change component parameters (AddParameter): Name = "Parameter2Desc"; Value = "Tolerance Symbol"; VariantName = "3V3_to_RS422"
Change component parameters (AddParameter): Name = "Parameter3"; Value = ""; VariantName = "3V3_to_RS422"
Change component parameters (AddParameter): Name = "Parameter3Desc"; Value = ""; VariantName = "3V3_to_RS422"
Change component parameters (AddParameter): Name = "Supplier1"; Value = "https://de.farnell.com/w/search?qualifizierungsstandard-der-automobilindustrie=aec-q200&range=inc-in-stock&st=erju"; VariantName = "3V3_to_RS422"
Change component parameters (AddParameter): Name = "Value"; Value = "?"; VariantName = "3V3_to_RS422"
Change component parameters (AddParameter): Name = "ComponentLink1Description"; Value = "Datasheet"; VariantName = "RS422_to_3V3"
Change component parameters (AddParameter): Name = "ComponentLink1URL"; Value = "https://www.mouser.de/datasheet/2/315/AOA0000C334-1314047.pdf"; VariantName = "RS422_to_3V3"
Change component parameters (AddParameter): Name = "Created"; Value = "2019-12-08_Thilo_Wendt"; VariantName = "RS422_to_3V3"
Change component parameters (AddParameter): Name = "HelpURL"; Value = "https://www.mouser.de/datasheet/2/315/AOA0000C334-1314047.pdf"; VariantName = "RS422_to_3V3"
Change component parameters (AddParameter): Name = "MaxVoltage"; Value = "100"; VariantName = "RS422_to_3V3"
Change component parameters (AddParameter): Name = "MF"; Value = "Panasonic"; VariantName = "RS422_to_3V3"
Change component parameters (AddParameter): Name = "MPN"; Value = "ERJU<pkg><tol><val><pkg_meth>"; VariantName = "RS422_to_3V3"
Change component parameters (AddParameter): Name = "Package"; Value = "CurrentFootprint"; VariantName = "RS422_to_3V3"
Change component parameters (AddParameter): Name = "Parameter1"; Value = "V"; VariantName = "RS422_to_3V3"
Change component parameters (AddParameter): Name = "Parameter1Desc"; Value = "Package Method"; VariantName = "RS422_to_3V3"
Change component parameters (AddParameter): Name = "Parameter2"; Value = "F"; VariantName = "RS422_to_3V3"
Change component parameters (AddParameter): Name = "Parameter2Desc"; Value = "Tolerance Symbol"; VariantName = "RS422_to_3V3"
Change component parameters (AddParameter): Name = "Parameter3"; Value = ""; VariantName = "RS422_to_3V3"
Change component parameters (AddParameter): Name = "Parameter3Desc"; Value = ""; VariantName = "RS422_to_3V3"
Change component parameters (AddParameter): Name = "Supplier1"; Value = "https://de.farnell.com/w/search?qualifizierungsstandard-der-automobilindustrie=aec-q200&range=inc-in-stock&st=erju"; VariantName = "RS422_to_3V3"
Change component parameters (AddParameter): Name = "Value"; Value = "?"; VariantName = "RS422_to_3V3"
Change component parameters: Designator = "R32B"; Footprint = "RESC1608X55X30NL15T15"; UniqueID = "\REEOQYYS\IIHAQJIS\VRXDBBMP\AGQEHQZC"
Change component parameters. Clean all parameters for all variants
Change component parameters (AddParameter): Name = "ComponentLink1Description"; Value = "Datasheet"; VariantName = "[No Variations]"
Change component parameters (AddParameter): Name = "ComponentLink1URL"; Value = "https://www.mouser.de/datasheet/2/315/AOA0000C334-1314047.pdf"; VariantName = "[No Variations]"
Change component parameters (AddParameter): Name = "Created"; Value = "2019-12-08_Thilo_Wendt"; VariantName = "[No Variations]"
Change component parameters (AddParameter): Name = "HelpURL"; Value = "https://www.mouser.de/datasheet/2/315/AOA0000C334-1314047.pdf"; VariantName = "[No Variations]"
Change component parameters (AddParameter): Name = "MaxVoltage"; Value = "100"; VariantName = "[No Variations]"
Change component parameters (AddParameter): Name = "MF"; Value = "Panasonic"; VariantName = "[No Variations]"
Change component parameters (AddParameter): Name = "MPN"; Value = "ERJU<pkg><tol><val><pkg_meth>"; VariantName = "[No Variations]"
Change component parameters (AddParameter): Name = "Package"; Value = "CurrentFootprint"; VariantName = "[No Variations]"
Change component parameters (AddParameter): Name = "Parameter1"; Value = "V"; VariantName = "[No Variations]"
Change component parameters (AddParameter): Name = "Parameter1Desc"; Value = "Package Method"; VariantName = "[No Variations]"
Change component parameters (AddParameter): Name = "Parameter2"; Value = "F"; VariantName = "[No Variations]"
Change component parameters (AddParameter): Name = "Parameter2Desc"; Value = "Tolerance Symbol"; VariantName = "[No Variations]"
Change component parameters (AddParameter): Name = "Parameter3"; Value = ""; VariantName = "[No Variations]"
Change component parameters (AddParameter): Name = "Parameter3Desc"; Value = ""; VariantName = "[No Variations]"
Change component parameters (AddParameter): Name = "Supplier1"; Value = "https://de.farnell.com/w/search?qualifizierungsstandard-der-automobilindustrie=aec-q200&range=inc-in-stock&st=erju"; VariantName = "[No Variations]"
Change component parameters (AddParameter): Name = "Value"; Value = "?"; VariantName = "[No Variations]"
Change component parameters (AddParameter): Name = "ComponentLink1Description"; Value = "Datasheet"; VariantName = "3V3_to_3V3"
Change component parameters (AddParameter): Name = "ComponentLink1URL"; Value = "https://www.mouser.de/datasheet/2/315/AOA0000C334-1314047.pdf"; VariantName = "3V3_to_3V3"
Change component parameters (AddParameter): Name = "Created"; Value = "2019-12-08_Thilo_Wendt"; VariantName = "3V3_to_3V3"
Change component parameters (AddParameter): Name = "HelpURL"; Value = "https://www.mouser.de/datasheet/2/315/AOA0000C334-1314047.pdf"; VariantName = "3V3_to_3V3"
Change component parameters (AddParameter): Name = "MaxVoltage"; Value = "100"; VariantName = "3V3_to_3V3"
Change component parameters (AddParameter): Name = "MF"; Value = "Panasonic"; VariantName = "3V3_to_3V3"
Change component parameters (AddParameter): Name = "MPN"; Value = "ERJU<pkg><tol><val><pkg_meth>"; VariantName = "3V3_to_3V3"
Change component parameters (AddParameter): Name = "Package"; Value = "CurrentFootprint"; VariantName = "3V3_to_3V3"
Change component parameters (AddParameter): Name = "Parameter1"; Value = "V"; VariantName = "3V3_to_3V3"
Change component parameters (AddParameter): Name = "Parameter1Desc"; Value = "Package Method"; VariantName = "3V3_to_3V3"
Change component parameters (AddParameter): Name = "Parameter2"; Value = "F"; VariantName = "3V3_to_3V3"
Change component parameters (AddParameter): Name = "Parameter2Desc"; Value = "Tolerance Symbol"; VariantName = "3V3_to_3V3"
Change component parameters (AddParameter): Name = "Parameter3"; Value = ""; VariantName = "3V3_to_3V3"
Change component parameters (AddParameter): Name = "Parameter3Desc"; Value = ""; VariantName = "3V3_to_3V3"
Change component parameters (AddParameter): Name = "Supplier1"; Value = "https://de.farnell.com/w/search?qualifizierungsstandard-der-automobilindustrie=aec-q200&range=inc-in-stock&st=erju"; VariantName = "3V3_to_3V3"
Change component parameters (AddParameter): Name = "Value"; Value = "?"; VariantName = "3V3_to_3V3"
Change component parameters (AddParameter): Name = "ComponentLink1Description"; Value = "Datasheet"; VariantName = "3V3_to_RS422"
Change component parameters (AddParameter): Name = "ComponentLink1URL"; Value = "https://www.mouser.de/datasheet/2/315/AOA0000C334-1314047.pdf"; VariantName = "3V3_to_RS422"
Change component parameters (AddParameter): Name = "Created"; Value = "2019-12-08_Thilo_Wendt"; VariantName = "3V3_to_RS422"
Change component parameters (AddParameter): Name = "HelpURL"; Value = "https://www.mouser.de/datasheet/2/315/AOA0000C334-1314047.pdf"; VariantName = "3V3_to_RS422"
Change component parameters (AddParameter): Name = "MaxVoltage"; Value = "100"; VariantName = "3V3_to_RS422"
Change component parameters (AddParameter): Name = "MF"; Value = "Panasonic"; VariantName = "3V3_to_RS422"
Change component parameters (AddParameter): Name = "MPN"; Value = "ERJU<pkg><tol><val><pkg_meth>"; VariantName = "3V3_to_RS422"
Change component parameters (AddParameter): Name = "Package"; Value = "CurrentFootprint"; VariantName = "3V3_to_RS422"
Change component parameters (AddParameter): Name = "Parameter1"; Value = "V"; VariantName = "3V3_to_RS422"
Change component parameters (AddParameter): Name = "Parameter1Desc"; Value = "Package Method"; VariantName = "3V3_to_RS422"
Change component parameters (AddParameter): Name = "Parameter2"; Value = "F"; VariantName = "3V3_to_RS422"
Change component parameters (AddParameter): Name = "Parameter2Desc"; Value = "Tolerance Symbol"; VariantName = "3V3_to_RS422"
Change component parameters (AddParameter): Name = "Parameter3"; Value = ""; VariantName = "3V3_to_RS422"
Change component parameters (AddParameter): Name = "Parameter3Desc"; Value = ""; VariantName = "3V3_to_RS422"
Change component parameters (AddParameter): Name = "Supplier1"; Value = "https://de.farnell.com/w/search?qualifizierungsstandard-der-automobilindustrie=aec-q200&range=inc-in-stock&st=erju"; VariantName = "3V3_to_RS422"
Change component parameters (AddParameter): Name = "Value"; Value = "?"; VariantName = "3V3_to_RS422"
Change component parameters (AddParameter): Name = "ComponentLink1Description"; Value = "Datasheet"; VariantName = "RS422_to_3V3"
Change component parameters (AddParameter): Name = "ComponentLink1URL"; Value = "https://www.mouser.de/datasheet/2/315/AOA0000C334-1314047.pdf"; VariantName = "RS422_to_3V3"
Change component parameters (AddParameter): Name = "Created"; Value = "2019-12-08_Thilo_Wendt"; VariantName = "RS422_to_3V3"
Change component parameters (AddParameter): Name = "HelpURL"; Value = "https://www.mouser.de/datasheet/2/315/AOA0000C334-1314047.pdf"; VariantName = "RS422_to_3V3"
Change component parameters (AddParameter): Name = "MaxVoltage"; Value = "100"; VariantName = "RS422_to_3V3"
Change component parameters (AddParameter): Name = "MF"; Value = "Panasonic"; VariantName = "RS422_to_3V3"
Change component parameters (AddParameter): Name = "MPN"; Value = "ERJU<pkg><tol><val><pkg_meth>"; VariantName = "RS422_to_3V3"
Change component parameters (AddParameter): Name = "Package"; Value = "CurrentFootprint"; VariantName = "RS422_to_3V3"
Change component parameters (AddParameter): Name = "Parameter1"; Value = "V"; VariantName = "RS422_to_3V3"
Change component parameters (AddParameter): Name = "Parameter1Desc"; Value = "Package Method"; VariantName = "RS422_to_3V3"
Change component parameters (AddParameter): Name = "Parameter2"; Value = "F"; VariantName = "RS422_to_3V3"
Change component parameters (AddParameter): Name = "Parameter2Desc"; Value = "Tolerance Symbol"; VariantName = "RS422_to_3V3"
Change component parameters (AddParameter): Name = "Parameter3"; Value = ""; VariantName = "RS422_to_3V3"
Change component parameters (AddParameter): Name = "Parameter3Desc"; Value = ""; VariantName = "RS422_to_3V3"
Change component parameters (AddParameter): Name = "Supplier1"; Value = "https://de.farnell.com/w/search?qualifizierungsstandard-der-automobilindustrie=aec-q200&range=inc-in-stock&st=erju"; VariantName = "RS422_to_3V3"
Change component parameters (AddParameter): Name = "Value"; Value = "?"; VariantName = "RS422_to_3V3"
Change component parameters: Designator = "R33A"; Footprint = "RESC1608X55X30NL15T15"; UniqueID = "\REEOQYYS\IIHAQJIS\SHYXJNDG\LGXJUSLW"
Change component parameters. Clean all parameters for all variants
Change component parameters (AddParameter): Name = "ComponentLink1Description"; Value = "Datasheet"; VariantName = "[No Variations]"
Change component parameters (AddParameter): Name = "ComponentLink1URL"; Value = "https://www.mouser.de/datasheet/2/315/AOA0000C334-1314047.pdf"; VariantName = "[No Variations]"
Change component parameters (AddParameter): Name = "Created"; Value = "2019-12-08_Thilo_Wendt"; VariantName = "[No Variations]"
Change component parameters (AddParameter): Name = "HelpURL"; Value = "https://www.mouser.de/datasheet/2/315/AOA0000C334-1314047.pdf"; VariantName = "[No Variations]"
Change component parameters (AddParameter): Name = "MaxVoltage"; Value = "100"; VariantName = "[No Variations]"
Change component parameters (AddParameter): Name = "MF"; Value = "Panasonic"; VariantName = "[No Variations]"
Change component parameters (AddParameter): Name = "MPN"; Value = "ERJU<pkg><tol><val><pkg_meth>"; VariantName = "[No Variations]"
Change component parameters (AddParameter): Name = "Package"; Value = "CurrentFootprint"; VariantName = "[No Variations]"
Change component parameters (AddParameter): Name = "Parameter1"; Value = "V"; VariantName = "[No Variations]"
Change component parameters (AddParameter): Name = "Parameter1Desc"; Value = "Package Method"; VariantName = "[No Variations]"
Change component parameters (AddParameter): Name = "Parameter2"; Value = "F"; VariantName = "[No Variations]"
Change component parameters (AddParameter): Name = "Parameter2Desc"; Value = "Tolerance Symbol"; VariantName = "[No Variations]"
Change component parameters (AddParameter): Name = "Parameter3"; Value = ""; VariantName = "[No Variations]"
Change component parameters (AddParameter): Name = "Parameter3Desc"; Value = ""; VariantName = "[No Variations]"
Change component parameters (AddParameter): Name = "Supplier1"; Value = "https://de.farnell.com/w/search?qualifizierungsstandard-der-automobilindustrie=aec-q200&range=inc-in-stock&st=erju"; VariantName = "[No Variations]"
Change component parameters (AddParameter): Name = "Value"; Value = "?"; VariantName = "[No Variations]"
Change component parameters (AddParameter): Name = "ComponentLink1Description"; Value = "Datasheet"; VariantName = "3V3_to_3V3"
Change component parameters (AddParameter): Name = "ComponentLink1URL"; Value = "https://www.mouser.de/datasheet/2/315/AOA0000C334-1314047.pdf"; VariantName = "3V3_to_3V3"
Change component parameters (AddParameter): Name = "Created"; Value = "2019-12-08_Thilo_Wendt"; VariantName = "3V3_to_3V3"
Change component parameters (AddParameter): Name = "HelpURL"; Value = "https://www.mouser.de/datasheet/2/315/AOA0000C334-1314047.pdf"; VariantName = "3V3_to_3V3"
Change component parameters (AddParameter): Name = "MaxVoltage"; Value = "100"; VariantName = "3V3_to_3V3"
Change component parameters (AddParameter): Name = "MF"; Value = "Panasonic"; VariantName = "3V3_to_3V3"
Change component parameters (AddParameter): Name = "MPN"; Value = "ERJU<pkg><tol><val><pkg_meth>"; VariantName = "3V3_to_3V3"
Change component parameters (AddParameter): Name = "Package"; Value = "CurrentFootprint"; VariantName = "3V3_to_3V3"
Change component parameters (AddParameter): Name = "Parameter1"; Value = "V"; VariantName = "3V3_to_3V3"
Change component parameters (AddParameter): Name = "Parameter1Desc"; Value = "Package Method"; VariantName = "3V3_to_3V3"
Change component parameters (AddParameter): Name = "Parameter2"; Value = "F"; VariantName = "3V3_to_3V3"
Change component parameters (AddParameter): Name = "Parameter2Desc"; Value = "Tolerance Symbol"; VariantName = "3V3_to_3V3"
Change component parameters (AddParameter): Name = "Parameter3"; Value = ""; VariantName = "3V3_to_3V3"
Change component parameters (AddParameter): Name = "Parameter3Desc"; Value = ""; VariantName = "3V3_to_3V3"
Change component parameters (AddParameter): Name = "Supplier1"; Value = "https://de.farnell.com/w/search?qualifizierungsstandard-der-automobilindustrie=aec-q200&range=inc-in-stock&st=erju"; VariantName = "3V3_to_3V3"
Change component parameters (AddParameter): Name = "Value"; Value = "?"; VariantName = "3V3_to_3V3"
Change component parameters (AddParameter): Name = "ComponentLink1Description"; Value = "Datasheet"; VariantName = "3V3_to_RS422"
Change component parameters (AddParameter): Name = "ComponentLink1URL"; Value = "https://www.mouser.de/datasheet/2/315/AOA0000C334-1314047.pdf"; VariantName = "3V3_to_RS422"
Change component parameters (AddParameter): Name = "Created"; Value = "2019-12-08_Thilo_Wendt"; VariantName = "3V3_to_RS422"
Change component parameters (AddParameter): Name = "HelpURL"; Value = "https://www.mouser.de/datasheet/2/315/AOA0000C334-1314047.pdf"; VariantName = "3V3_to_RS422"
Change component parameters (AddParameter): Name = "MaxVoltage"; Value = "100"; VariantName = "3V3_to_RS422"
Change component parameters (AddParameter): Name = "MF"; Value = "Panasonic"; VariantName = "3V3_to_RS422"
Change component parameters (AddParameter): Name = "MPN"; Value = "ERJU<pkg><tol><val><pkg_meth>"; VariantName = "3V3_to_RS422"
Change component parameters (AddParameter): Name = "Package"; Value = "CurrentFootprint"; VariantName = "3V3_to_RS422"
Change component parameters (AddParameter): Name = "Parameter1"; Value = "V"; VariantName = "3V3_to_RS422"
Change component parameters (AddParameter): Name = "Parameter1Desc"; Value = "Package Method"; VariantName = "3V3_to_RS422"
Change component parameters (AddParameter): Name = "Parameter2"; Value = "F"; VariantName = "3V3_to_RS422"
Change component parameters (AddParameter): Name = "Parameter2Desc"; Value = "Tolerance Symbol"; VariantName = "3V3_to_RS422"
Change component parameters (AddParameter): Name = "Parameter3"; Value = ""; VariantName = "3V3_to_RS422"
Change component parameters (AddParameter): Name = "Parameter3Desc"; Value = ""; VariantName = "3V3_to_RS422"
Change component parameters (AddParameter): Name = "Supplier1"; Value = "https://de.farnell.com/w/search?qualifizierungsstandard-der-automobilindustrie=aec-q200&range=inc-in-stock&st=erju"; VariantName = "3V3_to_RS422"
Change component parameters (AddParameter): Name = "Value"; Value = "?"; VariantName = "3V3_to_RS422"
Change component parameters (AddParameter): Name = "ComponentLink1Description"; Value = "Datasheet"; VariantName = "RS422_to_3V3"
Change component parameters (AddParameter): Name = "ComponentLink1URL"; Value = "https://www.mouser.de/datasheet/2/315/AOA0000C334-1314047.pdf"; VariantName = "RS422_to_3V3"
Change component parameters (AddParameter): Name = "Created"; Value = "2019-12-08_Thilo_Wendt"; VariantName = "RS422_to_3V3"
Change component parameters (AddParameter): Name = "HelpURL"; Value = "https://www.mouser.de/datasheet/2/315/AOA0000C334-1314047.pdf"; VariantName = "RS422_to_3V3"
Change component parameters (AddParameter): Name = "MaxVoltage"; Value = "100"; VariantName = "RS422_to_3V3"
Change component parameters (AddParameter): Name = "MF"; Value = "Panasonic"; VariantName = "RS422_to_3V3"
Change component parameters (AddParameter): Name = "MPN"; Value = "ERJU<pkg><tol><val><pkg_meth>"; VariantName = "RS422_to_3V3"
Change component parameters (AddParameter): Name = "Package"; Value = "CurrentFootprint"; VariantName = "RS422_to_3V3"
Change component parameters (AddParameter): Name = "Parameter1"; Value = "V"; VariantName = "RS422_to_3V3"
Change component parameters (AddParameter): Name = "Parameter1Desc"; Value = "Package Method"; VariantName = "RS422_to_3V3"
Change component parameters (AddParameter): Name = "Parameter2"; Value = "F"; VariantName = "RS422_to_3V3"
Change component parameters (AddParameter): Name = "Parameter2Desc"; Value = "Tolerance Symbol"; VariantName = "RS422_to_3V3"
Change component parameters (AddParameter): Name = "Parameter3"; Value = ""; VariantName = "RS422_to_3V3"
Change component parameters (AddParameter): Name = "Parameter3Desc"; Value = ""; VariantName = "RS422_to_3V3"
Change component parameters (AddParameter): Name = "Supplier1"; Value = "https://de.farnell.com/w/search?qualifizierungsstandard-der-automobilindustrie=aec-q200&range=inc-in-stock&st=erju"; VariantName = "RS422_to_3V3"
Change component parameters (AddParameter): Name = "Value"; Value = "?"; VariantName = "RS422_to_3V3"
Change component parameters: Designator = "R33B"; Footprint = "RESC1608X55X30NL15T15"; UniqueID = "\REEOQYYS\IIHAQJIS\VRXDBBMP\LGXJUSLW"
Change component parameters. Clean all parameters for all variants
Change component parameters (AddParameter): Name = "ComponentLink1Description"; Value = "Datasheet"; VariantName = "[No Variations]"
Change component parameters (AddParameter): Name = "ComponentLink1URL"; Value = "https://www.mouser.de/datasheet/2/315/AOA0000C334-1314047.pdf"; VariantName = "[No Variations]"
Change component parameters (AddParameter): Name = "Created"; Value = "2019-12-08_Thilo_Wendt"; VariantName = "[No Variations]"
Change component parameters (AddParameter): Name = "HelpURL"; Value = "https://www.mouser.de/datasheet/2/315/AOA0000C334-1314047.pdf"; VariantName = "[No Variations]"
Change component parameters (AddParameter): Name = "MaxVoltage"; Value = "100"; VariantName = "[No Variations]"
Change component parameters (AddParameter): Name = "MF"; Value = "Panasonic"; VariantName = "[No Variations]"
Change component parameters (AddParameter): Name = "MPN"; Value = "ERJU<pkg><tol><val><pkg_meth>"; VariantName = "[No Variations]"
Change component parameters (AddParameter): Name = "Package"; Value = "CurrentFootprint"; VariantName = "[No Variations]"
Change component parameters (AddParameter): Name = "Parameter1"; Value = "V"; VariantName = "[No Variations]"
Change component parameters (AddParameter): Name = "Parameter1Desc"; Value = "Package Method"; VariantName = "[No Variations]"
Change component parameters (AddParameter): Name = "Parameter2"; Value = "F"; VariantName = "[No Variations]"
Change component parameters (AddParameter): Name = "Parameter2Desc"; Value = "Tolerance Symbol"; VariantName = "[No Variations]"
Change component parameters (AddParameter): Name = "Parameter3"; Value = ""; VariantName = "[No Variations]"
Change component parameters (AddParameter): Name = "Parameter3Desc"; Value = ""; VariantName = "[No Variations]"
Change component parameters (AddParameter): Name = "Supplier1"; Value = "https://de.farnell.com/w/search?qualifizierungsstandard-der-automobilindustrie=aec-q200&range=inc-in-stock&st=erju"; VariantName = "[No Variations]"
Change component parameters (AddParameter): Name = "Value"; Value = "?"; VariantName = "[No Variations]"
Change component parameters (AddParameter): Name = "ComponentLink1Description"; Value = "Datasheet"; VariantName = "3V3_to_3V3"
Change component parameters (AddParameter): Name = "ComponentLink1URL"; Value = "https://www.mouser.de/datasheet/2/315/AOA0000C334-1314047.pdf"; VariantName = "3V3_to_3V3"
Change component parameters (AddParameter): Name = "Created"; Value = "2019-12-08_Thilo_Wendt"; VariantName = "3V3_to_3V3"
Change component parameters (AddParameter): Name = "HelpURL"; Value = "https://www.mouser.de/datasheet/2/315/AOA0000C334-1314047.pdf"; VariantName = "3V3_to_3V3"
Change component parameters (AddParameter): Name = "MaxVoltage"; Value = "100"; VariantName = "3V3_to_3V3"
Change component parameters (AddParameter): Name = "MF"; Value = "Panasonic"; VariantName = "3V3_to_3V3"
Change component parameters (AddParameter): Name = "MPN"; Value = "ERJU<pkg><tol><val><pkg_meth>"; VariantName = "3V3_to_3V3"
Change component parameters (AddParameter): Name = "Package"; Value = "CurrentFootprint"; VariantName = "3V3_to_3V3"
Change component parameters (AddParameter): Name = "Parameter1"; Value = "V"; VariantName = "3V3_to_3V3"
Change component parameters (AddParameter): Name = "Parameter1Desc"; Value = "Package Method"; VariantName = "3V3_to_3V3"
Change component parameters (AddParameter): Name = "Parameter2"; Value = "F"; VariantName = "3V3_to_3V3"
Change component parameters (AddParameter): Name = "Parameter2Desc"; Value = "Tolerance Symbol"; VariantName = "3V3_to_3V3"
Change component parameters (AddParameter): Name = "Parameter3"; Value = ""; VariantName = "3V3_to_3V3"
Change component parameters (AddParameter): Name = "Parameter3Desc"; Value = ""; VariantName = "3V3_to_3V3"
Change component parameters (AddParameter): Name = "Supplier1"; Value = "https://de.farnell.com/w/search?qualifizierungsstandard-der-automobilindustrie=aec-q200&range=inc-in-stock&st=erju"; VariantName = "3V3_to_3V3"
Change component parameters (AddParameter): Name = "Value"; Value = "?"; VariantName = "3V3_to_3V3"
Change component parameters (AddParameter): Name = "ComponentLink1Description"; Value = "Datasheet"; VariantName = "3V3_to_RS422"
Change component parameters (AddParameter): Name = "ComponentLink1URL"; Value = "https://www.mouser.de/datasheet/2/315/AOA0000C334-1314047.pdf"; VariantName = "3V3_to_RS422"
Change component parameters (AddParameter): Name = "Created"; Value = "2019-12-08_Thilo_Wendt"; VariantName = "3V3_to_RS422"
Change component parameters (AddParameter): Name = "HelpURL"; Value = "https://www.mouser.de/datasheet/2/315/AOA0000C334-1314047.pdf"; VariantName = "3V3_to_RS422"
Change component parameters (AddParameter): Name = "MaxVoltage"; Value = "100"; VariantName = "3V3_to_RS422"
Change component parameters (AddParameter): Name = "MF"; Value = "Panasonic"; VariantName = "3V3_to_RS422"
Change component parameters (AddParameter): Name = "MPN"; Value = "ERJU<pkg><tol><val><pkg_meth>"; VariantName = "3V3_to_RS422"
Change component parameters (AddParameter): Name = "Package"; Value = "CurrentFootprint"; VariantName = "3V3_to_RS422"
Change component parameters (AddParameter): Name = "Parameter1"; Value = "V"; VariantName = "3V3_to_RS422"
Change component parameters (AddParameter): Name = "Parameter1Desc"; Value = "Package Method"; VariantName = "3V3_to_RS422"
Change component parameters (AddParameter): Name = "Parameter2"; Value = "F"; VariantName = "3V3_to_RS422"
Change component parameters (AddParameter): Name = "Parameter2Desc"; Value = "Tolerance Symbol"; VariantName = "3V3_to_RS422"
Change component parameters (AddParameter): Name = "Parameter3"; Value = ""; VariantName = "3V3_to_RS422"
Change component parameters (AddParameter): Name = "Parameter3Desc"; Value = ""; VariantName = "3V3_to_RS422"
Change component parameters (AddParameter): Name = "Supplier1"; Value = "https://de.farnell.com/w/search?qualifizierungsstandard-der-automobilindustrie=aec-q200&range=inc-in-stock&st=erju"; VariantName = "3V3_to_RS422"
Change component parameters (AddParameter): Name = "Value"; Value = "?"; VariantName = "3V3_to_RS422"
Change component parameters (AddParameter): Name = "ComponentLink1Description"; Value = "Datasheet"; VariantName = "RS422_to_3V3"
Change component parameters (AddParameter): Name = "ComponentLink1URL"; Value = "https://www.mouser.de/datasheet/2/315/AOA0000C334-1314047.pdf"; VariantName = "RS422_to_3V3"
Change component parameters (AddParameter): Name = "Created"; Value = "2019-12-08_Thilo_Wendt"; VariantName = "RS422_to_3V3"
Change component parameters (AddParameter): Name = "HelpURL"; Value = "https://www.mouser.de/datasheet/2/315/AOA0000C334-1314047.pdf"; VariantName = "RS422_to_3V3"
Change component parameters (AddParameter): Name = "MaxVoltage"; Value = "100"; VariantName = "RS422_to_3V3"
Change component parameters (AddParameter): Name = "MF"; Value = "Panasonic"; VariantName = "RS422_to_3V3"
Change component parameters (AddParameter): Name = "MPN"; Value = "ERJU<pkg><tol><val><pkg_meth>"; VariantName = "RS422_to_3V3"
Change component parameters (AddParameter): Name = "Package"; Value = "CurrentFootprint"; VariantName = "RS422_to_3V3"
Change component parameters (AddParameter): Name = "Parameter1"; Value = "V"; VariantName = "RS422_to_3V3"
Change component parameters (AddParameter): Name = "Parameter1Desc"; Value = "Package Method"; VariantName = "RS422_to_3V3"
Change component parameters (AddParameter): Name = "Parameter2"; Value = "F"; VariantName = "RS422_to_3V3"
Change component parameters (AddParameter): Name = "Parameter2Desc"; Value = "Tolerance Symbol"; VariantName = "RS422_to_3V3"
Change component parameters (AddParameter): Name = "Parameter3"; Value = ""; VariantName = "RS422_to_3V3"
Change component parameters (AddParameter): Name = "Parameter3Desc"; Value = ""; VariantName = "RS422_to_3V3"
Change component parameters (AddParameter): Name = "Supplier1"; Value = "https://de.farnell.com/w/search?qualifizierungsstandard-der-automobilindustrie=aec-q200&range=inc-in-stock&st=erju"; VariantName = "RS422_to_3V3"
Change component parameters (AddParameter): Name = "Value"; Value = "?"; VariantName = "RS422_to_3V3"
Change component parameters: Designator = "R34A"; Footprint = "RESC1608X55X30NL15T15"; UniqueID = "\REEOQYYS\IIHAQJIS\SHYXJNDG\LCGAWMUA"
Change component parameters. Clean all parameters for all variants
Change component parameters (AddParameter): Name = "ComponentLink1Description"; Value = "Datasheet"; VariantName = "[No Variations]"
Change component parameters (AddParameter): Name = "ComponentLink1URL"; Value = "https://www.mouser.de/datasheet/2/315/AOA0000C334-1314047.pdf"; VariantName = "[No Variations]"
Change component parameters (AddParameter): Name = "Created"; Value = "2019-12-08_Thilo_Wendt"; VariantName = "[No Variations]"
Change component parameters (AddParameter): Name = "HelpURL"; Value = "https://www.mouser.de/datasheet/2/315/AOA0000C334-1314047.pdf"; VariantName = "[No Variations]"
Change component parameters (AddParameter): Name = "MaxVoltage"; Value = "100"; VariantName = "[No Variations]"
Change component parameters (AddParameter): Name = "MF"; Value = "Panasonic"; VariantName = "[No Variations]"
Change component parameters (AddParameter): Name = "MPN"; Value = "ERJU<pkg><tol><val><pkg_meth>"; VariantName = "[No Variations]"
Change component parameters (AddParameter): Name = "Package"; Value = "CurrentFootprint"; VariantName = "[No Variations]"
Change component parameters (AddParameter): Name = "Parameter1"; Value = "V"; VariantName = "[No Variations]"
Change component parameters (AddParameter): Name = "Parameter1Desc"; Value = "Package Method"; VariantName = "[No Variations]"
Change component parameters (AddParameter): Name = "Parameter2"; Value = "F"; VariantName = "[No Variations]"
Change component parameters (AddParameter): Name = "Parameter2Desc"; Value = "Tolerance Symbol"; VariantName = "[No Variations]"
Change component parameters (AddParameter): Name = "Parameter3"; Value = ""; VariantName = "[No Variations]"
Change component parameters (AddParameter): Name = "Parameter3Desc"; Value = ""; VariantName = "[No Variations]"
Change component parameters (AddParameter): Name = "Supplier1"; Value = "https://de.farnell.com/w/search?qualifizierungsstandard-der-automobilindustrie=aec-q200&range=inc-in-stock&st=erju"; VariantName = "[No Variations]"
Change component parameters (AddParameter): Name = "Value"; Value = "?"; VariantName = "[No Variations]"
Change component parameters (AddParameter): Name = "ComponentLink1Description"; Value = "Datasheet"; VariantName = "3V3_to_3V3"
Change component parameters (AddParameter): Name = "ComponentLink1URL"; Value = "https://www.mouser.de/datasheet/2/315/AOA0000C334-1314047.pdf"; VariantName = "3V3_to_3V3"
Change component parameters (AddParameter): Name = "Created"; Value = "2019-12-08_Thilo_Wendt"; VariantName = "3V3_to_3V3"
Change component parameters (AddParameter): Name = "HelpURL"; Value = "https://www.mouser.de/datasheet/2/315/AOA0000C334-1314047.pdf"; VariantName = "3V3_to_3V3"
Change component parameters (AddParameter): Name = "MaxVoltage"; Value = "100"; VariantName = "3V3_to_3V3"
Change component parameters (AddParameter): Name = "MF"; Value = "Panasonic"; VariantName = "3V3_to_3V3"
Change component parameters (AddParameter): Name = "MPN"; Value = "ERJU<pkg><tol><val><pkg_meth>"; VariantName = "3V3_to_3V3"
Change component parameters (AddParameter): Name = "Package"; Value = "CurrentFootprint"; VariantName = "3V3_to_3V3"
Change component parameters (AddParameter): Name = "Parameter1"; Value = "V"; VariantName = "3V3_to_3V3"
Change component parameters (AddParameter): Name = "Parameter1Desc"; Value = "Package Method"; VariantName = "3V3_to_3V3"
Change component parameters (AddParameter): Name = "Parameter2"; Value = "F"; VariantName = "3V3_to_3V3"
Change component parameters (AddParameter): Name = "Parameter2Desc"; Value = "Tolerance Symbol"; VariantName = "3V3_to_3V3"
Change component parameters (AddParameter): Name = "Parameter3"; Value = ""; VariantName = "3V3_to_3V3"
Change component parameters (AddParameter): Name = "Parameter3Desc"; Value = ""; VariantName = "3V3_to_3V3"
Change component parameters (AddParameter): Name = "Supplier1"; Value = "https://de.farnell.com/w/search?qualifizierungsstandard-der-automobilindustrie=aec-q200&range=inc-in-stock&st=erju"; VariantName = "3V3_to_3V3"
Change component parameters (AddParameter): Name = "Value"; Value = "?"; VariantName = "3V3_to_3V3"
Change component parameters (AddParameter): Name = "ComponentLink1Description"; Value = "Datasheet"; VariantName = "3V3_to_RS422"
Change component parameters (AddParameter): Name = "ComponentLink1URL"; Value = "https://www.mouser.de/datasheet/2/315/AOA0000C334-1314047.pdf"; VariantName = "3V3_to_RS422"
Change component parameters (AddParameter): Name = "Created"; Value = "2019-12-08_Thilo_Wendt"; VariantName = "3V3_to_RS422"
Change component parameters (AddParameter): Name = "HelpURL"; Value = "https://www.mouser.de/datasheet/2/315/AOA0000C334-1314047.pdf"; VariantName = "3V3_to_RS422"
Change component parameters (AddParameter): Name = "MaxVoltage"; Value = "100"; VariantName = "3V3_to_RS422"
Change component parameters (AddParameter): Name = "MF"; Value = "Panasonic"; VariantName = "3V3_to_RS422"
Change component parameters (AddParameter): Name = "MPN"; Value = "ERJU<pkg><tol><val><pkg_meth>"; VariantName = "3V3_to_RS422"
Change component parameters (AddParameter): Name = "Package"; Value = "CurrentFootprint"; VariantName = "3V3_to_RS422"
Change component parameters (AddParameter): Name = "Parameter1"; Value = "V"; VariantName = "3V3_to_RS422"
Change component parameters (AddParameter): Name = "Parameter1Desc"; Value = "Package Method"; VariantName = "3V3_to_RS422"
Change component parameters (AddParameter): Name = "Parameter2"; Value = "F"; VariantName = "3V3_to_RS422"
Change component parameters (AddParameter): Name = "Parameter2Desc"; Value = "Tolerance Symbol"; VariantName = "3V3_to_RS422"
Change component parameters (AddParameter): Name = "Parameter3"; Value = ""; VariantName = "3V3_to_RS422"
Change component parameters (AddParameter): Name = "Parameter3Desc"; Value = ""; VariantName = "3V3_to_RS422"
Change component parameters (AddParameter): Name = "Supplier1"; Value = "https://de.farnell.com/w/search?qualifizierungsstandard-der-automobilindustrie=aec-q200&range=inc-in-stock&st=erju"; VariantName = "3V3_to_RS422"
Change component parameters (AddParameter): Name = "Value"; Value = "?"; VariantName = "3V3_to_RS422"
Change component parameters (AddParameter): Name = "ComponentLink1Description"; Value = "Datasheet"; VariantName = "RS422_to_3V3"
Change component parameters (AddParameter): Name = "ComponentLink1URL"; Value = "https://www.mouser.de/datasheet/2/315/AOA0000C334-1314047.pdf"; VariantName = "RS422_to_3V3"
Change component parameters (AddParameter): Name = "Created"; Value = "2019-12-08_Thilo_Wendt"; VariantName = "RS422_to_3V3"
Change component parameters (AddParameter): Name = "HelpURL"; Value = "https://www.mouser.de/datasheet/2/315/AOA0000C334-1314047.pdf"; VariantName = "RS422_to_3V3"
Change component parameters (AddParameter): Name = "MaxVoltage"; Value = "100"; VariantName = "RS422_to_3V3"
Change component parameters (AddParameter): Name = "MF"; Value = "Panasonic"; VariantName = "RS422_to_3V3"
Change component parameters (AddParameter): Name = "MPN"; Value = "ERJU<pkg><tol><val><pkg_meth>"; VariantName = "RS422_to_3V3"
Change component parameters (AddParameter): Name = "Package"; Value = "CurrentFootprint"; VariantName = "RS422_to_3V3"
Change component parameters (AddParameter): Name = "Parameter1"; Value = "V"; VariantName = "RS422_to_3V3"
Change component parameters (AddParameter): Name = "Parameter1Desc"; Value = "Package Method"; VariantName = "RS422_to_3V3"
Change component parameters (AddParameter): Name = "Parameter2"; Value = "F"; VariantName = "RS422_to_3V3"
Change component parameters (AddParameter): Name = "Parameter2Desc"; Value = "Tolerance Symbol"; VariantName = "RS422_to_3V3"
Change component parameters (AddParameter): Name = "Parameter3"; Value = ""; VariantName = "RS422_to_3V3"
Change component parameters (AddParameter): Name = "Parameter3Desc"; Value = ""; VariantName = "RS422_to_3V3"
Change component parameters (AddParameter): Name = "Supplier1"; Value = "https://de.farnell.com/w/search?qualifizierungsstandard-der-automobilindustrie=aec-q200&range=inc-in-stock&st=erju"; VariantName = "RS422_to_3V3"
Change component parameters (AddParameter): Name = "Value"; Value = "?"; VariantName = "RS422_to_3V3"
Change component parameters: Designator = "R34B"; Footprint = "RESC1608X55X30NL15T15"; UniqueID = "\REEOQYYS\IIHAQJIS\VRXDBBMP\LCGAWMUA"
Change component parameters. Clean all parameters for all variants
Change component parameters (AddParameter): Name = "ComponentLink1Description"; Value = "Datasheet"; VariantName = "[No Variations]"
Change component parameters (AddParameter): Name = "ComponentLink1URL"; Value = "https://www.mouser.de/datasheet/2/315/AOA0000C334-1314047.pdf"; VariantName = "[No Variations]"
Change component parameters (AddParameter): Name = "Created"; Value = "2019-12-08_Thilo_Wendt"; VariantName = "[No Variations]"
Change component parameters (AddParameter): Name = "HelpURL"; Value = "https://www.mouser.de/datasheet/2/315/AOA0000C334-1314047.pdf"; VariantName = "[No Variations]"
Change component parameters (AddParameter): Name = "MaxVoltage"; Value = "100"; VariantName = "[No Variations]"
Change component parameters (AddParameter): Name = "MF"; Value = "Panasonic"; VariantName = "[No Variations]"
Change component parameters (AddParameter): Name = "MPN"; Value = "ERJU<pkg><tol><val><pkg_meth>"; VariantName = "[No Variations]"
Change component parameters (AddParameter): Name = "Package"; Value = "CurrentFootprint"; VariantName = "[No Variations]"
Change component parameters (AddParameter): Name = "Parameter1"; Value = "V"; VariantName = "[No Variations]"
Change component parameters (AddParameter): Name = "Parameter1Desc"; Value = "Package Method"; VariantName = "[No Variations]"
Change component parameters (AddParameter): Name = "Parameter2"; Value = "F"; VariantName = "[No Variations]"
Change component parameters (AddParameter): Name = "Parameter2Desc"; Value = "Tolerance Symbol"; VariantName = "[No Variations]"
Change component parameters (AddParameter): Name = "Parameter3"; Value = ""; VariantName = "[No Variations]"
Change component parameters (AddParameter): Name = "Parameter3Desc"; Value = ""; VariantName = "[No Variations]"
Change component parameters (AddParameter): Name = "Supplier1"; Value = "https://de.farnell.com/w/search?qualifizierungsstandard-der-automobilindustrie=aec-q200&range=inc-in-stock&st=erju"; VariantName = "[No Variations]"
Change component parameters (AddParameter): Name = "Value"; Value = "?"; VariantName = "[No Variations]"
Change component parameters (AddParameter): Name = "ComponentLink1Description"; Value = "Datasheet"; VariantName = "3V3_to_3V3"
Change component parameters (AddParameter): Name = "ComponentLink1URL"; Value = "https://www.mouser.de/datasheet/2/315/AOA0000C334-1314047.pdf"; VariantName = "3V3_to_3V3"
Change component parameters (AddParameter): Name = "Created"; Value = "2019-12-08_Thilo_Wendt"; VariantName = "3V3_to_3V3"
Change component parameters (AddParameter): Name = "HelpURL"; Value = "https://www.mouser.de/datasheet/2/315/AOA0000C334-1314047.pdf"; VariantName = "3V3_to_3V3"
Change component parameters (AddParameter): Name = "MaxVoltage"; Value = "100"; VariantName = "3V3_to_3V3"
Change component parameters (AddParameter): Name = "MF"; Value = "Panasonic"; VariantName = "3V3_to_3V3"
Change component parameters (AddParameter): Name = "MPN"; Value = "ERJU<pkg><tol><val><pkg_meth>"; VariantName = "3V3_to_3V3"
Change component parameters (AddParameter): Name = "Package"; Value = "CurrentFootprint"; VariantName = "3V3_to_3V3"
Change component parameters (AddParameter): Name = "Parameter1"; Value = "V"; VariantName = "3V3_to_3V3"
Change component parameters (AddParameter): Name = "Parameter1Desc"; Value = "Package Method"; VariantName = "3V3_to_3V3"
Change component parameters (AddParameter): Name = "Parameter2"; Value = "F"; VariantName = "3V3_to_3V3"
Change component parameters (AddParameter): Name = "Parameter2Desc"; Value = "Tolerance Symbol"; VariantName = "3V3_to_3V3"
Change component parameters (AddParameter): Name = "Parameter3"; Value = ""; VariantName = "3V3_to_3V3"
Change component parameters (AddParameter): Name = "Parameter3Desc"; Value = ""; VariantName = "3V3_to_3V3"
Change component parameters (AddParameter): Name = "Supplier1"; Value = "https://de.farnell.com/w/search?qualifizierungsstandard-der-automobilindustrie=aec-q200&range=inc-in-stock&st=erju"; VariantName = "3V3_to_3V3"
Change component parameters (AddParameter): Name = "Value"; Value = "?"; VariantName = "3V3_to_3V3"
Change component parameters (AddParameter): Name = "ComponentLink1Description"; Value = "Datasheet"; VariantName = "3V3_to_RS422"
Change component parameters (AddParameter): Name = "ComponentLink1URL"; Value = "https://www.mouser.de/datasheet/2/315/AOA0000C334-1314047.pdf"; VariantName = "3V3_to_RS422"
Change component parameters (AddParameter): Name = "Created"; Value = "2019-12-08_Thilo_Wendt"; VariantName = "3V3_to_RS422"
Change component parameters (AddParameter): Name = "HelpURL"; Value = "https://www.mouser.de/datasheet/2/315/AOA0000C334-1314047.pdf"; VariantName = "3V3_to_RS422"
Change component parameters (AddParameter): Name = "MaxVoltage"; Value = "100"; VariantName = "3V3_to_RS422"
Change component parameters (AddParameter): Name = "MF"; Value = "Panasonic"; VariantName = "3V3_to_RS422"
Change component parameters (AddParameter): Name = "MPN"; Value = "ERJU<pkg><tol><val><pkg_meth>"; VariantName = "3V3_to_RS422"
Change component parameters (AddParameter): Name = "Package"; Value = "CurrentFootprint"; VariantName = "3V3_to_RS422"
Change component parameters (AddParameter): Name = "Parameter1"; Value = "V"; VariantName = "3V3_to_RS422"
Change component parameters (AddParameter): Name = "Parameter1Desc"; Value = "Package Method"; VariantName = "3V3_to_RS422"
Change component parameters (AddParameter): Name = "Parameter2"; Value = "F"; VariantName = "3V3_to_RS422"
Change component parameters (AddParameter): Name = "Parameter2Desc"; Value = "Tolerance Symbol"; VariantName = "3V3_to_RS422"
Change component parameters (AddParameter): Name = "Parameter3"; Value = ""; VariantName = "3V3_to_RS422"
Change component parameters (AddParameter): Name = "Parameter3Desc"; Value = ""; VariantName = "3V3_to_RS422"
Change component parameters (AddParameter): Name = "Supplier1"; Value = "https://de.farnell.com/w/search?qualifizierungsstandard-der-automobilindustrie=aec-q200&range=inc-in-stock&st=erju"; VariantName = "3V3_to_RS422"
Change component parameters (AddParameter): Name = "Value"; Value = "?"; VariantName = "3V3_to_RS422"
Change component parameters (AddParameter): Name = "ComponentLink1Description"; Value = "Datasheet"; VariantName = "RS422_to_3V3"
Change component parameters (AddParameter): Name = "ComponentLink1URL"; Value = "https://www.mouser.de/datasheet/2/315/AOA0000C334-1314047.pdf"; VariantName = "RS422_to_3V3"
Change component parameters (AddParameter): Name = "Created"; Value = "2019-12-08_Thilo_Wendt"; VariantName = "RS422_to_3V3"
Change component parameters (AddParameter): Name = "HelpURL"; Value = "https://www.mouser.de/datasheet/2/315/AOA0000C334-1314047.pdf"; VariantName = "RS422_to_3V3"
Change component parameters (AddParameter): Name = "MaxVoltage"; Value = "100"; VariantName = "RS422_to_3V3"
Change component parameters (AddParameter): Name = "MF"; Value = "Panasonic"; VariantName = "RS422_to_3V3"
Change component parameters (AddParameter): Name = "MPN"; Value = "ERJU<pkg><tol><val><pkg_meth>"; VariantName = "RS422_to_3V3"
Change component parameters (AddParameter): Name = "Package"; Value = "CurrentFootprint"; VariantName = "RS422_to_3V3"
Change component parameters (AddParameter): Name = "Parameter1"; Value = "V"; VariantName = "RS422_to_3V3"
Change component parameters (AddParameter): Name = "Parameter1Desc"; Value = "Package Method"; VariantName = "RS422_to_3V3"
Change component parameters (AddParameter): Name = "Parameter2"; Value = "F"; VariantName = "RS422_to_3V3"
Change component parameters (AddParameter): Name = "Parameter2Desc"; Value = "Tolerance Symbol"; VariantName = "RS422_to_3V3"
Change component parameters (AddParameter): Name = "Parameter3"; Value = ""; VariantName = "RS422_to_3V3"
Change component parameters (AddParameter): Name = "Parameter3Desc"; Value = ""; VariantName = "RS422_to_3V3"
Change component parameters (AddParameter): Name = "Supplier1"; Value = "https://de.farnell.com/w/search?qualifizierungsstandard-der-automobilindustrie=aec-q200&range=inc-in-stock&st=erju"; VariantName = "RS422_to_3V3"
Change component parameters (AddParameter): Name = "Value"; Value = "?"; VariantName = "RS422_to_3V3"
Change component parameters: Designator = "R35A"; Footprint = "RESC1608X55X30NL15T15"; UniqueID = "\REEOQYYS\IIHAQJIS\SHYXJNDG\XEFUWNUQ"
Change component parameters. Clean all parameters for all variants
Change component parameters (AddParameter): Name = "ComponentLink1Description"; Value = "Datasheet"; VariantName = "[No Variations]"
Change component parameters (AddParameter): Name = "ComponentLink1URL"; Value = "https://www.mouser.de/datasheet/2/315/AOA0000C334-1314047.pdf"; VariantName = "[No Variations]"
Change component parameters (AddParameter): Name = "Created"; Value = "2019-12-08_Thilo_Wendt"; VariantName = "[No Variations]"
Change component parameters (AddParameter): Name = "HelpURL"; Value = "https://www.mouser.de/datasheet/2/315/AOA0000C334-1314047.pdf"; VariantName = "[No Variations]"
Change component parameters (AddParameter): Name = "MaxVoltage"; Value = "100"; VariantName = "[No Variations]"
Change component parameters (AddParameter): Name = "MF"; Value = "Panasonic"; VariantName = "[No Variations]"
Change component parameters (AddParameter): Name = "MPN"; Value = "ERJU<pkg><tol><val><pkg_meth>"; VariantName = "[No Variations]"
Change component parameters (AddParameter): Name = "Package"; Value = "CurrentFootprint"; VariantName = "[No Variations]"
Change component parameters (AddParameter): Name = "Parameter1"; Value = "V"; VariantName = "[No Variations]"
Change component parameters (AddParameter): Name = "Parameter1Desc"; Value = "Package Method"; VariantName = "[No Variations]"
Change component parameters (AddParameter): Name = "Parameter2"; Value = "F"; VariantName = "[No Variations]"
Change component parameters (AddParameter): Name = "Parameter2Desc"; Value = "Tolerance Symbol"; VariantName = "[No Variations]"
Change component parameters (AddParameter): Name = "Parameter3"; Value = ""; VariantName = "[No Variations]"
Change component parameters (AddParameter): Name = "Parameter3Desc"; Value = ""; VariantName = "[No Variations]"
Change component parameters (AddParameter): Name = "Supplier1"; Value = "https://de.farnell.com/w/search?qualifizierungsstandard-der-automobilindustrie=aec-q200&range=inc-in-stock&st=erju"; VariantName = "[No Variations]"
Change component parameters (AddParameter): Name = "Value"; Value = "?"; VariantName = "[No Variations]"
Change component parameters (AddParameter): Name = "ComponentLink1Description"; Value = "Datasheet"; VariantName = "3V3_to_3V3"
Change component parameters (AddParameter): Name = "ComponentLink1URL"; Value = "https://www.mouser.de/datasheet/2/315/AOA0000C334-1314047.pdf"; VariantName = "3V3_to_3V3"
Change component parameters (AddParameter): Name = "Created"; Value = "2019-12-08_Thilo_Wendt"; VariantName = "3V3_to_3V3"
Change component parameters (AddParameter): Name = "HelpURL"; Value = "https://www.mouser.de/datasheet/2/315/AOA0000C334-1314047.pdf"; VariantName = "3V3_to_3V3"
Change component parameters (AddParameter): Name = "MaxVoltage"; Value = "100"; VariantName = "3V3_to_3V3"
Change component parameters (AddParameter): Name = "MF"; Value = "Panasonic"; VariantName = "3V3_to_3V3"
Change component parameters (AddParameter): Name = "MPN"; Value = "ERJU<pkg><tol><val><pkg_meth>"; VariantName = "3V3_to_3V3"
Change component parameters (AddParameter): Name = "Package"; Value = "CurrentFootprint"; VariantName = "3V3_to_3V3"
Change component parameters (AddParameter): Name = "Parameter1"; Value = "V"; VariantName = "3V3_to_3V3"
Change component parameters (AddParameter): Name = "Parameter1Desc"; Value = "Package Method"; VariantName = "3V3_to_3V3"
Change component parameters (AddParameter): Name = "Parameter2"; Value = "F"; VariantName = "3V3_to_3V3"
Change component parameters (AddParameter): Name = "Parameter2Desc"; Value = "Tolerance Symbol"; VariantName = "3V3_to_3V3"
Change component parameters (AddParameter): Name = "Parameter3"; Value = ""; VariantName = "3V3_to_3V3"
Change component parameters (AddParameter): Name = "Parameter3Desc"; Value = ""; VariantName = "3V3_to_3V3"
Change component parameters (AddParameter): Name = "Supplier1"; Value = "https://de.farnell.com/w/search?qualifizierungsstandard-der-automobilindustrie=aec-q200&range=inc-in-stock&st=erju"; VariantName = "3V3_to_3V3"
Change component parameters (AddParameter): Name = "Value"; Value = "?"; VariantName = "3V3_to_3V3"
Change component parameters (AddParameter): Name = "ComponentLink1Description"; Value = "Datasheet"; VariantName = "3V3_to_RS422"
Change component parameters (AddParameter): Name = "ComponentLink1URL"; Value = "https://www.mouser.de/datasheet/2/315/AOA0000C334-1314047.pdf"; VariantName = "3V3_to_RS422"
Change component parameters (AddParameter): Name = "Created"; Value = "2019-12-08_Thilo_Wendt"; VariantName = "3V3_to_RS422"
Change component parameters (AddParameter): Name = "HelpURL"; Value = "https://www.mouser.de/datasheet/2/315/AOA0000C334-1314047.pdf"; VariantName = "3V3_to_RS422"
Change component parameters (AddParameter): Name = "MaxVoltage"; Value = "100"; VariantName = "3V3_to_RS422"
Change component parameters (AddParameter): Name = "MF"; Value = "Panasonic"; VariantName = "3V3_to_RS422"
Change component parameters (AddParameter): Name = "MPN"; Value = "ERJU<pkg><tol><val><pkg_meth>"; VariantName = "3V3_to_RS422"
Change component parameters (AddParameter): Name = "Package"; Value = "CurrentFootprint"; VariantName = "3V3_to_RS422"
Change component parameters (AddParameter): Name = "Parameter1"; Value = "V"; VariantName = "3V3_to_RS422"
Change component parameters (AddParameter): Name = "Parameter1Desc"; Value = "Package Method"; VariantName = "3V3_to_RS422"
Change component parameters (AddParameter): Name = "Parameter2"; Value = "F"; VariantName = "3V3_to_RS422"
Change component parameters (AddParameter): Name = "Parameter2Desc"; Value = "Tolerance Symbol"; VariantName = "3V3_to_RS422"
Change component parameters (AddParameter): Name = "Parameter3"; Value = ""; VariantName = "3V3_to_RS422"
Change component parameters (AddParameter): Name = "Parameter3Desc"; Value = ""; VariantName = "3V3_to_RS422"
Change component parameters (AddParameter): Name = "Supplier1"; Value = "https://de.farnell.com/w/search?qualifizierungsstandard-der-automobilindustrie=aec-q200&range=inc-in-stock&st=erju"; VariantName = "3V3_to_RS422"
Change component parameters (AddParameter): Name = "Value"; Value = "?"; VariantName = "3V3_to_RS422"
Change component parameters (AddParameter): Name = "ComponentLink1Description"; Value = "Datasheet"; VariantName = "RS422_to_3V3"
Change component parameters (AddParameter): Name = "ComponentLink1URL"; Value = "https://www.mouser.de/datasheet/2/315/AOA0000C334-1314047.pdf"; VariantName = "RS422_to_3V3"
Change component parameters (AddParameter): Name = "Created"; Value = "2019-12-08_Thilo_Wendt"; VariantName = "RS422_to_3V3"
Change component parameters (AddParameter): Name = "HelpURL"; Value = "https://www.mouser.de/datasheet/2/315/AOA0000C334-1314047.pdf"; VariantName = "RS422_to_3V3"
Change component parameters (AddParameter): Name = "MaxVoltage"; Value = "100"; VariantName = "RS422_to_3V3"
Change component parameters (AddParameter): Name = "MF"; Value = "Panasonic"; VariantName = "RS422_to_3V3"
Change component parameters (AddParameter): Name = "MPN"; Value = "ERJU<pkg><tol><val><pkg_meth>"; VariantName = "RS422_to_3V3"
Change component parameters (AddParameter): Name = "Package"; Value = "CurrentFootprint"; VariantName = "RS422_to_3V3"
Change component parameters (AddParameter): Name = "Parameter1"; Value = "V"; VariantName = "RS422_to_3V3"
Change component parameters (AddParameter): Name = "Parameter1Desc"; Value = "Package Method"; VariantName = "RS422_to_3V3"
Change component parameters (AddParameter): Name = "Parameter2"; Value = "F"; VariantName = "RS422_to_3V3"
Change component parameters (AddParameter): Name = "Parameter2Desc"; Value = "Tolerance Symbol"; VariantName = "RS422_to_3V3"
Change component parameters (AddParameter): Name = "Parameter3"; Value = ""; VariantName = "RS422_to_3V3"
Change component parameters (AddParameter): Name = "Parameter3Desc"; Value = ""; VariantName = "RS422_to_3V3"
Change component parameters (AddParameter): Name = "Supplier1"; Value = "https://de.farnell.com/w/search?qualifizierungsstandard-der-automobilindustrie=aec-q200&range=inc-in-stock&st=erju"; VariantName = "RS422_to_3V3"
Change component parameters (AddParameter): Name = "Value"; Value = "?"; VariantName = "RS422_to_3V3"
Change component parameters: Designator = "R35B"; Footprint = "RESC1608X55X30NL15T15"; UniqueID = "\REEOQYYS\IIHAQJIS\VRXDBBMP\XEFUWNUQ"
Change component parameters. Clean all parameters for all variants
Change component parameters (AddParameter): Name = "ComponentLink1Description"; Value = "Datasheet"; VariantName = "[No Variations]"
Change component parameters (AddParameter): Name = "ComponentLink1URL"; Value = "https://www.mouser.de/datasheet/2/315/AOA0000C334-1314047.pdf"; VariantName = "[No Variations]"
Change component parameters (AddParameter): Name = "Created"; Value = "2019-12-08_Thilo_Wendt"; VariantName = "[No Variations]"
Change component parameters (AddParameter): Name = "HelpURL"; Value = "https://www.mouser.de/datasheet/2/315/AOA0000C334-1314047.pdf"; VariantName = "[No Variations]"
Change component parameters (AddParameter): Name = "MaxVoltage"; Value = "100"; VariantName = "[No Variations]"
Change component parameters (AddParameter): Name = "MF"; Value = "Panasonic"; VariantName = "[No Variations]"
Change component parameters (AddParameter): Name = "MPN"; Value = "ERJU<pkg><tol><val><pkg_meth>"; VariantName = "[No Variations]"
Change component parameters (AddParameter): Name = "Package"; Value = "CurrentFootprint"; VariantName = "[No Variations]"
Change component parameters (AddParameter): Name = "Parameter1"; Value = "V"; VariantName = "[No Variations]"
Change component parameters (AddParameter): Name = "Parameter1Desc"; Value = "Package Method"; VariantName = "[No Variations]"
Change component parameters (AddParameter): Name = "Parameter2"; Value = "F"; VariantName = "[No Variations]"
Change component parameters (AddParameter): Name = "Parameter2Desc"; Value = "Tolerance Symbol"; VariantName = "[No Variations]"
Change component parameters (AddParameter): Name = "Parameter3"; Value = ""; VariantName = "[No Variations]"
Change component parameters (AddParameter): Name = "Parameter3Desc"; Value = ""; VariantName = "[No Variations]"
Change component parameters (AddParameter): Name = "Supplier1"; Value = "https://de.farnell.com/w/search?qualifizierungsstandard-der-automobilindustrie=aec-q200&range=inc-in-stock&st=erju"; VariantName = "[No Variations]"
Change component parameters (AddParameter): Name = "Value"; Value = "?"; VariantName = "[No Variations]"
Change component parameters (AddParameter): Name = "ComponentLink1Description"; Value = "Datasheet"; VariantName = "3V3_to_3V3"
Change component parameters (AddParameter): Name = "ComponentLink1URL"; Value = "https://www.mouser.de/datasheet/2/315/AOA0000C334-1314047.pdf"; VariantName = "3V3_to_3V3"
Change component parameters (AddParameter): Name = "Created"; Value = "2019-12-08_Thilo_Wendt"; VariantName = "3V3_to_3V3"
Change component parameters (AddParameter): Name = "HelpURL"; Value = "https://www.mouser.de/datasheet/2/315/AOA0000C334-1314047.pdf"; VariantName = "3V3_to_3V3"
Change component parameters (AddParameter): Name = "MaxVoltage"; Value = "100"; VariantName = "3V3_to_3V3"
Change component parameters (AddParameter): Name = "MF"; Value = "Panasonic"; VariantName = "3V3_to_3V3"
Change component parameters (AddParameter): Name = "MPN"; Value = "ERJU<pkg><tol><val><pkg_meth>"; VariantName = "3V3_to_3V3"
Change component parameters (AddParameter): Name = "Package"; Value = "CurrentFootprint"; VariantName = "3V3_to_3V3"
Change component parameters (AddParameter): Name = "Parameter1"; Value = "V"; VariantName = "3V3_to_3V3"
Change component parameters (AddParameter): Name = "Parameter1Desc"; Value = "Package Method"; VariantName = "3V3_to_3V3"
Change component parameters (AddParameter): Name = "Parameter2"; Value = "F"; VariantName = "3V3_to_3V3"
Change component parameters (AddParameter): Name = "Parameter2Desc"; Value = "Tolerance Symbol"; VariantName = "3V3_to_3V3"
Change component parameters (AddParameter): Name = "Parameter3"; Value = ""; VariantName = "3V3_to_3V3"
Change component parameters (AddParameter): Name = "Parameter3Desc"; Value = ""; VariantName = "3V3_to_3V3"
Change component parameters (AddParameter): Name = "Supplier1"; Value = "https://de.farnell.com/w/search?qualifizierungsstandard-der-automobilindustrie=aec-q200&range=inc-in-stock&st=erju"; VariantName = "3V3_to_3V3"
Change component parameters (AddParameter): Name = "Value"; Value = "?"; VariantName = "3V3_to_3V3"
Change component parameters (AddParameter): Name = "ComponentLink1Description"; Value = "Datasheet"; VariantName = "3V3_to_RS422"
Change component parameters (AddParameter): Name = "ComponentLink1URL"; Value = "https://www.mouser.de/datasheet/2/315/AOA0000C334-1314047.pdf"; VariantName = "3V3_to_RS422"
Change component parameters (AddParameter): Name = "Created"; Value = "2019-12-08_Thilo_Wendt"; VariantName = "3V3_to_RS422"
Change component parameters (AddParameter): Name = "HelpURL"; Value = "https://www.mouser.de/datasheet/2/315/AOA0000C334-1314047.pdf"; VariantName = "3V3_to_RS422"
Change component parameters (AddParameter): Name = "MaxVoltage"; Value = "100"; VariantName = "3V3_to_RS422"
Change component parameters (AddParameter): Name = "MF"; Value = "Panasonic"; VariantName = "3V3_to_RS422"
Change component parameters (AddParameter): Name = "MPN"; Value = "ERJU<pkg><tol><val><pkg_meth>"; VariantName = "3V3_to_RS422"
Change component parameters (AddParameter): Name = "Package"; Value = "CurrentFootprint"; VariantName = "3V3_to_RS422"
Change component parameters (AddParameter): Name = "Parameter1"; Value = "V"; VariantName = "3V3_to_RS422"
Change component parameters (AddParameter): Name = "Parameter1Desc"; Value = "Package Method"; VariantName = "3V3_to_RS422"
Change component parameters (AddParameter): Name = "Parameter2"; Value = "F"; VariantName = "3V3_to_RS422"
Change component parameters (AddParameter): Name = "Parameter2Desc"; Value = "Tolerance Symbol"; VariantName = "3V3_to_RS422"
Change component parameters (AddParameter): Name = "Parameter3"; Value = ""; VariantName = "3V3_to_RS422"
Change component parameters (AddParameter): Name = "Parameter3Desc"; Value = ""; VariantName = "3V3_to_RS422"
Change component parameters (AddParameter): Name = "Supplier1"; Value = "https://de.farnell.com/w/search?qualifizierungsstandard-der-automobilindustrie=aec-q200&range=inc-in-stock&st=erju"; VariantName = "3V3_to_RS422"
Change component parameters (AddParameter): Name = "Value"; Value = "?"; VariantName = "3V3_to_RS422"
Change component parameters (AddParameter): Name = "ComponentLink1Description"; Value = "Datasheet"; VariantName = "RS422_to_3V3"
Change component parameters (AddParameter): Name = "ComponentLink1URL"; Value = "https://www.mouser.de/datasheet/2/315/AOA0000C334-1314047.pdf"; VariantName = "RS422_to_3V3"
Change component parameters (AddParameter): Name = "Created"; Value = "2019-12-08_Thilo_Wendt"; VariantName = "RS422_to_3V3"
Change component parameters (AddParameter): Name = "HelpURL"; Value = "https://www.mouser.de/datasheet/2/315/AOA0000C334-1314047.pdf"; VariantName = "RS422_to_3V3"
Change component parameters (AddParameter): Name = "MaxVoltage"; Value = "100"; VariantName = "RS422_to_3V3"
Change component parameters (AddParameter): Name = "MF"; Value = "Panasonic"; VariantName = "RS422_to_3V3"
Change component parameters (AddParameter): Name = "MPN"; Value = "ERJU<pkg><tol><val><pkg_meth>"; VariantName = "RS422_to_3V3"
Change component parameters (AddParameter): Name = "Package"; Value = "CurrentFootprint"; VariantName = "RS422_to_3V3"
Change component parameters (AddParameter): Name = "Parameter1"; Value = "V"; VariantName = "RS422_to_3V3"
Change component parameters (AddParameter): Name = "Parameter1Desc"; Value = "Package Method"; VariantName = "RS422_to_3V3"
Change component parameters (AddParameter): Name = "Parameter2"; Value = "F"; VariantName = "RS422_to_3V3"
Change component parameters (AddParameter): Name = "Parameter2Desc"; Value = "Tolerance Symbol"; VariantName = "RS422_to_3V3"
Change component parameters (AddParameter): Name = "Parameter3"; Value = ""; VariantName = "RS422_to_3V3"
Change component parameters (AddParameter): Name = "Parameter3Desc"; Value = ""; VariantName = "RS422_to_3V3"
Change component parameters (AddParameter): Name = "Supplier1"; Value = "https://de.farnell.com/w/search?qualifizierungsstandard-der-automobilindustrie=aec-q200&range=inc-in-stock&st=erju"; VariantName = "RS422_to_3V3"
Change component parameters (AddParameter): Name = "Value"; Value = "?"; VariantName = "RS422_to_3V3"
Change component parameters: Designator = "R1"; Footprint = "RESC1608X55X30NL15T15"; UniqueID = "\WHONMLKY\YZPUAALX"
Change component parameters. Clean all parameters for all variants
Change component parameters (AddParameter): Name = "ComponentLink1Description"; Value = "Datasheet"; VariantName = "[No Variations]"
Change component parameters (AddParameter): Name = "ComponentLink1URL"; Value = "https://www.mouser.de/datasheet/2/315/AOA0000C334-1314047.pdf"; VariantName = "[No Variations]"
Change component parameters (AddParameter): Name = "Created"; Value = "2019-12-08_Thilo_Wendt"; VariantName = "[No Variations]"
Change component parameters (AddParameter): Name = "HelpURL"; Value = "https://www.mouser.de/datasheet/2/315/AOA0000C334-1314047.pdf"; VariantName = "[No Variations]"
Change component parameters (AddParameter): Name = "MaxVoltage"; Value = "100"; VariantName = "[No Variations]"
Change component parameters (AddParameter): Name = "MF"; Value = "Panasonic"; VariantName = "[No Variations]"
Change component parameters (AddParameter): Name = "MPN"; Value = "ERJU<pkg><tol><val><pkg_meth>"; VariantName = "[No Variations]"
Change component parameters (AddParameter): Name = "Package"; Value = "CurrentFootprint"; VariantName = "[No Variations]"
Change component parameters (AddParameter): Name = "Parameter1"; Value = "V"; VariantName = "[No Variations]"
Change component parameters (AddParameter): Name = "Parameter1Desc"; Value = "Package Method"; VariantName = "[No Variations]"
Change component parameters (AddParameter): Name = "Parameter2"; Value = "F"; VariantName = "[No Variations]"
Change component parameters (AddParameter): Name = "Parameter2Desc"; Value = "Tolerance Symbol"; VariantName = "[No Variations]"
Change component parameters (AddParameter): Name = "Parameter3"; Value = ""; VariantName = "[No Variations]"
Change component parameters (AddParameter): Name = "Parameter3Desc"; Value = ""; VariantName = "[No Variations]"
Change component parameters (AddParameter): Name = "Supplier1"; Value = "https://de.farnell.com/w/search?qualifizierungsstandard-der-automobilindustrie=aec-q200&range=inc-in-stock&st=erju"; VariantName = "[No Variations]"
Change component parameters (AddParameter): Name = "Value"; Value = "?"; VariantName = "[No Variations]"
Change component parameters: Designator = "R2"; Footprint = "RESC1608X55X30NL15T15"; UniqueID = "\WHONMLKY\RSVGWDKZ"
Change component parameters. Clean all parameters for all variants
Change component parameters (AddParameter): Name = "ComponentLink1Description"; Value = "Datasheet"; VariantName = "[No Variations]"
Change component parameters (AddParameter): Name = "ComponentLink1URL"; Value = "https://www.mouser.de/datasheet/2/315/AOA0000C334-1314047.pdf"; VariantName = "[No Variations]"
Change component parameters (AddParameter): Name = "Created"; Value = "2019-12-08_Thilo_Wendt"; VariantName = "[No Variations]"
Change component parameters (AddParameter): Name = "HelpURL"; Value = "https://www.mouser.de/datasheet/2/315/AOA0000C334-1314047.pdf"; VariantName = "[No Variations]"
Change component parameters (AddParameter): Name = "MaxVoltage"; Value = "100"; VariantName = "[No Variations]"
Change component parameters (AddParameter): Name = "MF"; Value = "Panasonic"; VariantName = "[No Variations]"
Change component parameters (AddParameter): Name = "MPN"; Value = "ERJU<pkg><tol><val><pkg_meth>"; VariantName = "[No Variations]"
Change component parameters (AddParameter): Name = "Package"; Value = "CurrentFootprint"; VariantName = "[No Variations]"
Change component parameters (AddParameter): Name = "Parameter1"; Value = "V"; VariantName = "[No Variations]"
Change component parameters (AddParameter): Name = "Parameter1Desc"; Value = "Package Method"; VariantName = "[No Variations]"
Change component parameters (AddParameter): Name = "Parameter2"; Value = "F"; VariantName = "[No Variations]"
Change component parameters (AddParameter): Name = "Parameter2Desc"; Value = "Tolerance Symbol"; VariantName = "[No Variations]"
Change component parameters (AddParameter): Name = "Parameter3"; Value = ""; VariantName = "[No Variations]"
Change component parameters (AddParameter): Name = "Parameter3Desc"; Value = ""; VariantName = "[No Variations]"
Change component parameters (AddParameter): Name = "Supplier1"; Value = "https://de.farnell.com/w/search?qualifizierungsstandard-der-automobilindustrie=aec-q200&range=inc-in-stock&st=erju"; VariantName = "[No Variations]"
Change component parameters (AddParameter): Name = "Value"; Value = "?"; VariantName = "[No Variations]"
Change component parameters: Designator = "D1"; Footprint = "WL-SMCW_0603"; UniqueID = "\GEIJMUXU\LEFTJMUC"
Change component parameters. Clean all parameters for all variants
Change component parameters (AddParameter): Name = "ComponentLink1Description"; Value = "Manufacturer"; VariantName = "[No Variations]"
Change component parameters (AddParameter): Name = "ComponentLink1URL"; Value = "http://www.we-online.de"; VariantName = "[No Variations]"
Change component parameters (AddParameter): Name = "ComponentLink2Description"; Value = "Datasheet"; VariantName = "[No Variations]"
Change component parameters (AddParameter): Name = "ComponentLink2URL"; Value = "http://katalog.we-online.com/led/datasheet/150060AS75000.pdf"; VariantName = "[No Variations]"
Change component parameters (AddParameter): Name = "Created"; Value = "2020-01-07_Thilo_Wendt"; VariantName = "[No Variations]"
Change component parameters (AddParameter): Name = "Dominant Wavelength"; Value = "605nm"; VariantName = "[No Variations]"
Change component parameters (AddParameter): Name = "Emitting Color"; Value = "Amber"; VariantName = "[No Variations]"
Change component parameters (AddParameter): Name = "Forward Voltage"; Value = "2 V"; VariantName = "[No Variations]"
Change component parameters (AddParameter): Name = "Luminous Intensity"; Value = "250 mcd"; VariantName = "[No Variations]"
Change component parameters (AddParameter): Name = "MF"; Value = "Wuerth Elektronik"; VariantName = "[No Variations]"
Change component parameters (AddParameter): Name = "MPN"; Value = "150060AS75000"; VariantName = "[No Variations]"
Change component parameters (AddParameter): Name = "Package"; Value = "0603"; VariantName = "[No Variations]"
Change component parameters (AddParameter): Name = "Peak Wavelength"; Value = "610nm"; VariantName = "[No Variations]"
Change component parameters (AddParameter): Name = "Published Date"; Value = "Sep. 2017"; VariantName = "[No Variations]"
Change component parameters (AddParameter): Name = "Size"; Value = "0603"; VariantName = "[No Variations]"
Change component parameters (AddParameter): Name = "Supplier 1"; Value = "Digi-Key"; VariantName = "[No Variations]"
Change component parameters (AddParameter): Name = "Supplier 2"; Value = "Mouser"; VariantName = "[No Variations]"
Change component parameters (AddParameter): Name = "Supplier 3"; Value = "Farnell"; VariantName = "[No Variations]"
Change component parameters (AddParameter): Name = "Supplier Part Number 1"; Value = "732-150060AS75000CT-ND"; VariantName = "[No Variations]"
Change component parameters (AddParameter): Name = "Supplier Part Number 2"; Value = "710-150060AS75000"; VariantName = "[No Variations]"
Change component parameters (AddParameter): Name = "Value"; Value = "150060AS75000"; VariantName = "[No Variations]"
Change component parameters (AddParameter): Name = "Viewing Angle"; Value = "140°"; VariantName = "[No Variations]"
Change component parameters: Designator = "D5"; Footprint = "WL-SMCW_0603"; UniqueID = "\GEIJMUXU\NMPNHIQF"
Change component parameters. Clean all parameters for all variants
Change component parameters (AddParameter): Name = "ComponentLink1Description"; Value = "Manufacturer"; VariantName = "[No Variations]"
Change component parameters (AddParameter): Name = "ComponentLink1URL"; Value = "http://www.we-online.de"; VariantName = "[No Variations]"
Change component parameters (AddParameter): Name = "ComponentLink2Description"; Value = "Datasheet"; VariantName = "[No Variations]"
Change component parameters (AddParameter): Name = "ComponentLink2URL"; Value = "http://katalog.we-online.com/led/datasheet/150060YS75000.pdf"; VariantName = "[No Variations]"
Change component parameters (AddParameter): Name = "Created"; Value = "2020-01-07_Thilo_Wendt"; VariantName = "[No Variations]"
Change component parameters (AddParameter): Name = "Dominant Wavelength"; Value = "590"; VariantName = "[No Variations]"
Change component parameters (AddParameter): Name = "Emitting Color"; Value = "Yellow"; VariantName = "[No Variations]"
Change component parameters (AddParameter): Name = "Forward Voltage"; Value = "2 V"; VariantName = "[No Variations]"
Change component parameters (AddParameter): Name = "Luminous Intensity"; Value = "250 mcd"; VariantName = "[No Variations]"
Change component parameters (AddParameter): Name = "MF"; Value = "Wuerth Elektronik"; VariantName = "[No Variations]"
Change component parameters (AddParameter): Name = "MPN"; Value = "150060YS75000"; VariantName = "[No Variations]"
Change component parameters (AddParameter): Name = "Package"; Value = "0603"; VariantName = "[No Variations]"
Change component parameters (AddParameter): Name = "Peak Wavelength"; Value = "595"; VariantName = "[No Variations]"
Change component parameters (AddParameter): Name = "Published Date"; Value = "Sep. 2017"; VariantName = "[No Variations]"
Change component parameters (AddParameter): Name = "Size"; Value = "0603"; VariantName = "[No Variations]"
Change component parameters (AddParameter): Name = "Supplier 1"; Value = "Mouser"; VariantName = "[No Variations]"
Change component parameters (AddParameter): Name = "Supplier 2"; Value = "Farnell"; VariantName = "[No Variations]"
Change component parameters (AddParameter): Name = "Supplier 3"; Value = "Digi-Key"; VariantName = "[No Variations]"
Change component parameters (AddParameter): Name = "Supplier Part Number 1"; Value = "710-150060YS75000"; VariantName = "[No Variations]"
Change component parameters (AddParameter): Name = "Supplier Part Number 2"; Value = "2322074"; VariantName = "[No Variations]"
Change component parameters (AddParameter): Name = "Supplier Part Number 3"; Value = "732-4981-1-ND"; VariantName = "[No Variations]"
Change component parameters (AddParameter): Name = "Value"; Value = "150060YS75000"; VariantName = "[No Variations]"
Change component parameters (AddParameter): Name = "Viewing Angle"; Value = "140°"; VariantName = "[No Variations]"
Change component parameters: Designator = "C1"; Footprint = "CAPAE9583X66L"; UniqueID = "\SMQLPFVK\NJSMWYGD"
Change component parameters. Clean all parameters for all variants
Change component parameters (AddParameter): Name = "ComponentLink1Description"; Value = "Datasheet"; VariantName = "[No Variations]"
Change component parameters (AddParameter): Name = "ComponentLink1URL"; Value = "https://industrial.panasonic.com/cdbs/www-data/pdf/RDE0000/ABA0000C1145.pdf"; VariantName = "[No Variations]"
Change component parameters (AddParameter): Name = "Created"; Value = "2019-12-13_Thilo_Wendt"; VariantName = "[No Variations]"
Change component parameters (AddParameter): Name = "HelpURL"; Value = "https://industrial.panasonic.com/cdbs/www-data/pdf/RDE0000/ABA0000C1145.pdf"; VariantName = "[No Variations]"
Change component parameters (AddParameter): Name = "MaxVoltage"; Value = "35"; VariantName = "[No Variations]"
Change component parameters (AddParameter): Name = "MF"; Value = "Panasonic"; VariantName = "[No Variations]"
Change component parameters (AddParameter): Name = "MPN"; Value = "EEE1VA470P"; VariantName = "[No Variations]"
Change component parameters (AddParameter): Name = "Package"; Value = "CurrentFootprint"; VariantName = "[No Variations]"
Change component parameters (AddParameter): Name = "Supplier 1"; Value = "Farnell"; VariantName = "[No Variations]"
Change component parameters (AddParameter): Name = "Supplier 2"; Value = "Mouser"; VariantName = "[No Variations]"
Change component parameters (AddParameter): Name = "Supplier Part Number 1"; Value = "2326181"; VariantName = "[No Variations]"
Change component parameters (AddParameter): Name = "Supplier Part Number 2"; Value = "667-EEE-1VA470P"; VariantName = "[No Variations]"
Change component parameters (AddParameter): Name = "Value"; Value = "47u"; VariantName = "[No Variations]"
Change component parameters (AddParameter): Name = "ComponentLink1Description"; Value = "Datasheet"; VariantName = "3V3_to_3V3"
Change component parameters (AddParameter): Name = "ComponentLink1URL"; Value = "https://industrial.panasonic.com/cdbs/www-data/pdf/RDE0000/ABA0000C1145.pdf"; VariantName = "3V3_to_3V3"
Change component parameters (AddParameter): Name = "Created"; Value = "2019-12-13_Thilo_Wendt"; VariantName = "3V3_to_3V3"
Change component parameters (AddParameter): Name = "HelpURL"; Value = "https://industrial.panasonic.com/cdbs/www-data/pdf/RDE0000/ABA0000C1145.pdf"; VariantName = "3V3_to_3V3"
Change component parameters (AddParameter): Name = "MaxVoltage"; Value = "35"; VariantName = "3V3_to_3V3"
Change component parameters (AddParameter): Name = "MF"; Value = "Panasonic"; VariantName = "3V3_to_3V3"
Change component parameters (AddParameter): Name = "MPN"; Value = "EEE1VA470P"; VariantName = "3V3_to_3V3"
Change component parameters (AddParameter): Name = "Package"; Value = "CurrentFootprint"; VariantName = "3V3_to_3V3"
Change component parameters (AddParameter): Name = "Supplier 1"; Value = "Farnell"; VariantName = "3V3_to_3V3"
Change component parameters (AddParameter): Name = "Supplier 2"; Value = "Mouser"; VariantName = "3V3_to_3V3"
Change component parameters (AddParameter): Name = "Supplier Part Number 1"; Value = "2326181"; VariantName = "3V3_to_3V3"
Change component parameters (AddParameter): Name = "Supplier Part Number 2"; Value = "667-EEE-1VA470P"; VariantName = "3V3_to_3V3"
Change component parameters (AddParameter): Name = "Value"; Value = "47u"; VariantName = "3V3_to_3V3"
Change component parameters (AddParameter): Name = "ComponentLink1Description"; Value = "Datasheet"; VariantName = "3V3_to_5V"
Change component parameters (AddParameter): Name = "ComponentLink1URL"; Value = "https://industrial.panasonic.com/cdbs/www-data/pdf/RDE0000/ABA0000C1145.pdf"; VariantName = "3V3_to_5V"
Change component parameters (AddParameter): Name = "Created"; Value = "2019-12-13_Thilo_Wendt"; VariantName = "3V3_to_5V"
Change component parameters (AddParameter): Name = "HelpURL"; Value = "https://industrial.panasonic.com/cdbs/www-data/pdf/RDE0000/ABA0000C1145.pdf"; VariantName = "3V3_to_5V"
Change component parameters (AddParameter): Name = "MaxVoltage"; Value = "35"; VariantName = "3V3_to_5V"
Change component parameters (AddParameter): Name = "MF"; Value = "Panasonic"; VariantName = "3V3_to_5V"
Change component parameters (AddParameter): Name = "MPN"; Value = "EEE1VA470P"; VariantName = "3V3_to_5V"
Change component parameters (AddParameter): Name = "Package"; Value = "CurrentFootprint"; VariantName = "3V3_to_5V"
Change component parameters (AddParameter): Name = "Supplier 1"; Value = "Farnell"; VariantName = "3V3_to_5V"
Change component parameters (AddParameter): Name = "Supplier 2"; Value = "Mouser"; VariantName = "3V3_to_5V"
Change component parameters (AddParameter): Name = "Supplier Part Number 1"; Value = "2326181"; VariantName = "3V3_to_5V"
Change component parameters (AddParameter): Name = "Supplier Part Number 2"; Value = "667-EEE-1VA470P"; VariantName = "3V3_to_5V"
Change component parameters (AddParameter): Name = "Value"; Value = "47u"; VariantName = "3V3_to_5V"
Change component parameters (AddParameter): Name = "ComponentLink1Description"; Value = "Datasheet"; VariantName = "3V3_to_RS422"
Change component parameters (AddParameter): Name = "ComponentLink1URL"; Value = "https://industrial.panasonic.com/cdbs/www-data/pdf/RDE0000/ABA0000C1145.pdf"; VariantName = "3V3_to_RS422"
Change component parameters (AddParameter): Name = "Created"; Value = "2019-12-13_Thilo_Wendt"; VariantName = "3V3_to_RS422"
Change component parameters (AddParameter): Name = "HelpURL"; Value = "https://industrial.panasonic.com/cdbs/www-data/pdf/RDE0000/ABA0000C1145.pdf"; VariantName = "3V3_to_RS422"
Change component parameters (AddParameter): Name = "MaxVoltage"; Value = "35"; VariantName = "3V3_to_RS422"
Change component parameters (AddParameter): Name = "MF"; Value = "Panasonic"; VariantName = "3V3_to_RS422"
Change component parameters (AddParameter): Name = "MPN"; Value = "EEE1VA470P"; VariantName = "3V3_to_RS422"
Change component parameters (AddParameter): Name = "Package"; Value = "CurrentFootprint"; VariantName = "3V3_to_RS422"
Change component parameters (AddParameter): Name = "Supplier 1"; Value = "Farnell"; VariantName = "3V3_to_RS422"
Change component parameters (AddParameter): Name = "Supplier 2"; Value = "Mouser"; VariantName = "3V3_to_RS422"
Change component parameters (AddParameter): Name = "Supplier Part Number 1"; Value = "2326181"; VariantName = "3V3_to_RS422"
Change component parameters (AddParameter): Name = "Supplier Part Number 2"; Value = "667-EEE-1VA470P"; VariantName = "3V3_to_RS422"
Change component parameters (AddParameter): Name = "Value"; Value = "47u"; VariantName = "3V3_to_RS422"
Change component parameters (AddParameter): Name = "ComponentLink1Description"; Value = "Datasheet"; VariantName = "RS422_to_3V3"
Change component parameters (AddParameter): Name = "ComponentLink1URL"; Value = "https://industrial.panasonic.com/cdbs/www-data/pdf/RDE0000/ABA0000C1145.pdf"; VariantName = "RS422_to_3V3"
Change component parameters (AddParameter): Name = "Created"; Value = "2019-12-13_Thilo_Wendt"; VariantName = "RS422_to_3V3"
Change component parameters (AddParameter): Name = "HelpURL"; Value = "https://industrial.panasonic.com/cdbs/www-data/pdf/RDE0000/ABA0000C1145.pdf"; VariantName = "RS422_to_3V3"
Change component parameters (AddParameter): Name = "MaxVoltage"; Value = "35"; VariantName = "RS422_to_3V3"
Change component parameters (AddParameter): Name = "MF"; Value = "Panasonic"; VariantName = "RS422_to_3V3"
Change component parameters (AddParameter): Name = "MPN"; Value = "EEE1VA470P"; VariantName = "RS422_to_3V3"
Change component parameters (AddParameter): Name = "Package"; Value = "CurrentFootprint"; VariantName = "RS422_to_3V3"
Change component parameters (AddParameter): Name = "Supplier 1"; Value = "Farnell"; VariantName = "RS422_to_3V3"
Change component parameters (AddParameter): Name = "Supplier 2"; Value = "Mouser"; VariantName = "RS422_to_3V3"
Change component parameters (AddParameter): Name = "Supplier Part Number 1"; Value = "2326181"; VariantName = "RS422_to_3V3"
Change component parameters (AddParameter): Name = "Supplier Part Number 2"; Value = "667-EEE-1VA470P"; VariantName = "RS422_to_3V3"
Change component parameters (AddParameter): Name = "Value"; Value = "47u"; VariantName = "RS422_to_3V3"
Change component parameters: Designator = "C2"; Footprint = "CAPAE9583X66L"; UniqueID = "\SMQLPFVK\XOTRVSUB"
Change component parameters. Clean all parameters for all variants
Change component parameters (AddParameter): Name = "ComponentLink1Description"; Value = "Datasheet"; VariantName = "[No Variations]"
Change component parameters (AddParameter): Name = "ComponentLink1URL"; Value = "https://industrial.panasonic.com/cdbs/www-data/pdf/RDE0000/ABA0000C1145.pdf"; VariantName = "[No Variations]"
Change component parameters (AddParameter): Name = "Created"; Value = "2019-12-13_Thilo_Wendt"; VariantName = "[No Variations]"
Change component parameters (AddParameter): Name = "HelpURL"; Value = "https://industrial.panasonic.com/cdbs/www-data/pdf/RDE0000/ABA0000C1145.pdf"; VariantName = "[No Variations]"
Change component parameters (AddParameter): Name = "MaxVoltage"; Value = "35"; VariantName = "[No Variations]"
Change component parameters (AddParameter): Name = "MF"; Value = "Panasonic"; VariantName = "[No Variations]"
Change component parameters (AddParameter): Name = "MPN"; Value = "EEE1VA470P"; VariantName = "[No Variations]"
Change component parameters (AddParameter): Name = "Package"; Value = "CurrentFootprint"; VariantName = "[No Variations]"
Change component parameters (AddParameter): Name = "Supplier 1"; Value = "Farnell"; VariantName = "[No Variations]"
Change component parameters (AddParameter): Name = "Supplier 2"; Value = "Mouser"; VariantName = "[No Variations]"
Change component parameters (AddParameter): Name = "Supplier Part Number 1"; Value = "2326181"; VariantName = "[No Variations]"
Change component parameters (AddParameter): Name = "Supplier Part Number 2"; Value = "667-EEE-1VA470P"; VariantName = "[No Variations]"
Change component parameters (AddParameter): Name = "Value"; Value = "47u"; VariantName = "[No Variations]"
Change component parameters (AddParameter): Name = "ComponentLink1Description"; Value = "Datasheet"; VariantName = "3V3_to_3V3"
Change component parameters (AddParameter): Name = "ComponentLink1URL"; Value = "https://industrial.panasonic.com/cdbs/www-data/pdf/RDE0000/ABA0000C1145.pdf"; VariantName = "3V3_to_3V3"
Change component parameters (AddParameter): Name = "Created"; Value = "2019-12-13_Thilo_Wendt"; VariantName = "3V3_to_3V3"
Change component parameters (AddParameter): Name = "HelpURL"; Value = "https://industrial.panasonic.com/cdbs/www-data/pdf/RDE0000/ABA0000C1145.pdf"; VariantName = "3V3_to_3V3"
Change component parameters (AddParameter): Name = "MaxVoltage"; Value = "35"; VariantName = "3V3_to_3V3"
Change component parameters (AddParameter): Name = "MF"; Value = "Panasonic"; VariantName = "3V3_to_3V3"
Change component parameters (AddParameter): Name = "MPN"; Value = "EEE1VA470P"; VariantName = "3V3_to_3V3"
Change component parameters (AddParameter): Name = "Package"; Value = "CurrentFootprint"; VariantName = "3V3_to_3V3"
Change component parameters (AddParameter): Name = "Supplier 1"; Value = "Farnell"; VariantName = "3V3_to_3V3"
Change component parameters (AddParameter): Name = "Supplier 2"; Value = "Mouser"; VariantName = "3V3_to_3V3"
Change component parameters (AddParameter): Name = "Supplier Part Number 1"; Value = "2326181"; VariantName = "3V3_to_3V3"
Change component parameters (AddParameter): Name = "Supplier Part Number 2"; Value = "667-EEE-1VA470P"; VariantName = "3V3_to_3V3"
Change component parameters (AddParameter): Name = "Value"; Value = "47u"; VariantName = "3V3_to_3V3"
Change component parameters (AddParameter): Name = "ComponentLink1Description"; Value = "Datasheet"; VariantName = "3V3_to_5V"
Change component parameters (AddParameter): Name = "ComponentLink1URL"; Value = "https://industrial.panasonic.com/cdbs/www-data/pdf/RDE0000/ABA0000C1145.pdf"; VariantName = "3V3_to_5V"
Change component parameters (AddParameter): Name = "Created"; Value = "2019-12-13_Thilo_Wendt"; VariantName = "3V3_to_5V"
Change component parameters (AddParameter): Name = "HelpURL"; Value = "https://industrial.panasonic.com/cdbs/www-data/pdf/RDE0000/ABA0000C1145.pdf"; VariantName = "3V3_to_5V"
Change component parameters (AddParameter): Name = "MaxVoltage"; Value = "35"; VariantName = "3V3_to_5V"
Change component parameters (AddParameter): Name = "MF"; Value = "Panasonic"; VariantName = "3V3_to_5V"
Change component parameters (AddParameter): Name = "MPN"; Value = "EEE1VA470P"; VariantName = "3V3_to_5V"
Change component parameters (AddParameter): Name = "Package"; Value = "CurrentFootprint"; VariantName = "3V3_to_5V"
Change component parameters (AddParameter): Name = "Supplier 1"; Value = "Farnell"; VariantName = "3V3_to_5V"
Change component parameters (AddParameter): Name = "Supplier 2"; Value = "Mouser"; VariantName = "3V3_to_5V"
Change component parameters (AddParameter): Name = "Supplier Part Number 1"; Value = "2326181"; VariantName = "3V3_to_5V"
Change component parameters (AddParameter): Name = "Supplier Part Number 2"; Value = "667-EEE-1VA470P"; VariantName = "3V3_to_5V"
Change component parameters (AddParameter): Name = "Value"; Value = "47u"; VariantName = "3V3_to_5V"
Change component parameters (AddParameter): Name = "ComponentLink1Description"; Value = "Datasheet"; VariantName = "3V3_to_RS422"
Change component parameters (AddParameter): Name = "ComponentLink1URL"; Value = "https://industrial.panasonic.com/cdbs/www-data/pdf/RDE0000/ABA0000C1145.pdf"; VariantName = "3V3_to_RS422"
Change component parameters (AddParameter): Name = "Created"; Value = "2019-12-13_Thilo_Wendt"; VariantName = "3V3_to_RS422"
Change component parameters (AddParameter): Name = "HelpURL"; Value = "https://industrial.panasonic.com/cdbs/www-data/pdf/RDE0000/ABA0000C1145.pdf"; VariantName = "3V3_to_RS422"
Change component parameters (AddParameter): Name = "MaxVoltage"; Value = "35"; VariantName = "3V3_to_RS422"
Change component parameters (AddParameter): Name = "MF"; Value = "Panasonic"; VariantName = "3V3_to_RS422"
Change component parameters (AddParameter): Name = "MPN"; Value = "EEE1VA470P"; VariantName = "3V3_to_RS422"
Change component parameters (AddParameter): Name = "Package"; Value = "CurrentFootprint"; VariantName = "3V3_to_RS422"
Change component parameters (AddParameter): Name = "Supplier 1"; Value = "Farnell"; VariantName = "3V3_to_RS422"
Change component parameters (AddParameter): Name = "Supplier 2"; Value = "Mouser"; VariantName = "3V3_to_RS422"
Change component parameters (AddParameter): Name = "Supplier Part Number 1"; Value = "2326181"; VariantName = "3V3_to_RS422"
Change component parameters (AddParameter): Name = "Supplier Part Number 2"; Value = "667-EEE-1VA470P"; VariantName = "3V3_to_RS422"
Change component parameters (AddParameter): Name = "Value"; Value = "47u"; VariantName = "3V3_to_RS422"
Change component parameters (AddParameter): Name = "ComponentLink1Description"; Value = "Datasheet"; VariantName = "RS422_to_3V3"
Change component parameters (AddParameter): Name = "ComponentLink1URL"; Value = "https://industrial.panasonic.com/cdbs/www-data/pdf/RDE0000/ABA0000C1145.pdf"; VariantName = "RS422_to_3V3"
Change component parameters (AddParameter): Name = "Created"; Value = "2019-12-13_Thilo_Wendt"; VariantName = "RS422_to_3V3"
Change component parameters (AddParameter): Name = "HelpURL"; Value = "https://industrial.panasonic.com/cdbs/www-data/pdf/RDE0000/ABA0000C1145.pdf"; VariantName = "RS422_to_3V3"
Change component parameters (AddParameter): Name = "MaxVoltage"; Value = "35"; VariantName = "RS422_to_3V3"
Change component parameters (AddParameter): Name = "MF"; Value = "Panasonic"; VariantName = "RS422_to_3V3"
Change component parameters (AddParameter): Name = "MPN"; Value = "EEE1VA470P"; VariantName = "RS422_to_3V3"
Change component parameters (AddParameter): Name = "Package"; Value = "CurrentFootprint"; VariantName = "RS422_to_3V3"
Change component parameters (AddParameter): Name = "Supplier 1"; Value = "Farnell"; VariantName = "RS422_to_3V3"
Change component parameters (AddParameter): Name = "Supplier 2"; Value = "Mouser"; VariantName = "RS422_to_3V3"
Change component parameters (AddParameter): Name = "Supplier Part Number 1"; Value = "2326181"; VariantName = "RS422_to_3V3"
Change component parameters (AddParameter): Name = "Supplier Part Number 2"; Value = "667-EEE-1VA470P"; VariantName = "RS422_to_3V3"
Change component parameters (AddParameter): Name = "Value"; Value = "47u"; VariantName = "RS422_to_3V3"
Change component parameters: Designator = "U4A"; Footprint = "TI_D-R-PDSO-G16_L"; UniqueID = "\REEOQYYS\XIUNHJUM\1TJHASFNK\GRHHGOOG"
Change component parameters. Clean all parameters for all variants
Change component parameters (AddParameter): Name = "ComponentLink1Description"; Value = "Datasheet"; VariantName = "[No Variations]"
Change component parameters (AddParameter): Name = "ComponentLink1URL"; Value = "http://www.ti.com/general/docs/lit/getliterature.tsp?genericPartNumber=DS26LV32AT&fileType=pdf"; VariantName = "[No Variations]"
Change component parameters (AddParameter): Name = "Created"; Value = "2020-01-03_Thilo_Wendt"; VariantName = "[No Variations]"
Change component parameters (AddParameter): Name = "HelpURL"; Value = "http://www.ti.com/general/docs/lit/getliterature.tsp?genericPartNumber=DS26LV32AT&fileType=pdf"; VariantName = "[No Variations]"
Change component parameters (AddParameter): Name = "Max Voltage"; Value = "3.6"; VariantName = "[No Variations]"
Change component parameters (AddParameter): Name = "MF"; Value = "Texas Instruments"; VariantName = "[No Variations]"
Change component parameters (AddParameter): Name = "MPN"; Value = "DS26LV32ATMX"; VariantName = "[No Variations]"
Change component parameters (AddParameter): Name = "Package"; Value = "CurrentFootprint"; VariantName = "[No Variations]"
Change component parameters (AddParameter): Name = "Supplier 1"; Value = "Farnell"; VariantName = "[No Variations]"
Change component parameters (AddParameter): Name = "Supplier 2"; Value = "Mouser"; VariantName = "[No Variations]"
Change component parameters (AddParameter): Name = "Supplier Part Number 1"; Value = "3121146"; VariantName = "[No Variations]"
Change component parameters (AddParameter): Name = "Supplier Part Number 2"; Value = "926-DS26LV32ATMXNOPB"; VariantName = "[No Variations]"
Change component parameters (AddParameter): Name = "Value"; Value = "DS26LV32ATM"; VariantName = "[No Variations]"
Change component parameters (AddParameter): Name = "ComponentLink1Description"; Value = "Datasheet"; VariantName = "3V3_to_3V3"
Change component parameters (AddParameter): Name = "ComponentLink1URL"; Value = "http://www.ti.com/general/docs/lit/getliterature.tsp?genericPartNumber=DS26LV32AT&fileType=pdf"; VariantName = "3V3_to_3V3"
Change component parameters (AddParameter): Name = "Created"; Value = "2020-01-03_Thilo_Wendt"; VariantName = "3V3_to_3V3"
Change component parameters (AddParameter): Name = "HelpURL"; Value = "http://www.ti.com/general/docs/lit/getliterature.tsp?genericPartNumber=DS26LV32AT&fileType=pdf"; VariantName = "3V3_to_3V3"
Change component parameters (AddParameter): Name = "Max Voltage"; Value = "3.6"; VariantName = "3V3_to_3V3"
Change component parameters (AddParameter): Name = "MF"; Value = "Texas Instruments"; VariantName = "3V3_to_3V3"
Change component parameters (AddParameter): Name = "MPN"; Value = "DS26LV32ATMX"; VariantName = "3V3_to_3V3"
Change component parameters (AddParameter): Name = "Package"; Value = "CurrentFootprint"; VariantName = "3V3_to_3V3"
Change component parameters (AddParameter): Name = "Supplier 1"; Value = "Farnell"; VariantName = "3V3_to_3V3"
Change component parameters (AddParameter): Name = "Supplier 2"; Value = "Mouser"; VariantName = "3V3_to_3V3"
Change component parameters (AddParameter): Name = "Supplier Part Number 1"; Value = "3121146"; VariantName = "3V3_to_3V3"
Change component parameters (AddParameter): Name = "Supplier Part Number 2"; Value = "926-DS26LV32ATMXNOPB"; VariantName = "3V3_to_3V3"
Change component parameters (AddParameter): Name = "Value"; Value = "DS26LV32ATM"; VariantName = "3V3_to_3V3"
Change component parameters (AddParameter): Name = "ComponentLink1Description"; Value = "Datasheet"; VariantName = "3V3_to_5V"
Change component parameters (AddParameter): Name = "ComponentLink1URL"; Value = "http://www.ti.com/general/docs/lit/getliterature.tsp?genericPartNumber=DS26LV32AT&fileType=pdf"; VariantName = "3V3_to_5V"
Change component parameters (AddParameter): Name = "Created"; Value = "2020-01-03_Thilo_Wendt"; VariantName = "3V3_to_5V"
Change component parameters (AddParameter): Name = "HelpURL"; Value = "http://www.ti.com/general/docs/lit/getliterature.tsp?genericPartNumber=DS26LV32AT&fileType=pdf"; VariantName = "3V3_to_5V"
Change component parameters (AddParameter): Name = "Max Voltage"; Value = "3.6"; VariantName = "3V3_to_5V"
Change component parameters (AddParameter): Name = "MF"; Value = "Texas Instruments"; VariantName = "3V3_to_5V"
Change component parameters (AddParameter): Name = "MPN"; Value = "DS26LV32ATMX"; VariantName = "3V3_to_5V"
Change component parameters (AddParameter): Name = "Package"; Value = "CurrentFootprint"; VariantName = "3V3_to_5V"
Change component parameters (AddParameter): Name = "Supplier 1"; Value = "Farnell"; VariantName = "3V3_to_5V"
Change component parameters (AddParameter): Name = "Supplier 2"; Value = "Mouser"; VariantName = "3V3_to_5V"
Change component parameters (AddParameter): Name = "Supplier Part Number 1"; Value = "3121146"; VariantName = "3V3_to_5V"
Change component parameters (AddParameter): Name = "Supplier Part Number 2"; Value = "926-DS26LV32ATMXNOPB"; VariantName = "3V3_to_5V"
Change component parameters (AddParameter): Name = "Value"; Value = "DS26LV32ATM"; VariantName = "3V3_to_5V"
Change component parameters (AddParameter): Name = "ComponentLink1Description"; Value = "Datasheet"; VariantName = "3V3_to_15V"
Change component parameters (AddParameter): Name = "ComponentLink1URL"; Value = "http://www.ti.com/general/docs/lit/getliterature.tsp?genericPartNumber=DS26LV32AT&fileType=pdf"; VariantName = "3V3_to_15V"
Change component parameters (AddParameter): Name = "Created"; Value = "2020-01-03_Thilo_Wendt"; VariantName = "3V3_to_15V"
Change component parameters (AddParameter): Name = "HelpURL"; Value = "http://www.ti.com/general/docs/lit/getliterature.tsp?genericPartNumber=DS26LV32AT&fileType=pdf"; VariantName = "3V3_to_15V"
Change component parameters (AddParameter): Name = "Max Voltage"; Value = "3.6"; VariantName = "3V3_to_15V"
Change component parameters (AddParameter): Name = "MF"; Value = "Texas Instruments"; VariantName = "3V3_to_15V"
Change component parameters (AddParameter): Name = "MPN"; Value = "DS26LV32ATMX"; VariantName = "3V3_to_15V"
Change component parameters (AddParameter): Name = "Package"; Value = "CurrentFootprint"; VariantName = "3V3_to_15V"
Change component parameters (AddParameter): Name = "Supplier 1"; Value = "Farnell"; VariantName = "3V3_to_15V"
Change component parameters (AddParameter): Name = "Supplier 2"; Value = "Mouser"; VariantName = "3V3_to_15V"
Change component parameters (AddParameter): Name = "Supplier Part Number 1"; Value = "3121146"; VariantName = "3V3_to_15V"
Change component parameters (AddParameter): Name = "Supplier Part Number 2"; Value = "926-DS26LV32ATMXNOPB"; VariantName = "3V3_to_15V"
Change component parameters (AddParameter): Name = "Value"; Value = "DS26LV32ATM"; VariantName = "3V3_to_15V"
Change component parameters (AddParameter): Name = "ComponentLink1Description"; Value = "Datasheet"; VariantName = "3V3_to_RS422"
Change component parameters (AddParameter): Name = "ComponentLink1URL"; Value = "http://www.ti.com/general/docs/lit/getliterature.tsp?genericPartNumber=DS26LV32AT&fileType=pdf"; VariantName = "3V3_to_RS422"
Change component parameters (AddParameter): Name = "Created"; Value = "2020-01-03_Thilo_Wendt"; VariantName = "3V3_to_RS422"
Change component parameters (AddParameter): Name = "HelpURL"; Value = "http://www.ti.com/general/docs/lit/getliterature.tsp?genericPartNumber=DS26LV32AT&fileType=pdf"; VariantName = "3V3_to_RS422"
Change component parameters (AddParameter): Name = "Max Voltage"; Value = "3.6"; VariantName = "3V3_to_RS422"
Change component parameters (AddParameter): Name = "MF"; Value = "Texas Instruments"; VariantName = "3V3_to_RS422"
Change component parameters (AddParameter): Name = "MPN"; Value = "DS26LV32ATMX"; VariantName = "3V3_to_RS422"
Change component parameters (AddParameter): Name = "Package"; Value = "CurrentFootprint"; VariantName = "3V3_to_RS422"
Change component parameters (AddParameter): Name = "Supplier 1"; Value = "Farnell"; VariantName = "3V3_to_RS422"
Change component parameters (AddParameter): Name = "Supplier 2"; Value = "Mouser"; VariantName = "3V3_to_RS422"
Change component parameters (AddParameter): Name = "Supplier Part Number 1"; Value = "3121146"; VariantName = "3V3_to_RS422"
Change component parameters (AddParameter): Name = "Supplier Part Number 2"; Value = "926-DS26LV32ATMXNOPB"; VariantName = "3V3_to_RS422"
Change component parameters (AddParameter): Name = "Value"; Value = "DS26LV32ATM"; VariantName = "3V3_to_RS422"
Change component parameters: Designator = "U4B"; Footprint = "TI_D-R-PDSO-G16_L"; UniqueID = "\REEOQYYS\XIUNHJUM\2TJHASFNK\GRHHGOOG"
Change component parameters. Clean all parameters for all variants
Change component parameters (AddParameter): Name = "ComponentLink1Description"; Value = "Datasheet"; VariantName = "[No Variations]"
Change component parameters (AddParameter): Name = "ComponentLink1URL"; Value = "http://www.ti.com/general/docs/lit/getliterature.tsp?genericPartNumber=DS26LV32AT&fileType=pdf"; VariantName = "[No Variations]"
Change component parameters (AddParameter): Name = "Created"; Value = "2020-01-03_Thilo_Wendt"; VariantName = "[No Variations]"
Change component parameters (AddParameter): Name = "HelpURL"; Value = "http://www.ti.com/general/docs/lit/getliterature.tsp?genericPartNumber=DS26LV32AT&fileType=pdf"; VariantName = "[No Variations]"
Change component parameters (AddParameter): Name = "Max Voltage"; Value = "3.6"; VariantName = "[No Variations]"
Change component parameters (AddParameter): Name = "MF"; Value = "Texas Instruments"; VariantName = "[No Variations]"
Change component parameters (AddParameter): Name = "MPN"; Value = "DS26LV32ATMX"; VariantName = "[No Variations]"
Change component parameters (AddParameter): Name = "Package"; Value = "CurrentFootprint"; VariantName = "[No Variations]"
Change component parameters (AddParameter): Name = "Supplier 1"; Value = "Farnell"; VariantName = "[No Variations]"
Change component parameters (AddParameter): Name = "Supplier 2"; Value = "Mouser"; VariantName = "[No Variations]"
Change component parameters (AddParameter): Name = "Supplier Part Number 1"; Value = "3121146"; VariantName = "[No Variations]"
Change component parameters (AddParameter): Name = "Supplier Part Number 2"; Value = "926-DS26LV32ATMXNOPB"; VariantName = "[No Variations]"
Change component parameters (AddParameter): Name = "Value"; Value = "DS26LV32ATM"; VariantName = "[No Variations]"
Change component parameters (AddParameter): Name = "ComponentLink1Description"; Value = "Datasheet"; VariantName = "3V3_to_3V3"
Change component parameters (AddParameter): Name = "ComponentLink1URL"; Value = "http://www.ti.com/general/docs/lit/getliterature.tsp?genericPartNumber=DS26LV32AT&fileType=pdf"; VariantName = "3V3_to_3V3"
Change component parameters (AddParameter): Name = "Created"; Value = "2020-01-03_Thilo_Wendt"; VariantName = "3V3_to_3V3"
Change component parameters (AddParameter): Name = "HelpURL"; Value = "http://www.ti.com/general/docs/lit/getliterature.tsp?genericPartNumber=DS26LV32AT&fileType=pdf"; VariantName = "3V3_to_3V3"
Change component parameters (AddParameter): Name = "Max Voltage"; Value = "3.6"; VariantName = "3V3_to_3V3"
Change component parameters (AddParameter): Name = "MF"; Value = "Texas Instruments"; VariantName = "3V3_to_3V3"
Change component parameters (AddParameter): Name = "MPN"; Value = "DS26LV32ATMX"; VariantName = "3V3_to_3V3"
Change component parameters (AddParameter): Name = "Package"; Value = "CurrentFootprint"; VariantName = "3V3_to_3V3"
Change component parameters (AddParameter): Name = "Supplier 1"; Value = "Farnell"; VariantName = "3V3_to_3V3"
Change component parameters (AddParameter): Name = "Supplier 2"; Value = "Mouser"; VariantName = "3V3_to_3V3"
Change component parameters (AddParameter): Name = "Supplier Part Number 1"; Value = "3121146"; VariantName = "3V3_to_3V3"
Change component parameters (AddParameter): Name = "Supplier Part Number 2"; Value = "926-DS26LV32ATMXNOPB"; VariantName = "3V3_to_3V3"
Change component parameters (AddParameter): Name = "Value"; Value = "DS26LV32ATM"; VariantName = "3V3_to_3V3"
Change component parameters (AddParameter): Name = "ComponentLink1Description"; Value = "Datasheet"; VariantName = "3V3_to_5V"
Change component parameters (AddParameter): Name = "ComponentLink1URL"; Value = "http://www.ti.com/general/docs/lit/getliterature.tsp?genericPartNumber=DS26LV32AT&fileType=pdf"; VariantName = "3V3_to_5V"
Change component parameters (AddParameter): Name = "Created"; Value = "2020-01-03_Thilo_Wendt"; VariantName = "3V3_to_5V"
Change component parameters (AddParameter): Name = "HelpURL"; Value = "http://www.ti.com/general/docs/lit/getliterature.tsp?genericPartNumber=DS26LV32AT&fileType=pdf"; VariantName = "3V3_to_5V"
Change component parameters (AddParameter): Name = "Max Voltage"; Value = "3.6"; VariantName = "3V3_to_5V"
Change component parameters (AddParameter): Name = "MF"; Value = "Texas Instruments"; VariantName = "3V3_to_5V"
Change component parameters (AddParameter): Name = "MPN"; Value = "DS26LV32ATMX"; VariantName = "3V3_to_5V"
Change component parameters (AddParameter): Name = "Package"; Value = "CurrentFootprint"; VariantName = "3V3_to_5V"
Change component parameters (AddParameter): Name = "Supplier 1"; Value = "Farnell"; VariantName = "3V3_to_5V"
Change component parameters (AddParameter): Name = "Supplier 2"; Value = "Mouser"; VariantName = "3V3_to_5V"
Change component parameters (AddParameter): Name = "Supplier Part Number 1"; Value = "3121146"; VariantName = "3V3_to_5V"
Change component parameters (AddParameter): Name = "Supplier Part Number 2"; Value = "926-DS26LV32ATMXNOPB"; VariantName = "3V3_to_5V"
Change component parameters (AddParameter): Name = "Value"; Value = "DS26LV32ATM"; VariantName = "3V3_to_5V"
Change component parameters (AddParameter): Name = "ComponentLink1Description"; Value = "Datasheet"; VariantName = "3V3_to_15V"
Change component parameters (AddParameter): Name = "ComponentLink1URL"; Value = "http://www.ti.com/general/docs/lit/getliterature.tsp?genericPartNumber=DS26LV32AT&fileType=pdf"; VariantName = "3V3_to_15V"
Change component parameters (AddParameter): Name = "Created"; Value = "2020-01-03_Thilo_Wendt"; VariantName = "3V3_to_15V"
Change component parameters (AddParameter): Name = "HelpURL"; Value = "http://www.ti.com/general/docs/lit/getliterature.tsp?genericPartNumber=DS26LV32AT&fileType=pdf"; VariantName = "3V3_to_15V"
Change component parameters (AddParameter): Name = "Max Voltage"; Value = "3.6"; VariantName = "3V3_to_15V"
Change component parameters (AddParameter): Name = "MF"; Value = "Texas Instruments"; VariantName = "3V3_to_15V"
Change component parameters (AddParameter): Name = "MPN"; Value = "DS26LV32ATMX"; VariantName = "3V3_to_15V"
Change component parameters (AddParameter): Name = "Package"; Value = "CurrentFootprint"; VariantName = "3V3_to_15V"
Change component parameters (AddParameter): Name = "Supplier 1"; Value = "Farnell"; VariantName = "3V3_to_15V"
Change component parameters (AddParameter): Name = "Supplier 2"; Value = "Mouser"; VariantName = "3V3_to_15V"
Change component parameters (AddParameter): Name = "Supplier Part Number 1"; Value = "3121146"; VariantName = "3V3_to_15V"
Change component parameters (AddParameter): Name = "Supplier Part Number 2"; Value = "926-DS26LV32ATMXNOPB"; VariantName = "3V3_to_15V"
Change component parameters (AddParameter): Name = "Value"; Value = "DS26LV32ATM"; VariantName = "3V3_to_15V"
Change component parameters (AddParameter): Name = "ComponentLink1Description"; Value = "Datasheet"; VariantName = "3V3_to_RS422"
Change component parameters (AddParameter): Name = "ComponentLink1URL"; Value = "http://www.ti.com/general/docs/lit/getliterature.tsp?genericPartNumber=DS26LV32AT&fileType=pdf"; VariantName = "3V3_to_RS422"
Change component parameters (AddParameter): Name = "Created"; Value = "2020-01-03_Thilo_Wendt"; VariantName = "3V3_to_RS422"
Change component parameters (AddParameter): Name = "HelpURL"; Value = "http://www.ti.com/general/docs/lit/getliterature.tsp?genericPartNumber=DS26LV32AT&fileType=pdf"; VariantName = "3V3_to_RS422"
Change component parameters (AddParameter): Name = "Max Voltage"; Value = "3.6"; VariantName = "3V3_to_RS422"
Change component parameters (AddParameter): Name = "MF"; Value = "Texas Instruments"; VariantName = "3V3_to_RS422"
Change component parameters (AddParameter): Name = "MPN"; Value = "DS26LV32ATMX"; VariantName = "3V3_to_RS422"
Change component parameters (AddParameter): Name = "Package"; Value = "CurrentFootprint"; VariantName = "3V3_to_RS422"
Change component parameters (AddParameter): Name = "Supplier 1"; Value = "Farnell"; VariantName = "3V3_to_RS422"
Change component parameters (AddParameter): Name = "Supplier 2"; Value = "Mouser"; VariantName = "3V3_to_RS422"
Change component parameters (AddParameter): Name = "Supplier Part Number 1"; Value = "3121146"; VariantName = "3V3_to_RS422"
Change component parameters (AddParameter): Name = "Supplier Part Number 2"; Value = "926-DS26LV32ATMXNOPB"; VariantName = "3V3_to_RS422"
Change component parameters (AddParameter): Name = "Value"; Value = "DS26LV32ATM"; VariantName = "3V3_to_RS422"
Change component parameters: Designator = "U4C"; Footprint = "TI_D-R-PDSO-G16_L"; UniqueID = "\REEOQYYS\XIUNHJUM\3TJHASFNK\GRHHGOOG"
Change component parameters. Clean all parameters for all variants
Change component parameters (AddParameter): Name = "ComponentLink1Description"; Value = "Datasheet"; VariantName = "[No Variations]"
Change component parameters (AddParameter): Name = "ComponentLink1URL"; Value = "http://www.ti.com/general/docs/lit/getliterature.tsp?genericPartNumber=DS26LV32AT&fileType=pdf"; VariantName = "[No Variations]"
Change component parameters (AddParameter): Name = "Created"; Value = "2020-01-03_Thilo_Wendt"; VariantName = "[No Variations]"
Change component parameters (AddParameter): Name = "HelpURL"; Value = "http://www.ti.com/general/docs/lit/getliterature.tsp?genericPartNumber=DS26LV32AT&fileType=pdf"; VariantName = "[No Variations]"
Change component parameters (AddParameter): Name = "Max Voltage"; Value = "3.6"; VariantName = "[No Variations]"
Change component parameters (AddParameter): Name = "MF"; Value = "Texas Instruments"; VariantName = "[No Variations]"
Change component parameters (AddParameter): Name = "MPN"; Value = "DS26LV32ATMX"; VariantName = "[No Variations]"
Change component parameters (AddParameter): Name = "Package"; Value = "CurrentFootprint"; VariantName = "[No Variations]"
Change component parameters (AddParameter): Name = "Supplier 1"; Value = "Farnell"; VariantName = "[No Variations]"
Change component parameters (AddParameter): Name = "Supplier 2"; Value = "Mouser"; VariantName = "[No Variations]"
Change component parameters (AddParameter): Name = "Supplier Part Number 1"; Value = "3121146"; VariantName = "[No Variations]"
Change component parameters (AddParameter): Name = "Supplier Part Number 2"; Value = "926-DS26LV32ATMXNOPB"; VariantName = "[No Variations]"
Change component parameters (AddParameter): Name = "Value"; Value = "DS26LV32ATM"; VariantName = "[No Variations]"
Change component parameters (AddParameter): Name = "ComponentLink1Description"; Value = "Datasheet"; VariantName = "3V3_to_3V3"
Change component parameters (AddParameter): Name = "ComponentLink1URL"; Value = "http://www.ti.com/general/docs/lit/getliterature.tsp?genericPartNumber=DS26LV32AT&fileType=pdf"; VariantName = "3V3_to_3V3"
Change component parameters (AddParameter): Name = "Created"; Value = "2020-01-03_Thilo_Wendt"; VariantName = "3V3_to_3V3"
Change component parameters (AddParameter): Name = "HelpURL"; Value = "http://www.ti.com/general/docs/lit/getliterature.tsp?genericPartNumber=DS26LV32AT&fileType=pdf"; VariantName = "3V3_to_3V3"
Change component parameters (AddParameter): Name = "Max Voltage"; Value = "3.6"; VariantName = "3V3_to_3V3"
Change component parameters (AddParameter): Name = "MF"; Value = "Texas Instruments"; VariantName = "3V3_to_3V3"
Change component parameters (AddParameter): Name = "MPN"; Value = "DS26LV32ATMX"; VariantName = "3V3_to_3V3"
Change component parameters (AddParameter): Name = "Package"; Value = "CurrentFootprint"; VariantName = "3V3_to_3V3"
Change component parameters (AddParameter): Name = "Supplier 1"; Value = "Farnell"; VariantName = "3V3_to_3V3"
Change component parameters (AddParameter): Name = "Supplier 2"; Value = "Mouser"; VariantName = "3V3_to_3V3"
Change component parameters (AddParameter): Name = "Supplier Part Number 1"; Value = "3121146"; VariantName = "3V3_to_3V3"
Change component parameters (AddParameter): Name = "Supplier Part Number 2"; Value = "926-DS26LV32ATMXNOPB"; VariantName = "3V3_to_3V3"
Change component parameters (AddParameter): Name = "Value"; Value = "DS26LV32ATM"; VariantName = "3V3_to_3V3"
Change component parameters (AddParameter): Name = "ComponentLink1Description"; Value = "Datasheet"; VariantName = "3V3_to_5V"
Change component parameters (AddParameter): Name = "ComponentLink1URL"; Value = "http://www.ti.com/general/docs/lit/getliterature.tsp?genericPartNumber=DS26LV32AT&fileType=pdf"; VariantName = "3V3_to_5V"
Change component parameters (AddParameter): Name = "Created"; Value = "2020-01-03_Thilo_Wendt"; VariantName = "3V3_to_5V"
Change component parameters (AddParameter): Name = "HelpURL"; Value = "http://www.ti.com/general/docs/lit/getliterature.tsp?genericPartNumber=DS26LV32AT&fileType=pdf"; VariantName = "3V3_to_5V"
Change component parameters (AddParameter): Name = "Max Voltage"; Value = "3.6"; VariantName = "3V3_to_5V"
Change component parameters (AddParameter): Name = "MF"; Value = "Texas Instruments"; VariantName = "3V3_to_5V"
Change component parameters (AddParameter): Name = "MPN"; Value = "DS26LV32ATMX"; VariantName = "3V3_to_5V"
Change component parameters (AddParameter): Name = "Package"; Value = "CurrentFootprint"; VariantName = "3V3_to_5V"
Change component parameters (AddParameter): Name = "Supplier 1"; Value = "Farnell"; VariantName = "3V3_to_5V"
Change component parameters (AddParameter): Name = "Supplier 2"; Value = "Mouser"; VariantName = "3V3_to_5V"
Change component parameters (AddParameter): Name = "Supplier Part Number 1"; Value = "3121146"; VariantName = "3V3_to_5V"
Change component parameters (AddParameter): Name = "Supplier Part Number 2"; Value = "926-DS26LV32ATMXNOPB"; VariantName = "3V3_to_5V"
Change component parameters (AddParameter): Name = "Value"; Value = "DS26LV32ATM"; VariantName = "3V3_to_5V"
Change component parameters (AddParameter): Name = "ComponentLink1Description"; Value = "Datasheet"; VariantName = "3V3_to_15V"
Change component parameters (AddParameter): Name = "ComponentLink1URL"; Value = "http://www.ti.com/general/docs/lit/getliterature.tsp?genericPartNumber=DS26LV32AT&fileType=pdf"; VariantName = "3V3_to_15V"
Change component parameters (AddParameter): Name = "Created"; Value = "2020-01-03_Thilo_Wendt"; VariantName = "3V3_to_15V"
Change component parameters (AddParameter): Name = "HelpURL"; Value = "http://www.ti.com/general/docs/lit/getliterature.tsp?genericPartNumber=DS26LV32AT&fileType=pdf"; VariantName = "3V3_to_15V"
Change component parameters (AddParameter): Name = "Max Voltage"; Value = "3.6"; VariantName = "3V3_to_15V"
Change component parameters (AddParameter): Name = "MF"; Value = "Texas Instruments"; VariantName = "3V3_to_15V"
Change component parameters (AddParameter): Name = "MPN"; Value = "DS26LV32ATMX"; VariantName = "3V3_to_15V"
Change component parameters (AddParameter): Name = "Package"; Value = "CurrentFootprint"; VariantName = "3V3_to_15V"
Change component parameters (AddParameter): Name = "Supplier 1"; Value = "Farnell"; VariantName = "3V3_to_15V"
Change component parameters (AddParameter): Name = "Supplier 2"; Value = "Mouser"; VariantName = "3V3_to_15V"
Change component parameters (AddParameter): Name = "Supplier Part Number 1"; Value = "3121146"; VariantName = "3V3_to_15V"
Change component parameters (AddParameter): Name = "Supplier Part Number 2"; Value = "926-DS26LV32ATMXNOPB"; VariantName = "3V3_to_15V"
Change component parameters (AddParameter): Name = "Value"; Value = "DS26LV32ATM"; VariantName = "3V3_to_15V"
Change component parameters (AddParameter): Name = "ComponentLink1Description"; Value = "Datasheet"; VariantName = "3V3_to_RS422"
Change component parameters (AddParameter): Name = "ComponentLink1URL"; Value = "http://www.ti.com/general/docs/lit/getliterature.tsp?genericPartNumber=DS26LV32AT&fileType=pdf"; VariantName = "3V3_to_RS422"
Change component parameters (AddParameter): Name = "Created"; Value = "2020-01-03_Thilo_Wendt"; VariantName = "3V3_to_RS422"
Change component parameters (AddParameter): Name = "HelpURL"; Value = "http://www.ti.com/general/docs/lit/getliterature.tsp?genericPartNumber=DS26LV32AT&fileType=pdf"; VariantName = "3V3_to_RS422"
Change component parameters (AddParameter): Name = "Max Voltage"; Value = "3.6"; VariantName = "3V3_to_RS422"
Change component parameters (AddParameter): Name = "MF"; Value = "Texas Instruments"; VariantName = "3V3_to_RS422"
Change component parameters (AddParameter): Name = "MPN"; Value = "DS26LV32ATMX"; VariantName = "3V3_to_RS422"
Change component parameters (AddParameter): Name = "Package"; Value = "CurrentFootprint"; VariantName = "3V3_to_RS422"
Change component parameters (AddParameter): Name = "Supplier 1"; Value = "Farnell"; VariantName = "3V3_to_RS422"
Change component parameters (AddParameter): Name = "Supplier 2"; Value = "Mouser"; VariantName = "3V3_to_RS422"
Change component parameters (AddParameter): Name = "Supplier Part Number 1"; Value = "3121146"; VariantName = "3V3_to_RS422"
Change component parameters (AddParameter): Name = "Supplier Part Number 2"; Value = "926-DS26LV32ATMXNOPB"; VariantName = "3V3_to_RS422"
Change component parameters (AddParameter): Name = "Value"; Value = "DS26LV32ATM"; VariantName = "3V3_to_RS422"
Change component parameters: Designator = "U4D"; Footprint = "TI_D-R-PDSO-G16_L"; UniqueID = "\REEOQYYS\XIUNHJUM\4TJHASFNK\GRHHGOOG"
Change component parameters. Clean all parameters for all variants
Change component parameters (AddParameter): Name = "ComponentLink1Description"; Value = "Datasheet"; VariantName = "[No Variations]"
Change component parameters (AddParameter): Name = "ComponentLink1URL"; Value = "http://www.ti.com/general/docs/lit/getliterature.tsp?genericPartNumber=DS26LV32AT&fileType=pdf"; VariantName = "[No Variations]"
Change component parameters (AddParameter): Name = "Created"; Value = "2020-01-03_Thilo_Wendt"; VariantName = "[No Variations]"
Change component parameters (AddParameter): Name = "HelpURL"; Value = "http://www.ti.com/general/docs/lit/getliterature.tsp?genericPartNumber=DS26LV32AT&fileType=pdf"; VariantName = "[No Variations]"
Change component parameters (AddParameter): Name = "Max Voltage"; Value = "3.6"; VariantName = "[No Variations]"
Change component parameters (AddParameter): Name = "MF"; Value = "Texas Instruments"; VariantName = "[No Variations]"
Change component parameters (AddParameter): Name = "MPN"; Value = "DS26LV32ATMX"; VariantName = "[No Variations]"
Change component parameters (AddParameter): Name = "Package"; Value = "CurrentFootprint"; VariantName = "[No Variations]"
Change component parameters (AddParameter): Name = "Supplier 1"; Value = "Farnell"; VariantName = "[No Variations]"
Change component parameters (AddParameter): Name = "Supplier 2"; Value = "Mouser"; VariantName = "[No Variations]"
Change component parameters (AddParameter): Name = "Supplier Part Number 1"; Value = "3121146"; VariantName = "[No Variations]"
Change component parameters (AddParameter): Name = "Supplier Part Number 2"; Value = "926-DS26LV32ATMXNOPB"; VariantName = "[No Variations]"
Change component parameters (AddParameter): Name = "Value"; Value = "DS26LV32ATM"; VariantName = "[No Variations]"
Change component parameters (AddParameter): Name = "ComponentLink1Description"; Value = "Datasheet"; VariantName = "3V3_to_3V3"
Change component parameters (AddParameter): Name = "ComponentLink1URL"; Value = "http://www.ti.com/general/docs/lit/getliterature.tsp?genericPartNumber=DS26LV32AT&fileType=pdf"; VariantName = "3V3_to_3V3"
Change component parameters (AddParameter): Name = "Created"; Value = "2020-01-03_Thilo_Wendt"; VariantName = "3V3_to_3V3"
Change component parameters (AddParameter): Name = "HelpURL"; Value = "http://www.ti.com/general/docs/lit/getliterature.tsp?genericPartNumber=DS26LV32AT&fileType=pdf"; VariantName = "3V3_to_3V3"
Change component parameters (AddParameter): Name = "Max Voltage"; Value = "3.6"; VariantName = "3V3_to_3V3"
Change component parameters (AddParameter): Name = "MF"; Value = "Texas Instruments"; VariantName = "3V3_to_3V3"
Change component parameters (AddParameter): Name = "MPN"; Value = "DS26LV32ATMX"; VariantName = "3V3_to_3V3"
Change component parameters (AddParameter): Name = "Package"; Value = "CurrentFootprint"; VariantName = "3V3_to_3V3"
Change component parameters (AddParameter): Name = "Supplier 1"; Value = "Farnell"; VariantName = "3V3_to_3V3"
Change component parameters (AddParameter): Name = "Supplier 2"; Value = "Mouser"; VariantName = "3V3_to_3V3"
Change component parameters (AddParameter): Name = "Supplier Part Number 1"; Value = "3121146"; VariantName = "3V3_to_3V3"
Change component parameters (AddParameter): Name = "Supplier Part Number 2"; Value = "926-DS26LV32ATMXNOPB"; VariantName = "3V3_to_3V3"
Change component parameters (AddParameter): Name = "Value"; Value = "DS26LV32ATM"; VariantName = "3V3_to_3V3"
Change component parameters (AddParameter): Name = "ComponentLink1Description"; Value = "Datasheet"; VariantName = "3V3_to_5V"
Change component parameters (AddParameter): Name = "ComponentLink1URL"; Value = "http://www.ti.com/general/docs/lit/getliterature.tsp?genericPartNumber=DS26LV32AT&fileType=pdf"; VariantName = "3V3_to_5V"
Change component parameters (AddParameter): Name = "Created"; Value = "2020-01-03_Thilo_Wendt"; VariantName = "3V3_to_5V"
Change component parameters (AddParameter): Name = "HelpURL"; Value = "http://www.ti.com/general/docs/lit/getliterature.tsp?genericPartNumber=DS26LV32AT&fileType=pdf"; VariantName = "3V3_to_5V"
Change component parameters (AddParameter): Name = "Max Voltage"; Value = "3.6"; VariantName = "3V3_to_5V"
Change component parameters (AddParameter): Name = "MF"; Value = "Texas Instruments"; VariantName = "3V3_to_5V"
Change component parameters (AddParameter): Name = "MPN"; Value = "DS26LV32ATMX"; VariantName = "3V3_to_5V"
Change component parameters (AddParameter): Name = "Package"; Value = "CurrentFootprint"; VariantName = "3V3_to_5V"
Change component parameters (AddParameter): Name = "Supplier 1"; Value = "Farnell"; VariantName = "3V3_to_5V"
Change component parameters (AddParameter): Name = "Supplier 2"; Value = "Mouser"; VariantName = "3V3_to_5V"
Change component parameters (AddParameter): Name = "Supplier Part Number 1"; Value = "3121146"; VariantName = "3V3_to_5V"
Change component parameters (AddParameter): Name = "Supplier Part Number 2"; Value = "926-DS26LV32ATMXNOPB"; VariantName = "3V3_to_5V"
Change component parameters (AddParameter): Name = "Value"; Value = "DS26LV32ATM"; VariantName = "3V3_to_5V"
Change component parameters (AddParameter): Name = "ComponentLink1Description"; Value = "Datasheet"; VariantName = "3V3_to_15V"
Change component parameters (AddParameter): Name = "ComponentLink1URL"; Value = "http://www.ti.com/general/docs/lit/getliterature.tsp?genericPartNumber=DS26LV32AT&fileType=pdf"; VariantName = "3V3_to_15V"
Change component parameters (AddParameter): Name = "Created"; Value = "2020-01-03_Thilo_Wendt"; VariantName = "3V3_to_15V"
Change component parameters (AddParameter): Name = "HelpURL"; Value = "http://www.ti.com/general/docs/lit/getliterature.tsp?genericPartNumber=DS26LV32AT&fileType=pdf"; VariantName = "3V3_to_15V"
Change component parameters (AddParameter): Name = "Max Voltage"; Value = "3.6"; VariantName = "3V3_to_15V"
Change component parameters (AddParameter): Name = "MF"; Value = "Texas Instruments"; VariantName = "3V3_to_15V"
Change component parameters (AddParameter): Name = "MPN"; Value = "DS26LV32ATMX"; VariantName = "3V3_to_15V"
Change component parameters (AddParameter): Name = "Package"; Value = "CurrentFootprint"; VariantName = "3V3_to_15V"
Change component parameters (AddParameter): Name = "Supplier 1"; Value = "Farnell"; VariantName = "3V3_to_15V"
Change component parameters (AddParameter): Name = "Supplier 2"; Value = "Mouser"; VariantName = "3V3_to_15V"
Change component parameters (AddParameter): Name = "Supplier Part Number 1"; Value = "3121146"; VariantName = "3V3_to_15V"
Change component parameters (AddParameter): Name = "Supplier Part Number 2"; Value = "926-DS26LV32ATMXNOPB"; VariantName = "3V3_to_15V"
Change component parameters (AddParameter): Name = "Value"; Value = "DS26LV32ATM"; VariantName = "3V3_to_15V"
Change component parameters (AddParameter): Name = "ComponentLink1Description"; Value = "Datasheet"; VariantName = "3V3_to_RS422"
Change component parameters (AddParameter): Name = "ComponentLink1URL"; Value = "http://www.ti.com/general/docs/lit/getliterature.tsp?genericPartNumber=DS26LV32AT&fileType=pdf"; VariantName = "3V3_to_RS422"
Change component parameters (AddParameter): Name = "Created"; Value = "2020-01-03_Thilo_Wendt"; VariantName = "3V3_to_RS422"
Change component parameters (AddParameter): Name = "HelpURL"; Value = "http://www.ti.com/general/docs/lit/getliterature.tsp?genericPartNumber=DS26LV32AT&fileType=pdf"; VariantName = "3V3_to_RS422"
Change component parameters (AddParameter): Name = "Max Voltage"; Value = "3.6"; VariantName = "3V3_to_RS422"
Change component parameters (AddParameter): Name = "MF"; Value = "Texas Instruments"; VariantName = "3V3_to_RS422"
Change component parameters (AddParameter): Name = "MPN"; Value = "DS26LV32ATMX"; VariantName = "3V3_to_RS422"
Change component parameters (AddParameter): Name = "Package"; Value = "CurrentFootprint"; VariantName = "3V3_to_RS422"
Change component parameters (AddParameter): Name = "Supplier 1"; Value = "Farnell"; VariantName = "3V3_to_RS422"
Change component parameters (AddParameter): Name = "Supplier 2"; Value = "Mouser"; VariantName = "3V3_to_RS422"
Change component parameters (AddParameter): Name = "Supplier Part Number 1"; Value = "3121146"; VariantName = "3V3_to_RS422"
Change component parameters (AddParameter): Name = "Supplier Part Number 2"; Value = "926-DS26LV32ATMXNOPB"; VariantName = "3V3_to_RS422"
Change component parameters (AddParameter): Name = "Value"; Value = "DS26LV32ATM"; VariantName = "3V3_to_RS422"
Change component parameters: Designator = "U4E"; Footprint = "TI_D-R-PDSO-G16_L"; UniqueID = "\REEOQYYS\XIUNHJUM\1LEJWLXHK\GRHHGOOG"
Change component parameters. Clean all parameters for all variants
Change component parameters (AddParameter): Name = "ComponentLink1Description"; Value = "Datasheet"; VariantName = "[No Variations]"
Change component parameters (AddParameter): Name = "ComponentLink1URL"; Value = "http://www.ti.com/general/docs/lit/getliterature.tsp?genericPartNumber=DS26LV32AT&fileType=pdf"; VariantName = "[No Variations]"
Change component parameters (AddParameter): Name = "Created"; Value = "2020-01-03_Thilo_Wendt"; VariantName = "[No Variations]"
Change component parameters (AddParameter): Name = "HelpURL"; Value = "http://www.ti.com/general/docs/lit/getliterature.tsp?genericPartNumber=DS26LV32AT&fileType=pdf"; VariantName = "[No Variations]"
Change component parameters (AddParameter): Name = "Max Voltage"; Value = "3.6"; VariantName = "[No Variations]"
Change component parameters (AddParameter): Name = "MF"; Value = "Texas Instruments"; VariantName = "[No Variations]"
Change component parameters (AddParameter): Name = "MPN"; Value = "DS26LV32ATMX"; VariantName = "[No Variations]"
Change component parameters (AddParameter): Name = "Package"; Value = "CurrentFootprint"; VariantName = "[No Variations]"
Change component parameters (AddParameter): Name = "Supplier 1"; Value = "Farnell"; VariantName = "[No Variations]"
Change component parameters (AddParameter): Name = "Supplier 2"; Value = "Mouser"; VariantName = "[No Variations]"
Change component parameters (AddParameter): Name = "Supplier Part Number 1"; Value = "3121146"; VariantName = "[No Variations]"
Change component parameters (AddParameter): Name = "Supplier Part Number 2"; Value = "926-DS26LV32ATMXNOPB"; VariantName = "[No Variations]"
Change component parameters (AddParameter): Name = "Value"; Value = "DS26LV32ATM"; VariantName = "[No Variations]"
Change component parameters (AddParameter): Name = "ComponentLink1Description"; Value = "Datasheet"; VariantName = "3V3_to_3V3"
Change component parameters (AddParameter): Name = "ComponentLink1URL"; Value = "http://www.ti.com/general/docs/lit/getliterature.tsp?genericPartNumber=DS26LV32AT&fileType=pdf"; VariantName = "3V3_to_3V3"
Change component parameters (AddParameter): Name = "Created"; Value = "2020-01-03_Thilo_Wendt"; VariantName = "3V3_to_3V3"
Change component parameters (AddParameter): Name = "HelpURL"; Value = "http://www.ti.com/general/docs/lit/getliterature.tsp?genericPartNumber=DS26LV32AT&fileType=pdf"; VariantName = "3V3_to_3V3"
Change component parameters (AddParameter): Name = "Max Voltage"; Value = "3.6"; VariantName = "3V3_to_3V3"
Change component parameters (AddParameter): Name = "MF"; Value = "Texas Instruments"; VariantName = "3V3_to_3V3"
Change component parameters (AddParameter): Name = "MPN"; Value = "DS26LV32ATMX"; VariantName = "3V3_to_3V3"
Change component parameters (AddParameter): Name = "Package"; Value = "CurrentFootprint"; VariantName = "3V3_to_3V3"
Change component parameters (AddParameter): Name = "Supplier 1"; Value = "Farnell"; VariantName = "3V3_to_3V3"
Change component parameters (AddParameter): Name = "Supplier 2"; Value = "Mouser"; VariantName = "3V3_to_3V3"
Change component parameters (AddParameter): Name = "Supplier Part Number 1"; Value = "3121146"; VariantName = "3V3_to_3V3"
Change component parameters (AddParameter): Name = "Supplier Part Number 2"; Value = "926-DS26LV32ATMXNOPB"; VariantName = "3V3_to_3V3"
Change component parameters (AddParameter): Name = "Value"; Value = "DS26LV32ATM"; VariantName = "3V3_to_3V3"
Change component parameters (AddParameter): Name = "ComponentLink1Description"; Value = "Datasheet"; VariantName = "3V3_to_5V"
Change component parameters (AddParameter): Name = "ComponentLink1URL"; Value = "http://www.ti.com/general/docs/lit/getliterature.tsp?genericPartNumber=DS26LV32AT&fileType=pdf"; VariantName = "3V3_to_5V"
Change component parameters (AddParameter): Name = "Created"; Value = "2020-01-03_Thilo_Wendt"; VariantName = "3V3_to_5V"
Change component parameters (AddParameter): Name = "HelpURL"; Value = "http://www.ti.com/general/docs/lit/getliterature.tsp?genericPartNumber=DS26LV32AT&fileType=pdf"; VariantName = "3V3_to_5V"
Change component parameters (AddParameter): Name = "Max Voltage"; Value = "3.6"; VariantName = "3V3_to_5V"
Change component parameters (AddParameter): Name = "MF"; Value = "Texas Instruments"; VariantName = "3V3_to_5V"
Change component parameters (AddParameter): Name = "MPN"; Value = "DS26LV32ATMX"; VariantName = "3V3_to_5V"
Change component parameters (AddParameter): Name = "Package"; Value = "CurrentFootprint"; VariantName = "3V3_to_5V"
Change component parameters (AddParameter): Name = "Supplier 1"; Value = "Farnell"; VariantName = "3V3_to_5V"
Change component parameters (AddParameter): Name = "Supplier 2"; Value = "Mouser"; VariantName = "3V3_to_5V"
Change component parameters (AddParameter): Name = "Supplier Part Number 1"; Value = "3121146"; VariantName = "3V3_to_5V"
Change component parameters (AddParameter): Name = "Supplier Part Number 2"; Value = "926-DS26LV32ATMXNOPB"; VariantName = "3V3_to_5V"
Change component parameters (AddParameter): Name = "Value"; Value = "DS26LV32ATM"; VariantName = "3V3_to_5V"
Change component parameters (AddParameter): Name = "ComponentLink1Description"; Value = "Datasheet"; VariantName = "3V3_to_15V"
Change component parameters (AddParameter): Name = "ComponentLink1URL"; Value = "http://www.ti.com/general/docs/lit/getliterature.tsp?genericPartNumber=DS26LV32AT&fileType=pdf"; VariantName = "3V3_to_15V"
Change component parameters (AddParameter): Name = "Created"; Value = "2020-01-03_Thilo_Wendt"; VariantName = "3V3_to_15V"
Change component parameters (AddParameter): Name = "HelpURL"; Value = "http://www.ti.com/general/docs/lit/getliterature.tsp?genericPartNumber=DS26LV32AT&fileType=pdf"; VariantName = "3V3_to_15V"
Change component parameters (AddParameter): Name = "Max Voltage"; Value = "3.6"; VariantName = "3V3_to_15V"
Change component parameters (AddParameter): Name = "MF"; Value = "Texas Instruments"; VariantName = "3V3_to_15V"
Change component parameters (AddParameter): Name = "MPN"; Value = "DS26LV32ATMX"; VariantName = "3V3_to_15V"
Change component parameters (AddParameter): Name = "Package"; Value = "CurrentFootprint"; VariantName = "3V3_to_15V"
Change component parameters (AddParameter): Name = "Supplier 1"; Value = "Farnell"; VariantName = "3V3_to_15V"
Change component parameters (AddParameter): Name = "Supplier 2"; Value = "Mouser"; VariantName = "3V3_to_15V"
Change component parameters (AddParameter): Name = "Supplier Part Number 1"; Value = "3121146"; VariantName = "3V3_to_15V"
Change component parameters (AddParameter): Name = "Supplier Part Number 2"; Value = "926-DS26LV32ATMXNOPB"; VariantName = "3V3_to_15V"
Change component parameters (AddParameter): Name = "Value"; Value = "DS26LV32ATM"; VariantName = "3V3_to_15V"
Change component parameters (AddParameter): Name = "ComponentLink1Description"; Value = "Datasheet"; VariantName = "3V3_to_RS422"
Change component parameters (AddParameter): Name = "ComponentLink1URL"; Value = "http://www.ti.com/general/docs/lit/getliterature.tsp?genericPartNumber=DS26LV32AT&fileType=pdf"; VariantName = "3V3_to_RS422"
Change component parameters (AddParameter): Name = "Created"; Value = "2020-01-03_Thilo_Wendt"; VariantName = "3V3_to_RS422"
Change component parameters (AddParameter): Name = "HelpURL"; Value = "http://www.ti.com/general/docs/lit/getliterature.tsp?genericPartNumber=DS26LV32AT&fileType=pdf"; VariantName = "3V3_to_RS422"
Change component parameters (AddParameter): Name = "Max Voltage"; Value = "3.6"; VariantName = "3V3_to_RS422"
Change component parameters (AddParameter): Name = "MF"; Value = "Texas Instruments"; VariantName = "3V3_to_RS422"
Change component parameters (AddParameter): Name = "MPN"; Value = "DS26LV32ATMX"; VariantName = "3V3_to_RS422"
Change component parameters (AddParameter): Name = "Package"; Value = "CurrentFootprint"; VariantName = "3V3_to_RS422"
Change component parameters (AddParameter): Name = "Supplier 1"; Value = "Farnell"; VariantName = "3V3_to_RS422"
Change component parameters (AddParameter): Name = "Supplier 2"; Value = "Mouser"; VariantName = "3V3_to_RS422"
Change component parameters (AddParameter): Name = "Supplier Part Number 1"; Value = "3121146"; VariantName = "3V3_to_RS422"
Change component parameters (AddParameter): Name = "Supplier Part Number 2"; Value = "926-DS26LV32ATMXNOPB"; VariantName = "3V3_to_RS422"
Change component parameters (AddParameter): Name = "Value"; Value = "DS26LV32ATM"; VariantName = "3V3_to_RS422"
Change component parameters: Designator = "U4F"; Footprint = "TI_D-R-PDSO-G16_L"; UniqueID = "\REEOQYYS\XIUNHJUM\6LEJWLXHK\GRHHGOOG"
Change component parameters. Clean all parameters for all variants
Change component parameters (AddParameter): Name = "ComponentLink1Description"; Value = "Datasheet"; VariantName = "[No Variations]"
Change component parameters (AddParameter): Name = "ComponentLink1URL"; Value = "http://www.ti.com/general/docs/lit/getliterature.tsp?genericPartNumber=DS26LV32AT&fileType=pdf"; VariantName = "[No Variations]"
Change component parameters (AddParameter): Name = "Created"; Value = "2020-01-03_Thilo_Wendt"; VariantName = "[No Variations]"
Change component parameters (AddParameter): Name = "HelpURL"; Value = "http://www.ti.com/general/docs/lit/getliterature.tsp?genericPartNumber=DS26LV32AT&fileType=pdf"; VariantName = "[No Variations]"
Change component parameters (AddParameter): Name = "Max Voltage"; Value = "3.6"; VariantName = "[No Variations]"
Change component parameters (AddParameter): Name = "MF"; Value = "Texas Instruments"; VariantName = "[No Variations]"
Change component parameters (AddParameter): Name = "MPN"; Value = "DS26LV32ATMX"; VariantName = "[No Variations]"
Change component parameters (AddParameter): Name = "Package"; Value = "CurrentFootprint"; VariantName = "[No Variations]"
Change component parameters (AddParameter): Name = "Supplier 1"; Value = "Farnell"; VariantName = "[No Variations]"
Change component parameters (AddParameter): Name = "Supplier 2"; Value = "Mouser"; VariantName = "[No Variations]"
Change component parameters (AddParameter): Name = "Supplier Part Number 1"; Value = "3121146"; VariantName = "[No Variations]"
Change component parameters (AddParameter): Name = "Supplier Part Number 2"; Value = "926-DS26LV32ATMXNOPB"; VariantName = "[No Variations]"
Change component parameters (AddParameter): Name = "Value"; Value = "DS26LV32ATM"; VariantName = "[No Variations]"
Change component parameters (AddParameter): Name = "ComponentLink1Description"; Value = "Datasheet"; VariantName = "3V3_to_3V3"
Change component parameters (AddParameter): Name = "ComponentLink1URL"; Value = "http://www.ti.com/general/docs/lit/getliterature.tsp?genericPartNumber=DS26LV32AT&fileType=pdf"; VariantName = "3V3_to_3V3"
Change component parameters (AddParameter): Name = "Created"; Value = "2020-01-03_Thilo_Wendt"; VariantName = "3V3_to_3V3"
Change component parameters (AddParameter): Name = "HelpURL"; Value = "http://www.ti.com/general/docs/lit/getliterature.tsp?genericPartNumber=DS26LV32AT&fileType=pdf"; VariantName = "3V3_to_3V3"
Change component parameters (AddParameter): Name = "Max Voltage"; Value = "3.6"; VariantName = "3V3_to_3V3"
Change component parameters (AddParameter): Name = "MF"; Value = "Texas Instruments"; VariantName = "3V3_to_3V3"
Change component parameters (AddParameter): Name = "MPN"; Value = "DS26LV32ATMX"; VariantName = "3V3_to_3V3"
Change component parameters (AddParameter): Name = "Package"; Value = "CurrentFootprint"; VariantName = "3V3_to_3V3"
Change component parameters (AddParameter): Name = "Supplier 1"; Value = "Farnell"; VariantName = "3V3_to_3V3"
Change component parameters (AddParameter): Name = "Supplier 2"; Value = "Mouser"; VariantName = "3V3_to_3V3"
Change component parameters (AddParameter): Name = "Supplier Part Number 1"; Value = "3121146"; VariantName = "3V3_to_3V3"
Change component parameters (AddParameter): Name = "Supplier Part Number 2"; Value = "926-DS26LV32ATMXNOPB"; VariantName = "3V3_to_3V3"
Change component parameters (AddParameter): Name = "Value"; Value = "DS26LV32ATM"; VariantName = "3V3_to_3V3"
Change component parameters (AddParameter): Name = "ComponentLink1Description"; Value = "Datasheet"; VariantName = "3V3_to_5V"
Change component parameters (AddParameter): Name = "ComponentLink1URL"; Value = "http://www.ti.com/general/docs/lit/getliterature.tsp?genericPartNumber=DS26LV32AT&fileType=pdf"; VariantName = "3V3_to_5V"
Change component parameters (AddParameter): Name = "Created"; Value = "2020-01-03_Thilo_Wendt"; VariantName = "3V3_to_5V"
Change component parameters (AddParameter): Name = "HelpURL"; Value = "http://www.ti.com/general/docs/lit/getliterature.tsp?genericPartNumber=DS26LV32AT&fileType=pdf"; VariantName = "3V3_to_5V"
Change component parameters (AddParameter): Name = "Max Voltage"; Value = "3.6"; VariantName = "3V3_to_5V"
Change component parameters (AddParameter): Name = "MF"; Value = "Texas Instruments"; VariantName = "3V3_to_5V"
Change component parameters (AddParameter): Name = "MPN"; Value = "DS26LV32ATMX"; VariantName = "3V3_to_5V"
Change component parameters (AddParameter): Name = "Package"; Value = "CurrentFootprint"; VariantName = "3V3_to_5V"
Change component parameters (AddParameter): Name = "Supplier 1"; Value = "Farnell"; VariantName = "3V3_to_5V"
Change component parameters (AddParameter): Name = "Supplier 2"; Value = "Mouser"; VariantName = "3V3_to_5V"
Change component parameters (AddParameter): Name = "Supplier Part Number 1"; Value = "3121146"; VariantName = "3V3_to_5V"
Change component parameters (AddParameter): Name = "Supplier Part Number 2"; Value = "926-DS26LV32ATMXNOPB"; VariantName = "3V3_to_5V"
Change component parameters (AddParameter): Name = "Value"; Value = "DS26LV32ATM"; VariantName = "3V3_to_5V"
Change component parameters (AddParameter): Name = "ComponentLink1Description"; Value = "Datasheet"; VariantName = "3V3_to_15V"
Change component parameters (AddParameter): Name = "ComponentLink1URL"; Value = "http://www.ti.com/general/docs/lit/getliterature.tsp?genericPartNumber=DS26LV32AT&fileType=pdf"; VariantName = "3V3_to_15V"
Change component parameters (AddParameter): Name = "Created"; Value = "2020-01-03_Thilo_Wendt"; VariantName = "3V3_to_15V"
Change component parameters (AddParameter): Name = "HelpURL"; Value = "http://www.ti.com/general/docs/lit/getliterature.tsp?genericPartNumber=DS26LV32AT&fileType=pdf"; VariantName = "3V3_to_15V"
Change component parameters (AddParameter): Name = "Max Voltage"; Value = "3.6"; VariantName = "3V3_to_15V"
Change component parameters (AddParameter): Name = "MF"; Value = "Texas Instruments"; VariantName = "3V3_to_15V"
Change component parameters (AddParameter): Name = "MPN"; Value = "DS26LV32ATMX"; VariantName = "3V3_to_15V"
Change component parameters (AddParameter): Name = "Package"; Value = "CurrentFootprint"; VariantName = "3V3_to_15V"
Change component parameters (AddParameter): Name = "Supplier 1"; Value = "Farnell"; VariantName = "3V3_to_15V"
Change component parameters (AddParameter): Name = "Supplier 2"; Value = "Mouser"; VariantName = "3V3_to_15V"
Change component parameters (AddParameter): Name = "Supplier Part Number 1"; Value = "3121146"; VariantName = "3V3_to_15V"
Change component parameters (AddParameter): Name = "Supplier Part Number 2"; Value = "926-DS26LV32ATMXNOPB"; VariantName = "3V3_to_15V"
Change component parameters (AddParameter): Name = "Value"; Value = "DS26LV32ATM"; VariantName = "3V3_to_15V"
Change component parameters (AddParameter): Name = "ComponentLink1Description"; Value = "Datasheet"; VariantName = "3V3_to_RS422"
Change component parameters (AddParameter): Name = "ComponentLink1URL"; Value = "http://www.ti.com/general/docs/lit/getliterature.tsp?genericPartNumber=DS26LV32AT&fileType=pdf"; VariantName = "3V3_to_RS422"
Change component parameters (AddParameter): Name = "Created"; Value = "2020-01-03_Thilo_Wendt"; VariantName = "3V3_to_RS422"
Change component parameters (AddParameter): Name = "HelpURL"; Value = "http://www.ti.com/general/docs/lit/getliterature.tsp?genericPartNumber=DS26LV32AT&fileType=pdf"; VariantName = "3V3_to_RS422"
Change component parameters (AddParameter): Name = "Max Voltage"; Value = "3.6"; VariantName = "3V3_to_RS422"
Change component parameters (AddParameter): Name = "MF"; Value = "Texas Instruments"; VariantName = "3V3_to_RS422"
Change component parameters (AddParameter): Name = "MPN"; Value = "DS26LV32ATMX"; VariantName = "3V3_to_RS422"
Change component parameters (AddParameter): Name = "Package"; Value = "CurrentFootprint"; VariantName = "3V3_to_RS422"
Change component parameters (AddParameter): Name = "Supplier 1"; Value = "Farnell"; VariantName = "3V3_to_RS422"
Change component parameters (AddParameter): Name = "Supplier 2"; Value = "Mouser"; VariantName = "3V3_to_RS422"
Change component parameters (AddParameter): Name = "Supplier Part Number 1"; Value = "3121146"; VariantName = "3V3_to_RS422"
Change component parameters (AddParameter): Name = "Supplier Part Number 2"; Value = "926-DS26LV32ATMXNOPB"; VariantName = "3V3_to_RS422"
Change component parameters (AddParameter): Name = "Value"; Value = "DS26LV32ATM"; VariantName = "3V3_to_RS422"
Change component parameters: Designator = "U4G"; Footprint = "TI_D-R-PDSO-G16_L"; UniqueID = "\REEOQYYS\XIUNHJUM\7LEJWLXHK\GRHHGOOG"
Change component parameters. Clean all parameters for all variants
Change component parameters (AddParameter): Name = "ComponentLink1Description"; Value = "Datasheet"; VariantName = "[No Variations]"
Change component parameters (AddParameter): Name = "ComponentLink1URL"; Value = "http://www.ti.com/general/docs/lit/getliterature.tsp?genericPartNumber=DS26LV32AT&fileType=pdf"; VariantName = "[No Variations]"
Change component parameters (AddParameter): Name = "Created"; Value = "2020-01-03_Thilo_Wendt"; VariantName = "[No Variations]"
Change component parameters (AddParameter): Name = "HelpURL"; Value = "http://www.ti.com/general/docs/lit/getliterature.tsp?genericPartNumber=DS26LV32AT&fileType=pdf"; VariantName = "[No Variations]"
Change component parameters (AddParameter): Name = "Max Voltage"; Value = "3.6"; VariantName = "[No Variations]"
Change component parameters (AddParameter): Name = "MF"; Value = "Texas Instruments"; VariantName = "[No Variations]"
Change component parameters (AddParameter): Name = "MPN"; Value = "DS26LV32ATMX"; VariantName = "[No Variations]"
Change component parameters (AddParameter): Name = "Package"; Value = "CurrentFootprint"; VariantName = "[No Variations]"
Change component parameters (AddParameter): Name = "Supplier 1"; Value = "Farnell"; VariantName = "[No Variations]"
Change component parameters (AddParameter): Name = "Supplier 2"; Value = "Mouser"; VariantName = "[No Variations]"
Change component parameters (AddParameter): Name = "Supplier Part Number 1"; Value = "3121146"; VariantName = "[No Variations]"
Change component parameters (AddParameter): Name = "Supplier Part Number 2"; Value = "926-DS26LV32ATMXNOPB"; VariantName = "[No Variations]"
Change component parameters (AddParameter): Name = "Value"; Value = "DS26LV32ATM"; VariantName = "[No Variations]"
Change component parameters (AddParameter): Name = "ComponentLink1Description"; Value = "Datasheet"; VariantName = "3V3_to_3V3"
Change component parameters (AddParameter): Name = "ComponentLink1URL"; Value = "http://www.ti.com/general/docs/lit/getliterature.tsp?genericPartNumber=DS26LV32AT&fileType=pdf"; VariantName = "3V3_to_3V3"
Change component parameters (AddParameter): Name = "Created"; Value = "2020-01-03_Thilo_Wendt"; VariantName = "3V3_to_3V3"
Change component parameters (AddParameter): Name = "HelpURL"; Value = "http://www.ti.com/general/docs/lit/getliterature.tsp?genericPartNumber=DS26LV32AT&fileType=pdf"; VariantName = "3V3_to_3V3"
Change component parameters (AddParameter): Name = "Max Voltage"; Value = "3.6"; VariantName = "3V3_to_3V3"
Change component parameters (AddParameter): Name = "MF"; Value = "Texas Instruments"; VariantName = "3V3_to_3V3"
Change component parameters (AddParameter): Name = "MPN"; Value = "DS26LV32ATMX"; VariantName = "3V3_to_3V3"
Change component parameters (AddParameter): Name = "Package"; Value = "CurrentFootprint"; VariantName = "3V3_to_3V3"
Change component parameters (AddParameter): Name = "Supplier 1"; Value = "Farnell"; VariantName = "3V3_to_3V3"
Change component parameters (AddParameter): Name = "Supplier 2"; Value = "Mouser"; VariantName = "3V3_to_3V3"
Change component parameters (AddParameter): Name = "Supplier Part Number 1"; Value = "3121146"; VariantName = "3V3_to_3V3"
Change component parameters (AddParameter): Name = "Supplier Part Number 2"; Value = "926-DS26LV32ATMXNOPB"; VariantName = "3V3_to_3V3"
Change component parameters (AddParameter): Name = "Value"; Value = "DS26LV32ATM"; VariantName = "3V3_to_3V3"
Change component parameters (AddParameter): Name = "ComponentLink1Description"; Value = "Datasheet"; VariantName = "3V3_to_5V"
Change component parameters (AddParameter): Name = "ComponentLink1URL"; Value = "http://www.ti.com/general/docs/lit/getliterature.tsp?genericPartNumber=DS26LV32AT&fileType=pdf"; VariantName = "3V3_to_5V"
Change component parameters (AddParameter): Name = "Created"; Value = "2020-01-03_Thilo_Wendt"; VariantName = "3V3_to_5V"
Change component parameters (AddParameter): Name = "HelpURL"; Value = "http://www.ti.com/general/docs/lit/getliterature.tsp?genericPartNumber=DS26LV32AT&fileType=pdf"; VariantName = "3V3_to_5V"
Change component parameters (AddParameter): Name = "Max Voltage"; Value = "3.6"; VariantName = "3V3_to_5V"
Change component parameters (AddParameter): Name = "MF"; Value = "Texas Instruments"; VariantName = "3V3_to_5V"
Change component parameters (AddParameter): Name = "MPN"; Value = "DS26LV32ATMX"; VariantName = "3V3_to_5V"
Change component parameters (AddParameter): Name = "Package"; Value = "CurrentFootprint"; VariantName = "3V3_to_5V"
Change component parameters (AddParameter): Name = "Supplier 1"; Value = "Farnell"; VariantName = "3V3_to_5V"
Change component parameters (AddParameter): Name = "Supplier 2"; Value = "Mouser"; VariantName = "3V3_to_5V"
Change component parameters (AddParameter): Name = "Supplier Part Number 1"; Value = "3121146"; VariantName = "3V3_to_5V"
Change component parameters (AddParameter): Name = "Supplier Part Number 2"; Value = "926-DS26LV32ATMXNOPB"; VariantName = "3V3_to_5V"
Change component parameters (AddParameter): Name = "Value"; Value = "DS26LV32ATM"; VariantName = "3V3_to_5V"
Change component parameters (AddParameter): Name = "ComponentLink1Description"; Value = "Datasheet"; VariantName = "3V3_to_15V"
Change component parameters (AddParameter): Name = "ComponentLink1URL"; Value = "http://www.ti.com/general/docs/lit/getliterature.tsp?genericPartNumber=DS26LV32AT&fileType=pdf"; VariantName = "3V3_to_15V"
Change component parameters (AddParameter): Name = "Created"; Value = "2020-01-03_Thilo_Wendt"; VariantName = "3V3_to_15V"
Change component parameters (AddParameter): Name = "HelpURL"; Value = "http://www.ti.com/general/docs/lit/getliterature.tsp?genericPartNumber=DS26LV32AT&fileType=pdf"; VariantName = "3V3_to_15V"
Change component parameters (AddParameter): Name = "Max Voltage"; Value = "3.6"; VariantName = "3V3_to_15V"
Change component parameters (AddParameter): Name = "MF"; Value = "Texas Instruments"; VariantName = "3V3_to_15V"
Change component parameters (AddParameter): Name = "MPN"; Value = "DS26LV32ATMX"; VariantName = "3V3_to_15V"
Change component parameters (AddParameter): Name = "Package"; Value = "CurrentFootprint"; VariantName = "3V3_to_15V"
Change component parameters (AddParameter): Name = "Supplier 1"; Value = "Farnell"; VariantName = "3V3_to_15V"
Change component parameters (AddParameter): Name = "Supplier 2"; Value = "Mouser"; VariantName = "3V3_to_15V"
Change component parameters (AddParameter): Name = "Supplier Part Number 1"; Value = "3121146"; VariantName = "3V3_to_15V"
Change component parameters (AddParameter): Name = "Supplier Part Number 2"; Value = "926-DS26LV32ATMXNOPB"; VariantName = "3V3_to_15V"
Change component parameters (AddParameter): Name = "Value"; Value = "DS26LV32ATM"; VariantName = "3V3_to_15V"
Change component parameters (AddParameter): Name = "ComponentLink1Description"; Value = "Datasheet"; VariantName = "3V3_to_RS422"
Change component parameters (AddParameter): Name = "ComponentLink1URL"; Value = "http://www.ti.com/general/docs/lit/getliterature.tsp?genericPartNumber=DS26LV32AT&fileType=pdf"; VariantName = "3V3_to_RS422"
Change component parameters (AddParameter): Name = "Created"; Value = "2020-01-03_Thilo_Wendt"; VariantName = "3V3_to_RS422"
Change component parameters (AddParameter): Name = "HelpURL"; Value = "http://www.ti.com/general/docs/lit/getliterature.tsp?genericPartNumber=DS26LV32AT&fileType=pdf"; VariantName = "3V3_to_RS422"
Change component parameters (AddParameter): Name = "Max Voltage"; Value = "3.6"; VariantName = "3V3_to_RS422"
Change component parameters (AddParameter): Name = "MF"; Value = "Texas Instruments"; VariantName = "3V3_to_RS422"
Change component parameters (AddParameter): Name = "MPN"; Value = "DS26LV32ATMX"; VariantName = "3V3_to_RS422"
Change component parameters (AddParameter): Name = "Package"; Value = "CurrentFootprint"; VariantName = "3V3_to_RS422"
Change component parameters (AddParameter): Name = "Supplier 1"; Value = "Farnell"; VariantName = "3V3_to_RS422"
Change component parameters (AddParameter): Name = "Supplier 2"; Value = "Mouser"; VariantName = "3V3_to_RS422"
Change component parameters (AddParameter): Name = "Supplier Part Number 1"; Value = "3121146"; VariantName = "3V3_to_RS422"
Change component parameters (AddParameter): Name = "Supplier Part Number 2"; Value = "926-DS26LV32ATMXNOPB"; VariantName = "3V3_to_RS422"
Change component parameters (AddParameter): Name = "Value"; Value = "DS26LV32ATM"; VariantName = "3V3_to_RS422"
Change component parameters: Designator = "U4H"; Footprint = "TI_D-R-PDSO-G16_L"; UniqueID = "\REEOQYYS\XIUNHJUM\XKEVRATB\GRHHGOOG"
Change component parameters. Clean all parameters for all variants
Change component parameters (AddParameter): Name = "ComponentLink1Description"; Value = "Datasheet"; VariantName = "[No Variations]"
Change component parameters (AddParameter): Name = "ComponentLink1URL"; Value = "http://www.ti.com/general/docs/lit/getliterature.tsp?genericPartNumber=DS26LV32AT&fileType=pdf"; VariantName = "[No Variations]"
Change component parameters (AddParameter): Name = "Created"; Value = "2020-01-03_Thilo_Wendt"; VariantName = "[No Variations]"
Change component parameters (AddParameter): Name = "HelpURL"; Value = "http://www.ti.com/general/docs/lit/getliterature.tsp?genericPartNumber=DS26LV32AT&fileType=pdf"; VariantName = "[No Variations]"
Change component parameters (AddParameter): Name = "Max Voltage"; Value = "3.6"; VariantName = "[No Variations]"
Change component parameters (AddParameter): Name = "MF"; Value = "Texas Instruments"; VariantName = "[No Variations]"
Change component parameters (AddParameter): Name = "MPN"; Value = "DS26LV32ATMX"; VariantName = "[No Variations]"
Change component parameters (AddParameter): Name = "Package"; Value = "CurrentFootprint"; VariantName = "[No Variations]"
Change component parameters (AddParameter): Name = "Supplier 1"; Value = "Farnell"; VariantName = "[No Variations]"
Change component parameters (AddParameter): Name = "Supplier 2"; Value = "Mouser"; VariantName = "[No Variations]"
Change component parameters (AddParameter): Name = "Supplier Part Number 1"; Value = "3121146"; VariantName = "[No Variations]"
Change component parameters (AddParameter): Name = "Supplier Part Number 2"; Value = "926-DS26LV32ATMXNOPB"; VariantName = "[No Variations]"
Change component parameters (AddParameter): Name = "Value"; Value = "DS26LV32ATM"; VariantName = "[No Variations]"
Change component parameters (AddParameter): Name = "ComponentLink1Description"; Value = "Datasheet"; VariantName = "3V3_to_3V3"
Change component parameters (AddParameter): Name = "ComponentLink1URL"; Value = "http://www.ti.com/general/docs/lit/getliterature.tsp?genericPartNumber=DS26LV32AT&fileType=pdf"; VariantName = "3V3_to_3V3"
Change component parameters (AddParameter): Name = "Created"; Value = "2020-01-03_Thilo_Wendt"; VariantName = "3V3_to_3V3"
Change component parameters (AddParameter): Name = "HelpURL"; Value = "http://www.ti.com/general/docs/lit/getliterature.tsp?genericPartNumber=DS26LV32AT&fileType=pdf"; VariantName = "3V3_to_3V3"
Change component parameters (AddParameter): Name = "Max Voltage"; Value = "3.6"; VariantName = "3V3_to_3V3"
Change component parameters (AddParameter): Name = "MF"; Value = "Texas Instruments"; VariantName = "3V3_to_3V3"
Change component parameters (AddParameter): Name = "MPN"; Value = "DS26LV32ATMX"; VariantName = "3V3_to_3V3"
Change component parameters (AddParameter): Name = "Package"; Value = "CurrentFootprint"; VariantName = "3V3_to_3V3"
Change component parameters (AddParameter): Name = "Supplier 1"; Value = "Farnell"; VariantName = "3V3_to_3V3"
Change component parameters (AddParameter): Name = "Supplier 2"; Value = "Mouser"; VariantName = "3V3_to_3V3"
Change component parameters (AddParameter): Name = "Supplier Part Number 1"; Value = "3121146"; VariantName = "3V3_to_3V3"
Change component parameters (AddParameter): Name = "Supplier Part Number 2"; Value = "926-DS26LV32ATMXNOPB"; VariantName = "3V3_to_3V3"
Change component parameters (AddParameter): Name = "Value"; Value = "DS26LV32ATM"; VariantName = "3V3_to_3V3"
Change component parameters (AddParameter): Name = "ComponentLink1Description"; Value = "Datasheet"; VariantName = "3V3_to_5V"
Change component parameters (AddParameter): Name = "ComponentLink1URL"; Value = "http://www.ti.com/general/docs/lit/getliterature.tsp?genericPartNumber=DS26LV32AT&fileType=pdf"; VariantName = "3V3_to_5V"
Change component parameters (AddParameter): Name = "Created"; Value = "2020-01-03_Thilo_Wendt"; VariantName = "3V3_to_5V"
Change component parameters (AddParameter): Name = "HelpURL"; Value = "http://www.ti.com/general/docs/lit/getliterature.tsp?genericPartNumber=DS26LV32AT&fileType=pdf"; VariantName = "3V3_to_5V"
Change component parameters (AddParameter): Name = "Max Voltage"; Value = "3.6"; VariantName = "3V3_to_5V"
Change component parameters (AddParameter): Name = "MF"; Value = "Texas Instruments"; VariantName = "3V3_to_5V"
Change component parameters (AddParameter): Name = "MPN"; Value = "DS26LV32ATMX"; VariantName = "3V3_to_5V"
Change component parameters (AddParameter): Name = "Package"; Value = "CurrentFootprint"; VariantName = "3V3_to_5V"
Change component parameters (AddParameter): Name = "Supplier 1"; Value = "Farnell"; VariantName = "3V3_to_5V"
Change component parameters (AddParameter): Name = "Supplier 2"; Value = "Mouser"; VariantName = "3V3_to_5V"
Change component parameters (AddParameter): Name = "Supplier Part Number 1"; Value = "3121146"; VariantName = "3V3_to_5V"
Change component parameters (AddParameter): Name = "Supplier Part Number 2"; Value = "926-DS26LV32ATMXNOPB"; VariantName = "3V3_to_5V"
Change component parameters (AddParameter): Name = "Value"; Value = "DS26LV32ATM"; VariantName = "3V3_to_5V"
Change component parameters (AddParameter): Name = "ComponentLink1Description"; Value = "Datasheet"; VariantName = "3V3_to_15V"
Change component parameters (AddParameter): Name = "ComponentLink1URL"; Value = "http://www.ti.com/general/docs/lit/getliterature.tsp?genericPartNumber=DS26LV32AT&fileType=pdf"; VariantName = "3V3_to_15V"
Change component parameters (AddParameter): Name = "Created"; Value = "2020-01-03_Thilo_Wendt"; VariantName = "3V3_to_15V"
Change component parameters (AddParameter): Name = "HelpURL"; Value = "http://www.ti.com/general/docs/lit/getliterature.tsp?genericPartNumber=DS26LV32AT&fileType=pdf"; VariantName = "3V3_to_15V"
Change component parameters (AddParameter): Name = "Max Voltage"; Value = "3.6"; VariantName = "3V3_to_15V"
Change component parameters (AddParameter): Name = "MF"; Value = "Texas Instruments"; VariantName = "3V3_to_15V"
Change component parameters (AddParameter): Name = "MPN"; Value = "DS26LV32ATMX"; VariantName = "3V3_to_15V"
Change component parameters (AddParameter): Name = "Package"; Value = "CurrentFootprint"; VariantName = "3V3_to_15V"
Change component parameters (AddParameter): Name = "Supplier 1"; Value = "Farnell"; VariantName = "3V3_to_15V"
Change component parameters (AddParameter): Name = "Supplier 2"; Value = "Mouser"; VariantName = "3V3_to_15V"
Change component parameters (AddParameter): Name = "Supplier Part Number 1"; Value = "3121146"; VariantName = "3V3_to_15V"
Change component parameters (AddParameter): Name = "Supplier Part Number 2"; Value = "926-DS26LV32ATMXNOPB"; VariantName = "3V3_to_15V"
Change component parameters (AddParameter): Name = "Value"; Value = "DS26LV32ATM"; VariantName = "3V3_to_15V"
Change component parameters (AddParameter): Name = "ComponentLink1Description"; Value = "Datasheet"; VariantName = "3V3_to_RS422"
Change component parameters (AddParameter): Name = "ComponentLink1URL"; Value = "http://www.ti.com/general/docs/lit/getliterature.tsp?genericPartNumber=DS26LV32AT&fileType=pdf"; VariantName = "3V3_to_RS422"
Change component parameters (AddParameter): Name = "Created"; Value = "2020-01-03_Thilo_Wendt"; VariantName = "3V3_to_RS422"
Change component parameters (AddParameter): Name = "HelpURL"; Value = "http://www.ti.com/general/docs/lit/getliterature.tsp?genericPartNumber=DS26LV32AT&fileType=pdf"; VariantName = "3V3_to_RS422"
Change component parameters (AddParameter): Name = "Max Voltage"; Value = "3.6"; VariantName = "3V3_to_RS422"
Change component parameters (AddParameter): Name = "MF"; Value = "Texas Instruments"; VariantName = "3V3_to_RS422"
Change component parameters (AddParameter): Name = "MPN"; Value = "DS26LV32ATMX"; VariantName = "3V3_to_RS422"
Change component parameters (AddParameter): Name = "Package"; Value = "CurrentFootprint"; VariantName = "3V3_to_RS422"
Change component parameters (AddParameter): Name = "Supplier 1"; Value = "Farnell"; VariantName = "3V3_to_RS422"
Change component parameters (AddParameter): Name = "Supplier 2"; Value = "Mouser"; VariantName = "3V3_to_RS422"
Change component parameters (AddParameter): Name = "Supplier Part Number 1"; Value = "3121146"; VariantName = "3V3_to_RS422"
Change component parameters (AddParameter): Name = "Supplier Part Number 2"; Value = "926-DS26LV32ATMXNOPB"; VariantName = "3V3_to_RS422"
Change component parameters (AddParameter): Name = "Value"; Value = "DS26LV32ATM"; VariantName = "3V3_to_RS422"
Change component parameters: Designator = "C1"; Footprint = "CAPC2013X140X50NL15T20"; UniqueID = "\GEIJMUXU\LOZSKSSQ"
Change component parameters. Clean all parameters for all variants
Change component parameters (AddParameter): Name = "ComponentLink1Description"; Value = "Datasheet"; VariantName = "[No Variations]"
Change component parameters (AddParameter): Name = "ComponentLink1URL"; Value = "https://content.kemet.com/datasheets/KEM_C1002_X7R_SMD.pdf"; VariantName = "[No Variations]"
Change component parameters (AddParameter): Name = "Created"; Value = "2019-12-08_Thilo_Wendt"; VariantName = "[No Variations]"
Change component parameters (AddParameter): Name = "HelpURL"; Value = "https://content.kemet.com/datasheets/KEM_C1002_X7R_SMD.pdf"; VariantName = "[No Variations]"
Change component parameters (AddParameter): Name = "MaxCap"; Value = "1u"; VariantName = "[No Variations]"
Change component parameters (AddParameter): Name = "MaxVoltage"; Value = "50"; VariantName = "[No Variations]"
Change component parameters (AddParameter): Name = "MF"; Value = "KEMET"; VariantName = "[No Variations]"
Change component parameters (AddParameter): Name = "MinCap"; Value = "10p"; VariantName = "[No Variations]"
Change component parameters (AddParameter): Name = "MPN"; Value = "C<pkg[inch]><2d cap [pf] + #zeros><ToleranceSym><VoltageSym>RACTU"; VariantName = "[No Variations]"
Change component parameters (AddParameter): Name = "Package"; Value = "CurrentFootprint"; VariantName = "[No Variations]"
Change component parameters (AddParameter): Name = "Parameter1"; Value = "5"; VariantName = "[No Variations]"
Change component parameters (AddParameter): Name = "Parameter1Desc"; Value = "Voltage Symbol"; VariantName = "[No Variations]"
Change component parameters (AddParameter): Name = "Parameter2"; Value = "J"; VariantName = "[No Variations]"
Change component parameters (AddParameter): Name = "Parameter2Desc"; Value = "Tolerance Symbol"; VariantName = "[No Variations]"
Change component parameters (AddParameter): Name = "Supplier 1"; Value = "Farnell"; VariantName = "[No Variations]"
Change component parameters (AddParameter): Name = "Supplier 2"; Value = "Mouser"; VariantName = "[No Variations]"
Change component parameters (AddParameter): Name = "Supplier Link 1"; Value = "https://de.farnell.com/w/c/passive-bauelemente/kondensatoren/keramikkondensatoren/keramik-vielschichtkondensatoren-mlcc-smd?brand=kemet&kapazitatstoleranz=posneg-10pc&dielektrikum=x7r"; VariantName = "[No Variations]"
Change component parameters (AddParameter): Name = "Supplier Part Number 2"; Value = "80-<MPN>"; VariantName = "[No Variations]"
Change component parameters (AddParameter): Name = "Value"; Value = "?"; VariantName = "[No Variations]"
Change component parameters: Designator = "C2"; Footprint = "CAPC2013X140X50NL15T20"; UniqueID = "\GEIJMUXU\YFBKACGO"
Change component parameters. Clean all parameters for all variants
Change component parameters (AddParameter): Name = "ComponentLink1Description"; Value = "Datasheet"; VariantName = "[No Variations]"
Change component parameters (AddParameter): Name = "ComponentLink1URL"; Value = "https://content.kemet.com/datasheets/KEM_C1002_X7R_SMD.pdf"; VariantName = "[No Variations]"
Change component parameters (AddParameter): Name = "Created"; Value = "2019-12-08_Thilo_Wendt"; VariantName = "[No Variations]"
Change component parameters (AddParameter): Name = "HelpURL"; Value = "https://content.kemet.com/datasheets/KEM_C1002_X7R_SMD.pdf"; VariantName = "[No Variations]"
Change component parameters (AddParameter): Name = "MaxCap"; Value = "1u"; VariantName = "[No Variations]"
Change component parameters (AddParameter): Name = "MaxVoltage"; Value = "50"; VariantName = "[No Variations]"
Change component parameters (AddParameter): Name = "MF"; Value = "KEMET"; VariantName = "[No Variations]"
Change component parameters (AddParameter): Name = "MinCap"; Value = "10p"; VariantName = "[No Variations]"
Change component parameters (AddParameter): Name = "MPN"; Value = "C<pkg[inch]><2d cap [pf] + #zeros><ToleranceSym><VoltageSym>RACTU"; VariantName = "[No Variations]"
Change component parameters (AddParameter): Name = "Package"; Value = "CurrentFootprint"; VariantName = "[No Variations]"
Change component parameters (AddParameter): Name = "Parameter1"; Value = "5"; VariantName = "[No Variations]"
Change component parameters (AddParameter): Name = "Parameter1Desc"; Value = "Voltage Symbol"; VariantName = "[No Variations]"
Change component parameters (AddParameter): Name = "Parameter2"; Value = "J"; VariantName = "[No Variations]"
Change component parameters (AddParameter): Name = "Parameter2Desc"; Value = "Tolerance Symbol"; VariantName = "[No Variations]"
Change component parameters (AddParameter): Name = "Supplier 1"; Value = "Farnell"; VariantName = "[No Variations]"
Change component parameters (AddParameter): Name = "Supplier 2"; Value = "Mouser"; VariantName = "[No Variations]"
Change component parameters (AddParameter): Name = "Supplier Link 1"; Value = "https://de.farnell.com/w/c/passive-bauelemente/kondensatoren/keramikkondensatoren/keramik-vielschichtkondensatoren-mlcc-smd?brand=kemet&kapazitatstoleranz=posneg-10pc&dielektrikum=x7r"; VariantName = "[No Variations]"
Change component parameters (AddParameter): Name = "Supplier Part Number 2"; Value = "80-<MPN>"; VariantName = "[No Variations]"
Change component parameters (AddParameter): Name = "Value"; Value = "?"; VariantName = "[No Variations]"
Change component parameters: Designator = "C3"; Footprint = "CAPC2013X140X50NL15T20"; UniqueID = "\GEIJMUXU\NLQPYCUR"
Change component parameters. Clean all parameters for all variants
Change component parameters (AddParameter): Name = "ComponentLink1Description"; Value = "Datasheet"; VariantName = "[No Variations]"
Change component parameters (AddParameter): Name = "ComponentLink1URL"; Value = "https://content.kemet.com/datasheets/KEM_C1002_X7R_SMD.pdf"; VariantName = "[No Variations]"
Change component parameters (AddParameter): Name = "Created"; Value = "2019-12-08_Thilo_Wendt"; VariantName = "[No Variations]"
Change component parameters (AddParameter): Name = "HelpURL"; Value = "https://content.kemet.com/datasheets/KEM_C1002_X7R_SMD.pdf"; VariantName = "[No Variations]"
Change component parameters (AddParameter): Name = "MaxCap"; Value = "1u"; VariantName = "[No Variations]"
Change component parameters (AddParameter): Name = "MaxVoltage"; Value = "50"; VariantName = "[No Variations]"
Change component parameters (AddParameter): Name = "MF"; Value = "KEMET"; VariantName = "[No Variations]"
Change component parameters (AddParameter): Name = "MinCap"; Value = "10p"; VariantName = "[No Variations]"
Change component parameters (AddParameter): Name = "MPN"; Value = "C<pkg[inch]><2d cap [pf] + #zeros><ToleranceSym><VoltageSym>RACTU"; VariantName = "[No Variations]"
Change component parameters (AddParameter): Name = "Package"; Value = "CurrentFootprint"; VariantName = "[No Variations]"
Change component parameters (AddParameter): Name = "Parameter1"; Value = "5"; VariantName = "[No Variations]"
Change component parameters (AddParameter): Name = "Parameter1Desc"; Value = "Voltage Symbol"; VariantName = "[No Variations]"
Change component parameters (AddParameter): Name = "Parameter2"; Value = "J"; VariantName = "[No Variations]"
Change component parameters (AddParameter): Name = "Parameter2Desc"; Value = "Tolerance Symbol"; VariantName = "[No Variations]"
Change component parameters (AddParameter): Name = "Supplier 1"; Value = "Farnell"; VariantName = "[No Variations]"
Change component parameters (AddParameter): Name = "Supplier 2"; Value = "Mouser"; VariantName = "[No Variations]"
Change component parameters (AddParameter): Name = "Supplier Link 1"; Value = "https://de.farnell.com/w/c/passive-bauelemente/kondensatoren/keramikkondensatoren/keramik-vielschichtkondensatoren-mlcc-smd?brand=kemet&kapazitatstoleranz=posneg-10pc&dielektrikum=x7r"; VariantName = "[No Variations]"
Change component parameters (AddParameter): Name = "Supplier Part Number 2"; Value = "80-<MPN>"; VariantName = "[No Variations]"
Change component parameters (AddParameter): Name = "Value"; Value = "?"; VariantName = "[No Variations]"
Change component parameters: Designator = "C4"; Footprint = "CAPC2013X140X50NL15T20"; UniqueID = "\GEIJMUXU\IIXJYDXY"
Change component parameters. Clean all parameters for all variants
Change component parameters (AddParameter): Name = "ComponentLink1Description"; Value = "Datasheet"; VariantName = "[No Variations]"
Change component parameters (AddParameter): Name = "ComponentLink1URL"; Value = "https://content.kemet.com/datasheets/KEM_C1002_X7R_SMD.pdf"; VariantName = "[No Variations]"
Change component parameters (AddParameter): Name = "Created"; Value = "2019-12-08_Thilo_Wendt"; VariantName = "[No Variations]"
Change component parameters (AddParameter): Name = "HelpURL"; Value = "https://content.kemet.com/datasheets/KEM_C1002_X7R_SMD.pdf"; VariantName = "[No Variations]"
Change component parameters (AddParameter): Name = "MaxCap"; Value = "1u"; VariantName = "[No Variations]"
Change component parameters (AddParameter): Name = "MaxVoltage"; Value = "50"; VariantName = "[No Variations]"
Change component parameters (AddParameter): Name = "MF"; Value = "KEMET"; VariantName = "[No Variations]"
Change component parameters (AddParameter): Name = "MinCap"; Value = "10p"; VariantName = "[No Variations]"
Change component parameters (AddParameter): Name = "MPN"; Value = "C<pkg[inch]><2d cap [pf] + #zeros><ToleranceSym><VoltageSym>RACTU"; VariantName = "[No Variations]"
Change component parameters (AddParameter): Name = "Package"; Value = "CurrentFootprint"; VariantName = "[No Variations]"
Change component parameters (AddParameter): Name = "Parameter1"; Value = "5"; VariantName = "[No Variations]"
Change component parameters (AddParameter): Name = "Parameter1Desc"; Value = "Voltage Symbol"; VariantName = "[No Variations]"
Change component parameters (AddParameter): Name = "Parameter2"; Value = "J"; VariantName = "[No Variations]"
Change component parameters (AddParameter): Name = "Parameter2Desc"; Value = "Tolerance Symbol"; VariantName = "[No Variations]"
Change component parameters (AddParameter): Name = "Supplier 1"; Value = "Farnell"; VariantName = "[No Variations]"
Change component parameters (AddParameter): Name = "Supplier 2"; Value = "Mouser"; VariantName = "[No Variations]"
Change component parameters (AddParameter): Name = "Supplier Link 1"; Value = "https://de.farnell.com/w/c/passive-bauelemente/kondensatoren/keramikkondensatoren/keramik-vielschichtkondensatoren-mlcc-smd?brand=kemet&kapazitatstoleranz=posneg-10pc&dielektrikum=x7r"; VariantName = "[No Variations]"
Change component parameters (AddParameter): Name = "Supplier Part Number 2"; Value = "80-<MPN>"; VariantName = "[No Variations]"
Change component parameters (AddParameter): Name = "Value"; Value = "?"; VariantName = "[No Variations]"
Change component parameters: Designator = "C5"; Footprint = "CAPC2013X140X50NL15T20"; UniqueID = "\GEIJMUXU\BUQRBAEM"
Change component parameters. Clean all parameters for all variants
Change component parameters (AddParameter): Name = "ComponentLink1Description"; Value = "Datasheet"; VariantName = "[No Variations]"
Change component parameters (AddParameter): Name = "ComponentLink1URL"; Value = "https://content.kemet.com/datasheets/KEM_C1002_X7R_SMD.pdf"; VariantName = "[No Variations]"
Change component parameters (AddParameter): Name = "Created"; Value = "2019-12-08_Thilo_Wendt"; VariantName = "[No Variations]"
Change component parameters (AddParameter): Name = "HelpURL"; Value = "https://content.kemet.com/datasheets/KEM_C1002_X7R_SMD.pdf"; VariantName = "[No Variations]"
Change component parameters (AddParameter): Name = "MaxCap"; Value = "1u"; VariantName = "[No Variations]"
Change component parameters (AddParameter): Name = "MaxVoltage"; Value = "50"; VariantName = "[No Variations]"
Change component parameters (AddParameter): Name = "MF"; Value = "KEMET"; VariantName = "[No Variations]"
Change component parameters (AddParameter): Name = "MinCap"; Value = "10p"; VariantName = "[No Variations]"
Change component parameters (AddParameter): Name = "MPN"; Value = "C<pkg[inch]><2d cap [pf] + #zeros><ToleranceSym><VoltageSym>RACTU"; VariantName = "[No Variations]"
Change component parameters (AddParameter): Name = "Package"; Value = "CurrentFootprint"; VariantName = "[No Variations]"
Change component parameters (AddParameter): Name = "Parameter1"; Value = "5"; VariantName = "[No Variations]"
Change component parameters (AddParameter): Name = "Parameter1Desc"; Value = "Voltage Symbol"; VariantName = "[No Variations]"
Change component parameters (AddParameter): Name = "Parameter2"; Value = "J"; VariantName = "[No Variations]"
Change component parameters (AddParameter): Name = "Parameter2Desc"; Value = "Tolerance Symbol"; VariantName = "[No Variations]"
Change component parameters (AddParameter): Name = "Supplier 1"; Value = "Farnell"; VariantName = "[No Variations]"
Change component parameters (AddParameter): Name = "Supplier 2"; Value = "Mouser"; VariantName = "[No Variations]"
Change component parameters (AddParameter): Name = "Supplier Link 1"; Value = "https://de.farnell.com/w/c/passive-bauelemente/kondensatoren/keramikkondensatoren/keramik-vielschichtkondensatoren-mlcc-smd?brand=kemet&kapazitatstoleranz=posneg-10pc&dielektrikum=x7r"; VariantName = "[No Variations]"
Change component parameters (AddParameter): Name = "Supplier Part Number 2"; Value = "80-<MPN>"; VariantName = "[No Variations]"
Change component parameters (AddParameter): Name = "Value"; Value = "?"; VariantName = "[No Variations]"
Change component parameters: Designator = "C6"; Footprint = "CAPC2013X140X50NL15T20"; UniqueID = "\GEIJMUXU\XCNNXUEO"
Change component parameters. Clean all parameters for all variants
Change component parameters (AddParameter): Name = "ComponentLink1Description"; Value = "Datasheet"; VariantName = "[No Variations]"
Change component parameters (AddParameter): Name = "ComponentLink1URL"; Value = "https://content.kemet.com/datasheets/KEM_C1002_X7R_SMD.pdf"; VariantName = "[No Variations]"
Change component parameters (AddParameter): Name = "Created"; Value = "2019-12-08_Thilo_Wendt"; VariantName = "[No Variations]"
Change component parameters (AddParameter): Name = "HelpURL"; Value = "https://content.kemet.com/datasheets/KEM_C1002_X7R_SMD.pdf"; VariantName = "[No Variations]"
Change component parameters (AddParameter): Name = "MaxCap"; Value = "1u"; VariantName = "[No Variations]"
Change component parameters (AddParameter): Name = "MaxVoltage"; Value = "50"; VariantName = "[No Variations]"
Change component parameters (AddParameter): Name = "MF"; Value = "KEMET"; VariantName = "[No Variations]"
Change component parameters (AddParameter): Name = "MinCap"; Value = "10p"; VariantName = "[No Variations]"
Change component parameters (AddParameter): Name = "MPN"; Value = "C<pkg[inch]><2d cap [pf] + #zeros><ToleranceSym><VoltageSym>RACTU"; VariantName = "[No Variations]"
Change component parameters (AddParameter): Name = "Package"; Value = "CurrentFootprint"; VariantName = "[No Variations]"
Change component parameters (AddParameter): Name = "Parameter1"; Value = "5"; VariantName = "[No Variations]"
Change component parameters (AddParameter): Name = "Parameter1Desc"; Value = "Voltage Symbol"; VariantName = "[No Variations]"
Change component parameters (AddParameter): Name = "Parameter2"; Value = "J"; VariantName = "[No Variations]"
Change component parameters (AddParameter): Name = "Parameter2Desc"; Value = "Tolerance Symbol"; VariantName = "[No Variations]"
Change component parameters (AddParameter): Name = "Supplier 1"; Value = "Farnell"; VariantName = "[No Variations]"
Change component parameters (AddParameter): Name = "Supplier 2"; Value = "Mouser"; VariantName = "[No Variations]"
Change component parameters (AddParameter): Name = "Supplier Link 1"; Value = "https://de.farnell.com/w/c/passive-bauelemente/kondensatoren/keramikkondensatoren/keramik-vielschichtkondensatoren-mlcc-smd?brand=kemet&kapazitatstoleranz=posneg-10pc&dielektrikum=x7r"; VariantName = "[No Variations]"
Change component parameters (AddParameter): Name = "Supplier Part Number 2"; Value = "80-<MPN>"; VariantName = "[No Variations]"
Change component parameters (AddParameter): Name = "Value"; Value = "?"; VariantName = "[No Variations]"
Change component parameters: Designator = "C7"; Footprint = "CAPC2013X140X50NL15T20"; UniqueID = "\GEIJMUXU\KQPDTRNA"
Change component parameters. Clean all parameters for all variants
Change component parameters (AddParameter): Name = "ComponentLink1Description"; Value = "Datasheet"; VariantName = "[No Variations]"
Change component parameters (AddParameter): Name = "ComponentLink1URL"; Value = "https://content.kemet.com/datasheets/KEM_C1002_X7R_SMD.pdf"; VariantName = "[No Variations]"
Change component parameters (AddParameter): Name = "Created"; Value = "2019-12-08_Thilo_Wendt"; VariantName = "[No Variations]"
Change component parameters (AddParameter): Name = "HelpURL"; Value = "https://content.kemet.com/datasheets/KEM_C1002_X7R_SMD.pdf"; VariantName = "[No Variations]"
Change component parameters (AddParameter): Name = "MaxCap"; Value = "1u"; VariantName = "[No Variations]"
Change component parameters (AddParameter): Name = "MaxVoltage"; Value = "50"; VariantName = "[No Variations]"
Change component parameters (AddParameter): Name = "MF"; Value = "KEMET"; VariantName = "[No Variations]"
Change component parameters (AddParameter): Name = "MinCap"; Value = "10p"; VariantName = "[No Variations]"
Change component parameters (AddParameter): Name = "MPN"; Value = "C<pkg[inch]><2d cap [pf] + #zeros><ToleranceSym><VoltageSym>RACTU"; VariantName = "[No Variations]"
Change component parameters (AddParameter): Name = "Package"; Value = "CurrentFootprint"; VariantName = "[No Variations]"
Change component parameters (AddParameter): Name = "Parameter1"; Value = "5"; VariantName = "[No Variations]"
Change component parameters (AddParameter): Name = "Parameter1Desc"; Value = "Voltage Symbol"; VariantName = "[No Variations]"
Change component parameters (AddParameter): Name = "Parameter2"; Value = "J"; VariantName = "[No Variations]"
Change component parameters (AddParameter): Name = "Parameter2Desc"; Value = "Tolerance Symbol"; VariantName = "[No Variations]"
Change component parameters (AddParameter): Name = "Supplier 1"; Value = "Farnell"; VariantName = "[No Variations]"
Change component parameters (AddParameter): Name = "Supplier 2"; Value = "Mouser"; VariantName = "[No Variations]"
Change component parameters (AddParameter): Name = "Supplier Link 1"; Value = "https://de.farnell.com/w/c/passive-bauelemente/kondensatoren/keramikkondensatoren/keramik-vielschichtkondensatoren-mlcc-smd?brand=kemet&kapazitatstoleranz=posneg-10pc&dielektrikum=x7r"; VariantName = "[No Variations]"
Change component parameters (AddParameter): Name = "Supplier Part Number 2"; Value = "80-<MPN>"; VariantName = "[No Variations]"
Change component parameters (AddParameter): Name = "Value"; Value = "?"; VariantName = "[No Variations]"
Change component parameters: Designator = "C8"; Footprint = "CAPC2013X140X50NL15T20"; UniqueID = "\GEIJMUXU\CBEBJVXE"
Change component parameters. Clean all parameters for all variants
Change component parameters (AddParameter): Name = "ComponentLink1Description"; Value = "Datasheet"; VariantName = "[No Variations]"
Change component parameters (AddParameter): Name = "ComponentLink1URL"; Value = "https://content.kemet.com/datasheets/KEM_C1002_X7R_SMD.pdf"; VariantName = "[No Variations]"
Change component parameters (AddParameter): Name = "Created"; Value = "2019-12-08_Thilo_Wendt"; VariantName = "[No Variations]"
Change component parameters (AddParameter): Name = "HelpURL"; Value = "https://content.kemet.com/datasheets/KEM_C1002_X7R_SMD.pdf"; VariantName = "[No Variations]"
Change component parameters (AddParameter): Name = "MaxCap"; Value = "1u"; VariantName = "[No Variations]"
Change component parameters (AddParameter): Name = "MaxVoltage"; Value = "50"; VariantName = "[No Variations]"
Change component parameters (AddParameter): Name = "MF"; Value = "KEMET"; VariantName = "[No Variations]"
Change component parameters (AddParameter): Name = "MinCap"; Value = "10p"; VariantName = "[No Variations]"
Change component parameters (AddParameter): Name = "MPN"; Value = "C<pkg[inch]><2d cap [pf] + #zeros><ToleranceSym><VoltageSym>RACTU"; VariantName = "[No Variations]"
Change component parameters (AddParameter): Name = "Package"; Value = "CurrentFootprint"; VariantName = "[No Variations]"
Change component parameters (AddParameter): Name = "Parameter1"; Value = "5"; VariantName = "[No Variations]"
Change component parameters (AddParameter): Name = "Parameter1Desc"; Value = "Voltage Symbol"; VariantName = "[No Variations]"
Change component parameters (AddParameter): Name = "Parameter2"; Value = "J"; VariantName = "[No Variations]"
Change component parameters (AddParameter): Name = "Parameter2Desc"; Value = "Tolerance Symbol"; VariantName = "[No Variations]"
Change component parameters (AddParameter): Name = "Supplier 1"; Value = "Farnell"; VariantName = "[No Variations]"
Change component parameters (AddParameter): Name = "Supplier 2"; Value = "Mouser"; VariantName = "[No Variations]"
Change component parameters (AddParameter): Name = "Supplier Link 1"; Value = "https://de.farnell.com/w/c/passive-bauelemente/kondensatoren/keramikkondensatoren/keramik-vielschichtkondensatoren-mlcc-smd?brand=kemet&kapazitatstoleranz=posneg-10pc&dielektrikum=x7r"; VariantName = "[No Variations]"
Change component parameters (AddParameter): Name = "Supplier Part Number 2"; Value = "80-<MPN>"; VariantName = "[No Variations]"
Change component parameters (AddParameter): Name = "Value"; Value = "?"; VariantName = "[No Variations]"
Change component parameters: Designator = "C9"; Footprint = "CAPC2013X140X50NL15T20"; UniqueID = "\GEIJMUXU\JUAQJJRV"
Change component parameters. Clean all parameters for all variants
Change component parameters (AddParameter): Name = "ComponentLink1Description"; Value = "Datasheet"; VariantName = "[No Variations]"
Change component parameters (AddParameter): Name = "ComponentLink1URL"; Value = "https://content.kemet.com/datasheets/KEM_C1002_X7R_SMD.pdf"; VariantName = "[No Variations]"
Change component parameters (AddParameter): Name = "Created"; Value = "2019-12-08_Thilo_Wendt"; VariantName = "[No Variations]"
Change component parameters (AddParameter): Name = "HelpURL"; Value = "https://content.kemet.com/datasheets/KEM_C1002_X7R_SMD.pdf"; VariantName = "[No Variations]"
Change component parameters (AddParameter): Name = "MaxCap"; Value = "1u"; VariantName = "[No Variations]"
Change component parameters (AddParameter): Name = "MaxVoltage"; Value = "50"; VariantName = "[No Variations]"
Change component parameters (AddParameter): Name = "MF"; Value = "KEMET"; VariantName = "[No Variations]"
Change component parameters (AddParameter): Name = "MinCap"; Value = "10p"; VariantName = "[No Variations]"
Change component parameters (AddParameter): Name = "MPN"; Value = "C<pkg[inch]><2d cap [pf] + #zeros><ToleranceSym><VoltageSym>RACTU"; VariantName = "[No Variations]"
Change component parameters (AddParameter): Name = "Package"; Value = "CurrentFootprint"; VariantName = "[No Variations]"
Change component parameters (AddParameter): Name = "Parameter1"; Value = "5"; VariantName = "[No Variations]"
Change component parameters (AddParameter): Name = "Parameter1Desc"; Value = "Voltage Symbol"; VariantName = "[No Variations]"
Change component parameters (AddParameter): Name = "Parameter2"; Value = "J"; VariantName = "[No Variations]"
Change component parameters (AddParameter): Name = "Parameter2Desc"; Value = "Tolerance Symbol"; VariantName = "[No Variations]"
Change component parameters (AddParameter): Name = "Supplier 1"; Value = "Farnell"; VariantName = "[No Variations]"
Change component parameters (AddParameter): Name = "Supplier 2"; Value = "Mouser"; VariantName = "[No Variations]"
Change component parameters (AddParameter): Name = "Supplier Link 1"; Value = "https://de.farnell.com/w/c/passive-bauelemente/kondensatoren/keramikkondensatoren/keramik-vielschichtkondensatoren-mlcc-smd?brand=kemet&kapazitatstoleranz=posneg-10pc&dielektrikum=x7r"; VariantName = "[No Variations]"
Change component parameters (AddParameter): Name = "Supplier Part Number 2"; Value = "80-<MPN>"; VariantName = "[No Variations]"
Change component parameters (AddParameter): Name = "Value"; Value = "?"; VariantName = "[No Variations]"
Change component parameters: Designator = "C10"; Footprint = "CAPC2013X140X50NL15T20"; UniqueID = "\GEIJMUXU\CEZAQFAZ"
Change component parameters. Clean all parameters for all variants
Change component parameters (AddParameter): Name = "ComponentLink1Description"; Value = "Datasheet"; VariantName = "[No Variations]"
Change component parameters (AddParameter): Name = "ComponentLink1URL"; Value = "https://content.kemet.com/datasheets/KEM_C1002_X7R_SMD.pdf"; VariantName = "[No Variations]"
Change component parameters (AddParameter): Name = "Created"; Value = "2019-12-08_Thilo_Wendt"; VariantName = "[No Variations]"
Change component parameters (AddParameter): Name = "HelpURL"; Value = "https://content.kemet.com/datasheets/KEM_C1002_X7R_SMD.pdf"; VariantName = "[No Variations]"
Change component parameters (AddParameter): Name = "MaxCap"; Value = "1u"; VariantName = "[No Variations]"
Change component parameters (AddParameter): Name = "MaxVoltage"; Value = "50"; VariantName = "[No Variations]"
Change component parameters (AddParameter): Name = "MF"; Value = "KEMET"; VariantName = "[No Variations]"
Change component parameters (AddParameter): Name = "MinCap"; Value = "10p"; VariantName = "[No Variations]"
Change component parameters (AddParameter): Name = "MPN"; Value = "C<pkg[inch]><2d cap [pf] + #zeros><ToleranceSym><VoltageSym>RACTU"; VariantName = "[No Variations]"
Change component parameters (AddParameter): Name = "Package"; Value = "CurrentFootprint"; VariantName = "[No Variations]"
Change component parameters (AddParameter): Name = "Parameter1"; Value = "5"; VariantName = "[No Variations]"
Change component parameters (AddParameter): Name = "Parameter1Desc"; Value = "Voltage Symbol"; VariantName = "[No Variations]"
Change component parameters (AddParameter): Name = "Parameter2"; Value = "J"; VariantName = "[No Variations]"
Change component parameters (AddParameter): Name = "Parameter2Desc"; Value = "Tolerance Symbol"; VariantName = "[No Variations]"
Change component parameters (AddParameter): Name = "Supplier 1"; Value = "Farnell"; VariantName = "[No Variations]"
Change component parameters (AddParameter): Name = "Supplier 2"; Value = "Mouser"; VariantName = "[No Variations]"
Change component parameters (AddParameter): Name = "Supplier Link 1"; Value = "https://de.farnell.com/w/c/passive-bauelemente/kondensatoren/keramikkondensatoren/keramik-vielschichtkondensatoren-mlcc-smd?brand=kemet&kapazitatstoleranz=posneg-10pc&dielektrikum=x7r"; VariantName = "[No Variations]"
Change component parameters (AddParameter): Name = "Supplier Part Number 2"; Value = "80-<MPN>"; VariantName = "[No Variations]"
Change component parameters (AddParameter): Name = "Value"; Value = "?"; VariantName = "[No Variations]"
Change component parameters: Designator = "C11"; Footprint = "CAPC2013X140X50NL15T20"; UniqueID = "\GEIJMUXU\APOKECQI"
Change component parameters. Clean all parameters for all variants
Change component parameters (AddParameter): Name = "ComponentLink1Description"; Value = "Datasheet"; VariantName = "[No Variations]"
Change component parameters (AddParameter): Name = "ComponentLink1URL"; Value = "https://content.kemet.com/datasheets/KEM_C1002_X7R_SMD.pdf"; VariantName = "[No Variations]"
Change component parameters (AddParameter): Name = "Created"; Value = "2019-12-08_Thilo_Wendt"; VariantName = "[No Variations]"
Change component parameters (AddParameter): Name = "HelpURL"; Value = "https://content.kemet.com/datasheets/KEM_C1002_X7R_SMD.pdf"; VariantName = "[No Variations]"
Change component parameters (AddParameter): Name = "MaxCap"; Value = "1u"; VariantName = "[No Variations]"
Change component parameters (AddParameter): Name = "MaxVoltage"; Value = "50"; VariantName = "[No Variations]"
Change component parameters (AddParameter): Name = "MF"; Value = "KEMET"; VariantName = "[No Variations]"
Change component parameters (AddParameter): Name = "MinCap"; Value = "10p"; VariantName = "[No Variations]"
Change component parameters (AddParameter): Name = "MPN"; Value = "C<pkg[inch]><2d cap [pf] + #zeros><ToleranceSym><VoltageSym>RACTU"; VariantName = "[No Variations]"
Change component parameters (AddParameter): Name = "Package"; Value = "CurrentFootprint"; VariantName = "[No Variations]"
Change component parameters (AddParameter): Name = "Parameter1"; Value = "5"; VariantName = "[No Variations]"
Change component parameters (AddParameter): Name = "Parameter1Desc"; Value = "Voltage Symbol"; VariantName = "[No Variations]"
Change component parameters (AddParameter): Name = "Parameter2"; Value = "J"; VariantName = "[No Variations]"
Change component parameters (AddParameter): Name = "Parameter2Desc"; Value = "Tolerance Symbol"; VariantName = "[No Variations]"
Change component parameters (AddParameter): Name = "Supplier 1"; Value = "Farnell"; VariantName = "[No Variations]"
Change component parameters (AddParameter): Name = "Supplier 2"; Value = "Mouser"; VariantName = "[No Variations]"
Change component parameters (AddParameter): Name = "Supplier Link 1"; Value = "https://de.farnell.com/w/c/passive-bauelemente/kondensatoren/keramikkondensatoren/keramik-vielschichtkondensatoren-mlcc-smd?brand=kemet&kapazitatstoleranz=posneg-10pc&dielektrikum=x7r"; VariantName = "[No Variations]"
Change component parameters (AddParameter): Name = "Supplier Part Number 2"; Value = "80-<MPN>"; VariantName = "[No Variations]"
Change component parameters (AddParameter): Name = "Value"; Value = "?"; VariantName = "[No Variations]"
Change component parameters: Designator = "C12"; Footprint = "CAPC2013X140X50NL15T20"; UniqueID = "\GEIJMUXU\VOOVDCBN"
Change component parameters. Clean all parameters for all variants
Change component parameters (AddParameter): Name = "ComponentLink1Description"; Value = "Datasheet"; VariantName = "[No Variations]"
Change component parameters (AddParameter): Name = "ComponentLink1URL"; Value = "https://content.kemet.com/datasheets/KEM_C1002_X7R_SMD.pdf"; VariantName = "[No Variations]"
Change component parameters (AddParameter): Name = "Created"; Value = "2019-12-08_Thilo_Wendt"; VariantName = "[No Variations]"
Change component parameters (AddParameter): Name = "HelpURL"; Value = "https://content.kemet.com/datasheets/KEM_C1002_X7R_SMD.pdf"; VariantName = "[No Variations]"
Change component parameters (AddParameter): Name = "MaxCap"; Value = "1u"; VariantName = "[No Variations]"
Change component parameters (AddParameter): Name = "MaxVoltage"; Value = "50"; VariantName = "[No Variations]"
Change component parameters (AddParameter): Name = "MF"; Value = "KEMET"; VariantName = "[No Variations]"
Change component parameters (AddParameter): Name = "MinCap"; Value = "10p"; VariantName = "[No Variations]"
Change component parameters (AddParameter): Name = "MPN"; Value = "C<pkg[inch]><2d cap [pf] + #zeros><ToleranceSym><VoltageSym>RACTU"; VariantName = "[No Variations]"
Change component parameters (AddParameter): Name = "Package"; Value = "CurrentFootprint"; VariantName = "[No Variations]"
Change component parameters (AddParameter): Name = "Parameter1"; Value = "5"; VariantName = "[No Variations]"
Change component parameters (AddParameter): Name = "Parameter1Desc"; Value = "Voltage Symbol"; VariantName = "[No Variations]"
Change component parameters (AddParameter): Name = "Parameter2"; Value = "J"; VariantName = "[No Variations]"
Change component parameters (AddParameter): Name = "Parameter2Desc"; Value = "Tolerance Symbol"; VariantName = "[No Variations]"
Change component parameters (AddParameter): Name = "Supplier 1"; Value = "Farnell"; VariantName = "[No Variations]"
Change component parameters (AddParameter): Name = "Supplier 2"; Value = "Mouser"; VariantName = "[No Variations]"
Change component parameters (AddParameter): Name = "Supplier Link 1"; Value = "https://de.farnell.com/w/c/passive-bauelemente/kondensatoren/keramikkondensatoren/keramik-vielschichtkondensatoren-mlcc-smd?brand=kemet&kapazitatstoleranz=posneg-10pc&dielektrikum=x7r"; VariantName = "[No Variations]"
Change component parameters (AddParameter): Name = "Supplier Part Number 2"; Value = "80-<MPN>"; VariantName = "[No Variations]"
Change component parameters (AddParameter): Name = "Value"; Value = "?"; VariantName = "[No Variations]"
Change component parameters: Designator = "C13"; Footprint = "CAPC2013X140X50NL15T20"; UniqueID = "\GEIJMUXU\UZNSUNOK"
Change component parameters. Clean all parameters for all variants
Change component parameters (AddParameter): Name = "ComponentLink1Description"; Value = "Datasheet"; VariantName = "[No Variations]"
Change component parameters (AddParameter): Name = "ComponentLink1URL"; Value = "https://content.kemet.com/datasheets/KEM_C1002_X7R_SMD.pdf"; VariantName = "[No Variations]"
Change component parameters (AddParameter): Name = "Created"; Value = "2019-12-08_Thilo_Wendt"; VariantName = "[No Variations]"
Change component parameters (AddParameter): Name = "HelpURL"; Value = "https://content.kemet.com/datasheets/KEM_C1002_X7R_SMD.pdf"; VariantName = "[No Variations]"
Change component parameters (AddParameter): Name = "MaxCap"; Value = "1u"; VariantName = "[No Variations]"
Change component parameters (AddParameter): Name = "MaxVoltage"; Value = "50"; VariantName = "[No Variations]"
Change component parameters (AddParameter): Name = "MF"; Value = "KEMET"; VariantName = "[No Variations]"
Change component parameters (AddParameter): Name = "MinCap"; Value = "10p"; VariantName = "[No Variations]"
Change component parameters (AddParameter): Name = "MPN"; Value = "C<pkg[inch]><2d cap [pf] + #zeros><ToleranceSym><VoltageSym>RACTU"; VariantName = "[No Variations]"
Change component parameters (AddParameter): Name = "Package"; Value = "CurrentFootprint"; VariantName = "[No Variations]"
Change component parameters (AddParameter): Name = "Parameter1"; Value = "5"; VariantName = "[No Variations]"
Change component parameters (AddParameter): Name = "Parameter1Desc"; Value = "Voltage Symbol"; VariantName = "[No Variations]"
Change component parameters (AddParameter): Name = "Parameter2"; Value = "J"; VariantName = "[No Variations]"
Change component parameters (AddParameter): Name = "Parameter2Desc"; Value = "Tolerance Symbol"; VariantName = "[No Variations]"
Change component parameters (AddParameter): Name = "Supplier 1"; Value = "Farnell"; VariantName = "[No Variations]"
Change component parameters (AddParameter): Name = "Supplier 2"; Value = "Mouser"; VariantName = "[No Variations]"
Change component parameters (AddParameter): Name = "Supplier Link 1"; Value = "https://de.farnell.com/w/c/passive-bauelemente/kondensatoren/keramikkondensatoren/keramik-vielschichtkondensatoren-mlcc-smd?brand=kemet&kapazitatstoleranz=posneg-10pc&dielektrikum=x7r"; VariantName = "[No Variations]"
Change component parameters (AddParameter): Name = "Supplier Part Number 2"; Value = "80-<MPN>"; VariantName = "[No Variations]"
Change component parameters (AddParameter): Name = "Value"; Value = "?"; VariantName = "[No Variations]"
Change component parameters: Designator = "C14"; Footprint = "CAPC2013X140X50NL15T20"; UniqueID = "\GEIJMUXU\XAHZDDXD"
Change component parameters. Clean all parameters for all variants
Change component parameters (AddParameter): Name = "ComponentLink1Description"; Value = "Datasheet"; VariantName = "[No Variations]"
Change component parameters (AddParameter): Name = "ComponentLink1URL"; Value = "https://content.kemet.com/datasheets/KEM_C1002_X7R_SMD.pdf"; VariantName = "[No Variations]"
Change component parameters (AddParameter): Name = "Created"; Value = "2019-12-08_Thilo_Wendt"; VariantName = "[No Variations]"
Change component parameters (AddParameter): Name = "HelpURL"; Value = "https://content.kemet.com/datasheets/KEM_C1002_X7R_SMD.pdf"; VariantName = "[No Variations]"
Change component parameters (AddParameter): Name = "MaxCap"; Value = "1u"; VariantName = "[No Variations]"
Change component parameters (AddParameter): Name = "MaxVoltage"; Value = "50"; VariantName = "[No Variations]"
Change component parameters (AddParameter): Name = "MF"; Value = "KEMET"; VariantName = "[No Variations]"
Change component parameters (AddParameter): Name = "MinCap"; Value = "10p"; VariantName = "[No Variations]"
Change component parameters (AddParameter): Name = "MPN"; Value = "C<pkg[inch]><2d cap [pf] + #zeros><ToleranceSym><VoltageSym>RACTU"; VariantName = "[No Variations]"
Change component parameters (AddParameter): Name = "Package"; Value = "CurrentFootprint"; VariantName = "[No Variations]"
Change component parameters (AddParameter): Name = "Parameter1"; Value = "5"; VariantName = "[No Variations]"
Change component parameters (AddParameter): Name = "Parameter1Desc"; Value = "Voltage Symbol"; VariantName = "[No Variations]"
Change component parameters (AddParameter): Name = "Parameter2"; Value = "J"; VariantName = "[No Variations]"
Change component parameters (AddParameter): Name = "Parameter2Desc"; Value = "Tolerance Symbol"; VariantName = "[No Variations]"
Change component parameters (AddParameter): Name = "Supplier 1"; Value = "Farnell"; VariantName = "[No Variations]"
Change component parameters (AddParameter): Name = "Supplier 2"; Value = "Mouser"; VariantName = "[No Variations]"
Change component parameters (AddParameter): Name = "Supplier Link 1"; Value = "https://de.farnell.com/w/c/passive-bauelemente/kondensatoren/keramikkondensatoren/keramik-vielschichtkondensatoren-mlcc-smd?brand=kemet&kapazitatstoleranz=posneg-10pc&dielektrikum=x7r"; VariantName = "[No Variations]"
Change component parameters (AddParameter): Name = "Supplier Part Number 2"; Value = "80-<MPN>"; VariantName = "[No Variations]"
Change component parameters (AddParameter): Name = "Value"; Value = "?"; VariantName = "[No Variations]"
Change component parameters: Designator = "C15"; Footprint = "CAPC2013X140X50NL15T20"; UniqueID = "\GEIJMUXU\CEPXQPNZ"
Change component parameters. Clean all parameters for all variants
Change component parameters (AddParameter): Name = "ComponentLink1Description"; Value = "Datasheet"; VariantName = "[No Variations]"
Change component parameters (AddParameter): Name = "ComponentLink1URL"; Value = "https://content.kemet.com/datasheets/KEM_C1002_X7R_SMD.pdf"; VariantName = "[No Variations]"
Change component parameters (AddParameter): Name = "Created"; Value = "2019-12-08_Thilo_Wendt"; VariantName = "[No Variations]"
Change component parameters (AddParameter): Name = "HelpURL"; Value = "https://content.kemet.com/datasheets/KEM_C1002_X7R_SMD.pdf"; VariantName = "[No Variations]"
Change component parameters (AddParameter): Name = "MaxCap"; Value = "1u"; VariantName = "[No Variations]"
Change component parameters (AddParameter): Name = "MaxVoltage"; Value = "50"; VariantName = "[No Variations]"
Change component parameters (AddParameter): Name = "MF"; Value = "KEMET"; VariantName = "[No Variations]"
Change component parameters (AddParameter): Name = "MinCap"; Value = "10p"; VariantName = "[No Variations]"
Change component parameters (AddParameter): Name = "MPN"; Value = "C<pkg[inch]><2d cap [pf] + #zeros><ToleranceSym><VoltageSym>RACTU"; VariantName = "[No Variations]"
Change component parameters (AddParameter): Name = "Package"; Value = "CurrentFootprint"; VariantName = "[No Variations]"
Change component parameters (AddParameter): Name = "Parameter1"; Value = "5"; VariantName = "[No Variations]"
Change component parameters (AddParameter): Name = "Parameter1Desc"; Value = "Voltage Symbol"; VariantName = "[No Variations]"
Change component parameters (AddParameter): Name = "Parameter2"; Value = "J"; VariantName = "[No Variations]"
Change component parameters (AddParameter): Name = "Parameter2Desc"; Value = "Tolerance Symbol"; VariantName = "[No Variations]"
Change component parameters (AddParameter): Name = "Supplier 1"; Value = "Farnell"; VariantName = "[No Variations]"
Change component parameters (AddParameter): Name = "Supplier 2"; Value = "Mouser"; VariantName = "[No Variations]"
Change component parameters (AddParameter): Name = "Supplier Link 1"; Value = "https://de.farnell.com/w/c/passive-bauelemente/kondensatoren/keramikkondensatoren/keramik-vielschichtkondensatoren-mlcc-smd?brand=kemet&kapazitatstoleranz=posneg-10pc&dielektrikum=x7r"; VariantName = "[No Variations]"
Change component parameters (AddParameter): Name = "Supplier Part Number 2"; Value = "80-<MPN>"; VariantName = "[No Variations]"
Change component parameters (AddParameter): Name = "Value"; Value = "?"; VariantName = "[No Variations]"
Change component parameters: Designator = "C16"; Footprint = "CAPC2013X140X50NL15T20"; UniqueID = "\GEIJMUXU\HHFETDOF"
Change component parameters. Clean all parameters for all variants
Change component parameters (AddParameter): Name = "ComponentLink1Description"; Value = "Datasheet"; VariantName = "[No Variations]"
Change component parameters (AddParameter): Name = "ComponentLink1URL"; Value = "https://content.kemet.com/datasheets/KEM_C1002_X7R_SMD.pdf"; VariantName = "[No Variations]"
Change component parameters (AddParameter): Name = "Created"; Value = "2019-12-08_Thilo_Wendt"; VariantName = "[No Variations]"
Change component parameters (AddParameter): Name = "HelpURL"; Value = "https://content.kemet.com/datasheets/KEM_C1002_X7R_SMD.pdf"; VariantName = "[No Variations]"
Change component parameters (AddParameter): Name = "MaxCap"; Value = "1u"; VariantName = "[No Variations]"
Change component parameters (AddParameter): Name = "MaxVoltage"; Value = "50"; VariantName = "[No Variations]"
Change component parameters (AddParameter): Name = "MF"; Value = "KEMET"; VariantName = "[No Variations]"
Change component parameters (AddParameter): Name = "MinCap"; Value = "10p"; VariantName = "[No Variations]"
Change component parameters (AddParameter): Name = "MPN"; Value = "C<pkg[inch]><2d cap [pf] + #zeros><ToleranceSym><VoltageSym>RACTU"; VariantName = "[No Variations]"
Change component parameters (AddParameter): Name = "Package"; Value = "CurrentFootprint"; VariantName = "[No Variations]"
Change component parameters (AddParameter): Name = "Parameter1"; Value = "5"; VariantName = "[No Variations]"
Change component parameters (AddParameter): Name = "Parameter1Desc"; Value = "Voltage Symbol"; VariantName = "[No Variations]"
Change component parameters (AddParameter): Name = "Parameter2"; Value = "J"; VariantName = "[No Variations]"
Change component parameters (AddParameter): Name = "Parameter2Desc"; Value = "Tolerance Symbol"; VariantName = "[No Variations]"
Change component parameters (AddParameter): Name = "Supplier 1"; Value = "Farnell"; VariantName = "[No Variations]"
Change component parameters (AddParameter): Name = "Supplier 2"; Value = "Mouser"; VariantName = "[No Variations]"
Change component parameters (AddParameter): Name = "Supplier Link 1"; Value = "https://de.farnell.com/w/c/passive-bauelemente/kondensatoren/keramikkondensatoren/keramik-vielschichtkondensatoren-mlcc-smd?brand=kemet&kapazitatstoleranz=posneg-10pc&dielektrikum=x7r"; VariantName = "[No Variations]"
Change component parameters (AddParameter): Name = "Supplier Part Number 2"; Value = "80-<MPN>"; VariantName = "[No Variations]"
Change component parameters (AddParameter): Name = "Value"; Value = "?"; VariantName = "[No Variations]"
Change component parameters: Designator = "U2A"; Footprint = "SOIC127P600X175-16N"; UniqueID = "\REEOQYYS\LOSHMCEA\1DEFTBZMN\FGSKJFYL"
Change component parameters. Clean all parameters for all variants
Change component parameters (AddParameter): Name = "Created"; Value = "2019-12-11_Thilo_Wendt"; VariantName = "[No Variations]"
Change component parameters (AddParameter): Name = "HelpURL"; Value = "http://www.onsemi.com/pub/Collateral/MC14504B-D.PDF"; VariantName = "[No Variations]"
Change component parameters (AddParameter): Name = "Max Voltage"; Value = "18"; VariantName = "[No Variations]"
Change component parameters (AddParameter): Name = "MF"; Value = "ON Semiconductor"; VariantName = "[No Variations]"
Change component parameters (AddParameter): Name = "MPN"; Value = "MC14504BDR2G"; VariantName = "[No Variations]"
Change component parameters (AddParameter): Name = "Package"; Value = "CurrentFootprint"; VariantName = "[No Variations]"
Change component parameters (AddParameter): Name = "Supplier 1"; Value = "Digi-Key"; VariantName = "[No Variations]"
Change component parameters (AddParameter): Name = "Supplier1"; Value = "https://www.mouser.com/Search/Refine.aspx?Keyword=863-MC14504BDR2G"; VariantName = "[No Variations]"
Change component parameters (AddParameter): Name = "Supplier 2"; Value = "Farnell"; VariantName = "[No Variations]"
Change component parameters (AddParameter): Name = "Supplier2"; Value = "http://uk.rs-online.com/web/p/products/7737746P"; VariantName = "[No Variations]"
Change component parameters (AddParameter): Name = "Supplier 3"; Value = "Mouser"; VariantName = "[No Variations]"
Change component parameters (AddParameter): Name = "Supplier Part Number 1"; Value = "MC14504BDR2GOSCT-ND"; VariantName = "[No Variations]"
Change component parameters (AddParameter): Name = "Supplier Part Number 2"; Value = "2534385"; VariantName = "[No Variations]"
Change component parameters (AddParameter): Name = "Supplier Part Number 3"; Value = "863-MC14504BDR2G"; VariantName = "[No Variations]"
Change component parameters (AddParameter): Name = "Value"; Value = "MC14504BDR2G"; VariantName = "[No Variations]"
Change component parameters (AddParameter): Name = "Created"; Value = "2019-12-11_Thilo_Wendt"; VariantName = "3V3_to_3V3"
Change component parameters (AddParameter): Name = "HelpURL"; Value = "http://www.onsemi.com/pub/Collateral/MC14504B-D.PDF"; VariantName = "3V3_to_3V3"
Change component parameters (AddParameter): Name = "Max Voltage"; Value = "18"; VariantName = "3V3_to_3V3"
Change component parameters (AddParameter): Name = "MF"; Value = "ON Semiconductor"; VariantName = "3V3_to_3V3"
Change component parameters (AddParameter): Name = "MPN"; Value = "MC14504BDR2G"; VariantName = "3V3_to_3V3"
Change component parameters (AddParameter): Name = "Package"; Value = "CurrentFootprint"; VariantName = "3V3_to_3V3"
Change component parameters (AddParameter): Name = "Supplier 1"; Value = "Digi-Key"; VariantName = "3V3_to_3V3"
Change component parameters (AddParameter): Name = "Supplier1"; Value = "https://www.mouser.com/Search/Refine.aspx?Keyword=863-MC14504BDR2G"; VariantName = "3V3_to_3V3"
Change component parameters (AddParameter): Name = "Supplier 2"; Value = "Farnell"; VariantName = "3V3_to_3V3"
Change component parameters (AddParameter): Name = "Supplier2"; Value = "http://uk.rs-online.com/web/p/products/7737746P"; VariantName = "3V3_to_3V3"
Change component parameters (AddParameter): Name = "Supplier 3"; Value = "Mouser"; VariantName = "3V3_to_3V3"
Change component parameters (AddParameter): Name = "Supplier Part Number 1"; Value = "MC14504BDR2GOSCT-ND"; VariantName = "3V3_to_3V3"
Change component parameters (AddParameter): Name = "Supplier Part Number 2"; Value = "2534385"; VariantName = "3V3_to_3V3"
Change component parameters (AddParameter): Name = "Supplier Part Number 3"; Value = "863-MC14504BDR2G"; VariantName = "3V3_to_3V3"
Change component parameters (AddParameter): Name = "Value"; Value = "MC14504BDR2G"; VariantName = "3V3_to_3V3"
Change component parameters (AddParameter): Name = "Created"; Value = "2019-12-11_Thilo_Wendt"; VariantName = "3V3_to_5V"
Change component parameters (AddParameter): Name = "HelpURL"; Value = "http://www.onsemi.com/pub/Collateral/MC14504B-D.PDF"; VariantName = "3V3_to_5V"
Change component parameters (AddParameter): Name = "Max Voltage"; Value = "18"; VariantName = "3V3_to_5V"
Change component parameters (AddParameter): Name = "MF"; Value = "ON Semiconductor"; VariantName = "3V3_to_5V"
Change component parameters (AddParameter): Name = "MPN"; Value = "MC14504BDR2G"; VariantName = "3V3_to_5V"
Change component parameters (AddParameter): Name = "Package"; Value = "CurrentFootprint"; VariantName = "3V3_to_5V"
Change component parameters (AddParameter): Name = "Supplier 1"; Value = "Digi-Key"; VariantName = "3V3_to_5V"
Change component parameters (AddParameter): Name = "Supplier1"; Value = "https://www.mouser.com/Search/Refine.aspx?Keyword=863-MC14504BDR2G"; VariantName = "3V3_to_5V"
Change component parameters (AddParameter): Name = "Supplier 2"; Value = "Farnell"; VariantName = "3V3_to_5V"
Change component parameters (AddParameter): Name = "Supplier2"; Value = "http://uk.rs-online.com/web/p/products/7737746P"; VariantName = "3V3_to_5V"
Change component parameters (AddParameter): Name = "Supplier 3"; Value = "Mouser"; VariantName = "3V3_to_5V"
Change component parameters (AddParameter): Name = "Supplier Part Number 1"; Value = "MC14504BDR2GOSCT-ND"; VariantName = "3V3_to_5V"
Change component parameters (AddParameter): Name = "Supplier Part Number 2"; Value = "2534385"; VariantName = "3V3_to_5V"
Change component parameters (AddParameter): Name = "Supplier Part Number 3"; Value = "863-MC14504BDR2G"; VariantName = "3V3_to_5V"
Change component parameters (AddParameter): Name = "Value"; Value = "MC14504BDR2G"; VariantName = "3V3_to_5V"
Change component parameters (AddParameter): Name = "Created"; Value = "2019-12-11_Thilo_Wendt"; VariantName = "3V3_to_RS422"
Change component parameters (AddParameter): Name = "HelpURL"; Value = "http://www.onsemi.com/pub/Collateral/MC14504B-D.PDF"; VariantName = "3V3_to_RS422"
Change component parameters (AddParameter): Name = "Max Voltage"; Value = "18"; VariantName = "3V3_to_RS422"
Change component parameters (AddParameter): Name = "MF"; Value = "ON Semiconductor"; VariantName = "3V3_to_RS422"
Change component parameters (AddParameter): Name = "MPN"; Value = "MC14504BDR2G"; VariantName = "3V3_to_RS422"
Change component parameters (AddParameter): Name = "Package"; Value = "CurrentFootprint"; VariantName = "3V3_to_RS422"
Change component parameters (AddParameter): Name = "Supplier 1"; Value = "Digi-Key"; VariantName = "3V3_to_RS422"
Change component parameters (AddParameter): Name = "Supplier1"; Value = "https://www.mouser.com/Search/Refine.aspx?Keyword=863-MC14504BDR2G"; VariantName = "3V3_to_RS422"
Change component parameters (AddParameter): Name = "Supplier 2"; Value = "Farnell"; VariantName = "3V3_to_RS422"
Change component parameters (AddParameter): Name = "Supplier2"; Value = "http://uk.rs-online.com/web/p/products/7737746P"; VariantName = "3V3_to_RS422"
Change component parameters (AddParameter): Name = "Supplier 3"; Value = "Mouser"; VariantName = "3V3_to_RS422"
Change component parameters (AddParameter): Name = "Supplier Part Number 1"; Value = "MC14504BDR2GOSCT-ND"; VariantName = "3V3_to_RS422"
Change component parameters (AddParameter): Name = "Supplier Part Number 2"; Value = "2534385"; VariantName = "3V3_to_RS422"
Change component parameters (AddParameter): Name = "Supplier Part Number 3"; Value = "863-MC14504BDR2G"; VariantName = "3V3_to_RS422"
Change component parameters (AddParameter): Name = "Value"; Value = "MC14504BDR2G"; VariantName = "3V3_to_RS422"
Change component parameters (AddParameter): Name = "Created"; Value = "2019-12-11_Thilo_Wendt"; VariantName = "RS422_to_3V3"
Change component parameters (AddParameter): Name = "HelpURL"; Value = "http://www.onsemi.com/pub/Collateral/MC14504B-D.PDF"; VariantName = "RS422_to_3V3"
Change component parameters (AddParameter): Name = "Max Voltage"; Value = "18"; VariantName = "RS422_to_3V3"
Change component parameters (AddParameter): Name = "MF"; Value = "ON Semiconductor"; VariantName = "RS422_to_3V3"
Change component parameters (AddParameter): Name = "MPN"; Value = "MC14504BDR2G"; VariantName = "RS422_to_3V3"
Change component parameters (AddParameter): Name = "Package"; Value = "CurrentFootprint"; VariantName = "RS422_to_3V3"
Change component parameters (AddParameter): Name = "Supplier 1"; Value = "Digi-Key"; VariantName = "RS422_to_3V3"
Change component parameters (AddParameter): Name = "Supplier1"; Value = "https://www.mouser.com/Search/Refine.aspx?Keyword=863-MC14504BDR2G"; VariantName = "RS422_to_3V3"
Change component parameters (AddParameter): Name = "Supplier 2"; Value = "Farnell"; VariantName = "RS422_to_3V3"
Change component parameters (AddParameter): Name = "Supplier2"; Value = "http://uk.rs-online.com/web/p/products/7737746P"; VariantName = "RS422_to_3V3"
Change component parameters (AddParameter): Name = "Supplier 3"; Value = "Mouser"; VariantName = "RS422_to_3V3"
Change component parameters (AddParameter): Name = "Supplier Part Number 1"; Value = "MC14504BDR2GOSCT-ND"; VariantName = "RS422_to_3V3"
Change component parameters (AddParameter): Name = "Supplier Part Number 2"; Value = "2534385"; VariantName = "RS422_to_3V3"
Change component parameters (AddParameter): Name = "Supplier Part Number 3"; Value = "863-MC14504BDR2G"; VariantName = "RS422_to_3V3"
Change component parameters (AddParameter): Name = "Value"; Value = "MC14504BDR2G"; VariantName = "RS422_to_3V3"
Change component parameters: Designator = "U2B"; Footprint = "SOIC127P600X175-16N"; UniqueID = "\REEOQYYS\LOSHMCEA\2DEFTBZMN\FGSKJFYL"
Change component parameters. Clean all parameters for all variants
Change component parameters (AddParameter): Name = "Created"; Value = "2019-12-11_Thilo_Wendt"; VariantName = "[No Variations]"
Change component parameters (AddParameter): Name = "HelpURL"; Value = "http://www.onsemi.com/pub/Collateral/MC14504B-D.PDF"; VariantName = "[No Variations]"
Change component parameters (AddParameter): Name = "Max Voltage"; Value = "18"; VariantName = "[No Variations]"
Change component parameters (AddParameter): Name = "MF"; Value = "ON Semiconductor"; VariantName = "[No Variations]"
Change component parameters (AddParameter): Name = "MPN"; Value = "MC14504BDR2G"; VariantName = "[No Variations]"
Change component parameters (AddParameter): Name = "Package"; Value = "CurrentFootprint"; VariantName = "[No Variations]"
Change component parameters (AddParameter): Name = "Supplier 1"; Value = "Digi-Key"; VariantName = "[No Variations]"
Change component parameters (AddParameter): Name = "Supplier1"; Value = "https://www.mouser.com/Search/Refine.aspx?Keyword=863-MC14504BDR2G"; VariantName = "[No Variations]"
Change component parameters (AddParameter): Name = "Supplier 2"; Value = "Farnell"; VariantName = "[No Variations]"
Change component parameters (AddParameter): Name = "Supplier2"; Value = "http://uk.rs-online.com/web/p/products/7737746P"; VariantName = "[No Variations]"
Change component parameters (AddParameter): Name = "Supplier 3"; Value = "Mouser"; VariantName = "[No Variations]"
Change component parameters (AddParameter): Name = "Supplier Part Number 1"; Value = "MC14504BDR2GOSCT-ND"; VariantName = "[No Variations]"
Change component parameters (AddParameter): Name = "Supplier Part Number 2"; Value = "2534385"; VariantName = "[No Variations]"
Change component parameters (AddParameter): Name = "Supplier Part Number 3"; Value = "863-MC14504BDR2G"; VariantName = "[No Variations]"
Change component parameters (AddParameter): Name = "Value"; Value = "MC14504BDR2G"; VariantName = "[No Variations]"
Change component parameters (AddParameter): Name = "Created"; Value = "2019-12-11_Thilo_Wendt"; VariantName = "3V3_to_3V3"
Change component parameters (AddParameter): Name = "HelpURL"; Value = "http://www.onsemi.com/pub/Collateral/MC14504B-D.PDF"; VariantName = "3V3_to_3V3"
Change component parameters (AddParameter): Name = "Max Voltage"; Value = "18"; VariantName = "3V3_to_3V3"
Change component parameters (AddParameter): Name = "MF"; Value = "ON Semiconductor"; VariantName = "3V3_to_3V3"
Change component parameters (AddParameter): Name = "MPN"; Value = "MC14504BDR2G"; VariantName = "3V3_to_3V3"
Change component parameters (AddParameter): Name = "Package"; Value = "CurrentFootprint"; VariantName = "3V3_to_3V3"
Change component parameters (AddParameter): Name = "Supplier 1"; Value = "Digi-Key"; VariantName = "3V3_to_3V3"
Change component parameters (AddParameter): Name = "Supplier1"; Value = "https://www.mouser.com/Search/Refine.aspx?Keyword=863-MC14504BDR2G"; VariantName = "3V3_to_3V3"
Change component parameters (AddParameter): Name = "Supplier 2"; Value = "Farnell"; VariantName = "3V3_to_3V3"
Change component parameters (AddParameter): Name = "Supplier2"; Value = "http://uk.rs-online.com/web/p/products/7737746P"; VariantName = "3V3_to_3V3"
Change component parameters (AddParameter): Name = "Supplier 3"; Value = "Mouser"; VariantName = "3V3_to_3V3"
Change component parameters (AddParameter): Name = "Supplier Part Number 1"; Value = "MC14504BDR2GOSCT-ND"; VariantName = "3V3_to_3V3"
Change component parameters (AddParameter): Name = "Supplier Part Number 2"; Value = "2534385"; VariantName = "3V3_to_3V3"
Change component parameters (AddParameter): Name = "Supplier Part Number 3"; Value = "863-MC14504BDR2G"; VariantName = "3V3_to_3V3"
Change component parameters (AddParameter): Name = "Value"; Value = "MC14504BDR2G"; VariantName = "3V3_to_3V3"
Change component parameters (AddParameter): Name = "Created"; Value = "2019-12-11_Thilo_Wendt"; VariantName = "3V3_to_5V"
Change component parameters (AddParameter): Name = "HelpURL"; Value = "http://www.onsemi.com/pub/Collateral/MC14504B-D.PDF"; VariantName = "3V3_to_5V"
Change component parameters (AddParameter): Name = "Max Voltage"; Value = "18"; VariantName = "3V3_to_5V"
Change component parameters (AddParameter): Name = "MF"; Value = "ON Semiconductor"; VariantName = "3V3_to_5V"
Change component parameters (AddParameter): Name = "MPN"; Value = "MC14504BDR2G"; VariantName = "3V3_to_5V"
Change component parameters (AddParameter): Name = "Package"; Value = "CurrentFootprint"; VariantName = "3V3_to_5V"
Change component parameters (AddParameter): Name = "Supplier 1"; Value = "Digi-Key"; VariantName = "3V3_to_5V"
Change component parameters (AddParameter): Name = "Supplier1"; Value = "https://www.mouser.com/Search/Refine.aspx?Keyword=863-MC14504BDR2G"; VariantName = "3V3_to_5V"
Change component parameters (AddParameter): Name = "Supplier 2"; Value = "Farnell"; VariantName = "3V3_to_5V"
Change component parameters (AddParameter): Name = "Supplier2"; Value = "http://uk.rs-online.com/web/p/products/7737746P"; VariantName = "3V3_to_5V"
Change component parameters (AddParameter): Name = "Supplier 3"; Value = "Mouser"; VariantName = "3V3_to_5V"
Change component parameters (AddParameter): Name = "Supplier Part Number 1"; Value = "MC14504BDR2GOSCT-ND"; VariantName = "3V3_to_5V"
Change component parameters (AddParameter): Name = "Supplier Part Number 2"; Value = "2534385"; VariantName = "3V3_to_5V"
Change component parameters (AddParameter): Name = "Supplier Part Number 3"; Value = "863-MC14504BDR2G"; VariantName = "3V3_to_5V"
Change component parameters (AddParameter): Name = "Value"; Value = "MC14504BDR2G"; VariantName = "3V3_to_5V"
Change component parameters (AddParameter): Name = "Created"; Value = "2019-12-11_Thilo_Wendt"; VariantName = "3V3_to_RS422"
Change component parameters (AddParameter): Name = "HelpURL"; Value = "http://www.onsemi.com/pub/Collateral/MC14504B-D.PDF"; VariantName = "3V3_to_RS422"
Change component parameters (AddParameter): Name = "Max Voltage"; Value = "18"; VariantName = "3V3_to_RS422"
Change component parameters (AddParameter): Name = "MF"; Value = "ON Semiconductor"; VariantName = "3V3_to_RS422"
Change component parameters (AddParameter): Name = "MPN"; Value = "MC14504BDR2G"; VariantName = "3V3_to_RS422"
Change component parameters (AddParameter): Name = "Package"; Value = "CurrentFootprint"; VariantName = "3V3_to_RS422"
Change component parameters (AddParameter): Name = "Supplier 1"; Value = "Digi-Key"; VariantName = "3V3_to_RS422"
Change component parameters (AddParameter): Name = "Supplier1"; Value = "https://www.mouser.com/Search/Refine.aspx?Keyword=863-MC14504BDR2G"; VariantName = "3V3_to_RS422"
Change component parameters (AddParameter): Name = "Supplier 2"; Value = "Farnell"; VariantName = "3V3_to_RS422"
Change component parameters (AddParameter): Name = "Supplier2"; Value = "http://uk.rs-online.com/web/p/products/7737746P"; VariantName = "3V3_to_RS422"
Change component parameters (AddParameter): Name = "Supplier 3"; Value = "Mouser"; VariantName = "3V3_to_RS422"
Change component parameters (AddParameter): Name = "Supplier Part Number 1"; Value = "MC14504BDR2GOSCT-ND"; VariantName = "3V3_to_RS422"
Change component parameters (AddParameter): Name = "Supplier Part Number 2"; Value = "2534385"; VariantName = "3V3_to_RS422"
Change component parameters (AddParameter): Name = "Supplier Part Number 3"; Value = "863-MC14504BDR2G"; VariantName = "3V3_to_RS422"
Change component parameters (AddParameter): Name = "Value"; Value = "MC14504BDR2G"; VariantName = "3V3_to_RS422"
Change component parameters (AddParameter): Name = "Created"; Value = "2019-12-11_Thilo_Wendt"; VariantName = "RS422_to_3V3"
Change component parameters (AddParameter): Name = "HelpURL"; Value = "http://www.onsemi.com/pub/Collateral/MC14504B-D.PDF"; VariantName = "RS422_to_3V3"
Change component parameters (AddParameter): Name = "Max Voltage"; Value = "18"; VariantName = "RS422_to_3V3"
Change component parameters (AddParameter): Name = "MF"; Value = "ON Semiconductor"; VariantName = "RS422_to_3V3"
Change component parameters (AddParameter): Name = "MPN"; Value = "MC14504BDR2G"; VariantName = "RS422_to_3V3"
Change component parameters (AddParameter): Name = "Package"; Value = "CurrentFootprint"; VariantName = "RS422_to_3V3"
Change component parameters (AddParameter): Name = "Supplier 1"; Value = "Digi-Key"; VariantName = "RS422_to_3V3"
Change component parameters (AddParameter): Name = "Supplier1"; Value = "https://www.mouser.com/Search/Refine.aspx?Keyword=863-MC14504BDR2G"; VariantName = "RS422_to_3V3"
Change component parameters (AddParameter): Name = "Supplier 2"; Value = "Farnell"; VariantName = "RS422_to_3V3"
Change component parameters (AddParameter): Name = "Supplier2"; Value = "http://uk.rs-online.com/web/p/products/7737746P"; VariantName = "RS422_to_3V3"
Change component parameters (AddParameter): Name = "Supplier 3"; Value = "Mouser"; VariantName = "RS422_to_3V3"
Change component parameters (AddParameter): Name = "Supplier Part Number 1"; Value = "MC14504BDR2GOSCT-ND"; VariantName = "RS422_to_3V3"
Change component parameters (AddParameter): Name = "Supplier Part Number 2"; Value = "2534385"; VariantName = "RS422_to_3V3"
Change component parameters (AddParameter): Name = "Supplier Part Number 3"; Value = "863-MC14504BDR2G"; VariantName = "RS422_to_3V3"
Change component parameters (AddParameter): Name = "Value"; Value = "MC14504BDR2G"; VariantName = "RS422_to_3V3"
Change component parameters: Designator = "U2C"; Footprint = "SOIC127P600X175-16N"; UniqueID = "\REEOQYYS\LOSHMCEA\3DEFTBZMN\FGSKJFYL"
Change component parameters. Clean all parameters for all variants
Change component parameters (AddParameter): Name = "Created"; Value = "2019-12-11_Thilo_Wendt"; VariantName = "[No Variations]"
Change component parameters (AddParameter): Name = "HelpURL"; Value = "http://www.onsemi.com/pub/Collateral/MC14504B-D.PDF"; VariantName = "[No Variations]"
Change component parameters (AddParameter): Name = "Max Voltage"; Value = "18"; VariantName = "[No Variations]"
Change component parameters (AddParameter): Name = "MF"; Value = "ON Semiconductor"; VariantName = "[No Variations]"
Change component parameters (AddParameter): Name = "MPN"; Value = "MC14504BDR2G"; VariantName = "[No Variations]"
Change component parameters (AddParameter): Name = "Package"; Value = "CurrentFootprint"; VariantName = "[No Variations]"
Change component parameters (AddParameter): Name = "Supplier 1"; Value = "Digi-Key"; VariantName = "[No Variations]"
Change component parameters (AddParameter): Name = "Supplier1"; Value = "https://www.mouser.com/Search/Refine.aspx?Keyword=863-MC14504BDR2G"; VariantName = "[No Variations]"
Change component parameters (AddParameter): Name = "Supplier 2"; Value = "Farnell"; VariantName = "[No Variations]"
Change component parameters (AddParameter): Name = "Supplier2"; Value = "http://uk.rs-online.com/web/p/products/7737746P"; VariantName = "[No Variations]"
Change component parameters (AddParameter): Name = "Supplier 3"; Value = "Mouser"; VariantName = "[No Variations]"
Change component parameters (AddParameter): Name = "Supplier Part Number 1"; Value = "MC14504BDR2GOSCT-ND"; VariantName = "[No Variations]"
Change component parameters (AddParameter): Name = "Supplier Part Number 2"; Value = "2534385"; VariantName = "[No Variations]"
Change component parameters (AddParameter): Name = "Supplier Part Number 3"; Value = "863-MC14504BDR2G"; VariantName = "[No Variations]"
Change component parameters (AddParameter): Name = "Value"; Value = "MC14504BDR2G"; VariantName = "[No Variations]"
Change component parameters (AddParameter): Name = "Created"; Value = "2019-12-11_Thilo_Wendt"; VariantName = "3V3_to_3V3"
Change component parameters (AddParameter): Name = "HelpURL"; Value = "http://www.onsemi.com/pub/Collateral/MC14504B-D.PDF"; VariantName = "3V3_to_3V3"
Change component parameters (AddParameter): Name = "Max Voltage"; Value = "18"; VariantName = "3V3_to_3V3"
Change component parameters (AddParameter): Name = "MF"; Value = "ON Semiconductor"; VariantName = "3V3_to_3V3"
Change component parameters (AddParameter): Name = "MPN"; Value = "MC14504BDR2G"; VariantName = "3V3_to_3V3"
Change component parameters (AddParameter): Name = "Package"; Value = "CurrentFootprint"; VariantName = "3V3_to_3V3"
Change component parameters (AddParameter): Name = "Supplier 1"; Value = "Digi-Key"; VariantName = "3V3_to_3V3"
Change component parameters (AddParameter): Name = "Supplier1"; Value = "https://www.mouser.com/Search/Refine.aspx?Keyword=863-MC14504BDR2G"; VariantName = "3V3_to_3V3"
Change component parameters (AddParameter): Name = "Supplier 2"; Value = "Farnell"; VariantName = "3V3_to_3V3"
Change component parameters (AddParameter): Name = "Supplier2"; Value = "http://uk.rs-online.com/web/p/products/7737746P"; VariantName = "3V3_to_3V3"
Change component parameters (AddParameter): Name = "Supplier 3"; Value = "Mouser"; VariantName = "3V3_to_3V3"
Change component parameters (AddParameter): Name = "Supplier Part Number 1"; Value = "MC14504BDR2GOSCT-ND"; VariantName = "3V3_to_3V3"
Change component parameters (AddParameter): Name = "Supplier Part Number 2"; Value = "2534385"; VariantName = "3V3_to_3V3"
Change component parameters (AddParameter): Name = "Supplier Part Number 3"; Value = "863-MC14504BDR2G"; VariantName = "3V3_to_3V3"
Change component parameters (AddParameter): Name = "Value"; Value = "MC14504BDR2G"; VariantName = "3V3_to_3V3"
Change component parameters (AddParameter): Name = "Created"; Value = "2019-12-11_Thilo_Wendt"; VariantName = "3V3_to_5V"
Change component parameters (AddParameter): Name = "HelpURL"; Value = "http://www.onsemi.com/pub/Collateral/MC14504B-D.PDF"; VariantName = "3V3_to_5V"
Change component parameters (AddParameter): Name = "Max Voltage"; Value = "18"; VariantName = "3V3_to_5V"
Change component parameters (AddParameter): Name = "MF"; Value = "ON Semiconductor"; VariantName = "3V3_to_5V"
Change component parameters (AddParameter): Name = "MPN"; Value = "MC14504BDR2G"; VariantName = "3V3_to_5V"
Change component parameters (AddParameter): Name = "Package"; Value = "CurrentFootprint"; VariantName = "3V3_to_5V"
Change component parameters (AddParameter): Name = "Supplier 1"; Value = "Digi-Key"; VariantName = "3V3_to_5V"
Change component parameters (AddParameter): Name = "Supplier1"; Value = "https://www.mouser.com/Search/Refine.aspx?Keyword=863-MC14504BDR2G"; VariantName = "3V3_to_5V"
Change component parameters (AddParameter): Name = "Supplier 2"; Value = "Farnell"; VariantName = "3V3_to_5V"
Change component parameters (AddParameter): Name = "Supplier2"; Value = "http://uk.rs-online.com/web/p/products/7737746P"; VariantName = "3V3_to_5V"
Change component parameters (AddParameter): Name = "Supplier 3"; Value = "Mouser"; VariantName = "3V3_to_5V"
Change component parameters (AddParameter): Name = "Supplier Part Number 1"; Value = "MC14504BDR2GOSCT-ND"; VariantName = "3V3_to_5V"
Change component parameters (AddParameter): Name = "Supplier Part Number 2"; Value = "2534385"; VariantName = "3V3_to_5V"
Change component parameters (AddParameter): Name = "Supplier Part Number 3"; Value = "863-MC14504BDR2G"; VariantName = "3V3_to_5V"
Change component parameters (AddParameter): Name = "Value"; Value = "MC14504BDR2G"; VariantName = "3V3_to_5V"
Change component parameters (AddParameter): Name = "Created"; Value = "2019-12-11_Thilo_Wendt"; VariantName = "3V3_to_RS422"
Change component parameters (AddParameter): Name = "HelpURL"; Value = "http://www.onsemi.com/pub/Collateral/MC14504B-D.PDF"; VariantName = "3V3_to_RS422"
Change component parameters (AddParameter): Name = "Max Voltage"; Value = "18"; VariantName = "3V3_to_RS422"
Change component parameters (AddParameter): Name = "MF"; Value = "ON Semiconductor"; VariantName = "3V3_to_RS422"
Change component parameters (AddParameter): Name = "MPN"; Value = "MC14504BDR2G"; VariantName = "3V3_to_RS422"
Change component parameters (AddParameter): Name = "Package"; Value = "CurrentFootprint"; VariantName = "3V3_to_RS422"
Change component parameters (AddParameter): Name = "Supplier 1"; Value = "Digi-Key"; VariantName = "3V3_to_RS422"
Change component parameters (AddParameter): Name = "Supplier1"; Value = "https://www.mouser.com/Search/Refine.aspx?Keyword=863-MC14504BDR2G"; VariantName = "3V3_to_RS422"
Change component parameters (AddParameter): Name = "Supplier 2"; Value = "Farnell"; VariantName = "3V3_to_RS422"
Change component parameters (AddParameter): Name = "Supplier2"; Value = "http://uk.rs-online.com/web/p/products/7737746P"; VariantName = "3V3_to_RS422"
Change component parameters (AddParameter): Name = "Supplier 3"; Value = "Mouser"; VariantName = "3V3_to_RS422"
Change component parameters (AddParameter): Name = "Supplier Part Number 1"; Value = "MC14504BDR2GOSCT-ND"; VariantName = "3V3_to_RS422"
Change component parameters (AddParameter): Name = "Supplier Part Number 2"; Value = "2534385"; VariantName = "3V3_to_RS422"
Change component parameters (AddParameter): Name = "Supplier Part Number 3"; Value = "863-MC14504BDR2G"; VariantName = "3V3_to_RS422"
Change component parameters (AddParameter): Name = "Value"; Value = "MC14504BDR2G"; VariantName = "3V3_to_RS422"
Change component parameters (AddParameter): Name = "Created"; Value = "2019-12-11_Thilo_Wendt"; VariantName = "RS422_to_3V3"
Change component parameters (AddParameter): Name = "HelpURL"; Value = "http://www.onsemi.com/pub/Collateral/MC14504B-D.PDF"; VariantName = "RS422_to_3V3"
Change component parameters (AddParameter): Name = "Max Voltage"; Value = "18"; VariantName = "RS422_to_3V3"
Change component parameters (AddParameter): Name = "MF"; Value = "ON Semiconductor"; VariantName = "RS422_to_3V3"
Change component parameters (AddParameter): Name = "MPN"; Value = "MC14504BDR2G"; VariantName = "RS422_to_3V3"
Change component parameters (AddParameter): Name = "Package"; Value = "CurrentFootprint"; VariantName = "RS422_to_3V3"
Change component parameters (AddParameter): Name = "Supplier 1"; Value = "Digi-Key"; VariantName = "RS422_to_3V3"
Change component parameters (AddParameter): Name = "Supplier1"; Value = "https://www.mouser.com/Search/Refine.aspx?Keyword=863-MC14504BDR2G"; VariantName = "RS422_to_3V3"
Change component parameters (AddParameter): Name = "Supplier 2"; Value = "Farnell"; VariantName = "RS422_to_3V3"
Change component parameters (AddParameter): Name = "Supplier2"; Value = "http://uk.rs-online.com/web/p/products/7737746P"; VariantName = "RS422_to_3V3"
Change component parameters (AddParameter): Name = "Supplier 3"; Value = "Mouser"; VariantName = "RS422_to_3V3"
Change component parameters (AddParameter): Name = "Supplier Part Number 1"; Value = "MC14504BDR2GOSCT-ND"; VariantName = "RS422_to_3V3"
Change component parameters (AddParameter): Name = "Supplier Part Number 2"; Value = "2534385"; VariantName = "RS422_to_3V3"
Change component parameters (AddParameter): Name = "Supplier Part Number 3"; Value = "863-MC14504BDR2G"; VariantName = "RS422_to_3V3"
Change component parameters (AddParameter): Name = "Value"; Value = "MC14504BDR2G"; VariantName = "RS422_to_3V3"
Change component parameters: Designator = "U2D"; Footprint = "SOIC127P600X175-16N"; UniqueID = "\REEOQYYS\LOSHMCEA\4DEFTBZMN\FGSKJFYL"
Change component parameters. Clean all parameters for all variants
Change component parameters (AddParameter): Name = "Created"; Value = "2019-12-11_Thilo_Wendt"; VariantName = "[No Variations]"
Change component parameters (AddParameter): Name = "HelpURL"; Value = "http://www.onsemi.com/pub/Collateral/MC14504B-D.PDF"; VariantName = "[No Variations]"
Change component parameters (AddParameter): Name = "Max Voltage"; Value = "18"; VariantName = "[No Variations]"
Change component parameters (AddParameter): Name = "MF"; Value = "ON Semiconductor"; VariantName = "[No Variations]"
Change component parameters (AddParameter): Name = "MPN"; Value = "MC14504BDR2G"; VariantName = "[No Variations]"
Change component parameters (AddParameter): Name = "Package"; Value = "CurrentFootprint"; VariantName = "[No Variations]"
Change component parameters (AddParameter): Name = "Supplier 1"; Value = "Digi-Key"; VariantName = "[No Variations]"
Change component parameters (AddParameter): Name = "Supplier1"; Value = "https://www.mouser.com/Search/Refine.aspx?Keyword=863-MC14504BDR2G"; VariantName = "[No Variations]"
Change component parameters (AddParameter): Name = "Supplier 2"; Value = "Farnell"; VariantName = "[No Variations]"
Change component parameters (AddParameter): Name = "Supplier2"; Value = "http://uk.rs-online.com/web/p/products/7737746P"; VariantName = "[No Variations]"
Change component parameters (AddParameter): Name = "Supplier 3"; Value = "Mouser"; VariantName = "[No Variations]"
Change component parameters (AddParameter): Name = "Supplier Part Number 1"; Value = "MC14504BDR2GOSCT-ND"; VariantName = "[No Variations]"
Change component parameters (AddParameter): Name = "Supplier Part Number 2"; Value = "2534385"; VariantName = "[No Variations]"
Change component parameters (AddParameter): Name = "Supplier Part Number 3"; Value = "863-MC14504BDR2G"; VariantName = "[No Variations]"
Change component parameters (AddParameter): Name = "Value"; Value = "MC14504BDR2G"; VariantName = "[No Variations]"
Change component parameters (AddParameter): Name = "Created"; Value = "2019-12-11_Thilo_Wendt"; VariantName = "3V3_to_3V3"
Change component parameters (AddParameter): Name = "HelpURL"; Value = "http://www.onsemi.com/pub/Collateral/MC14504B-D.PDF"; VariantName = "3V3_to_3V3"
Change component parameters (AddParameter): Name = "Max Voltage"; Value = "18"; VariantName = "3V3_to_3V3"
Change component parameters (AddParameter): Name = "MF"; Value = "ON Semiconductor"; VariantName = "3V3_to_3V3"
Change component parameters (AddParameter): Name = "MPN"; Value = "MC14504BDR2G"; VariantName = "3V3_to_3V3"
Change component parameters (AddParameter): Name = "Package"; Value = "CurrentFootprint"; VariantName = "3V3_to_3V3"
Change component parameters (AddParameter): Name = "Supplier 1"; Value = "Digi-Key"; VariantName = "3V3_to_3V3"
Change component parameters (AddParameter): Name = "Supplier1"; Value = "https://www.mouser.com/Search/Refine.aspx?Keyword=863-MC14504BDR2G"; VariantName = "3V3_to_3V3"
Change component parameters (AddParameter): Name = "Supplier 2"; Value = "Farnell"; VariantName = "3V3_to_3V3"
Change component parameters (AddParameter): Name = "Supplier2"; Value = "http://uk.rs-online.com/web/p/products/7737746P"; VariantName = "3V3_to_3V3"
Change component parameters (AddParameter): Name = "Supplier 3"; Value = "Mouser"; VariantName = "3V3_to_3V3"
Change component parameters (AddParameter): Name = "Supplier Part Number 1"; Value = "MC14504BDR2GOSCT-ND"; VariantName = "3V3_to_3V3"
Change component parameters (AddParameter): Name = "Supplier Part Number 2"; Value = "2534385"; VariantName = "3V3_to_3V3"
Change component parameters (AddParameter): Name = "Supplier Part Number 3"; Value = "863-MC14504BDR2G"; VariantName = "3V3_to_3V3"
Change component parameters (AddParameter): Name = "Value"; Value = "MC14504BDR2G"; VariantName = "3V3_to_3V3"
Change component parameters (AddParameter): Name = "Created"; Value = "2019-12-11_Thilo_Wendt"; VariantName = "3V3_to_5V"
Change component parameters (AddParameter): Name = "HelpURL"; Value = "http://www.onsemi.com/pub/Collateral/MC14504B-D.PDF"; VariantName = "3V3_to_5V"
Change component parameters (AddParameter): Name = "Max Voltage"; Value = "18"; VariantName = "3V3_to_5V"
Change component parameters (AddParameter): Name = "MF"; Value = "ON Semiconductor"; VariantName = "3V3_to_5V"
Change component parameters (AddParameter): Name = "MPN"; Value = "MC14504BDR2G"; VariantName = "3V3_to_5V"
Change component parameters (AddParameter): Name = "Package"; Value = "CurrentFootprint"; VariantName = "3V3_to_5V"
Change component parameters (AddParameter): Name = "Supplier 1"; Value = "Digi-Key"; VariantName = "3V3_to_5V"
Change component parameters (AddParameter): Name = "Supplier1"; Value = "https://www.mouser.com/Search/Refine.aspx?Keyword=863-MC14504BDR2G"; VariantName = "3V3_to_5V"
Change component parameters (AddParameter): Name = "Supplier 2"; Value = "Farnell"; VariantName = "3V3_to_5V"
Change component parameters (AddParameter): Name = "Supplier2"; Value = "http://uk.rs-online.com/web/p/products/7737746P"; VariantName = "3V3_to_5V"
Change component parameters (AddParameter): Name = "Supplier 3"; Value = "Mouser"; VariantName = "3V3_to_5V"
Change component parameters (AddParameter): Name = "Supplier Part Number 1"; Value = "MC14504BDR2GOSCT-ND"; VariantName = "3V3_to_5V"
Change component parameters (AddParameter): Name = "Supplier Part Number 2"; Value = "2534385"; VariantName = "3V3_to_5V"
Change component parameters (AddParameter): Name = "Supplier Part Number 3"; Value = "863-MC14504BDR2G"; VariantName = "3V3_to_5V"
Change component parameters (AddParameter): Name = "Value"; Value = "MC14504BDR2G"; VariantName = "3V3_to_5V"
Change component parameters (AddParameter): Name = "Created"; Value = "2019-12-11_Thilo_Wendt"; VariantName = "3V3_to_RS422"
Change component parameters (AddParameter): Name = "HelpURL"; Value = "http://www.onsemi.com/pub/Collateral/MC14504B-D.PDF"; VariantName = "3V3_to_RS422"
Change component parameters (AddParameter): Name = "Max Voltage"; Value = "18"; VariantName = "3V3_to_RS422"
Change component parameters (AddParameter): Name = "MF"; Value = "ON Semiconductor"; VariantName = "3V3_to_RS422"
Change component parameters (AddParameter): Name = "MPN"; Value = "MC14504BDR2G"; VariantName = "3V3_to_RS422"
Change component parameters (AddParameter): Name = "Package"; Value = "CurrentFootprint"; VariantName = "3V3_to_RS422"
Change component parameters (AddParameter): Name = "Supplier 1"; Value = "Digi-Key"; VariantName = "3V3_to_RS422"
Change component parameters (AddParameter): Name = "Supplier1"; Value = "https://www.mouser.com/Search/Refine.aspx?Keyword=863-MC14504BDR2G"; VariantName = "3V3_to_RS422"
Change component parameters (AddParameter): Name = "Supplier 2"; Value = "Farnell"; VariantName = "3V3_to_RS422"
Change component parameters (AddParameter): Name = "Supplier2"; Value = "http://uk.rs-online.com/web/p/products/7737746P"; VariantName = "3V3_to_RS422"
Change component parameters (AddParameter): Name = "Supplier 3"; Value = "Mouser"; VariantName = "3V3_to_RS422"
Change component parameters (AddParameter): Name = "Supplier Part Number 1"; Value = "MC14504BDR2GOSCT-ND"; VariantName = "3V3_to_RS422"
Change component parameters (AddParameter): Name = "Supplier Part Number 2"; Value = "2534385"; VariantName = "3V3_to_RS422"
Change component parameters (AddParameter): Name = "Supplier Part Number 3"; Value = "863-MC14504BDR2G"; VariantName = "3V3_to_RS422"
Change component parameters (AddParameter): Name = "Value"; Value = "MC14504BDR2G"; VariantName = "3V3_to_RS422"
Change component parameters (AddParameter): Name = "Created"; Value = "2019-12-11_Thilo_Wendt"; VariantName = "RS422_to_3V3"
Change component parameters (AddParameter): Name = "HelpURL"; Value = "http://www.onsemi.com/pub/Collateral/MC14504B-D.PDF"; VariantName = "RS422_to_3V3"
Change component parameters (AddParameter): Name = "Max Voltage"; Value = "18"; VariantName = "RS422_to_3V3"
Change component parameters (AddParameter): Name = "MF"; Value = "ON Semiconductor"; VariantName = "RS422_to_3V3"
Change component parameters (AddParameter): Name = "MPN"; Value = "MC14504BDR2G"; VariantName = "RS422_to_3V3"
Change component parameters (AddParameter): Name = "Package"; Value = "CurrentFootprint"; VariantName = "RS422_to_3V3"
Change component parameters (AddParameter): Name = "Supplier 1"; Value = "Digi-Key"; VariantName = "RS422_to_3V3"
Change component parameters (AddParameter): Name = "Supplier1"; Value = "https://www.mouser.com/Search/Refine.aspx?Keyword=863-MC14504BDR2G"; VariantName = "RS422_to_3V3"
Change component parameters (AddParameter): Name = "Supplier 2"; Value = "Farnell"; VariantName = "RS422_to_3V3"
Change component parameters (AddParameter): Name = "Supplier2"; Value = "http://uk.rs-online.com/web/p/products/7737746P"; VariantName = "RS422_to_3V3"
Change component parameters (AddParameter): Name = "Supplier 3"; Value = "Mouser"; VariantName = "RS422_to_3V3"
Change component parameters (AddParameter): Name = "Supplier Part Number 1"; Value = "MC14504BDR2GOSCT-ND"; VariantName = "RS422_to_3V3"
Change component parameters (AddParameter): Name = "Supplier Part Number 2"; Value = "2534385"; VariantName = "RS422_to_3V3"
Change component parameters (AddParameter): Name = "Supplier Part Number 3"; Value = "863-MC14504BDR2G"; VariantName = "RS422_to_3V3"
Change component parameters (AddParameter): Name = "Value"; Value = "MC14504BDR2G"; VariantName = "RS422_to_3V3"
Change component parameters: Designator = "U2E"; Footprint = "SOIC127P600X175-16N"; UniqueID = "\REEOQYYS\LOSHMCEA\5DEFTBZMN\FGSKJFYL"
Change component parameters. Clean all parameters for all variants
Change component parameters (AddParameter): Name = "Created"; Value = "2019-12-11_Thilo_Wendt"; VariantName = "[No Variations]"
Change component parameters (AddParameter): Name = "HelpURL"; Value = "http://www.onsemi.com/pub/Collateral/MC14504B-D.PDF"; VariantName = "[No Variations]"
Change component parameters (AddParameter): Name = "Max Voltage"; Value = "18"; VariantName = "[No Variations]"
Change component parameters (AddParameter): Name = "MF"; Value = "ON Semiconductor"; VariantName = "[No Variations]"
Change component parameters (AddParameter): Name = "MPN"; Value = "MC14504BDR2G"; VariantName = "[No Variations]"
Change component parameters (AddParameter): Name = "Package"; Value = "CurrentFootprint"; VariantName = "[No Variations]"
Change component parameters (AddParameter): Name = "Supplier 1"; Value = "Digi-Key"; VariantName = "[No Variations]"
Change component parameters (AddParameter): Name = "Supplier1"; Value = "https://www.mouser.com/Search/Refine.aspx?Keyword=863-MC14504BDR2G"; VariantName = "[No Variations]"
Change component parameters (AddParameter): Name = "Supplier 2"; Value = "Farnell"; VariantName = "[No Variations]"
Change component parameters (AddParameter): Name = "Supplier2"; Value = "http://uk.rs-online.com/web/p/products/7737746P"; VariantName = "[No Variations]"
Change component parameters (AddParameter): Name = "Supplier 3"; Value = "Mouser"; VariantName = "[No Variations]"
Change component parameters (AddParameter): Name = "Supplier Part Number 1"; Value = "MC14504BDR2GOSCT-ND"; VariantName = "[No Variations]"
Change component parameters (AddParameter): Name = "Supplier Part Number 2"; Value = "2534385"; VariantName = "[No Variations]"
Change component parameters (AddParameter): Name = "Supplier Part Number 3"; Value = "863-MC14504BDR2G"; VariantName = "[No Variations]"
Change component parameters (AddParameter): Name = "Value"; Value = "MC14504BDR2G"; VariantName = "[No Variations]"
Change component parameters (AddParameter): Name = "Created"; Value = "2019-12-11_Thilo_Wendt"; VariantName = "3V3_to_3V3"
Change component parameters (AddParameter): Name = "HelpURL"; Value = "http://www.onsemi.com/pub/Collateral/MC14504B-D.PDF"; VariantName = "3V3_to_3V3"
Change component parameters (AddParameter): Name = "Max Voltage"; Value = "18"; VariantName = "3V3_to_3V3"
Change component parameters (AddParameter): Name = "MF"; Value = "ON Semiconductor"; VariantName = "3V3_to_3V3"
Change component parameters (AddParameter): Name = "MPN"; Value = "MC14504BDR2G"; VariantName = "3V3_to_3V3"
Change component parameters (AddParameter): Name = "Package"; Value = "CurrentFootprint"; VariantName = "3V3_to_3V3"
Change component parameters (AddParameter): Name = "Supplier 1"; Value = "Digi-Key"; VariantName = "3V3_to_3V3"
Change component parameters (AddParameter): Name = "Supplier1"; Value = "https://www.mouser.com/Search/Refine.aspx?Keyword=863-MC14504BDR2G"; VariantName = "3V3_to_3V3"
Change component parameters (AddParameter): Name = "Supplier 2"; Value = "Farnell"; VariantName = "3V3_to_3V3"
Change component parameters (AddParameter): Name = "Supplier2"; Value = "http://uk.rs-online.com/web/p/products/7737746P"; VariantName = "3V3_to_3V3"
Change component parameters (AddParameter): Name = "Supplier 3"; Value = "Mouser"; VariantName = "3V3_to_3V3"
Change component parameters (AddParameter): Name = "Supplier Part Number 1"; Value = "MC14504BDR2GOSCT-ND"; VariantName = "3V3_to_3V3"
Change component parameters (AddParameter): Name = "Supplier Part Number 2"; Value = "2534385"; VariantName = "3V3_to_3V3"
Change component parameters (AddParameter): Name = "Supplier Part Number 3"; Value = "863-MC14504BDR2G"; VariantName = "3V3_to_3V3"
Change component parameters (AddParameter): Name = "Value"; Value = "MC14504BDR2G"; VariantName = "3V3_to_3V3"
Change component parameters (AddParameter): Name = "Created"; Value = "2019-12-11_Thilo_Wendt"; VariantName = "3V3_to_5V"
Change component parameters (AddParameter): Name = "HelpURL"; Value = "http://www.onsemi.com/pub/Collateral/MC14504B-D.PDF"; VariantName = "3V3_to_5V"
Change component parameters (AddParameter): Name = "Max Voltage"; Value = "18"; VariantName = "3V3_to_5V"
Change component parameters (AddParameter): Name = "MF"; Value = "ON Semiconductor"; VariantName = "3V3_to_5V"
Change component parameters (AddParameter): Name = "MPN"; Value = "MC14504BDR2G"; VariantName = "3V3_to_5V"
Change component parameters (AddParameter): Name = "Package"; Value = "CurrentFootprint"; VariantName = "3V3_to_5V"
Change component parameters (AddParameter): Name = "Supplier 1"; Value = "Digi-Key"; VariantName = "3V3_to_5V"
Change component parameters (AddParameter): Name = "Supplier1"; Value = "https://www.mouser.com/Search/Refine.aspx?Keyword=863-MC14504BDR2G"; VariantName = "3V3_to_5V"
Change component parameters (AddParameter): Name = "Supplier 2"; Value = "Farnell"; VariantName = "3V3_to_5V"
Change component parameters (AddParameter): Name = "Supplier2"; Value = "http://uk.rs-online.com/web/p/products/7737746P"; VariantName = "3V3_to_5V"
Change component parameters (AddParameter): Name = "Supplier 3"; Value = "Mouser"; VariantName = "3V3_to_5V"
Change component parameters (AddParameter): Name = "Supplier Part Number 1"; Value = "MC14504BDR2GOSCT-ND"; VariantName = "3V3_to_5V"
Change component parameters (AddParameter): Name = "Supplier Part Number 2"; Value = "2534385"; VariantName = "3V3_to_5V"
Change component parameters (AddParameter): Name = "Supplier Part Number 3"; Value = "863-MC14504BDR2G"; VariantName = "3V3_to_5V"
Change component parameters (AddParameter): Name = "Value"; Value = "MC14504BDR2G"; VariantName = "3V3_to_5V"
Change component parameters (AddParameter): Name = "Created"; Value = "2019-12-11_Thilo_Wendt"; VariantName = "3V3_to_RS422"
Change component parameters (AddParameter): Name = "HelpURL"; Value = "http://www.onsemi.com/pub/Collateral/MC14504B-D.PDF"; VariantName = "3V3_to_RS422"
Change component parameters (AddParameter): Name = "Max Voltage"; Value = "18"; VariantName = "3V3_to_RS422"
Change component parameters (AddParameter): Name = "MF"; Value = "ON Semiconductor"; VariantName = "3V3_to_RS422"
Change component parameters (AddParameter): Name = "MPN"; Value = "MC14504BDR2G"; VariantName = "3V3_to_RS422"
Change component parameters (AddParameter): Name = "Package"; Value = "CurrentFootprint"; VariantName = "3V3_to_RS422"
Change component parameters (AddParameter): Name = "Supplier 1"; Value = "Digi-Key"; VariantName = "3V3_to_RS422"
Change component parameters (AddParameter): Name = "Supplier1"; Value = "https://www.mouser.com/Search/Refine.aspx?Keyword=863-MC14504BDR2G"; VariantName = "3V3_to_RS422"
Change component parameters (AddParameter): Name = "Supplier 2"; Value = "Farnell"; VariantName = "3V3_to_RS422"
Change component parameters (AddParameter): Name = "Supplier2"; Value = "http://uk.rs-online.com/web/p/products/7737746P"; VariantName = "3V3_to_RS422"
Change component parameters (AddParameter): Name = "Supplier 3"; Value = "Mouser"; VariantName = "3V3_to_RS422"
Change component parameters (AddParameter): Name = "Supplier Part Number 1"; Value = "MC14504BDR2GOSCT-ND"; VariantName = "3V3_to_RS422"
Change component parameters (AddParameter): Name = "Supplier Part Number 2"; Value = "2534385"; VariantName = "3V3_to_RS422"
Change component parameters (AddParameter): Name = "Supplier Part Number 3"; Value = "863-MC14504BDR2G"; VariantName = "3V3_to_RS422"
Change component parameters (AddParameter): Name = "Value"; Value = "MC14504BDR2G"; VariantName = "3V3_to_RS422"
Change component parameters (AddParameter): Name = "Created"; Value = "2019-12-11_Thilo_Wendt"; VariantName = "RS422_to_3V3"
Change component parameters (AddParameter): Name = "HelpURL"; Value = "http://www.onsemi.com/pub/Collateral/MC14504B-D.PDF"; VariantName = "RS422_to_3V3"
Change component parameters (AddParameter): Name = "Max Voltage"; Value = "18"; VariantName = "RS422_to_3V3"
Change component parameters (AddParameter): Name = "MF"; Value = "ON Semiconductor"; VariantName = "RS422_to_3V3"
Change component parameters (AddParameter): Name = "MPN"; Value = "MC14504BDR2G"; VariantName = "RS422_to_3V3"
Change component parameters (AddParameter): Name = "Package"; Value = "CurrentFootprint"; VariantName = "RS422_to_3V3"
Change component parameters (AddParameter): Name = "Supplier 1"; Value = "Digi-Key"; VariantName = "RS422_to_3V3"
Change component parameters (AddParameter): Name = "Supplier1"; Value = "https://www.mouser.com/Search/Refine.aspx?Keyword=863-MC14504BDR2G"; VariantName = "RS422_to_3V3"
Change component parameters (AddParameter): Name = "Supplier 2"; Value = "Farnell"; VariantName = "RS422_to_3V3"
Change component parameters (AddParameter): Name = "Supplier2"; Value = "http://uk.rs-online.com/web/p/products/7737746P"; VariantName = "RS422_to_3V3"
Change component parameters (AddParameter): Name = "Supplier 3"; Value = "Mouser"; VariantName = "RS422_to_3V3"
Change component parameters (AddParameter): Name = "Supplier Part Number 1"; Value = "MC14504BDR2GOSCT-ND"; VariantName = "RS422_to_3V3"
Change component parameters (AddParameter): Name = "Supplier Part Number 2"; Value = "2534385"; VariantName = "RS422_to_3V3"
Change component parameters (AddParameter): Name = "Supplier Part Number 3"; Value = "863-MC14504BDR2G"; VariantName = "RS422_to_3V3"
Change component parameters (AddParameter): Name = "Value"; Value = "MC14504BDR2G"; VariantName = "RS422_to_3V3"
Change component parameters: Designator = "J1"; Footprint = "IPL1-115-01-XX-D-RA"; UniqueID = "\REEOQYYS\ZTJPEBVF\MONDXOQS"
Change component parameters. Clean all parameters for all variants
Change component parameters (AddParameter): Name = "ComponentLink1Description"; Value = "Datasheet"; VariantName = "[No Variations]"
Change component parameters (AddParameter): Name = "ComponentLink1URL"; Value = "http://suddendocs.samtec.com/catalog_english/ipl1.pdf"; VariantName = "[No Variations]"
Change component parameters (AddParameter): Name = "Created"; Value = "2019-12-17_Wendy_Xin"; VariantName = "[No Variations]"
Change component parameters (AddParameter): Name = "HelpURL"; Value = "https://www.samtec.com/products/ipl1"; VariantName = "[No Variations]"
Change component parameters (AddParameter): Name = "MF"; Value = "SAMTEC"; VariantName = "[No Variations]"
Change component parameters (AddParameter): Name = "MPN"; Value = "IPL1-115-01-L-D-RA-K"; VariantName = "[No Variations]"
Change component parameters (AddParameter): Name = "Package"; Value = "CurrentFootprint"; VariantName = "[No Variations]"
Change component parameters (AddParameter): Name = "Supplier 1"; Value = "Digi-Key"; VariantName = "[No Variations]"
Change component parameters (AddParameter): Name = "Supplier 2"; Value = "Farnell"; VariantName = "[No Variations]"
Change component parameters (AddParameter): Name = "Supplier 3"; Value = "Mouser"; VariantName = "[No Variations]"
Change component parameters (AddParameter): Name = "Supplier Part Number 1"; Value = "SAM9611-ND"; VariantName = "[No Variations]"
Change component parameters (AddParameter): Name = "Supplier Part Number 2"; Value = "2018467"; VariantName = "[No Variations]"
Change component parameters (AddParameter): Name = "Supplier Part Number 3"; Value = "200-IPL111501LDRAK"; VariantName = "[No Variations]"
Change component parameters: Designator = "U6A"; Footprint = "TI_DL-R-PDSO-G48_N"; UniqueID = "\REEOQYYS\IIHAQJIS\SHYXJNDG\FAIBTHMK"
Change component parameters. Clean all parameters for all variants
Change component parameters (AddParameter): Name = "Created"; Value = "2019-12-11_Thilo_Wendt"; VariantName = "[No Variations]"
Change component parameters (AddParameter): Name = "HelpURL"; Value = "http://www.ti.com/lit/gpn/sn74lvch16t245"; VariantName = "[No Variations]"
Change component parameters (AddParameter): Name = "Max Voltage"; Value = "5.5"; VariantName = "[No Variations]"
Change component parameters (AddParameter): Name = "MF"; Value = "Texas Instruments"; VariantName = "[No Variations]"
Change component parameters (AddParameter): Name = "MPN"; Value = "SN74LVCH16T245DLR"; VariantName = "[No Variations]"
Change component parameters (AddParameter): Name = "Package"; Value = "CurrentFootprint"; VariantName = "[No Variations]"
Change component parameters (AddParameter): Name = "Supplier 1"; Value = "Digi-Key"; VariantName = "[No Variations]"
Change component parameters (AddParameter): Name = "Supplier 2"; Value = "Mouser"; VariantName = "[No Variations]"
Change component parameters (AddParameter): Name = "Supplier Part Number 1"; Value = "296-27606-1-ND"; VariantName = "[No Variations]"
Change component parameters (AddParameter): Name = "Supplier Part Number 2"; Value = "595-SN74LVCH16T245LR"; VariantName = "[No Variations]"
Change component parameters (AddParameter): Name = "Value"; Value = "SN74LVCH16T245DLR"; VariantName = "[No Variations]"
Change component parameters: Designator = "U6B"; Footprint = "TI_DL-R-PDSO-G48_N"; UniqueID = "\REEOQYYS\IIHAQJIS\VRXDBBMP\FAIBTHMK"
Change component parameters. Clean all parameters for all variants
Change component parameters (AddParameter): Name = "Created"; Value = "2019-12-11_Thilo_Wendt"; VariantName = "[No Variations]"
Change component parameters (AddParameter): Name = "HelpURL"; Value = "http://www.ti.com/lit/gpn/sn74lvch16t245"; VariantName = "[No Variations]"
Change component parameters (AddParameter): Name = "Max Voltage"; Value = "5.5"; VariantName = "[No Variations]"
Change component parameters (AddParameter): Name = "MF"; Value = "Texas Instruments"; VariantName = "[No Variations]"
Change component parameters (AddParameter): Name = "MPN"; Value = "SN74LVCH16T245DLR"; VariantName = "[No Variations]"
Change component parameters (AddParameter): Name = "Package"; Value = "CurrentFootprint"; VariantName = "[No Variations]"
Change component parameters (AddParameter): Name = "Supplier 1"; Value = "Digi-Key"; VariantName = "[No Variations]"
Change component parameters (AddParameter): Name = "Supplier 2"; Value = "Mouser"; VariantName = "[No Variations]"
Change component parameters (AddParameter): Name = "Supplier Part Number 1"; Value = "296-27606-1-ND"; VariantName = "[No Variations]"
Change component parameters (AddParameter): Name = "Supplier Part Number 2"; Value = "595-SN74LVCH16T245LR"; VariantName = "[No Variations]"
Change component parameters (AddParameter): Name = "Value"; Value = "SN74LVCH16T245DLR"; VariantName = "[No Variations]"
Change component parameters: Designator = "J2"; Footprint = "IPL1-120-01-XX-D-RA"; UniqueID = "\REEOQYYS\ZTJPEBVF\WRPOTMIB"
Change component parameters. Clean all parameters for all variants
Change component parameters (AddParameter): Name = "ComponentLink1Description"; Value = "Datasheet"; VariantName = "[No Variations]"
Change component parameters (AddParameter): Name = "ComponentLink1URL"; Value = "https://www.samtec.com/products/ipl1"; VariantName = "[No Variations]"
Change component parameters (AddParameter): Name = "Created"; Value = "2019-07-18_Wendy Xin"; VariantName = "[No Variations]"
Change component parameters (AddParameter): Name = "HelpURL"; Value = "https://www.samtec.com/products/ipl1"; VariantName = "[No Variations]"
Change component parameters (AddParameter): Name = "MF"; Value = "SAMTEC"; VariantName = "[No Variations]"
Change component parameters (AddParameter): Name = "MPN"; Value = "IPL1-120-01-L-D-RA-K"; VariantName = "[No Variations]"
Change component parameters (AddParameter): Name = "Package"; Value = "CurrentFootprint"; VariantName = "[No Variations]"
Change component parameters (AddParameter): Name = "Supplier 1"; Value = "Digi-Key"; VariantName = "[No Variations]"
Change component parameters (AddParameter): Name = "Supplier 2"; Value = "Farnell"; VariantName = "[No Variations]"
Change component parameters (AddParameter): Name = "Supplier 3"; Value = "Mouser"; VariantName = "[No Variations]"
Change component parameters (AddParameter): Name = "Supplier Part Number 1"; Value = "SAM10590-ND"; VariantName = "[No Variations]"
Change component parameters (AddParameter): Name = "Supplier Part Number 2"; Value = "2018484"; VariantName = "[No Variations]"
Change component parameters (AddParameter): Name = "Supplier Part Number 3"; Value = "200-IPL112001LDRAK"; VariantName = "[No Variations]"
Change component parameters: Designator = "C3"; Footprint = "CAPC1608X95X40NL15T15"; UniqueID = "\SMQLPFVK\JLODFTLT"
Change component parameters. Clean all parameters for all variants
Change component parameters (AddParameter): Name = "ComponentLink1Description"; Value = "Datasheet"; VariantName = "[No Variations]"
Change component parameters (AddParameter): Name = "ComponentLink1URL"; Value = "https://content.kemet.com/datasheets/KEM_C1002_X7R_SMD.pdf"; VariantName = "[No Variations]"
Change component parameters (AddParameter): Name = "Created"; Value = "2019-12-08_Thilo_Wendt"; VariantName = "[No Variations]"
Change component parameters (AddParameter): Name = "HelpURL"; Value = "https://content.kemet.com/datasheets/KEM_C1002_X7R_SMD.pdf"; VariantName = "[No Variations]"
Change component parameters (AddParameter): Name = "MaxCap"; Value = "100n"; VariantName = "[No Variations]"
Change component parameters (AddParameter): Name = "MaxVoltage"; Value = "100"; VariantName = "[No Variations]"
Change component parameters (AddParameter): Name = "MF"; Value = "KEMET"; VariantName = "[No Variations]"
Change component parameters (AddParameter): Name = "MinCap"; Value = "10p"; VariantName = "[No Variations]"
Change component parameters (AddParameter): Name = "MPN"; Value = "C<pkg[inch]><2d cap [pf] + #zeros><ToleranceSym><VoltageSym>RACTU"; VariantName = "[No Variations]"
Change component parameters (AddParameter): Name = "Package"; Value = "CurrentFootprint"; VariantName = "[No Variations]"
Change component parameters (AddParameter): Name = "Parameter1"; Value = "5"; VariantName = "[No Variations]"
Change component parameters (AddParameter): Name = "Parameter1Desc"; Value = "Voltage Symbol"; VariantName = "[No Variations]"
Change component parameters (AddParameter): Name = "Parameter2"; Value = "J"; VariantName = "[No Variations]"
Change component parameters (AddParameter): Name = "Parameter2Desc"; Value = "Tolerance Symbol"; VariantName = "[No Variations]"
Change component parameters (AddParameter): Name = "Supplier 1"; Value = "Farnell"; VariantName = "[No Variations]"
Change component parameters (AddParameter): Name = "Supplier 2"; Value = "Mouser"; VariantName = "[No Variations]"
Change component parameters (AddParameter): Name = "Supplier Link 1"; Value = "https://de.farnell.com/w/c/passive-bauelemente/kondensatoren/keramikkondensatoren/keramik-vielschichtkondensatoren-mlcc-smd?brand=kemet&kapazitatstoleranz=posneg-10pc&dielektrikum=x7r"; VariantName = "[No Variations]"
Change component parameters (AddParameter): Name = "Supplier Part Number 2"; Value = "80-<MPN>"; VariantName = "[No Variations]"
Change component parameters (AddParameter): Name = "Value"; Value = "?"; VariantName = "[No Variations]"
Change component parameters (AddParameter): Name = "ComponentLink1Description"; Value = "Datasheet"; VariantName = "3V3_to_3V3"
Change component parameters (AddParameter): Name = "ComponentLink1URL"; Value = "https://content.kemet.com/datasheets/KEM_C1002_X7R_SMD.pdf"; VariantName = "3V3_to_3V3"
Change component parameters (AddParameter): Name = "Created"; Value = "2019-12-08_Thilo_Wendt"; VariantName = "3V3_to_3V3"
Change component parameters (AddParameter): Name = "HelpURL"; Value = "https://content.kemet.com/datasheets/KEM_C1002_X7R_SMD.pdf"; VariantName = "3V3_to_3V3"
Change component parameters (AddParameter): Name = "MaxCap"; Value = "100n"; VariantName = "3V3_to_3V3"
Change component parameters (AddParameter): Name = "MaxVoltage"; Value = "100"; VariantName = "3V3_to_3V3"
Change component parameters (AddParameter): Name = "MF"; Value = "KEMET"; VariantName = "3V3_to_3V3"
Change component parameters (AddParameter): Name = "MinCap"; Value = "10p"; VariantName = "3V3_to_3V3"
Change component parameters (AddParameter): Name = "MPN"; Value = "C<pkg[inch]><2d cap [pf] + #zeros><ToleranceSym><VoltageSym>RACTU"; VariantName = "3V3_to_3V3"
Change component parameters (AddParameter): Name = "Package"; Value = "CurrentFootprint"; VariantName = "3V3_to_3V3"
Change component parameters (AddParameter): Name = "Parameter1"; Value = "5"; VariantName = "3V3_to_3V3"
Change component parameters (AddParameter): Name = "Parameter1Desc"; Value = "Voltage Symbol"; VariantName = "3V3_to_3V3"
Change component parameters (AddParameter): Name = "Parameter2"; Value = "J"; VariantName = "3V3_to_3V3"
Change component parameters (AddParameter): Name = "Parameter2Desc"; Value = "Tolerance Symbol"; VariantName = "3V3_to_3V3"
Change component parameters (AddParameter): Name = "Supplier 1"; Value = "Farnell"; VariantName = "3V3_to_3V3"
Change component parameters (AddParameter): Name = "Supplier 2"; Value = "Mouser"; VariantName = "3V3_to_3V3"
Change component parameters (AddParameter): Name = "Supplier Link 1"; Value = "https://de.farnell.com/w/c/passive-bauelemente/kondensatoren/keramikkondensatoren/keramik-vielschichtkondensatoren-mlcc-smd?brand=kemet&kapazitatstoleranz=posneg-10pc&dielektrikum=x7r"; VariantName = "3V3_to_3V3"
Change component parameters (AddParameter): Name = "Supplier Part Number 2"; Value = "80-<MPN>"; VariantName = "3V3_to_3V3"
Change component parameters (AddParameter): Name = "Value"; Value = "?"; VariantName = "3V3_to_3V3"
Change component parameters (AddParameter): Name = "ComponentLink1Description"; Value = "Datasheet"; VariantName = "3V3_to_5V"
Change component parameters (AddParameter): Name = "ComponentLink1URL"; Value = "https://content.kemet.com/datasheets/KEM_C1002_X7R_SMD.pdf"; VariantName = "3V3_to_5V"
Change component parameters (AddParameter): Name = "Created"; Value = "2019-12-08_Thilo_Wendt"; VariantName = "3V3_to_5V"
Change component parameters (AddParameter): Name = "HelpURL"; Value = "https://content.kemet.com/datasheets/KEM_C1002_X7R_SMD.pdf"; VariantName = "3V3_to_5V"
Change component parameters (AddParameter): Name = "MaxCap"; Value = "100n"; VariantName = "3V3_to_5V"
Change component parameters (AddParameter): Name = "MaxVoltage"; Value = "100"; VariantName = "3V3_to_5V"
Change component parameters (AddParameter): Name = "MF"; Value = "KEMET"; VariantName = "3V3_to_5V"
Change component parameters (AddParameter): Name = "MinCap"; Value = "10p"; VariantName = "3V3_to_5V"
Change component parameters (AddParameter): Name = "MPN"; Value = "C<pkg[inch]><2d cap [pf] + #zeros><ToleranceSym><VoltageSym>RACTU"; VariantName = "3V3_to_5V"
Change component parameters (AddParameter): Name = "Package"; Value = "CurrentFootprint"; VariantName = "3V3_to_5V"
Change component parameters (AddParameter): Name = "Parameter1"; Value = "5"; VariantName = "3V3_to_5V"
Change component parameters (AddParameter): Name = "Parameter1Desc"; Value = "Voltage Symbol"; VariantName = "3V3_to_5V"
Change component parameters (AddParameter): Name = "Parameter2"; Value = "J"; VariantName = "3V3_to_5V"
Change component parameters (AddParameter): Name = "Parameter2Desc"; Value = "Tolerance Symbol"; VariantName = "3V3_to_5V"
Change component parameters (AddParameter): Name = "Supplier 1"; Value = "Farnell"; VariantName = "3V3_to_5V"
Change component parameters (AddParameter): Name = "Supplier 2"; Value = "Mouser"; VariantName = "3V3_to_5V"
Change component parameters (AddParameter): Name = "Supplier Link 1"; Value = "https://de.farnell.com/w/c/passive-bauelemente/kondensatoren/keramikkondensatoren/keramik-vielschichtkondensatoren-mlcc-smd?brand=kemet&kapazitatstoleranz=posneg-10pc&dielektrikum=x7r"; VariantName = "3V3_to_5V"
Change component parameters (AddParameter): Name = "Supplier Part Number 2"; Value = "80-<MPN>"; VariantName = "3V3_to_5V"
Change component parameters (AddParameter): Name = "Value"; Value = "?"; VariantName = "3V3_to_5V"
Change component parameters (AddParameter): Name = "ComponentLink1Description"; Value = "Datasheet"; VariantName = "3V3_to_RS422"
Change component parameters (AddParameter): Name = "ComponentLink1URL"; Value = "https://content.kemet.com/datasheets/KEM_C1002_X7R_SMD.pdf"; VariantName = "3V3_to_RS422"
Change component parameters (AddParameter): Name = "Created"; Value = "2019-12-08_Thilo_Wendt"; VariantName = "3V3_to_RS422"
Change component parameters (AddParameter): Name = "HelpURL"; Value = "https://content.kemet.com/datasheets/KEM_C1002_X7R_SMD.pdf"; VariantName = "3V3_to_RS422"
Change component parameters (AddParameter): Name = "MaxCap"; Value = "100n"; VariantName = "3V3_to_RS422"
Change component parameters (AddParameter): Name = "MaxVoltage"; Value = "100"; VariantName = "3V3_to_RS422"
Change component parameters (AddParameter): Name = "MF"; Value = "KEMET"; VariantName = "3V3_to_RS422"
Change component parameters (AddParameter): Name = "MinCap"; Value = "10p"; VariantName = "3V3_to_RS422"
Change component parameters (AddParameter): Name = "MPN"; Value = "C<pkg[inch]><2d cap [pf] + #zeros><ToleranceSym><VoltageSym>RACTU"; VariantName = "3V3_to_RS422"
Change component parameters (AddParameter): Name = "Package"; Value = "CurrentFootprint"; VariantName = "3V3_to_RS422"
Change component parameters (AddParameter): Name = "Parameter1"; Value = "5"; VariantName = "3V3_to_RS422"
Change component parameters (AddParameter): Name = "Parameter1Desc"; Value = "Voltage Symbol"; VariantName = "3V3_to_RS422"
Change component parameters (AddParameter): Name = "Parameter2"; Value = "J"; VariantName = "3V3_to_RS422"
Change component parameters (AddParameter): Name = "Parameter2Desc"; Value = "Tolerance Symbol"; VariantName = "3V3_to_RS422"
Change component parameters (AddParameter): Name = "Supplier 1"; Value = "Farnell"; VariantName = "3V3_to_RS422"
Change component parameters (AddParameter): Name = "Supplier 2"; Value = "Mouser"; VariantName = "3V3_to_RS422"
Change component parameters (AddParameter): Name = "Supplier Link 1"; Value = "https://de.farnell.com/w/c/passive-bauelemente/kondensatoren/keramikkondensatoren/keramik-vielschichtkondensatoren-mlcc-smd?brand=kemet&kapazitatstoleranz=posneg-10pc&dielektrikum=x7r"; VariantName = "3V3_to_RS422"
Change component parameters (AddParameter): Name = "Supplier Part Number 2"; Value = "80-<MPN>"; VariantName = "3V3_to_RS422"
Change component parameters (AddParameter): Name = "Value"; Value = "?"; VariantName = "3V3_to_RS422"
Change component parameters (AddParameter): Name = "ComponentLink1Description"; Value = "Datasheet"; VariantName = "RS422_to_3V3"
Change component parameters (AddParameter): Name = "ComponentLink1URL"; Value = "https://content.kemet.com/datasheets/KEM_C1002_X7R_SMD.pdf"; VariantName = "RS422_to_3V3"
Change component parameters (AddParameter): Name = "Created"; Value = "2019-12-08_Thilo_Wendt"; VariantName = "RS422_to_3V3"
Change component parameters (AddParameter): Name = "HelpURL"; Value = "https://content.kemet.com/datasheets/KEM_C1002_X7R_SMD.pdf"; VariantName = "RS422_to_3V3"
Change component parameters (AddParameter): Name = "MaxCap"; Value = "100n"; VariantName = "RS422_to_3V3"
Change component parameters (AddParameter): Name = "MaxVoltage"; Value = "100"; VariantName = "RS422_to_3V3"
Change component parameters (AddParameter): Name = "MF"; Value = "KEMET"; VariantName = "RS422_to_3V3"
Change component parameters (AddParameter): Name = "MinCap"; Value = "10p"; VariantName = "RS422_to_3V3"
Change component parameters (AddParameter): Name = "MPN"; Value = "C<pkg[inch]><2d cap [pf] + #zeros><ToleranceSym><VoltageSym>RACTU"; VariantName = "RS422_to_3V3"
Change component parameters (AddParameter): Name = "Package"; Value = "CurrentFootprint"; VariantName = "RS422_to_3V3"
Change component parameters (AddParameter): Name = "Parameter1"; Value = "5"; VariantName = "RS422_to_3V3"
Change component parameters (AddParameter): Name = "Parameter1Desc"; Value = "Voltage Symbol"; VariantName = "RS422_to_3V3"
Change component parameters (AddParameter): Name = "Parameter2"; Value = "J"; VariantName = "RS422_to_3V3"
Change component parameters (AddParameter): Name = "Parameter2Desc"; Value = "Tolerance Symbol"; VariantName = "RS422_to_3V3"
Change component parameters (AddParameter): Name = "Supplier 1"; Value = "Farnell"; VariantName = "RS422_to_3V3"
Change component parameters (AddParameter): Name = "Supplier 2"; Value = "Mouser"; VariantName = "RS422_to_3V3"
Change component parameters (AddParameter): Name = "Supplier Link 1"; Value = "https://de.farnell.com/w/c/passive-bauelemente/kondensatoren/keramikkondensatoren/keramik-vielschichtkondensatoren-mlcc-smd?brand=kemet&kapazitatstoleranz=posneg-10pc&dielektrikum=x7r"; VariantName = "RS422_to_3V3"
Change component parameters (AddParameter): Name = "Supplier Part Number 2"; Value = "80-<MPN>"; VariantName = "RS422_to_3V3"
Change component parameters (AddParameter): Name = "Value"; Value = "?"; VariantName = "RS422_to_3V3"
Change component parameters: Designator = "C4"; Footprint = "CAPC1608X95X40NL15T15"; UniqueID = "\SMQLPFVK\TOXGMVGS"
Change component parameters. Clean all parameters for all variants
Change component parameters (AddParameter): Name = "ComponentLink1Description"; Value = "Datasheet"; VariantName = "[No Variations]"
Change component parameters (AddParameter): Name = "ComponentLink1URL"; Value = "https://content.kemet.com/datasheets/KEM_C1002_X7R_SMD.pdf"; VariantName = "[No Variations]"
Change component parameters (AddParameter): Name = "Created"; Value = "2019-12-08_Thilo_Wendt"; VariantName = "[No Variations]"
Change component parameters (AddParameter): Name = "HelpURL"; Value = "https://content.kemet.com/datasheets/KEM_C1002_X7R_SMD.pdf"; VariantName = "[No Variations]"
Change component parameters (AddParameter): Name = "MaxCap"; Value = "100n"; VariantName = "[No Variations]"
Change component parameters (AddParameter): Name = "MaxVoltage"; Value = "100"; VariantName = "[No Variations]"
Change component parameters (AddParameter): Name = "MF"; Value = "KEMET"; VariantName = "[No Variations]"
Change component parameters (AddParameter): Name = "MinCap"; Value = "10p"; VariantName = "[No Variations]"
Change component parameters (AddParameter): Name = "MPN"; Value = "C<pkg[inch]><2d cap [pf] + #zeros><ToleranceSym><VoltageSym>RACTU"; VariantName = "[No Variations]"
Change component parameters (AddParameter): Name = "Package"; Value = "CurrentFootprint"; VariantName = "[No Variations]"
Change component parameters (AddParameter): Name = "Parameter1"; Value = "5"; VariantName = "[No Variations]"
Change component parameters (AddParameter): Name = "Parameter1Desc"; Value = "Voltage Symbol"; VariantName = "[No Variations]"
Change component parameters (AddParameter): Name = "Parameter2"; Value = "J"; VariantName = "[No Variations]"
Change component parameters (AddParameter): Name = "Parameter2Desc"; Value = "Tolerance Symbol"; VariantName = "[No Variations]"
Change component parameters (AddParameter): Name = "Supplier 1"; Value = "Farnell"; VariantName = "[No Variations]"
Change component parameters (AddParameter): Name = "Supplier 2"; Value = "Mouser"; VariantName = "[No Variations]"
Change component parameters (AddParameter): Name = "Supplier Link 1"; Value = "https://de.farnell.com/w/c/passive-bauelemente/kondensatoren/keramikkondensatoren/keramik-vielschichtkondensatoren-mlcc-smd?brand=kemet&kapazitatstoleranz=posneg-10pc&dielektrikum=x7r"; VariantName = "[No Variations]"
Change component parameters (AddParameter): Name = "Supplier Part Number 2"; Value = "80-<MPN>"; VariantName = "[No Variations]"
Change component parameters (AddParameter): Name = "Value"; Value = "?"; VariantName = "[No Variations]"
Change component parameters (AddParameter): Name = "ComponentLink1Description"; Value = "Datasheet"; VariantName = "3V3_to_3V3"
Change component parameters (AddParameter): Name = "ComponentLink1URL"; Value = "https://content.kemet.com/datasheets/KEM_C1002_X7R_SMD.pdf"; VariantName = "3V3_to_3V3"
Change component parameters (AddParameter): Name = "Created"; Value = "2019-12-08_Thilo_Wendt"; VariantName = "3V3_to_3V3"
Change component parameters (AddParameter): Name = "HelpURL"; Value = "https://content.kemet.com/datasheets/KEM_C1002_X7R_SMD.pdf"; VariantName = "3V3_to_3V3"
Change component parameters (AddParameter): Name = "MaxCap"; Value = "100n"; VariantName = "3V3_to_3V3"
Change component parameters (AddParameter): Name = "MaxVoltage"; Value = "100"; VariantName = "3V3_to_3V3"
Change component parameters (AddParameter): Name = "MF"; Value = "KEMET"; VariantName = "3V3_to_3V3"
Change component parameters (AddParameter): Name = "MinCap"; Value = "10p"; VariantName = "3V3_to_3V3"
Change component parameters (AddParameter): Name = "MPN"; Value = "C<pkg[inch]><2d cap [pf] + #zeros><ToleranceSym><VoltageSym>RACTU"; VariantName = "3V3_to_3V3"
Change component parameters (AddParameter): Name = "Package"; Value = "CurrentFootprint"; VariantName = "3V3_to_3V3"
Change component parameters (AddParameter): Name = "Parameter1"; Value = "5"; VariantName = "3V3_to_3V3"
Change component parameters (AddParameter): Name = "Parameter1Desc"; Value = "Voltage Symbol"; VariantName = "3V3_to_3V3"
Change component parameters (AddParameter): Name = "Parameter2"; Value = "J"; VariantName = "3V3_to_3V3"
Change component parameters (AddParameter): Name = "Parameter2Desc"; Value = "Tolerance Symbol"; VariantName = "3V3_to_3V3"
Change component parameters (AddParameter): Name = "Supplier 1"; Value = "Farnell"; VariantName = "3V3_to_3V3"
Change component parameters (AddParameter): Name = "Supplier 2"; Value = "Mouser"; VariantName = "3V3_to_3V3"
Change component parameters (AddParameter): Name = "Supplier Link 1"; Value = "https://de.farnell.com/w/c/passive-bauelemente/kondensatoren/keramikkondensatoren/keramik-vielschichtkondensatoren-mlcc-smd?brand=kemet&kapazitatstoleranz=posneg-10pc&dielektrikum=x7r"; VariantName = "3V3_to_3V3"
Change component parameters (AddParameter): Name = "Supplier Part Number 2"; Value = "80-<MPN>"; VariantName = "3V3_to_3V3"
Change component parameters (AddParameter): Name = "Value"; Value = "?"; VariantName = "3V3_to_3V3"
Change component parameters (AddParameter): Name = "ComponentLink1Description"; Value = "Datasheet"; VariantName = "3V3_to_5V"
Change component parameters (AddParameter): Name = "ComponentLink1URL"; Value = "https://content.kemet.com/datasheets/KEM_C1002_X7R_SMD.pdf"; VariantName = "3V3_to_5V"
Change component parameters (AddParameter): Name = "Created"; Value = "2019-12-08_Thilo_Wendt"; VariantName = "3V3_to_5V"
Change component parameters (AddParameter): Name = "HelpURL"; Value = "https://content.kemet.com/datasheets/KEM_C1002_X7R_SMD.pdf"; VariantName = "3V3_to_5V"
Change component parameters (AddParameter): Name = "MaxCap"; Value = "100n"; VariantName = "3V3_to_5V"
Change component parameters (AddParameter): Name = "MaxVoltage"; Value = "100"; VariantName = "3V3_to_5V"
Change component parameters (AddParameter): Name = "MF"; Value = "KEMET"; VariantName = "3V3_to_5V"
Change component parameters (AddParameter): Name = "MinCap"; Value = "10p"; VariantName = "3V3_to_5V"
Change component parameters (AddParameter): Name = "MPN"; Value = "C<pkg[inch]><2d cap [pf] + #zeros><ToleranceSym><VoltageSym>RACTU"; VariantName = "3V3_to_5V"
Change component parameters (AddParameter): Name = "Package"; Value = "CurrentFootprint"; VariantName = "3V3_to_5V"
Change component parameters (AddParameter): Name = "Parameter1"; Value = "5"; VariantName = "3V3_to_5V"
Change component parameters (AddParameter): Name = "Parameter1Desc"; Value = "Voltage Symbol"; VariantName = "3V3_to_5V"
Change component parameters (AddParameter): Name = "Parameter2"; Value = "J"; VariantName = "3V3_to_5V"
Change component parameters (AddParameter): Name = "Parameter2Desc"; Value = "Tolerance Symbol"; VariantName = "3V3_to_5V"
Change component parameters (AddParameter): Name = "Supplier 1"; Value = "Farnell"; VariantName = "3V3_to_5V"
Change component parameters (AddParameter): Name = "Supplier 2"; Value = "Mouser"; VariantName = "3V3_to_5V"
Change component parameters (AddParameter): Name = "Supplier Link 1"; Value = "https://de.farnell.com/w/c/passive-bauelemente/kondensatoren/keramikkondensatoren/keramik-vielschichtkondensatoren-mlcc-smd?brand=kemet&kapazitatstoleranz=posneg-10pc&dielektrikum=x7r"; VariantName = "3V3_to_5V"
Change component parameters (AddParameter): Name = "Supplier Part Number 2"; Value = "80-<MPN>"; VariantName = "3V3_to_5V"
Change component parameters (AddParameter): Name = "Value"; Value = "?"; VariantName = "3V3_to_5V"
Change component parameters (AddParameter): Name = "ComponentLink1Description"; Value = "Datasheet"; VariantName = "3V3_to_RS422"
Change component parameters (AddParameter): Name = "ComponentLink1URL"; Value = "https://content.kemet.com/datasheets/KEM_C1002_X7R_SMD.pdf"; VariantName = "3V3_to_RS422"
Change component parameters (AddParameter): Name = "Created"; Value = "2019-12-08_Thilo_Wendt"; VariantName = "3V3_to_RS422"
Change component parameters (AddParameter): Name = "HelpURL"; Value = "https://content.kemet.com/datasheets/KEM_C1002_X7R_SMD.pdf"; VariantName = "3V3_to_RS422"
Change component parameters (AddParameter): Name = "MaxCap"; Value = "100n"; VariantName = "3V3_to_RS422"
Change component parameters (AddParameter): Name = "MaxVoltage"; Value = "100"; VariantName = "3V3_to_RS422"
Change component parameters (AddParameter): Name = "MF"; Value = "KEMET"; VariantName = "3V3_to_RS422"
Change component parameters (AddParameter): Name = "MinCap"; Value = "10p"; VariantName = "3V3_to_RS422"
Change component parameters (AddParameter): Name = "MPN"; Value = "C<pkg[inch]><2d cap [pf] + #zeros><ToleranceSym><VoltageSym>RACTU"; VariantName = "3V3_to_RS422"
Change component parameters (AddParameter): Name = "Package"; Value = "CurrentFootprint"; VariantName = "3V3_to_RS422"
Change component parameters (AddParameter): Name = "Parameter1"; Value = "5"; VariantName = "3V3_to_RS422"
Change component parameters (AddParameter): Name = "Parameter1Desc"; Value = "Voltage Symbol"; VariantName = "3V3_to_RS422"
Change component parameters (AddParameter): Name = "Parameter2"; Value = "J"; VariantName = "3V3_to_RS422"
Change component parameters (AddParameter): Name = "Parameter2Desc"; Value = "Tolerance Symbol"; VariantName = "3V3_to_RS422"
Change component parameters (AddParameter): Name = "Supplier 1"; Value = "Farnell"; VariantName = "3V3_to_RS422"
Change component parameters (AddParameter): Name = "Supplier 2"; Value = "Mouser"; VariantName = "3V3_to_RS422"
Change component parameters (AddParameter): Name = "Supplier Link 1"; Value = "https://de.farnell.com/w/c/passive-bauelemente/kondensatoren/keramikkondensatoren/keramik-vielschichtkondensatoren-mlcc-smd?brand=kemet&kapazitatstoleranz=posneg-10pc&dielektrikum=x7r"; VariantName = "3V3_to_RS422"
Change component parameters (AddParameter): Name = "Supplier Part Number 2"; Value = "80-<MPN>"; VariantName = "3V3_to_RS422"
Change component parameters (AddParameter): Name = "Value"; Value = "?"; VariantName = "3V3_to_RS422"
Change component parameters (AddParameter): Name = "ComponentLink1Description"; Value = "Datasheet"; VariantName = "RS422_to_3V3"
Change component parameters (AddParameter): Name = "ComponentLink1URL"; Value = "https://content.kemet.com/datasheets/KEM_C1002_X7R_SMD.pdf"; VariantName = "RS422_to_3V3"
Change component parameters (AddParameter): Name = "Created"; Value = "2019-12-08_Thilo_Wendt"; VariantName = "RS422_to_3V3"
Change component parameters (AddParameter): Name = "HelpURL"; Value = "https://content.kemet.com/datasheets/KEM_C1002_X7R_SMD.pdf"; VariantName = "RS422_to_3V3"
Change component parameters (AddParameter): Name = "MaxCap"; Value = "100n"; VariantName = "RS422_to_3V3"
Change component parameters (AddParameter): Name = "MaxVoltage"; Value = "100"; VariantName = "RS422_to_3V3"
Change component parameters (AddParameter): Name = "MF"; Value = "KEMET"; VariantName = "RS422_to_3V3"
Change component parameters (AddParameter): Name = "MinCap"; Value = "10p"; VariantName = "RS422_to_3V3"
Change component parameters (AddParameter): Name = "MPN"; Value = "C<pkg[inch]><2d cap [pf] + #zeros><ToleranceSym><VoltageSym>RACTU"; VariantName = "RS422_to_3V3"
Change component parameters (AddParameter): Name = "Package"; Value = "CurrentFootprint"; VariantName = "RS422_to_3V3"
Change component parameters (AddParameter): Name = "Parameter1"; Value = "5"; VariantName = "RS422_to_3V3"
Change component parameters (AddParameter): Name = "Parameter1Desc"; Value = "Voltage Symbol"; VariantName = "RS422_to_3V3"
Change component parameters (AddParameter): Name = "Parameter2"; Value = "J"; VariantName = "RS422_to_3V3"
Change component parameters (AddParameter): Name = "Parameter2Desc"; Value = "Tolerance Symbol"; VariantName = "RS422_to_3V3"
Change component parameters (AddParameter): Name = "Supplier 1"; Value = "Farnell"; VariantName = "RS422_to_3V3"
Change component parameters (AddParameter): Name = "Supplier 2"; Value = "Mouser"; VariantName = "RS422_to_3V3"
Change component parameters (AddParameter): Name = "Supplier Link 1"; Value = "https://de.farnell.com/w/c/passive-bauelemente/kondensatoren/keramikkondensatoren/keramik-vielschichtkondensatoren-mlcc-smd?brand=kemet&kapazitatstoleranz=posneg-10pc&dielektrikum=x7r"; VariantName = "RS422_to_3V3"
Change component parameters (AddParameter): Name = "Supplier Part Number 2"; Value = "80-<MPN>"; VariantName = "RS422_to_3V3"
Change component parameters (AddParameter): Name = "Value"; Value = "?"; VariantName = "RS422_to_3V3"
Change component parameters: Designator = "C5"; Footprint = "CAPC1608X95X40NL15T15"; UniqueID = "\SMQLPFVK\HSQVHEMT"
Change component parameters. Clean all parameters for all variants
Change component parameters (AddParameter): Name = "ComponentLink1Description"; Value = "Datasheet"; VariantName = "[No Variations]"
Change component parameters (AddParameter): Name = "ComponentLink1URL"; Value = "https://content.kemet.com/datasheets/KEM_C1002_X7R_SMD.pdf"; VariantName = "[No Variations]"
Change component parameters (AddParameter): Name = "Created"; Value = "2019-12-08_Thilo_Wendt"; VariantName = "[No Variations]"
Change component parameters (AddParameter): Name = "HelpURL"; Value = "https://content.kemet.com/datasheets/KEM_C1002_X7R_SMD.pdf"; VariantName = "[No Variations]"
Change component parameters (AddParameter): Name = "MaxCap"; Value = "100n"; VariantName = "[No Variations]"
Change component parameters (AddParameter): Name = "MaxVoltage"; Value = "100"; VariantName = "[No Variations]"
Change component parameters (AddParameter): Name = "MF"; Value = "KEMET"; VariantName = "[No Variations]"
Change component parameters (AddParameter): Name = "MinCap"; Value = "10p"; VariantName = "[No Variations]"
Change component parameters (AddParameter): Name = "MPN"; Value = "C<pkg[inch]><2d cap [pf] + #zeros><ToleranceSym><VoltageSym>RACTU"; VariantName = "[No Variations]"
Change component parameters (AddParameter): Name = "Package"; Value = "CurrentFootprint"; VariantName = "[No Variations]"
Change component parameters (AddParameter): Name = "Parameter1"; Value = "5"; VariantName = "[No Variations]"
Change component parameters (AddParameter): Name = "Parameter1Desc"; Value = "Voltage Symbol"; VariantName = "[No Variations]"
Change component parameters (AddParameter): Name = "Parameter2"; Value = "J"; VariantName = "[No Variations]"
Change component parameters (AddParameter): Name = "Parameter2Desc"; Value = "Tolerance Symbol"; VariantName = "[No Variations]"
Change component parameters (AddParameter): Name = "Supplier 1"; Value = "Farnell"; VariantName = "[No Variations]"
Change component parameters (AddParameter): Name = "Supplier 2"; Value = "Mouser"; VariantName = "[No Variations]"
Change component parameters (AddParameter): Name = "Supplier Link 1"; Value = "https://de.farnell.com/w/c/passive-bauelemente/kondensatoren/keramikkondensatoren/keramik-vielschichtkondensatoren-mlcc-smd?brand=kemet&kapazitatstoleranz=posneg-10pc&dielektrikum=x7r"; VariantName = "[No Variations]"
Change component parameters (AddParameter): Name = "Supplier Part Number 2"; Value = "80-<MPN>"; VariantName = "[No Variations]"
Change component parameters (AddParameter): Name = "Value"; Value = "?"; VariantName = "[No Variations]"
Change component parameters (AddParameter): Name = "ComponentLink1Description"; Value = "Datasheet"; VariantName = "3V3_to_3V3"
Change component parameters (AddParameter): Name = "ComponentLink1URL"; Value = "https://content.kemet.com/datasheets/KEM_C1002_X7R_SMD.pdf"; VariantName = "3V3_to_3V3"
Change component parameters (AddParameter): Name = "Created"; Value = "2019-12-08_Thilo_Wendt"; VariantName = "3V3_to_3V3"
Change component parameters (AddParameter): Name = "HelpURL"; Value = "https://content.kemet.com/datasheets/KEM_C1002_X7R_SMD.pdf"; VariantName = "3V3_to_3V3"
Change component parameters (AddParameter): Name = "MaxCap"; Value = "100n"; VariantName = "3V3_to_3V3"
Change component parameters (AddParameter): Name = "MaxVoltage"; Value = "100"; VariantName = "3V3_to_3V3"
Change component parameters (AddParameter): Name = "MF"; Value = "KEMET"; VariantName = "3V3_to_3V3"
Change component parameters (AddParameter): Name = "MinCap"; Value = "10p"; VariantName = "3V3_to_3V3"
Change component parameters (AddParameter): Name = "MPN"; Value = "C<pkg[inch]><2d cap [pf] + #zeros><ToleranceSym><VoltageSym>RACTU"; VariantName = "3V3_to_3V3"
Change component parameters (AddParameter): Name = "Package"; Value = "CurrentFootprint"; VariantName = "3V3_to_3V3"
Change component parameters (AddParameter): Name = "Parameter1"; Value = "5"; VariantName = "3V3_to_3V3"
Change component parameters (AddParameter): Name = "Parameter1Desc"; Value = "Voltage Symbol"; VariantName = "3V3_to_3V3"
Change component parameters (AddParameter): Name = "Parameter2"; Value = "J"; VariantName = "3V3_to_3V3"
Change component parameters (AddParameter): Name = "Parameter2Desc"; Value = "Tolerance Symbol"; VariantName = "3V3_to_3V3"
Change component parameters (AddParameter): Name = "Supplier 1"; Value = "Farnell"; VariantName = "3V3_to_3V3"
Change component parameters (AddParameter): Name = "Supplier 2"; Value = "Mouser"; VariantName = "3V3_to_3V3"
Change component parameters (AddParameter): Name = "Supplier Link 1"; Value = "https://de.farnell.com/w/c/passive-bauelemente/kondensatoren/keramikkondensatoren/keramik-vielschichtkondensatoren-mlcc-smd?brand=kemet&kapazitatstoleranz=posneg-10pc&dielektrikum=x7r"; VariantName = "3V3_to_3V3"
Change component parameters (AddParameter): Name = "Supplier Part Number 2"; Value = "80-<MPN>"; VariantName = "3V3_to_3V3"
Change component parameters (AddParameter): Name = "Value"; Value = "?"; VariantName = "3V3_to_3V3"
Change component parameters (AddParameter): Name = "ComponentLink1Description"; Value = "Datasheet"; VariantName = "3V3_to_5V"
Change component parameters (AddParameter): Name = "ComponentLink1URL"; Value = "https://content.kemet.com/datasheets/KEM_C1002_X7R_SMD.pdf"; VariantName = "3V3_to_5V"
Change component parameters (AddParameter): Name = "Created"; Value = "2019-12-08_Thilo_Wendt"; VariantName = "3V3_to_5V"
Change component parameters (AddParameter): Name = "HelpURL"; Value = "https://content.kemet.com/datasheets/KEM_C1002_X7R_SMD.pdf"; VariantName = "3V3_to_5V"
Change component parameters (AddParameter): Name = "MaxCap"; Value = "100n"; VariantName = "3V3_to_5V"
Change component parameters (AddParameter): Name = "MaxVoltage"; Value = "100"; VariantName = "3V3_to_5V"
Change component parameters (AddParameter): Name = "MF"; Value = "KEMET"; VariantName = "3V3_to_5V"
Change component parameters (AddParameter): Name = "MinCap"; Value = "10p"; VariantName = "3V3_to_5V"
Change component parameters (AddParameter): Name = "MPN"; Value = "C<pkg[inch]><2d cap [pf] + #zeros><ToleranceSym><VoltageSym>RACTU"; VariantName = "3V3_to_5V"
Change component parameters (AddParameter): Name = "Package"; Value = "CurrentFootprint"; VariantName = "3V3_to_5V"
Change component parameters (AddParameter): Name = "Parameter1"; Value = "5"; VariantName = "3V3_to_5V"
Change component parameters (AddParameter): Name = "Parameter1Desc"; Value = "Voltage Symbol"; VariantName = "3V3_to_5V"
Change component parameters (AddParameter): Name = "Parameter2"; Value = "J"; VariantName = "3V3_to_5V"
Change component parameters (AddParameter): Name = "Parameter2Desc"; Value = "Tolerance Symbol"; VariantName = "3V3_to_5V"
Change component parameters (AddParameter): Name = "Supplier 1"; Value = "Farnell"; VariantName = "3V3_to_5V"
Change component parameters (AddParameter): Name = "Supplier 2"; Value = "Mouser"; VariantName = "3V3_to_5V"
Change component parameters (AddParameter): Name = "Supplier Link 1"; Value = "https://de.farnell.com/w/c/passive-bauelemente/kondensatoren/keramikkondensatoren/keramik-vielschichtkondensatoren-mlcc-smd?brand=kemet&kapazitatstoleranz=posneg-10pc&dielektrikum=x7r"; VariantName = "3V3_to_5V"
Change component parameters (AddParameter): Name = "Supplier Part Number 2"; Value = "80-<MPN>"; VariantName = "3V3_to_5V"
Change component parameters (AddParameter): Name = "Value"; Value = "?"; VariantName = "3V3_to_5V"
Change component parameters (AddParameter): Name = "ComponentLink1Description"; Value = "Datasheet"; VariantName = "3V3_to_RS422"
Change component parameters (AddParameter): Name = "ComponentLink1URL"; Value = "https://content.kemet.com/datasheets/KEM_C1002_X7R_SMD.pdf"; VariantName = "3V3_to_RS422"
Change component parameters (AddParameter): Name = "Created"; Value = "2019-12-08_Thilo_Wendt"; VariantName = "3V3_to_RS422"
Change component parameters (AddParameter): Name = "HelpURL"; Value = "https://content.kemet.com/datasheets/KEM_C1002_X7R_SMD.pdf"; VariantName = "3V3_to_RS422"
Change component parameters (AddParameter): Name = "MaxCap"; Value = "100n"; VariantName = "3V3_to_RS422"
Change component parameters (AddParameter): Name = "MaxVoltage"; Value = "100"; VariantName = "3V3_to_RS422"
Change component parameters (AddParameter): Name = "MF"; Value = "KEMET"; VariantName = "3V3_to_RS422"
Change component parameters (AddParameter): Name = "MinCap"; Value = "10p"; VariantName = "3V3_to_RS422"
Change component parameters (AddParameter): Name = "MPN"; Value = "C<pkg[inch]><2d cap [pf] + #zeros><ToleranceSym><VoltageSym>RACTU"; VariantName = "3V3_to_RS422"
Change component parameters (AddParameter): Name = "Package"; Value = "CurrentFootprint"; VariantName = "3V3_to_RS422"
Change component parameters (AddParameter): Name = "Parameter1"; Value = "5"; VariantName = "3V3_to_RS422"
Change component parameters (AddParameter): Name = "Parameter1Desc"; Value = "Voltage Symbol"; VariantName = "3V3_to_RS422"
Change component parameters (AddParameter): Name = "Parameter2"; Value = "J"; VariantName = "3V3_to_RS422"
Change component parameters (AddParameter): Name = "Parameter2Desc"; Value = "Tolerance Symbol"; VariantName = "3V3_to_RS422"
Change component parameters (AddParameter): Name = "Supplier 1"; Value = "Farnell"; VariantName = "3V3_to_RS422"
Change component parameters (AddParameter): Name = "Supplier 2"; Value = "Mouser"; VariantName = "3V3_to_RS422"
Change component parameters (AddParameter): Name = "Supplier Link 1"; Value = "https://de.farnell.com/w/c/passive-bauelemente/kondensatoren/keramikkondensatoren/keramik-vielschichtkondensatoren-mlcc-smd?brand=kemet&kapazitatstoleranz=posneg-10pc&dielektrikum=x7r"; VariantName = "3V3_to_RS422"
Change component parameters (AddParameter): Name = "Supplier Part Number 2"; Value = "80-<MPN>"; VariantName = "3V3_to_RS422"
Change component parameters (AddParameter): Name = "Value"; Value = "?"; VariantName = "3V3_to_RS422"
Change component parameters (AddParameter): Name = "ComponentLink1Description"; Value = "Datasheet"; VariantName = "RS422_to_3V3"
Change component parameters (AddParameter): Name = "ComponentLink1URL"; Value = "https://content.kemet.com/datasheets/KEM_C1002_X7R_SMD.pdf"; VariantName = "RS422_to_3V3"
Change component parameters (AddParameter): Name = "Created"; Value = "2019-12-08_Thilo_Wendt"; VariantName = "RS422_to_3V3"
Change component parameters (AddParameter): Name = "HelpURL"; Value = "https://content.kemet.com/datasheets/KEM_C1002_X7R_SMD.pdf"; VariantName = "RS422_to_3V3"
Change component parameters (AddParameter): Name = "MaxCap"; Value = "100n"; VariantName = "RS422_to_3V3"
Change component parameters (AddParameter): Name = "MaxVoltage"; Value = "100"; VariantName = "RS422_to_3V3"
Change component parameters (AddParameter): Name = "MF"; Value = "KEMET"; VariantName = "RS422_to_3V3"
Change component parameters (AddParameter): Name = "MinCap"; Value = "10p"; VariantName = "RS422_to_3V3"
Change component parameters (AddParameter): Name = "MPN"; Value = "C<pkg[inch]><2d cap [pf] + #zeros><ToleranceSym><VoltageSym>RACTU"; VariantName = "RS422_to_3V3"
Change component parameters (AddParameter): Name = "Package"; Value = "CurrentFootprint"; VariantName = "RS422_to_3V3"
Change component parameters (AddParameter): Name = "Parameter1"; Value = "5"; VariantName = "RS422_to_3V3"
Change component parameters (AddParameter): Name = "Parameter1Desc"; Value = "Voltage Symbol"; VariantName = "RS422_to_3V3"
Change component parameters (AddParameter): Name = "Parameter2"; Value = "J"; VariantName = "RS422_to_3V3"
Change component parameters (AddParameter): Name = "Parameter2Desc"; Value = "Tolerance Symbol"; VariantName = "RS422_to_3V3"
Change component parameters (AddParameter): Name = "Supplier 1"; Value = "Farnell"; VariantName = "RS422_to_3V3"
Change component parameters (AddParameter): Name = "Supplier 2"; Value = "Mouser"; VariantName = "RS422_to_3V3"
Change component parameters (AddParameter): Name = "Supplier Link 1"; Value = "https://de.farnell.com/w/c/passive-bauelemente/kondensatoren/keramikkondensatoren/keramik-vielschichtkondensatoren-mlcc-smd?brand=kemet&kapazitatstoleranz=posneg-10pc&dielektrikum=x7r"; VariantName = "RS422_to_3V3"
Change component parameters (AddParameter): Name = "Supplier Part Number 2"; Value = "80-<MPN>"; VariantName = "RS422_to_3V3"
Change component parameters (AddParameter): Name = "Value"; Value = "?"; VariantName = "RS422_to_3V3"
Change component parameters: Designator = "C6"; Footprint = "CAPC1608X95X40NL15T15"; UniqueID = "\SMQLPFVK\EEJGCYIM"
Change component parameters. Clean all parameters for all variants
Change component parameters (AddParameter): Name = "ComponentLink1Description"; Value = "Datasheet"; VariantName = "[No Variations]"
Change component parameters (AddParameter): Name = "ComponentLink1URL"; Value = "https://content.kemet.com/datasheets/KEM_C1002_X7R_SMD.pdf"; VariantName = "[No Variations]"
Change component parameters (AddParameter): Name = "Created"; Value = "2019-12-08_Thilo_Wendt"; VariantName = "[No Variations]"
Change component parameters (AddParameter): Name = "HelpURL"; Value = "https://content.kemet.com/datasheets/KEM_C1002_X7R_SMD.pdf"; VariantName = "[No Variations]"
Change component parameters (AddParameter): Name = "MaxCap"; Value = "100n"; VariantName = "[No Variations]"
Change component parameters (AddParameter): Name = "MaxVoltage"; Value = "100"; VariantName = "[No Variations]"
Change component parameters (AddParameter): Name = "MF"; Value = "KEMET"; VariantName = "[No Variations]"
Change component parameters (AddParameter): Name = "MinCap"; Value = "10p"; VariantName = "[No Variations]"
Change component parameters (AddParameter): Name = "MPN"; Value = "C<pkg[inch]><2d cap [pf] + #zeros><ToleranceSym><VoltageSym>RACTU"; VariantName = "[No Variations]"
Change component parameters (AddParameter): Name = "Package"; Value = "CurrentFootprint"; VariantName = "[No Variations]"
Change component parameters (AddParameter): Name = "Parameter1"; Value = "5"; VariantName = "[No Variations]"
Change component parameters (AddParameter): Name = "Parameter1Desc"; Value = "Voltage Symbol"; VariantName = "[No Variations]"
Change component parameters (AddParameter): Name = "Parameter2"; Value = "J"; VariantName = "[No Variations]"
Change component parameters (AddParameter): Name = "Parameter2Desc"; Value = "Tolerance Symbol"; VariantName = "[No Variations]"
Change component parameters (AddParameter): Name = "Supplier 1"; Value = "Farnell"; VariantName = "[No Variations]"
Change component parameters (AddParameter): Name = "Supplier 2"; Value = "Mouser"; VariantName = "[No Variations]"
Change component parameters (AddParameter): Name = "Supplier Link 1"; Value = "https://de.farnell.com/w/c/passive-bauelemente/kondensatoren/keramikkondensatoren/keramik-vielschichtkondensatoren-mlcc-smd?brand=kemet&kapazitatstoleranz=posneg-10pc&dielektrikum=x7r"; VariantName = "[No Variations]"
Change component parameters (AddParameter): Name = "Supplier Part Number 2"; Value = "80-<MPN>"; VariantName = "[No Variations]"
Change component parameters (AddParameter): Name = "Value"; Value = "?"; VariantName = "[No Variations]"
Change component parameters (AddParameter): Name = "ComponentLink1Description"; Value = "Datasheet"; VariantName = "3V3_to_3V3"
Change component parameters (AddParameter): Name = "ComponentLink1URL"; Value = "https://content.kemet.com/datasheets/KEM_C1002_X7R_SMD.pdf"; VariantName = "3V3_to_3V3"
Change component parameters (AddParameter): Name = "Created"; Value = "2019-12-08_Thilo_Wendt"; VariantName = "3V3_to_3V3"
Change component parameters (AddParameter): Name = "HelpURL"; Value = "https://content.kemet.com/datasheets/KEM_C1002_X7R_SMD.pdf"; VariantName = "3V3_to_3V3"
Change component parameters (AddParameter): Name = "MaxCap"; Value = "100n"; VariantName = "3V3_to_3V3"
Change component parameters (AddParameter): Name = "MaxVoltage"; Value = "100"; VariantName = "3V3_to_3V3"
Change component parameters (AddParameter): Name = "MF"; Value = "KEMET"; VariantName = "3V3_to_3V3"
Change component parameters (AddParameter): Name = "MinCap"; Value = "10p"; VariantName = "3V3_to_3V3"
Change component parameters (AddParameter): Name = "MPN"; Value = "C<pkg[inch]><2d cap [pf] + #zeros><ToleranceSym><VoltageSym>RACTU"; VariantName = "3V3_to_3V3"
Change component parameters (AddParameter): Name = "Package"; Value = "CurrentFootprint"; VariantName = "3V3_to_3V3"
Change component parameters (AddParameter): Name = "Parameter1"; Value = "5"; VariantName = "3V3_to_3V3"
Change component parameters (AddParameter): Name = "Parameter1Desc"; Value = "Voltage Symbol"; VariantName = "3V3_to_3V3"
Change component parameters (AddParameter): Name = "Parameter2"; Value = "J"; VariantName = "3V3_to_3V3"
Change component parameters (AddParameter): Name = "Parameter2Desc"; Value = "Tolerance Symbol"; VariantName = "3V3_to_3V3"
Change component parameters (AddParameter): Name = "Supplier 1"; Value = "Farnell"; VariantName = "3V3_to_3V3"
Change component parameters (AddParameter): Name = "Supplier 2"; Value = "Mouser"; VariantName = "3V3_to_3V3"
Change component parameters (AddParameter): Name = "Supplier Link 1"; Value = "https://de.farnell.com/w/c/passive-bauelemente/kondensatoren/keramikkondensatoren/keramik-vielschichtkondensatoren-mlcc-smd?brand=kemet&kapazitatstoleranz=posneg-10pc&dielektrikum=x7r"; VariantName = "3V3_to_3V3"
Change component parameters (AddParameter): Name = "Supplier Part Number 2"; Value = "80-<MPN>"; VariantName = "3V3_to_3V3"
Change component parameters (AddParameter): Name = "Value"; Value = "?"; VariantName = "3V3_to_3V3"
Change component parameters (AddParameter): Name = "ComponentLink1Description"; Value = "Datasheet"; VariantName = "3V3_to_5V"
Change component parameters (AddParameter): Name = "ComponentLink1URL"; Value = "https://content.kemet.com/datasheets/KEM_C1002_X7R_SMD.pdf"; VariantName = "3V3_to_5V"
Change component parameters (AddParameter): Name = "Created"; Value = "2019-12-08_Thilo_Wendt"; VariantName = "3V3_to_5V"
Change component parameters (AddParameter): Name = "HelpURL"; Value = "https://content.kemet.com/datasheets/KEM_C1002_X7R_SMD.pdf"; VariantName = "3V3_to_5V"
Change component parameters (AddParameter): Name = "MaxCap"; Value = "100n"; VariantName = "3V3_to_5V"
Change component parameters (AddParameter): Name = "MaxVoltage"; Value = "100"; VariantName = "3V3_to_5V"
Change component parameters (AddParameter): Name = "MF"; Value = "KEMET"; VariantName = "3V3_to_5V"
Change component parameters (AddParameter): Name = "MinCap"; Value = "10p"; VariantName = "3V3_to_5V"
Change component parameters (AddParameter): Name = "MPN"; Value = "C<pkg[inch]><2d cap [pf] + #zeros><ToleranceSym><VoltageSym>RACTU"; VariantName = "3V3_to_5V"
Change component parameters (AddParameter): Name = "Package"; Value = "CurrentFootprint"; VariantName = "3V3_to_5V"
Change component parameters (AddParameter): Name = "Parameter1"; Value = "5"; VariantName = "3V3_to_5V"
Change component parameters (AddParameter): Name = "Parameter1Desc"; Value = "Voltage Symbol"; VariantName = "3V3_to_5V"
Change component parameters (AddParameter): Name = "Parameter2"; Value = "J"; VariantName = "3V3_to_5V"
Change component parameters (AddParameter): Name = "Parameter2Desc"; Value = "Tolerance Symbol"; VariantName = "3V3_to_5V"
Change component parameters (AddParameter): Name = "Supplier 1"; Value = "Farnell"; VariantName = "3V3_to_5V"
Change component parameters (AddParameter): Name = "Supplier 2"; Value = "Mouser"; VariantName = "3V3_to_5V"
Change component parameters (AddParameter): Name = "Supplier Link 1"; Value = "https://de.farnell.com/w/c/passive-bauelemente/kondensatoren/keramikkondensatoren/keramik-vielschichtkondensatoren-mlcc-smd?brand=kemet&kapazitatstoleranz=posneg-10pc&dielektrikum=x7r"; VariantName = "3V3_to_5V"
Change component parameters (AddParameter): Name = "Supplier Part Number 2"; Value = "80-<MPN>"; VariantName = "3V3_to_5V"
Change component parameters (AddParameter): Name = "Value"; Value = "?"; VariantName = "3V3_to_5V"
Change component parameters (AddParameter): Name = "ComponentLink1Description"; Value = "Datasheet"; VariantName = "3V3_to_RS422"
Change component parameters (AddParameter): Name = "ComponentLink1URL"; Value = "https://content.kemet.com/datasheets/KEM_C1002_X7R_SMD.pdf"; VariantName = "3V3_to_RS422"
Change component parameters (AddParameter): Name = "Created"; Value = "2019-12-08_Thilo_Wendt"; VariantName = "3V3_to_RS422"
Change component parameters (AddParameter): Name = "HelpURL"; Value = "https://content.kemet.com/datasheets/KEM_C1002_X7R_SMD.pdf"; VariantName = "3V3_to_RS422"
Change component parameters (AddParameter): Name = "MaxCap"; Value = "100n"; VariantName = "3V3_to_RS422"
Change component parameters (AddParameter): Name = "MaxVoltage"; Value = "100"; VariantName = "3V3_to_RS422"
Change component parameters (AddParameter): Name = "MF"; Value = "KEMET"; VariantName = "3V3_to_RS422"
Change component parameters (AddParameter): Name = "MinCap"; Value = "10p"; VariantName = "3V3_to_RS422"
Change component parameters (AddParameter): Name = "MPN"; Value = "C<pkg[inch]><2d cap [pf] + #zeros><ToleranceSym><VoltageSym>RACTU"; VariantName = "3V3_to_RS422"
Change component parameters (AddParameter): Name = "Package"; Value = "CurrentFootprint"; VariantName = "3V3_to_RS422"
Change component parameters (AddParameter): Name = "Parameter1"; Value = "5"; VariantName = "3V3_to_RS422"
Change component parameters (AddParameter): Name = "Parameter1Desc"; Value = "Voltage Symbol"; VariantName = "3V3_to_RS422"
Change component parameters (AddParameter): Name = "Parameter2"; Value = "J"; VariantName = "3V3_to_RS422"
Change component parameters (AddParameter): Name = "Parameter2Desc"; Value = "Tolerance Symbol"; VariantName = "3V3_to_RS422"
Change component parameters (AddParameter): Name = "Supplier 1"; Value = "Farnell"; VariantName = "3V3_to_RS422"
Change component parameters (AddParameter): Name = "Supplier 2"; Value = "Mouser"; VariantName = "3V3_to_RS422"
Change component parameters (AddParameter): Name = "Supplier Link 1"; Value = "https://de.farnell.com/w/c/passive-bauelemente/kondensatoren/keramikkondensatoren/keramik-vielschichtkondensatoren-mlcc-smd?brand=kemet&kapazitatstoleranz=posneg-10pc&dielektrikum=x7r"; VariantName = "3V3_to_RS422"
Change component parameters (AddParameter): Name = "Supplier Part Number 2"; Value = "80-<MPN>"; VariantName = "3V3_to_RS422"
Change component parameters (AddParameter): Name = "Value"; Value = "?"; VariantName = "3V3_to_RS422"
Change component parameters (AddParameter): Name = "ComponentLink1Description"; Value = "Datasheet"; VariantName = "RS422_to_3V3"
Change component parameters (AddParameter): Name = "ComponentLink1URL"; Value = "https://content.kemet.com/datasheets/KEM_C1002_X7R_SMD.pdf"; VariantName = "RS422_to_3V3"
Change component parameters (AddParameter): Name = "Created"; Value = "2019-12-08_Thilo_Wendt"; VariantName = "RS422_to_3V3"
Change component parameters (AddParameter): Name = "HelpURL"; Value = "https://content.kemet.com/datasheets/KEM_C1002_X7R_SMD.pdf"; VariantName = "RS422_to_3V3"
Change component parameters (AddParameter): Name = "MaxCap"; Value = "100n"; VariantName = "RS422_to_3V3"
Change component parameters (AddParameter): Name = "MaxVoltage"; Value = "100"; VariantName = "RS422_to_3V3"
Change component parameters (AddParameter): Name = "MF"; Value = "KEMET"; VariantName = "RS422_to_3V3"
Change component parameters (AddParameter): Name = "MinCap"; Value = "10p"; VariantName = "RS422_to_3V3"
Change component parameters (AddParameter): Name = "MPN"; Value = "C<pkg[inch]><2d cap [pf] + #zeros><ToleranceSym><VoltageSym>RACTU"; VariantName = "RS422_to_3V3"
Change component parameters (AddParameter): Name = "Package"; Value = "CurrentFootprint"; VariantName = "RS422_to_3V3"
Change component parameters (AddParameter): Name = "Parameter1"; Value = "5"; VariantName = "RS422_to_3V3"
Change component parameters (AddParameter): Name = "Parameter1Desc"; Value = "Voltage Symbol"; VariantName = "RS422_to_3V3"
Change component parameters (AddParameter): Name = "Parameter2"; Value = "J"; VariantName = "RS422_to_3V3"
Change component parameters (AddParameter): Name = "Parameter2Desc"; Value = "Tolerance Symbol"; VariantName = "RS422_to_3V3"
Change component parameters (AddParameter): Name = "Supplier 1"; Value = "Farnell"; VariantName = "RS422_to_3V3"
Change component parameters (AddParameter): Name = "Supplier 2"; Value = "Mouser"; VariantName = "RS422_to_3V3"
Change component parameters (AddParameter): Name = "Supplier Link 1"; Value = "https://de.farnell.com/w/c/passive-bauelemente/kondensatoren/keramikkondensatoren/keramik-vielschichtkondensatoren-mlcc-smd?brand=kemet&kapazitatstoleranz=posneg-10pc&dielektrikum=x7r"; VariantName = "RS422_to_3V3"
Change component parameters (AddParameter): Name = "Supplier Part Number 2"; Value = "80-<MPN>"; VariantName = "RS422_to_3V3"
Change component parameters (AddParameter): Name = "Value"; Value = "?"; VariantName = "RS422_to_3V3"
Change component parameters: Designator = "U3A"; Footprint = "TI_D-R-PDSO-G16_L"; UniqueID = "\REEOQYYS\RCNQLQDX\INCUZBPZ\JRYAJYMJ"
Change component parameters. Clean all parameters for all variants
Change component parameters (AddParameter): Name = "ComponentLink1Description"; Value = "Datasheet"; VariantName = "[No Variations]"
Change component parameters (AddParameter): Name = "ComponentLink1URL"; Value = "http://www.ti.com/general/docs/lit/getliterature.tsp?genericPartNumber=DS26C31T&fileType=pdf"; VariantName = "[No Variations]"
Change component parameters (AddParameter): Name = "Created"; Value = "2019-12-16_Thilo_Wendt"; VariantName = "[No Variations]"
Change component parameters (AddParameter): Name = "HelpURL"; Value = "http://www.ti.com/general/docs/lit/getliterature.tsp?genericPartNumber=DS26C31T&fileType=pdf"; VariantName = "[No Variations]"
Change component parameters (AddParameter): Name = "Max Voltage"; Value = "5.5"; VariantName = "[No Variations]"
Change component parameters (AddParameter): Name = "MF"; Value = "Texas Instruments"; VariantName = "[No Variations]"
Change component parameters (AddParameter): Name = "MPN"; Value = "DS26C31TMX/NOPB"; VariantName = "[No Variations]"
Change component parameters (AddParameter): Name = "Package"; Value = "CurrentFootprint"; VariantName = "[No Variations]"
Change component parameters (AddParameter): Name = "Supplier 1"; Value = "Avnet"; VariantName = "[No Variations]"
Change component parameters (AddParameter): Name = "Supplier 2"; Value = "Digi-Key"; VariantName = "[No Variations]"
Change component parameters (AddParameter): Name = "Supplier 3"; Value = "Farnell"; VariantName = "[No Variations]"
Change component parameters (AddParameter): Name = "Supplier 4"; Value = "Mouser"; VariantName = "[No Variations]"
Change component parameters (AddParameter): Name = "Supplier Part Number 1"; Value = "DS26C31TMX"; VariantName = "[No Variations]"
Change component parameters (AddParameter): Name = "Supplier Part Number 2"; Value = "DS26C31TMX/NOPBCT-ND"; VariantName = "[No Variations]"
Change component parameters (AddParameter): Name = "Supplier Part Number 3"; Value = "2335558"; VariantName = "[No Variations]"
Change component parameters (AddParameter): Name = "Supplier Part Number 4"; Value = "926-DS26C31TMX/NOPB"; VariantName = "[No Variations]"
Change component parameters (AddParameter): Name = "Value"; Value = "DS26C31T"; VariantName = "[No Variations]"
Change component parameters: Designator = "U3B"; Footprint = "TI_D-R-PDSO-G16_L"; UniqueID = "\REEOQYYS\RCNQLQDX\1KSSPJROG\JRYAJYMJ"
Change component parameters. Clean all parameters for all variants
Change component parameters (AddParameter): Name = "ComponentLink1Description"; Value = "Datasheet"; VariantName = "[No Variations]"
Change component parameters (AddParameter): Name = "ComponentLink1URL"; Value = "http://www.ti.com/general/docs/lit/getliterature.tsp?genericPartNumber=DS26C31T&fileType=pdf"; VariantName = "[No Variations]"
Change component parameters (AddParameter): Name = "Created"; Value = "2019-12-16_Thilo_Wendt"; VariantName = "[No Variations]"
Change component parameters (AddParameter): Name = "HelpURL"; Value = "http://www.ti.com/general/docs/lit/getliterature.tsp?genericPartNumber=DS26C31T&fileType=pdf"; VariantName = "[No Variations]"
Change component parameters (AddParameter): Name = "Max Voltage"; Value = "5.5"; VariantName = "[No Variations]"
Change component parameters (AddParameter): Name = "MF"; Value = "Texas Instruments"; VariantName = "[No Variations]"
Change component parameters (AddParameter): Name = "MPN"; Value = "DS26C31TMX/NOPB"; VariantName = "[No Variations]"
Change component parameters (AddParameter): Name = "Package"; Value = "CurrentFootprint"; VariantName = "[No Variations]"
Change component parameters (AddParameter): Name = "Supplier 1"; Value = "Avnet"; VariantName = "[No Variations]"
Change component parameters (AddParameter): Name = "Supplier 2"; Value = "Digi-Key"; VariantName = "[No Variations]"
Change component parameters (AddParameter): Name = "Supplier 3"; Value = "Farnell"; VariantName = "[No Variations]"
Change component parameters (AddParameter): Name = "Supplier 4"; Value = "Mouser"; VariantName = "[No Variations]"
Change component parameters (AddParameter): Name = "Supplier Part Number 1"; Value = "DS26C31TMX"; VariantName = "[No Variations]"
Change component parameters (AddParameter): Name = "Supplier Part Number 2"; Value = "DS26C31TMX/NOPBCT-ND"; VariantName = "[No Variations]"
Change component parameters (AddParameter): Name = "Supplier Part Number 3"; Value = "2335558"; VariantName = "[No Variations]"
Change component parameters (AddParameter): Name = "Supplier Part Number 4"; Value = "926-DS26C31TMX/NOPB"; VariantName = "[No Variations]"
Change component parameters (AddParameter): Name = "Value"; Value = "DS26C31T"; VariantName = "[No Variations]"
Change component parameters: Designator = "U3C"; Footprint = "TI_D-R-PDSO-G16_L"; UniqueID = "\REEOQYYS\RCNQLQDX\2KSSPJROG\JRYAJYMJ"
Change component parameters. Clean all parameters for all variants
Change component parameters (AddParameter): Name = "ComponentLink1Description"; Value = "Datasheet"; VariantName = "[No Variations]"
Change component parameters (AddParameter): Name = "ComponentLink1URL"; Value = "http://www.ti.com/general/docs/lit/getliterature.tsp?genericPartNumber=DS26C31T&fileType=pdf"; VariantName = "[No Variations]"
Change component parameters (AddParameter): Name = "Created"; Value = "2019-12-16_Thilo_Wendt"; VariantName = "[No Variations]"
Change component parameters (AddParameter): Name = "HelpURL"; Value = "http://www.ti.com/general/docs/lit/getliterature.tsp?genericPartNumber=DS26C31T&fileType=pdf"; VariantName = "[No Variations]"
Change component parameters (AddParameter): Name = "Max Voltage"; Value = "5.5"; VariantName = "[No Variations]"
Change component parameters (AddParameter): Name = "MF"; Value = "Texas Instruments"; VariantName = "[No Variations]"
Change component parameters (AddParameter): Name = "MPN"; Value = "DS26C31TMX/NOPB"; VariantName = "[No Variations]"
Change component parameters (AddParameter): Name = "Package"; Value = "CurrentFootprint"; VariantName = "[No Variations]"
Change component parameters (AddParameter): Name = "Supplier 1"; Value = "Avnet"; VariantName = "[No Variations]"
Change component parameters (AddParameter): Name = "Supplier 2"; Value = "Digi-Key"; VariantName = "[No Variations]"
Change component parameters (AddParameter): Name = "Supplier 3"; Value = "Farnell"; VariantName = "[No Variations]"
Change component parameters (AddParameter): Name = "Supplier 4"; Value = "Mouser"; VariantName = "[No Variations]"
Change component parameters (AddParameter): Name = "Supplier Part Number 1"; Value = "DS26C31TMX"; VariantName = "[No Variations]"
Change component parameters (AddParameter): Name = "Supplier Part Number 2"; Value = "DS26C31TMX/NOPBCT-ND"; VariantName = "[No Variations]"
Change component parameters (AddParameter): Name = "Supplier Part Number 3"; Value = "2335558"; VariantName = "[No Variations]"
Change component parameters (AddParameter): Name = "Supplier Part Number 4"; Value = "926-DS26C31TMX/NOPB"; VariantName = "[No Variations]"
Change component parameters (AddParameter): Name = "Value"; Value = "DS26C31T"; VariantName = "[No Variations]"
Change component parameters: Designator = "U3D"; Footprint = "TI_D-R-PDSO-G16_L"; UniqueID = "\REEOQYYS\RCNQLQDX\3KSSPJROG\JRYAJYMJ"
Change component parameters. Clean all parameters for all variants
Change component parameters (AddParameter): Name = "ComponentLink1Description"; Value = "Datasheet"; VariantName = "[No Variations]"
Change component parameters (AddParameter): Name = "ComponentLink1URL"; Value = "http://www.ti.com/general/docs/lit/getliterature.tsp?genericPartNumber=DS26C31T&fileType=pdf"; VariantName = "[No Variations]"
Change component parameters (AddParameter): Name = "Created"; Value = "2019-12-16_Thilo_Wendt"; VariantName = "[No Variations]"
Change component parameters (AddParameter): Name = "HelpURL"; Value = "http://www.ti.com/general/docs/lit/getliterature.tsp?genericPartNumber=DS26C31T&fileType=pdf"; VariantName = "[No Variations]"
Change component parameters (AddParameter): Name = "Max Voltage"; Value = "5.5"; VariantName = "[No Variations]"
Change component parameters (AddParameter): Name = "MF"; Value = "Texas Instruments"; VariantName = "[No Variations]"
Change component parameters (AddParameter): Name = "MPN"; Value = "DS26C31TMX/NOPB"; VariantName = "[No Variations]"
Change component parameters (AddParameter): Name = "Package"; Value = "CurrentFootprint"; VariantName = "[No Variations]"
Change component parameters (AddParameter): Name = "Supplier 1"; Value = "Avnet"; VariantName = "[No Variations]"
Change component parameters (AddParameter): Name = "Supplier 2"; Value = "Digi-Key"; VariantName = "[No Variations]"
Change component parameters (AddParameter): Name = "Supplier 3"; Value = "Farnell"; VariantName = "[No Variations]"
Change component parameters (AddParameter): Name = "Supplier 4"; Value = "Mouser"; VariantName = "[No Variations]"
Change component parameters (AddParameter): Name = "Supplier Part Number 1"; Value = "DS26C31TMX"; VariantName = "[No Variations]"
Change component parameters (AddParameter): Name = "Supplier Part Number 2"; Value = "DS26C31TMX/NOPBCT-ND"; VariantName = "[No Variations]"
Change component parameters (AddParameter): Name = "Supplier Part Number 3"; Value = "2335558"; VariantName = "[No Variations]"
Change component parameters (AddParameter): Name = "Supplier Part Number 4"; Value = "926-DS26C31TMX/NOPB"; VariantName = "[No Variations]"
Change component parameters (AddParameter): Name = "Value"; Value = "DS26C31T"; VariantName = "[No Variations]"
Change component parameters: Designator = "U3E"; Footprint = "TI_D-R-PDSO-G16_L"; UniqueID = "\REEOQYYS\RCNQLQDX\4KSSPJROG\JRYAJYMJ"
Change component parameters. Clean all parameters for all variants
Change component parameters (AddParameter): Name = "ComponentLink1Description"; Value = "Datasheet"; VariantName = "[No Variations]"
Change component parameters (AddParameter): Name = "ComponentLink1URL"; Value = "http://www.ti.com/general/docs/lit/getliterature.tsp?genericPartNumber=DS26C31T&fileType=pdf"; VariantName = "[No Variations]"
Change component parameters (AddParameter): Name = "Created"; Value = "2019-12-16_Thilo_Wendt"; VariantName = "[No Variations]"
Change component parameters (AddParameter): Name = "HelpURL"; Value = "http://www.ti.com/general/docs/lit/getliterature.tsp?genericPartNumber=DS26C31T&fileType=pdf"; VariantName = "[No Variations]"
Change component parameters (AddParameter): Name = "Max Voltage"; Value = "5.5"; VariantName = "[No Variations]"
Change component parameters (AddParameter): Name = "MF"; Value = "Texas Instruments"; VariantName = "[No Variations]"
Change component parameters (AddParameter): Name = "MPN"; Value = "DS26C31TMX/NOPB"; VariantName = "[No Variations]"
Change component parameters (AddParameter): Name = "Package"; Value = "CurrentFootprint"; VariantName = "[No Variations]"
Change component parameters (AddParameter): Name = "Supplier 1"; Value = "Avnet"; VariantName = "[No Variations]"
Change component parameters (AddParameter): Name = "Supplier 2"; Value = "Digi-Key"; VariantName = "[No Variations]"
Change component parameters (AddParameter): Name = "Supplier 3"; Value = "Farnell"; VariantName = "[No Variations]"
Change component parameters (AddParameter): Name = "Supplier 4"; Value = "Mouser"; VariantName = "[No Variations]"
Change component parameters (AddParameter): Name = "Supplier Part Number 1"; Value = "DS26C31TMX"; VariantName = "[No Variations]"
Change component parameters (AddParameter): Name = "Supplier Part Number 2"; Value = "DS26C31TMX/NOPBCT-ND"; VariantName = "[No Variations]"
Change component parameters (AddParameter): Name = "Supplier Part Number 3"; Value = "2335558"; VariantName = "[No Variations]"
Change component parameters (AddParameter): Name = "Supplier Part Number 4"; Value = "926-DS26C31TMX/NOPB"; VariantName = "[No Variations]"
Change component parameters (AddParameter): Name = "Value"; Value = "DS26C31T"; VariantName = "[No Variations]"
Change component parameters: Designator = "U3F"; Footprint = "TI_D-R-PDSO-G16_L"; UniqueID = "\REEOQYYS\RCNQLQDX\5KSSPJROG\JRYAJYMJ"
Change component parameters. Clean all parameters for all variants
Change component parameters (AddParameter): Name = "ComponentLink1Description"; Value = "Datasheet"; VariantName = "[No Variations]"
Change component parameters (AddParameter): Name = "ComponentLink1URL"; Value = "http://www.ti.com/general/docs/lit/getliterature.tsp?genericPartNumber=DS26C31T&fileType=pdf"; VariantName = "[No Variations]"
Change component parameters (AddParameter): Name = "Created"; Value = "2019-12-16_Thilo_Wendt"; VariantName = "[No Variations]"
Change component parameters (AddParameter): Name = "HelpURL"; Value = "http://www.ti.com/general/docs/lit/getliterature.tsp?genericPartNumber=DS26C31T&fileType=pdf"; VariantName = "[No Variations]"
Change component parameters (AddParameter): Name = "Max Voltage"; Value = "5.5"; VariantName = "[No Variations]"
Change component parameters (AddParameter): Name = "MF"; Value = "Texas Instruments"; VariantName = "[No Variations]"
Change component parameters (AddParameter): Name = "MPN"; Value = "DS26C31TMX/NOPB"; VariantName = "[No Variations]"
Change component parameters (AddParameter): Name = "Package"; Value = "CurrentFootprint"; VariantName = "[No Variations]"
Change component parameters (AddParameter): Name = "Supplier 1"; Value = "Avnet"; VariantName = "[No Variations]"
Change component parameters (AddParameter): Name = "Supplier 2"; Value = "Digi-Key"; VariantName = "[No Variations]"
Change component parameters (AddParameter): Name = "Supplier 3"; Value = "Farnell"; VariantName = "[No Variations]"
Change component parameters (AddParameter): Name = "Supplier 4"; Value = "Mouser"; VariantName = "[No Variations]"
Change component parameters (AddParameter): Name = "Supplier Part Number 1"; Value = "DS26C31TMX"; VariantName = "[No Variations]"
Change component parameters (AddParameter): Name = "Supplier Part Number 2"; Value = "DS26C31TMX/NOPBCT-ND"; VariantName = "[No Variations]"
Change component parameters (AddParameter): Name = "Supplier Part Number 3"; Value = "2335558"; VariantName = "[No Variations]"
Change component parameters (AddParameter): Name = "Supplier Part Number 4"; Value = "926-DS26C31TMX/NOPB"; VariantName = "[No Variations]"
Change component parameters (AddParameter): Name = "Value"; Value = "DS26C31T"; VariantName = "[No Variations]"
Change component parameters: Designator = "U3G"; Footprint = "TI_D-R-PDSO-G16_L"; UniqueID = "\REEOQYYS\RCNQLQDX\6KSSPJROG\JRYAJYMJ"
Change component parameters. Clean all parameters for all variants
Change component parameters (AddParameter): Name = "ComponentLink1Description"; Value = "Datasheet"; VariantName = "[No Variations]"
Change component parameters (AddParameter): Name = "ComponentLink1URL"; Value = "http://www.ti.com/general/docs/lit/getliterature.tsp?genericPartNumber=DS26C31T&fileType=pdf"; VariantName = "[No Variations]"
Change component parameters (AddParameter): Name = "Created"; Value = "2019-12-16_Thilo_Wendt"; VariantName = "[No Variations]"
Change component parameters (AddParameter): Name = "HelpURL"; Value = "http://www.ti.com/general/docs/lit/getliterature.tsp?genericPartNumber=DS26C31T&fileType=pdf"; VariantName = "[No Variations]"
Change component parameters (AddParameter): Name = "Max Voltage"; Value = "5.5"; VariantName = "[No Variations]"
Change component parameters (AddParameter): Name = "MF"; Value = "Texas Instruments"; VariantName = "[No Variations]"
Change component parameters (AddParameter): Name = "MPN"; Value = "DS26C31TMX/NOPB"; VariantName = "[No Variations]"
Change component parameters (AddParameter): Name = "Package"; Value = "CurrentFootprint"; VariantName = "[No Variations]"
Change component parameters (AddParameter): Name = "Supplier 1"; Value = "Avnet"; VariantName = "[No Variations]"
Change component parameters (AddParameter): Name = "Supplier 2"; Value = "Digi-Key"; VariantName = "[No Variations]"
Change component parameters (AddParameter): Name = "Supplier 3"; Value = "Farnell"; VariantName = "[No Variations]"
Change component parameters (AddParameter): Name = "Supplier 4"; Value = "Mouser"; VariantName = "[No Variations]"
Change component parameters (AddParameter): Name = "Supplier Part Number 1"; Value = "DS26C31TMX"; VariantName = "[No Variations]"
Change component parameters (AddParameter): Name = "Supplier Part Number 2"; Value = "DS26C31TMX/NOPBCT-ND"; VariantName = "[No Variations]"
Change component parameters (AddParameter): Name = "Supplier Part Number 3"; Value = "2335558"; VariantName = "[No Variations]"
Change component parameters (AddParameter): Name = "Supplier Part Number 4"; Value = "926-DS26C31TMX/NOPB"; VariantName = "[No Variations]"
Change component parameters (AddParameter): Name = "Value"; Value = "DS26C31T"; VariantName = "[No Variations]"
Change component parameters: Designator = "U3H"; Footprint = "TI_D-R-PDSO-G16_L"; UniqueID = "\REEOQYYS\RCNQLQDX\7KSSPJROG\JRYAJYMJ"
Change component parameters. Clean all parameters for all variants
Change component parameters (AddParameter): Name = "ComponentLink1Description"; Value = "Datasheet"; VariantName = "[No Variations]"
Change component parameters (AddParameter): Name = "ComponentLink1URL"; Value = "http://www.ti.com/general/docs/lit/getliterature.tsp?genericPartNumber=DS26C31T&fileType=pdf"; VariantName = "[No Variations]"
Change component parameters (AddParameter): Name = "Created"; Value = "2019-12-16_Thilo_Wendt"; VariantName = "[No Variations]"
Change component parameters (AddParameter): Name = "HelpURL"; Value = "http://www.ti.com/general/docs/lit/getliterature.tsp?genericPartNumber=DS26C31T&fileType=pdf"; VariantName = "[No Variations]"
Change component parameters (AddParameter): Name = "Max Voltage"; Value = "5.5"; VariantName = "[No Variations]"
Change component parameters (AddParameter): Name = "MF"; Value = "Texas Instruments"; VariantName = "[No Variations]"
Change component parameters (AddParameter): Name = "MPN"; Value = "DS26C31TMX/NOPB"; VariantName = "[No Variations]"
Change component parameters (AddParameter): Name = "Package"; Value = "CurrentFootprint"; VariantName = "[No Variations]"
Change component parameters (AddParameter): Name = "Supplier 1"; Value = "Avnet"; VariantName = "[No Variations]"
Change component parameters (AddParameter): Name = "Supplier 2"; Value = "Digi-Key"; VariantName = "[No Variations]"
Change component parameters (AddParameter): Name = "Supplier 3"; Value = "Farnell"; VariantName = "[No Variations]"
Change component parameters (AddParameter): Name = "Supplier 4"; Value = "Mouser"; VariantName = "[No Variations]"
Change component parameters (AddParameter): Name = "Supplier Part Number 1"; Value = "DS26C31TMX"; VariantName = "[No Variations]"
Change component parameters (AddParameter): Name = "Supplier Part Number 2"; Value = "DS26C31TMX/NOPBCT-ND"; VariantName = "[No Variations]"
Change component parameters (AddParameter): Name = "Supplier Part Number 3"; Value = "2335558"; VariantName = "[No Variations]"
Change component parameters (AddParameter): Name = "Supplier Part Number 4"; Value = "926-DS26C31TMX/NOPB"; VariantName = "[No Variations]"
Change component parameters (AddParameter): Name = "Value"; Value = "DS26C31T"; VariantName = "[No Variations]"
Added Pin To Net: NetName=DIG_I_DIFF_A_P1 Pin=NT1-1
Added Pin To Net: NetName=DIG_O_15V_A1 Pin=NT1-2
Added Pin To Net: NetName=DIG_I_DIFF_B_P1 Pin=NT2-1
Added Pin To Net: NetName=DIG_O_15V_B1 Pin=NT2-2
Added Pin To Net: NetName=DIG_I_DIFF_C_P1 Pin=NT3-1
Added Pin To Net: NetName=DIG_O_15V_C1 Pin=NT3-2
Added Pin To Net: NetName=DIG_I_DIFF_D_P1 Pin=NT4-1
Added Pin To Net: NetName=DIG_O_15V_D1 Pin=NT4-2
Added Pin To Net: NetName=DIG_I_DIFF_B_P2 Pin=NT6-1
Added Pin To Net: NetName=DIG_O_15V_F1 Pin=NT6-2
Added Pin To Net: NetName=DIG_I_DIFF_D_P2 Pin=NT8-1
Added Pin To Net: NetName=DIG_O_15V_B2 Pin=NT8-2
Added Pin To Net: NetName=DIG_I_DIFF_A_P3 Pin=NT9-1
Added Pin To Net: NetName=DIG_O_15V_C2 Pin=NT9-2
Added Pin To Net: NetName=DIG_I_DIFF_C_P3 Pin=NT11-1
Added Pin To Net: NetName=DIG_O_15V_E2 Pin=NT11-2
Added Pin To Net: NetName=DIG_I_DIFF_D_P3 Pin=NT12-1
Added Pin To Net: NetName=DIG_O_15V_F2 Pin=NT12-2
Added Pin To Net: NetName=DIG_I_DIFF_A_P4 Pin=NT13-1
Added Pin To Net: NetName=DIG_O_15V_A3 Pin=NT13-2
Added Pin To Net: NetName=DIG_I_DIFF_B_P4 Pin=NT14-1
Added Pin To Net: NetName=DIG_O_15V_B3 Pin=NT14-2
Added Pin To Net: NetName=DIG_I_DIFF_A_P5 Pin=NT17-1
Added Pin To Net: NetName=DIG_O_15V_E3 Pin=NT17-2
Added Pin To Net: NetName=DIG_I_DIFF_B_P5 Pin=NT18-1
Added Pin To Net: NetName=DIG_O_15V_F3 Pin=NT18-2
Added Pin To Net: NetName=DIG_I_DIFF_D_P5 Pin=NT20-1
Added Pin To Net: NetName=DIG_O_15V_B4 Pin=NT20-2
Added Pin To Net: NetName=DIG_I_DIFF_C_P6 Pin=NT23-1
Added Pin To Net: NetName=DIG_O_15V_E4 Pin=NT23-2
Added Pin To Net: NetName=DIG_I_DIFF_D_P6 Pin=NT24-1
Added Pin To Net: NetName=DIG_O_15V_F4 Pin=NT24-2
Added Pin To Net: NetName=DIG_I_DIFF_A_P7 Pin=NT25-1
Added Pin To Net: NetName=DIG_O_15V_A5 Pin=NT25-2
Added Pin To Net: NetName=DIG_I_DIFF_C_P7 Pin=NT27-1
Added Pin To Net: NetName=DIG_O_15V_C5 Pin=NT27-2
Added Pin To Net: NetName=DIG_I_DIFF_A_P8 Pin=NT29-1
Added Pin To Net: NetName=DIG_O_15V_E5 Pin=NT29-2
Added Pin To Net: NetName=DIG_I_DIFF_C_P8 Pin=NT30-1
Added Pin To Net: NetName=DIG_O_15V_F5 Pin=NT30-2
Added Pin To Net: NetName=DIG_IO_N1 Pin=R3-1
Added Pin To Net: NetName=DIG_IO_N2 Pin=R3-2
Added Pin To Net: NetName=DIG_IO_N3 Pin=R3-3
Added Pin To Net: NetName=DIG_IO_N4 Pin=R3-4
Added Pin To Net: NetName=DIG_IO_N5 Pin=R3-5
Added Pin To Net: NetName=DIG_IO_N6 Pin=R3-6
Added Pin To Net: NetName=DIG_IO_N7 Pin=R3-7
Added Pin To Net: NetName=DIG_IO_N8 Pin=R3-8
Added Pin To Net: NetName=GND Pin=R3-9
Added Pin To Net: NetName=GND Pin=R3-10
Added Pin To Net: NetName=GND Pin=R3-11
Added Pin To Net: NetName=GND Pin=R3-12
Added Pin To Net: NetName=GND Pin=R3-13
Added Pin To Net: NetName=GND Pin=R3-14
Added Pin To Net: NetName=GND Pin=R3-15
Added Pin To Net: NetName=GND Pin=R3-16
Added Pin To Net: NetName=DIG_IO_N9 Pin=R4-1
Added Pin To Net: NetName=DIG_IO_N10 Pin=R4-2
Added Pin To Net: NetName=DIG_IO_N11 Pin=R4-3
Added Pin To Net: NetName=DIG_IO_N12 Pin=R4-4
Added Pin To Net: NetName=DIG_IO_N13 Pin=R4-5
Added Pin To Net: NetName=DIG_IO_N14 Pin=R4-8
Added Pin To Net: NetName=GND Pin=R4-9
Added Pin To Net: NetName=GND Pin=R4-12
Added Pin To Net: NetName=GND Pin=R4-13
Added Pin To Net: NetName=GND Pin=R4-14
Added Pin To Net: NetName=GND Pin=R4-15
Added Pin To Net: NetName=GND Pin=R4-16
Added Pin To Net: NetName=DIG_IO_N15 Pin=R5-1
Added Pin To Net: NetName=DIG_IO_N16 Pin=R5-2
Added Pin To Net: NetName=DIG_IO_N17 Pin=R5-3
Added Pin To Net: NetName=DIG_IO_N18 Pin=R5-4
Added Pin To Net: NetName=DIG_IO_N19 Pin=R5-5
Added Pin To Net: NetName=DIG_IO_N20 Pin=R5-6
Added Pin To Net: NetName=DIG_IO_N21 Pin=R5-7
Added Pin To Net: NetName=DIG_IO_N22 Pin=R5-8
Added Pin To Net: NetName=GND Pin=R5-9
Added Pin To Net: NetName=GND Pin=R5-10
Added Pin To Net: NetName=GND Pin=R5-11
Added Pin To Net: NetName=GND Pin=R5-12
Added Pin To Net: NetName=GND Pin=R5-13
Added Pin To Net: NetName=GND Pin=R5-14
Added Pin To Net: NetName=GND Pin=R5-15
Added Pin To Net: NetName=GND Pin=R5-16
Added Pin To Net: NetName=DIG_IO_N23 Pin=R6-1
Added Pin To Net: NetName=DIG_IO_N24 Pin=R6-2
Added Pin To Net: NetName=DIG_IO_N25 Pin=R6-3
Added Pin To Net: NetName=DIG_IO_N26 Pin=R6-4
Added Pin To Net: NetName=DIG_IO_N27 Pin=R6-5
Added Pin To Net: NetName=DIG_IO_N28 Pin=R6-6
Added Pin To Net: NetName=DIG_IO_N29 Pin=R6-7
Added Pin To Net: NetName=DIG_IO_N30 Pin=R6-8
Added Pin To Net: NetName=GND Pin=R6-9
Added Pin To Net: NetName=GND Pin=R6-10
Added Pin To Net: NetName=GND Pin=R6-11
Added Pin To Net: NetName=GND Pin=R6-12
Added Pin To Net: NetName=GND Pin=R6-13
Added Pin To Net: NetName=GND Pin=R6-14
Added Pin To Net: NetName=GND Pin=R6-15
Added Pin To Net: NetName=GND Pin=R6-16
Added Pin To Net: NetName=1A6A Pin=R18-1
Added Pin To Net: NetName=1A5A Pin=R18-2
Added Pin To Net: NetName=1A4A Pin=R18-3
Added Pin To Net: NetName=1A3A Pin=R18-4
Added Pin To Net: NetName=1A2A Pin=R18-5
Added Pin To Net: NetName=1A1A Pin=R18-6
Added Pin To Net: NetName=1A8A Pin=R18-7
Added Pin To Net: NetName=1A7A Pin=R18-8
Added Pin To Net: NetName=DIG_IO_5V_F4 Pin=R18-9
Added Pin To Net: NetName=DIG_IO_5V_E4 Pin=R18-10
Added Pin To Net: NetName=DIG_IO_5V_F5 Pin=R18-11
Added Pin To Net: NetName=DIG_IO_5V_E5 Pin=R18-12
Added Pin To Net: NetName=DIG_IO_5V_D5 Pin=R18-13
Added Pin To Net: NetName=DIG_IO_5V_C5 Pin=R18-14
Added Pin To Net: NetName=DIG_IO_5V_B5 Pin=R18-15
Added Pin To Net: NetName=DIG_IO_5V_A5 Pin=R18-16
Added Pin To Net: NetName=2A6A Pin=R19-1
Added Pin To Net: NetName=2A5A Pin=R19-2
Added Pin To Net: NetName=2A4A Pin=R19-3
Added Pin To Net: NetName=2A3A Pin=R19-4
Added Pin To Net: NetName=2A2A Pin=R19-5
Added Pin To Net: NetName=2A1A Pin=R19-6
Added Pin To Net: NetName=1A2B Pin=R19-7
Added Pin To Net: NetName=1A1B Pin=R19-8
Added Pin To Net: NetName=DIG_IO_5V_D3 Pin=R19-9
Added Pin To Net: NetName=DIG_IO_5V_C3 Pin=R19-10
Added Pin To Net: NetName=DIG_IO_5V_D4 Pin=R19-11
Added Pin To Net: NetName=DIG_IO_5V_C4 Pin=R19-12
Added Pin To Net: NetName=DIG_IO_5V_B4 Pin=R19-13
Added Pin To Net: NetName=DIG_IO_5V_A4 Pin=R19-14
Added Pin To Net: NetName=DIG_IO_5V_F3 Pin=R19-15
Added Pin To Net: NetName=DIG_IO_5V_E3 Pin=R19-16
Added Pin To Net: NetName=1A8B Pin=R20-1
Added Pin To Net: NetName=1A7B Pin=R20-2
Added Pin To Net: NetName=1A6B Pin=R20-3
Added Pin To Net: NetName=1A5B Pin=R20-4
Added Pin To Net: NetName=1A4B Pin=R20-5
Added Pin To Net: NetName=1A3B Pin=R20-6
Added Pin To Net: NetName=2A2B Pin=R20-7
Added Pin To Net: NetName=2A1B Pin=R20-8
Added Pin To Net: NetName=DIG_IO_5V_B2 Pin=R20-9
Added Pin To Net: NetName=DIG_IO_5V_A2 Pin=R20-10
Added Pin To Net: NetName=DIG_IO_5V_B3 Pin=R20-11
Added Pin To Net: NetName=DIG_IO_5V_A3 Pin=R20-12
Added Pin To Net: NetName=DIG_IO_5V_F2 Pin=R20-13
Added Pin To Net: NetName=DIG_IO_5V_E2 Pin=R20-14
Added Pin To Net: NetName=DIG_IO_5V_D2 Pin=R20-15
Added Pin To Net: NetName=DIG_IO_5V_C2 Pin=R20-16
Added Pin To Net: NetName=UNTERM29 Pin=R29-2
Added Pin To Net: NetName=DIG_IO_P29 Pin=R29-15
Change Net Name : Old Net Name=NetR25A_2 New Net Name=NetR32A_2
Change Net Name : Old Net Name=NetR25B_2 New Net Name=NetR32B_2
Change Net Name : Old Net Name=NetR26A_2 New Net Name=NetR34A_2
Change Net Name : Old Net Name=NetR26B_2 New Net Name=NetR34B_2
Change Net Name : Old Net Name=NetR27A_1 New Net Name=NetR33A_1
Change Net Name : Old Net Name=NetR27B_1 New Net Name=NetR33B_1
Change Net Name : Old Net Name=NetR28A_1 New Net Name=NetR35A_1
Change Net Name : Old Net Name=NetR28B_1 New Net Name=NetR35B_1
Added Member To Class: ClassName=LS5V_A Member=Component R32A (R32) R_TF
Added Member To Class: ClassName=LS5V_B Member=Component R32B (R32) R_TF
Added Member To Class: ClassName=LS5V_A Member=Component R33A (R33) R_TF
Added Member To Class: ClassName=LS5V_A Member=Component R34A (R34) R_TF
Added Member To Class: ClassName=LS5V_B Member=Component R34B (R34) R_TF
