Removed Pin From Net: NetName=5V Pin=C1_LS5V_A-1
Removed Pin From Net: NetName=GND Pin=C1_LS5V_A-2
Removed Pin From Net: NetName=5V Pin=C1_LS5V_B-1
Removed Pin From Net: NetName=GND Pin=C1_LS5V_B-2
Removed Pin From Net: NetName=GND Pin=C2_LS5V_A-1
Removed Pin From Net: NetName=3V3 Pin=C2_LS5V_A-2
Removed Pin From Net: NetName=GND Pin=C2_LS5V_B-1
Removed Pin From Net: NetName=3V3 Pin=C2_LS5V_B-2
Removed Pin From Net: NetName=5V Pin=C3_LS5V_A-1
Removed Pin From Net: NetName=GND Pin=C3_LS5V_A-2
Removed Pin From Net: NetName=5V Pin=C3_LS5V_B-1
Removed Pin From Net: NetName=GND Pin=C3_LS5V_B-2
Removed Pin From Net: NetName=GND Pin=C3_RS422A-1
Removed Pin From Net: NetName=5V Pin=C3_RS422A-2
Removed Pin From Net: NetName=GND Pin=C3_RS422B-1
Removed Pin From Net: NetName=5V Pin=C3_RS422B-2
Removed Pin From Net: NetName=GND Pin=C3_RS422C-1
Removed Pin From Net: NetName=5V Pin=C3_RS422C-2
Removed Pin From Net: NetName=GND Pin=C3_RS422D-1
Removed Pin From Net: NetName=5V Pin=C3_RS422D-2
Removed Pin From Net: NetName=GND Pin=C3_RS422E-1
Removed Pin From Net: NetName=5V Pin=C3_RS422E-2
Removed Pin From Net: NetName=GND Pin=C3_RS422F-1
Removed Pin From Net: NetName=5V Pin=C3_RS422F-2
Removed Pin From Net: NetName=GND Pin=C3_RS422G-1
Removed Pin From Net: NetName=5V Pin=C3_RS422G-2
Removed Pin From Net: NetName=GND Pin=C3_RS422H-1
Removed Pin From Net: NetName=5V Pin=C3_RS422H-2
Removed Pin From Net: NetName=GND Pin=C4_LS5V_A-1
Removed Pin From Net: NetName=3V3 Pin=C4_LS5V_A-2
Removed Pin From Net: NetName=GND Pin=C4_LS5V_B-1
Removed Pin From Net: NetName=3V3 Pin=C4_LS5V_B-2
Removed Member From Class: ClassName=LS5V_A Member=C1_LS5V_A
Removed Member From Class: ClassName=LS5V_B Member=C1_LS5V_B
Removed Member From Class: ClassName=LS5V_A Member=C2_LS5V_A
Removed Member From Class: ClassName=LS5V_B Member=C2_LS5V_B
Removed Member From Class: ClassName=LS5V_A Member=C3_LS5V_A
Removed Member From Class: ClassName=LS5V_B Member=C3_LS5V_B
Removed Member From Class: ClassName=RS422A Member=C3_RS422A
Removed Member From Class: ClassName=RS422B Member=C3_RS422B
Removed Member From Class: ClassName=RS422C Member=C3_RS422C
Removed Member From Class: ClassName=RS422D Member=C3_RS422D
Removed Member From Class: ClassName=RS422E Member=C3_RS422E
Removed Member From Class: ClassName=RS422F Member=C3_RS422F
Removed Member From Class: ClassName=RS422G Member=C3_RS422G
Removed Member From Class: ClassName=RS422H Member=C3_RS422H
Removed Member From Class: ClassName=LS5V_A Member=C4_LS5V_A
Removed Member From Class: ClassName=LS5V_B Member=C4_LS5V_B
Added Component: Designator=J1(IPL1-115-01-XX-D-RA)
Add component. Clean all parameters for all variants
Add component (AddParameter): Name = "ComponentLink1Description"; Value = "Datasheet"; VariantName = "[No Variations]"
Add component (AddParameter): Name = "ComponentLink1URL"; Value = "http://suddendocs.samtec.com/catalog_english/ipl1.pdf"; VariantName = "[No Variations]"
Add component (AddParameter): Name = "Created"; Value = "2019-12-17_Wendy_Xin"; VariantName = "[No Variations]"
Add component (AddParameter): Name = "HelpURL"; Value = "https://www.samtec.com/products/ipl1"; VariantName = "[No Variations]"
Add component (AddParameter): Name = "MF1"; Value = "SAMTEC"; VariantName = "[No Variations]"
Add component (AddParameter): Name = "MPN1"; Value = "IPL1-115-01-L-D-RA-K"; VariantName = "[No Variations]"
Add component (AddParameter): Name = "Package"; Value = "CurrentFootprint"; VariantName = "[No Variations]"
Add component (AddParameter): Name = "SPN1"; Value = "2018467"; VariantName = "[No Variations]"
Add component (AddParameter): Name = "Supplier1"; Value = "Farnell"; VariantName = "[No Variations]"
Added Component: Designator=J2(IPL1-120-01-XX-D-RA)
Add component. Clean all parameters for all variants
Add component (AddParameter): Name = "Created"; Value = "2019-07-18_Wendy Xin"; VariantName = "[No Variations]"
Add component (AddParameter): Name = "HelpURL"; Value = "https://www.samtec.com/products/ipl1"; VariantName = "[No Variations]"
Add component (AddParameter): Name = "MF1"; Value = "SAMTEC"; VariantName = "[No Variations]"
Add component (AddParameter): Name = "MPN1"; Value = "IPL1-120-01-L-D-RA-K"; VariantName = "[No Variations]"
Add component (AddParameter): Name = "Package"; Value = "CurrentFootprint"; VariantName = "[No Variations]"
Add component (AddParameter): Name = "SPN1"; Value = "2018484"; VariantName = "[No Variations]"
Add component (AddParameter): Name = "Supplier1"; Value = "Farnell"; VariantName = "[No Variations]"
Added Component: Designator=NT1(2_to_1_NetTie_0.3mm)
Add component. Clean all parameters for all variants
Add component (AddParameter): Name = "Created"; Value = "2020-01-03_Thilo_Wendt"; VariantName = "[No Variations]"
Added Component: Designator=NT2(2_to_1_NetTie_0.3mm)
Add component. Clean all parameters for all variants
Add component (AddParameter): Name = "Created"; Value = "2020-01-03_Thilo_Wendt"; VariantName = "[No Variations]"
Added Component: Designator=NT3(2_to_1_NetTie_0.3mm)
Add component. Clean all parameters for all variants
Add component (AddParameter): Name = "Created"; Value = "2020-01-03_Thilo_Wendt"; VariantName = "[No Variations]"
Added Component: Designator=NT4(2_to_1_NetTie_0.3mm)
Add component. Clean all parameters for all variants
Add component (AddParameter): Name = "Created"; Value = "2020-01-03_Thilo_Wendt"; VariantName = "[No Variations]"
Added Component: Designator=NT5(2_to_1_NetTie_0.3mm)
Add component. Clean all parameters for all variants
Add component (AddParameter): Name = "Created"; Value = "2020-01-03_Thilo_Wendt"; VariantName = "[No Variations]"
Added Component: Designator=NT6(2_to_1_NetTie_0.3mm)
Add component. Clean all parameters for all variants
Add component (AddParameter): Name = "Created"; Value = "2020-01-03_Thilo_Wendt"; VariantName = "[No Variations]"
Added Component: Designator=NT7(2_to_1_NetTie_0.3mm)
Add component. Clean all parameters for all variants
Add component (AddParameter): Name = "Created"; Value = "2020-01-03_Thilo_Wendt"; VariantName = "[No Variations]"
Added Component: Designator=NT8(2_to_1_NetTie_0.3mm)
Add component. Clean all parameters for all variants
Add component (AddParameter): Name = "Created"; Value = "2020-01-03_Thilo_Wendt"; VariantName = "[No Variations]"
Added Component: Designator=NT9(2_to_1_NetTie_0.3mm)
Add component. Clean all parameters for all variants
Add component (AddParameter): Name = "Created"; Value = "2020-01-03_Thilo_Wendt"; VariantName = "[No Variations]"
Added Component: Designator=NT10(2_to_1_NetTie_0.3mm)
Add component. Clean all parameters for all variants
Add component (AddParameter): Name = "Created"; Value = "2020-01-03_Thilo_Wendt"; VariantName = "[No Variations]"
Added Component: Designator=NT11(2_to_1_NetTie_0.3mm)
Add component. Clean all parameters for all variants
Add component (AddParameter): Name = "Created"; Value = "2020-01-03_Thilo_Wendt"; VariantName = "[No Variations]"
Added Component: Designator=NT12(2_to_1_NetTie_0.3mm)
Add component. Clean all parameters for all variants
Add component (AddParameter): Name = "Created"; Value = "2020-01-03_Thilo_Wendt"; VariantName = "[No Variations]"
Added Component: Designator=NT13(2_to_1_NetTie_0.3mm)
Add component. Clean all parameters for all variants
Add component (AddParameter): Name = "Created"; Value = "2020-01-03_Thilo_Wendt"; VariantName = "[No Variations]"
Added Component: Designator=NT14(2_to_1_NetTie_0.3mm)
Add component. Clean all parameters for all variants
Add component (AddParameter): Name = "Created"; Value = "2020-01-03_Thilo_Wendt"; VariantName = "[No Variations]"
Added Component: Designator=NT15(2_to_1_NetTie_0.3mm)
Add component. Clean all parameters for all variants
Add component (AddParameter): Name = "Created"; Value = "2020-01-03_Thilo_Wendt"; VariantName = "[No Variations]"
Added Component: Designator=NT16(2_to_1_NetTie_0.3mm)
Add component. Clean all parameters for all variants
Add component (AddParameter): Name = "Created"; Value = "2020-01-03_Thilo_Wendt"; VariantName = "[No Variations]"
Added Component: Designator=NT17(2_to_1_NetTie_0.3mm)
Add component. Clean all parameters for all variants
Add component (AddParameter): Name = "Created"; Value = "2020-01-03_Thilo_Wendt"; VariantName = "[No Variations]"
Added Component: Designator=NT18(2_to_1_NetTie_0.3mm)
Add component. Clean all parameters for all variants
Add component (AddParameter): Name = "Created"; Value = "2020-01-03_Thilo_Wendt"; VariantName = "[No Variations]"
Added Component: Designator=NT19(2_to_1_NetTie_0.3mm)
Add component. Clean all parameters for all variants
Add component (AddParameter): Name = "Created"; Value = "2020-01-03_Thilo_Wendt"; VariantName = "[No Variations]"
Added Component: Designator=NT20(2_to_1_NetTie_0.3mm)
Add component. Clean all parameters for all variants
Add component (AddParameter): Name = "Created"; Value = "2020-01-03_Thilo_Wendt"; VariantName = "[No Variations]"
Added Component: Designator=NT21(2_to_1_NetTie_0.3mm)
Add component. Clean all parameters for all variants
Add component (AddParameter): Name = "Created"; Value = "2020-01-03_Thilo_Wendt"; VariantName = "[No Variations]"
Added Component: Designator=NT22(2_to_1_NetTie_0.3mm)
Add component. Clean all parameters for all variants
Add component (AddParameter): Name = "Created"; Value = "2020-01-03_Thilo_Wendt"; VariantName = "[No Variations]"
Added Component: Designator=NT23(2_to_1_NetTie_0.3mm)
Add component. Clean all parameters for all variants
Add component (AddParameter): Name = "Created"; Value = "2020-01-03_Thilo_Wendt"; VariantName = "[No Variations]"
Added Component: Designator=NT24(2_to_1_NetTie_0.3mm)
Add component. Clean all parameters for all variants
Add component (AddParameter): Name = "Created"; Value = "2020-01-03_Thilo_Wendt"; VariantName = "[No Variations]"
Added Component: Designator=NT25(2_to_1_NetTie_0.3mm)
Add component. Clean all parameters for all variants
Add component (AddParameter): Name = "Created"; Value = "2020-01-03_Thilo_Wendt"; VariantName = "[No Variations]"
Added Component: Designator=NT26(2_to_1_NetTie_0.3mm)
Add component. Clean all parameters for all variants
Add component (AddParameter): Name = "Created"; Value = "2020-01-03_Thilo_Wendt"; VariantName = "[No Variations]"
Added Component: Designator=NT27(2_to_1_NetTie_0.3mm)
Add component. Clean all parameters for all variants
Add component (AddParameter): Name = "Created"; Value = "2020-01-03_Thilo_Wendt"; VariantName = "[No Variations]"
Added Component: Designator=NT28(2_to_1_NetTie_0.3mm)
Add component. Clean all parameters for all variants
Add component (AddParameter): Name = "Created"; Value = "2020-01-03_Thilo_Wendt"; VariantName = "[No Variations]"
Added Component: Designator=NT29(2_to_1_NetTie_0.3mm)
Add component. Clean all parameters for all variants
Add component (AddParameter): Name = "Created"; Value = "2020-01-03_Thilo_Wendt"; VariantName = "[No Variations]"
Added Component: Designator=NT30(2_to_1_NetTie_0.3mm)
Add component. Clean all parameters for all variants
Add component (AddParameter): Name = "Created"; Value = "2020-01-03_Thilo_Wendt"; VariantName = "[No Variations]"
Added Component: Designator=R11(RESCAXE-50P380X160X45-16N)
Add component. Clean all parameters for all variants
Add component (AddParameter): Name = "ComponentLink1Description"; Value = "Datasheet"; VariantName = "[No Variations]"
Add component (AddParameter): Name = "ComponentLink1URL"; Value = "https://www.mouser.de/datasheet/2/315/AOC0000C14-1108062.pdf"; VariantName = "[No Variations]"
Add component (AddParameter): Name = "ComponentLink2Description"; Value = "Landpattern"; VariantName = "[No Variations]"
Add component (AddParameter): Name = "ComponentLink2URL"; Value = "https://industrial.panasonic.com/cdbs/www-data/pdf/AOC0000/AOC0000COL4.pdf"; VariantName = "[No Variations]"
Add component (AddParameter): Name = "Created"; Value = "2020-01-03_Thilo_Wendt"; VariantName = "[No Variations]"
Add component (AddParameter): Name = "HelpURL"; Value = "https://www.mouser.de/datasheet/2/315/AOC0000C14-1108062.pdf"; VariantName = "[No Variations]"
Add component (AddParameter): Name = "Manufacturer1"; Value = "Panasonic"; VariantName = "[No Variations]"
Add component (AddParameter): Name = "MaxVoltage"; Value = "100"; VariantName = "[No Variations]"
Add component (AddParameter): Name = "MPN1"; Value = "EXB2HV<2dig_res+#zeros><tol/jumper>V"; VariantName = "[No Variations]"
Add component (AddParameter): Name = "Package"; Value = "CurrentFootprint"; VariantName = "[No Variations]"
Add component (AddParameter): Name = "Parameter1"; Value = "V"; VariantName = "[No Variations]"
Add component (AddParameter): Name = "Parameter1Desc"; Value = "Package Method"; VariantName = "[No Variations]"
Add component (AddParameter): Name = "Parameter2"; Value = "J"; VariantName = "[No Variations]"
Add component (AddParameter): Name = "Parameter2Desc"; Value = "Tolerance Symbol"; VariantName = "[No Variations]"
Add component (AddParameter): Name = "Parameter3"; Value = ""; VariantName = "[No Variations]"
Add component (AddParameter): Name = "Parameter3Desc"; Value = ""; VariantName = "[No Variations]"
Add component (AddParameter): Name = "Supplier1"; Value = "https://de.farnell.com/w/search?range=inc-in-stock&st=exb2hv"; VariantName = "[No Variations]"
Added Component: Designator=R12(RESCAXE-50P380X160X45-16N)
Add component. Clean all parameters for all variants
Add component (AddParameter): Name = "ComponentLink1Description"; Value = "Datasheet"; VariantName = "[No Variations]"
Add component (AddParameter): Name = "ComponentLink1URL"; Value = "https://www.mouser.de/datasheet/2/315/AOC0000C14-1108062.pdf"; VariantName = "[No Variations]"
Add component (AddParameter): Name = "ComponentLink2Description"; Value = "Landpattern"; VariantName = "[No Variations]"
Add component (AddParameter): Name = "ComponentLink2URL"; Value = "https://industrial.panasonic.com/cdbs/www-data/pdf/AOC0000/AOC0000COL4.pdf"; VariantName = "[No Variations]"
Add component (AddParameter): Name = "Created"; Value = "2020-01-03_Thilo_Wendt"; VariantName = "[No Variations]"
Add component (AddParameter): Name = "HelpURL"; Value = "https://www.mouser.de/datasheet/2/315/AOC0000C14-1108062.pdf"; VariantName = "[No Variations]"
Add component (AddParameter): Name = "Manufacturer1"; Value = "Panasonic"; VariantName = "[No Variations]"
Add component (AddParameter): Name = "MaxVoltage"; Value = "100"; VariantName = "[No Variations]"
Add component (AddParameter): Name = "MPN1"; Value = "EXB2HV<2dig_res+#zeros><tol/jumper>V"; VariantName = "[No Variations]"
Add component (AddParameter): Name = "Package"; Value = "CurrentFootprint"; VariantName = "[No Variations]"
Add component (AddParameter): Name = "Parameter1"; Value = "V"; VariantName = "[No Variations]"
Add component (AddParameter): Name = "Parameter1Desc"; Value = "Package Method"; VariantName = "[No Variations]"
Add component (AddParameter): Name = "Parameter2"; Value = "J"; VariantName = "[No Variations]"
Add component (AddParameter): Name = "Parameter2Desc"; Value = "Tolerance Symbol"; VariantName = "[No Variations]"
Add component (AddParameter): Name = "Parameter3"; Value = ""; VariantName = "[No Variations]"
Add component (AddParameter): Name = "Parameter3Desc"; Value = ""; VariantName = "[No Variations]"
Add component (AddParameter): Name = "Supplier1"; Value = "https://de.farnell.com/w/search?range=inc-in-stock&st=exb2hv"; VariantName = "[No Variations]"
Added Component: Designator=R13(RESCAXE-50P380X160X45-16N)
Add component. Clean all parameters for all variants
Add component (AddParameter): Name = "ComponentLink1Description"; Value = "Datasheet"; VariantName = "[No Variations]"
Add component (AddParameter): Name = "ComponentLink1URL"; Value = "https://www.mouser.de/datasheet/2/315/AOC0000C14-1108062.pdf"; VariantName = "[No Variations]"
Add component (AddParameter): Name = "ComponentLink2Description"; Value = "Landpattern"; VariantName = "[No Variations]"
Add component (AddParameter): Name = "ComponentLink2URL"; Value = "https://industrial.panasonic.com/cdbs/www-data/pdf/AOC0000/AOC0000COL4.pdf"; VariantName = "[No Variations]"
Add component (AddParameter): Name = "Created"; Value = "2020-01-03_Thilo_Wendt"; VariantName = "[No Variations]"
Add component (AddParameter): Name = "HelpURL"; Value = "https://www.mouser.de/datasheet/2/315/AOC0000C14-1108062.pdf"; VariantName = "[No Variations]"
Add component (AddParameter): Name = "Manufacturer1"; Value = "Panasonic"; VariantName = "[No Variations]"
Add component (AddParameter): Name = "MaxVoltage"; Value = "100"; VariantName = "[No Variations]"
Add component (AddParameter): Name = "MPN1"; Value = "EXB2HV<2dig_res+#zeros><tol/jumper>V"; VariantName = "[No Variations]"
Add component (AddParameter): Name = "Package"; Value = "CurrentFootprint"; VariantName = "[No Variations]"
Add component (AddParameter): Name = "Parameter1"; Value = "V"; VariantName = "[No Variations]"
Add component (AddParameter): Name = "Parameter1Desc"; Value = "Package Method"; VariantName = "[No Variations]"
Add component (AddParameter): Name = "Parameter2"; Value = "J"; VariantName = "[No Variations]"
Add component (AddParameter): Name = "Parameter2Desc"; Value = "Tolerance Symbol"; VariantName = "[No Variations]"
Add component (AddParameter): Name = "Parameter3"; Value = ""; VariantName = "[No Variations]"
Add component (AddParameter): Name = "Parameter3Desc"; Value = ""; VariantName = "[No Variations]"
Add component (AddParameter): Name = "Supplier1"; Value = "https://de.farnell.com/w/search?range=inc-in-stock&st=exb2hv"; VariantName = "[No Variations]"
Added Component: Designator=R14(RESCAXE-50P380X160X45-16N)
Add component. Clean all parameters for all variants
Add component (AddParameter): Name = "ComponentLink1Description"; Value = "Datasheet"; VariantName = "[No Variations]"
Add component (AddParameter): Name = "ComponentLink1URL"; Value = "https://www.mouser.de/datasheet/2/315/AOC0000C14-1108062.pdf"; VariantName = "[No Variations]"
Add component (AddParameter): Name = "ComponentLink2Description"; Value = "Landpattern"; VariantName = "[No Variations]"
Add component (AddParameter): Name = "ComponentLink2URL"; Value = "https://industrial.panasonic.com/cdbs/www-data/pdf/AOC0000/AOC0000COL4.pdf"; VariantName = "[No Variations]"
Add component (AddParameter): Name = "Created"; Value = "2020-01-03_Thilo_Wendt"; VariantName = "[No Variations]"
Add component (AddParameter): Name = "HelpURL"; Value = "https://www.mouser.de/datasheet/2/315/AOC0000C14-1108062.pdf"; VariantName = "[No Variations]"
Add component (AddParameter): Name = "Manufacturer1"; Value = "Panasonic"; VariantName = "[No Variations]"
Add component (AddParameter): Name = "MaxVoltage"; Value = "100"; VariantName = "[No Variations]"
Add component (AddParameter): Name = "MPN1"; Value = "EXB2HV<2dig_res+#zeros><tol/jumper>V"; VariantName = "[No Variations]"
Add component (AddParameter): Name = "Package"; Value = "CurrentFootprint"; VariantName = "[No Variations]"
Add component (AddParameter): Name = "Parameter1"; Value = "V"; VariantName = "[No Variations]"
Add component (AddParameter): Name = "Parameter1Desc"; Value = "Package Method"; VariantName = "[No Variations]"
Add component (AddParameter): Name = "Parameter2"; Value = "J"; VariantName = "[No Variations]"
Add component (AddParameter): Name = "Parameter2Desc"; Value = "Tolerance Symbol"; VariantName = "[No Variations]"
Add component (AddParameter): Name = "Parameter3"; Value = ""; VariantName = "[No Variations]"
Add component (AddParameter): Name = "Parameter3Desc"; Value = ""; VariantName = "[No Variations]"
Add component (AddParameter): Name = "Supplier1"; Value = "https://de.farnell.com/w/search?range=inc-in-stock&st=exb2hv"; VariantName = "[No Variations]"
Added Component: Designator=R15(RESCAXE-50P380X160X45-16N)
Add component. Clean all parameters for all variants
Add component (AddParameter): Name = "ComponentLink1Description"; Value = "Datasheet"; VariantName = "[No Variations]"
Add component (AddParameter): Name = "ComponentLink1URL"; Value = "https://www.mouser.de/datasheet/2/315/AOC0000C14-1108062.pdf"; VariantName = "[No Variations]"
Add component (AddParameter): Name = "ComponentLink2Description"; Value = "Landpattern"; VariantName = "[No Variations]"
Add component (AddParameter): Name = "ComponentLink2URL"; Value = "https://industrial.panasonic.com/cdbs/www-data/pdf/AOC0000/AOC0000COL4.pdf"; VariantName = "[No Variations]"
Add component (AddParameter): Name = "Created"; Value = "2020-01-03_Thilo_Wendt"; VariantName = "[No Variations]"
Add component (AddParameter): Name = "HelpURL"; Value = "https://www.mouser.de/datasheet/2/315/AOC0000C14-1108062.pdf"; VariantName = "[No Variations]"
Add component (AddParameter): Name = "Manufacturer1"; Value = "Panasonic"; VariantName = "[No Variations]"
Add component (AddParameter): Name = "MaxVoltage"; Value = "100"; VariantName = "[No Variations]"
Add component (AddParameter): Name = "MPN1"; Value = "EXB2HV<2dig_res+#zeros><tol/jumper>V"; VariantName = "[No Variations]"
Add component (AddParameter): Name = "Package"; Value = "CurrentFootprint"; VariantName = "[No Variations]"
Add component (AddParameter): Name = "Parameter1"; Value = "V"; VariantName = "[No Variations]"
Add component (AddParameter): Name = "Parameter1Desc"; Value = "Package Method"; VariantName = "[No Variations]"
Add component (AddParameter): Name = "Parameter2"; Value = "J"; VariantName = "[No Variations]"
Add component (AddParameter): Name = "Parameter2Desc"; Value = "Tolerance Symbol"; VariantName = "[No Variations]"
Add component (AddParameter): Name = "Parameter3"; Value = ""; VariantName = "[No Variations]"
Add component (AddParameter): Name = "Parameter3Desc"; Value = ""; VariantName = "[No Variations]"
Add component (AddParameter): Name = "Supplier1"; Value = "https://de.farnell.com/w/search?range=inc-in-stock&st=exb2hv"; VariantName = "[No Variations]"
Added Component: Designator=R16(RESCAXE-50P380X160X45-16N)
Add component. Clean all parameters for all variants
Add component (AddParameter): Name = "ComponentLink1Description"; Value = "Datasheet"; VariantName = "[No Variations]"
Add component (AddParameter): Name = "ComponentLink1URL"; Value = "https://www.mouser.de/datasheet/2/315/AOC0000C14-1108062.pdf"; VariantName = "[No Variations]"
Add component (AddParameter): Name = "ComponentLink2Description"; Value = "Landpattern"; VariantName = "[No Variations]"
Add component (AddParameter): Name = "ComponentLink2URL"; Value = "https://industrial.panasonic.com/cdbs/www-data/pdf/AOC0000/AOC0000COL4.pdf"; VariantName = "[No Variations]"
Add component (AddParameter): Name = "Created"; Value = "2020-01-03_Thilo_Wendt"; VariantName = "[No Variations]"
Add component (AddParameter): Name = "HelpURL"; Value = "https://www.mouser.de/datasheet/2/315/AOC0000C14-1108062.pdf"; VariantName = "[No Variations]"
Add component (AddParameter): Name = "Manufacturer1"; Value = "Panasonic"; VariantName = "[No Variations]"
Add component (AddParameter): Name = "MaxVoltage"; Value = "100"; VariantName = "[No Variations]"
Add component (AddParameter): Name = "MPN1"; Value = "EXB2HV<2dig_res+#zeros><tol/jumper>V"; VariantName = "[No Variations]"
Add component (AddParameter): Name = "Package"; Value = "CurrentFootprint"; VariantName = "[No Variations]"
Add component (AddParameter): Name = "Parameter1"; Value = "V"; VariantName = "[No Variations]"
Add component (AddParameter): Name = "Parameter1Desc"; Value = "Package Method"; VariantName = "[No Variations]"
Add component (AddParameter): Name = "Parameter2"; Value = "J"; VariantName = "[No Variations]"
Add component (AddParameter): Name = "Parameter2Desc"; Value = "Tolerance Symbol"; VariantName = "[No Variations]"
Add component (AddParameter): Name = "Parameter3"; Value = ""; VariantName = "[No Variations]"
Add component (AddParameter): Name = "Parameter3Desc"; Value = ""; VariantName = "[No Variations]"
Add component (AddParameter): Name = "Supplier1"; Value = "https://de.farnell.com/w/search?range=inc-in-stock&st=exb2hv"; VariantName = "[No Variations]"
Added Component: Designator=R17(RESCAXE-50P380X160X45-16N)
Add component. Clean all parameters for all variants
Add component (AddParameter): Name = "ComponentLink1Description"; Value = "Datasheet"; VariantName = "[No Variations]"
Add component (AddParameter): Name = "ComponentLink1URL"; Value = "https://www.mouser.de/datasheet/2/315/AOC0000C14-1108062.pdf"; VariantName = "[No Variations]"
Add component (AddParameter): Name = "ComponentLink2Description"; Value = "Landpattern"; VariantName = "[No Variations]"
Add component (AddParameter): Name = "ComponentLink2URL"; Value = "https://industrial.panasonic.com/cdbs/www-data/pdf/AOC0000/AOC0000COL4.pdf"; VariantName = "[No Variations]"
Add component (AddParameter): Name = "Created"; Value = "2020-01-03_Thilo_Wendt"; VariantName = "[No Variations]"
Add component (AddParameter): Name = "HelpURL"; Value = "https://www.mouser.de/datasheet/2/315/AOC0000C14-1108062.pdf"; VariantName = "[No Variations]"
Add component (AddParameter): Name = "Manufacturer1"; Value = "Panasonic"; VariantName = "[No Variations]"
Add component (AddParameter): Name = "MaxVoltage"; Value = "100"; VariantName = "[No Variations]"
Add component (AddParameter): Name = "MPN1"; Value = "EXB2HV<2dig_res+#zeros><tol/jumper>V"; VariantName = "[No Variations]"
Add component (AddParameter): Name = "Package"; Value = "CurrentFootprint"; VariantName = "[No Variations]"
Add component (AddParameter): Name = "Parameter1"; Value = "V"; VariantName = "[No Variations]"
Add component (AddParameter): Name = "Parameter1Desc"; Value = "Package Method"; VariantName = "[No Variations]"
Add component (AddParameter): Name = "Parameter2"; Value = "J"; VariantName = "[No Variations]"
Add component (AddParameter): Name = "Parameter2Desc"; Value = "Tolerance Symbol"; VariantName = "[No Variations]"
Add component (AddParameter): Name = "Parameter3"; Value = ""; VariantName = "[No Variations]"
Add component (AddParameter): Name = "Parameter3Desc"; Value = ""; VariantName = "[No Variations]"
Add component (AddParameter): Name = "Supplier1"; Value = "https://de.farnell.com/w/search?range=inc-in-stock&st=exb2hv"; VariantName = "[No Variations]"
Added Component: Designator=R18(RESCAXE-50P380X160X45-16N)
Add component. Clean all parameters for all variants
Add component (AddParameter): Name = "ComponentLink1Description"; Value = "Datasheet"; VariantName = "[No Variations]"
Add component (AddParameter): Name = "ComponentLink1URL"; Value = "https://www.mouser.de/datasheet/2/315/AOC0000C14-1108062.pdf"; VariantName = "[No Variations]"
Add component (AddParameter): Name = "ComponentLink2Description"; Value = "Landpattern"; VariantName = "[No Variations]"
Add component (AddParameter): Name = "ComponentLink2URL"; Value = "https://industrial.panasonic.com/cdbs/www-data/pdf/AOC0000/AOC0000COL4.pdf"; VariantName = "[No Variations]"
Add component (AddParameter): Name = "Created"; Value = "2020-01-03_Thilo_Wendt"; VariantName = "[No Variations]"
Add component (AddParameter): Name = "HelpURL"; Value = "https://www.mouser.de/datasheet/2/315/AOC0000C14-1108062.pdf"; VariantName = "[No Variations]"
Add component (AddParameter): Name = "Manufacturer1"; Value = "Panasonic"; VariantName = "[No Variations]"
Add component (AddParameter): Name = "MaxVoltage"; Value = "100"; VariantName = "[No Variations]"
Add component (AddParameter): Name = "MPN1"; Value = "EXB2HV<2dig_res+#zeros><tol/jumper>V"; VariantName = "[No Variations]"
Add component (AddParameter): Name = "Package"; Value = "CurrentFootprint"; VariantName = "[No Variations]"
Add component (AddParameter): Name = "Parameter1"; Value = "V"; VariantName = "[No Variations]"
Add component (AddParameter): Name = "Parameter1Desc"; Value = "Package Method"; VariantName = "[No Variations]"
Add component (AddParameter): Name = "Parameter2"; Value = "J"; VariantName = "[No Variations]"
Add component (AddParameter): Name = "Parameter2Desc"; Value = "Tolerance Symbol"; VariantName = "[No Variations]"
Add component (AddParameter): Name = "Parameter3"; Value = ""; VariantName = "[No Variations]"
Add component (AddParameter): Name = "Parameter3Desc"; Value = ""; VariantName = "[No Variations]"
Add component (AddParameter): Name = "Supplier1"; Value = "https://de.farnell.com/w/search?range=inc-in-stock&st=exb2hv"; VariantName = "[No Variations]"
Added Component: Designator=R19(RESCAXE-50P380X160X45-16N)
Add component. Clean all parameters for all variants
Add component (AddParameter): Name = "ComponentLink1Description"; Value = "Datasheet"; VariantName = "[No Variations]"
Add component (AddParameter): Name = "ComponentLink1URL"; Value = "https://www.mouser.de/datasheet/2/315/AOC0000C14-1108062.pdf"; VariantName = "[No Variations]"
Add component (AddParameter): Name = "ComponentLink2Description"; Value = "Landpattern"; VariantName = "[No Variations]"
Add component (AddParameter): Name = "ComponentLink2URL"; Value = "https://industrial.panasonic.com/cdbs/www-data/pdf/AOC0000/AOC0000COL4.pdf"; VariantName = "[No Variations]"
Add component (AddParameter): Name = "Created"; Value = "2020-01-03_Thilo_Wendt"; VariantName = "[No Variations]"
Add component (AddParameter): Name = "HelpURL"; Value = "https://www.mouser.de/datasheet/2/315/AOC0000C14-1108062.pdf"; VariantName = "[No Variations]"
Add component (AddParameter): Name = "Manufacturer1"; Value = "Panasonic"; VariantName = "[No Variations]"
Add component (AddParameter): Name = "MaxVoltage"; Value = "100"; VariantName = "[No Variations]"
Add component (AddParameter): Name = "MPN1"; Value = "EXB2HV<2dig_res+#zeros><tol/jumper>V"; VariantName = "[No Variations]"
Add component (AddParameter): Name = "Package"; Value = "CurrentFootprint"; VariantName = "[No Variations]"
Add component (AddParameter): Name = "Parameter1"; Value = "V"; VariantName = "[No Variations]"
Add component (AddParameter): Name = "Parameter1Desc"; Value = "Package Method"; VariantName = "[No Variations]"
Add component (AddParameter): Name = "Parameter2"; Value = "J"; VariantName = "[No Variations]"
Add component (AddParameter): Name = "Parameter2Desc"; Value = "Tolerance Symbol"; VariantName = "[No Variations]"
Add component (AddParameter): Name = "Parameter3"; Value = ""; VariantName = "[No Variations]"
Add component (AddParameter): Name = "Parameter3Desc"; Value = ""; VariantName = "[No Variations]"
Add component (AddParameter): Name = "Supplier1"; Value = "https://de.farnell.com/w/search?range=inc-in-stock&st=exb2hv"; VariantName = "[No Variations]"
Added Component: Designator=R20(RESCAXE-50P380X160X45-16N)
Add component. Clean all parameters for all variants
Add component (AddParameter): Name = "ComponentLink1Description"; Value = "Datasheet"; VariantName = "[No Variations]"
Add component (AddParameter): Name = "ComponentLink1URL"; Value = "https://www.mouser.de/datasheet/2/315/AOC0000C14-1108062.pdf"; VariantName = "[No Variations]"
Add component (AddParameter): Name = "ComponentLink2Description"; Value = "Landpattern"; VariantName = "[No Variations]"
Add component (AddParameter): Name = "ComponentLink2URL"; Value = "https://industrial.panasonic.com/cdbs/www-data/pdf/AOC0000/AOC0000COL4.pdf"; VariantName = "[No Variations]"
Add component (AddParameter): Name = "Created"; Value = "2020-01-03_Thilo_Wendt"; VariantName = "[No Variations]"
Add component (AddParameter): Name = "HelpURL"; Value = "https://www.mouser.de/datasheet/2/315/AOC0000C14-1108062.pdf"; VariantName = "[No Variations]"
Add component (AddParameter): Name = "Manufacturer1"; Value = "Panasonic"; VariantName = "[No Variations]"
Add component (AddParameter): Name = "MaxVoltage"; Value = "100"; VariantName = "[No Variations]"
Add component (AddParameter): Name = "MPN1"; Value = "EXB2HV<2dig_res+#zeros><tol/jumper>V"; VariantName = "[No Variations]"
Add component (AddParameter): Name = "Package"; Value = "CurrentFootprint"; VariantName = "[No Variations]"
Add component (AddParameter): Name = "Parameter1"; Value = "V"; VariantName = "[No Variations]"
Add component (AddParameter): Name = "Parameter1Desc"; Value = "Package Method"; VariantName = "[No Variations]"
Add component (AddParameter): Name = "Parameter2"; Value = "J"; VariantName = "[No Variations]"
Add component (AddParameter): Name = "Parameter2Desc"; Value = "Tolerance Symbol"; VariantName = "[No Variations]"
Add component (AddParameter): Name = "Parameter3"; Value = ""; VariantName = "[No Variations]"
Add component (AddParameter): Name = "Parameter3Desc"; Value = ""; VariantName = "[No Variations]"
Add component (AddParameter): Name = "Supplier1"; Value = "https://de.farnell.com/w/search?range=inc-in-stock&st=exb2hv"; VariantName = "[No Variations]"
Added Component: Designator=R21(RESCAXE-50P380X160X45-16N)
Add component. Clean all parameters for all variants
Add component (AddParameter): Name = "ComponentLink1Description"; Value = "Datasheet"; VariantName = "[No Variations]"
Add component (AddParameter): Name = "ComponentLink1URL"; Value = "https://www.mouser.de/datasheet/2/315/AOC0000C14-1108062.pdf"; VariantName = "[No Variations]"
Add component (AddParameter): Name = "ComponentLink2Description"; Value = "Landpattern"; VariantName = "[No Variations]"
Add component (AddParameter): Name = "ComponentLink2URL"; Value = "https://industrial.panasonic.com/cdbs/www-data/pdf/AOC0000/AOC0000COL4.pdf"; VariantName = "[No Variations]"
Add component (AddParameter): Name = "Created"; Value = "2020-01-03_Thilo_Wendt"; VariantName = "[No Variations]"
Add component (AddParameter): Name = "HelpURL"; Value = "https://www.mouser.de/datasheet/2/315/AOC0000C14-1108062.pdf"; VariantName = "[No Variations]"
Add component (AddParameter): Name = "Manufacturer1"; Value = "Panasonic"; VariantName = "[No Variations]"
Add component (AddParameter): Name = "MaxVoltage"; Value = "100"; VariantName = "[No Variations]"
Add component (AddParameter): Name = "MPN1"; Value = "EXB2HV<2dig_res+#zeros><tol/jumper>V"; VariantName = "[No Variations]"
Add component (AddParameter): Name = "Package"; Value = "CurrentFootprint"; VariantName = "[No Variations]"
Add component (AddParameter): Name = "Parameter1"; Value = "V"; VariantName = "[No Variations]"
Add component (AddParameter): Name = "Parameter1Desc"; Value = "Package Method"; VariantName = "[No Variations]"
Add component (AddParameter): Name = "Parameter2"; Value = "J"; VariantName = "[No Variations]"
Add component (AddParameter): Name = "Parameter2Desc"; Value = "Tolerance Symbol"; VariantName = "[No Variations]"
Add component (AddParameter): Name = "Parameter3"; Value = ""; VariantName = "[No Variations]"
Add component (AddParameter): Name = "Parameter3Desc"; Value = ""; VariantName = "[No Variations]"
Add component (AddParameter): Name = "Supplier1"; Value = "https://de.farnell.com/w/search?range=inc-in-stock&st=exb2hv"; VariantName = "[No Variations]"
Added Component: Designator=R22(RESCAXE-50P380X160X45-16N)
Add component. Clean all parameters for all variants
Add component (AddParameter): Name = "ComponentLink1Description"; Value = "Datasheet"; VariantName = "[No Variations]"
Add component (AddParameter): Name = "ComponentLink1URL"; Value = "https://www.mouser.de/datasheet/2/315/AOC0000C14-1108062.pdf"; VariantName = "[No Variations]"
Add component (AddParameter): Name = "ComponentLink2Description"; Value = "Landpattern"; VariantName = "[No Variations]"
Add component (AddParameter): Name = "ComponentLink2URL"; Value = "https://industrial.panasonic.com/cdbs/www-data/pdf/AOC0000/AOC0000COL4.pdf"; VariantName = "[No Variations]"
Add component (AddParameter): Name = "Created"; Value = "2020-01-03_Thilo_Wendt"; VariantName = "[No Variations]"
Add component (AddParameter): Name = "HelpURL"; Value = "https://www.mouser.de/datasheet/2/315/AOC0000C14-1108062.pdf"; VariantName = "[No Variations]"
Add component (AddParameter): Name = "Manufacturer1"; Value = "Panasonic"; VariantName = "[No Variations]"
Add component (AddParameter): Name = "MaxVoltage"; Value = "100"; VariantName = "[No Variations]"
Add component (AddParameter): Name = "MPN1"; Value = "EXB2HV<2dig_res+#zeros><tol/jumper>V"; VariantName = "[No Variations]"
Add component (AddParameter): Name = "Package"; Value = "CurrentFootprint"; VariantName = "[No Variations]"
Add component (AddParameter): Name = "Parameter1"; Value = "V"; VariantName = "[No Variations]"
Add component (AddParameter): Name = "Parameter1Desc"; Value = "Package Method"; VariantName = "[No Variations]"
Add component (AddParameter): Name = "Parameter2"; Value = "J"; VariantName = "[No Variations]"
Add component (AddParameter): Name = "Parameter2Desc"; Value = "Tolerance Symbol"; VariantName = "[No Variations]"
Add component (AddParameter): Name = "Parameter3"; Value = ""; VariantName = "[No Variations]"
Add component (AddParameter): Name = "Parameter3Desc"; Value = ""; VariantName = "[No Variations]"
Add component (AddParameter): Name = "Supplier1"; Value = "https://de.farnell.com/w/search?range=inc-in-stock&st=exb2hv"; VariantName = "[No Variations]"
Added Component: Designator=R23(RESCAXE-50P380X160X45-16N)
Add component. Clean all parameters for all variants
Add component (AddParameter): Name = "ComponentLink1Description"; Value = "Datasheet"; VariantName = "[No Variations]"
Add component (AddParameter): Name = "ComponentLink1URL"; Value = "https://www.mouser.de/datasheet/2/315/AOC0000C14-1108062.pdf"; VariantName = "[No Variations]"
Add component (AddParameter): Name = "ComponentLink2Description"; Value = "Landpattern"; VariantName = "[No Variations]"
Add component (AddParameter): Name = "ComponentLink2URL"; Value = "https://industrial.panasonic.com/cdbs/www-data/pdf/AOC0000/AOC0000COL4.pdf"; VariantName = "[No Variations]"
Add component (AddParameter): Name = "Created"; Value = "2020-01-03_Thilo_Wendt"; VariantName = "[No Variations]"
Add component (AddParameter): Name = "HelpURL"; Value = "https://www.mouser.de/datasheet/2/315/AOC0000C14-1108062.pdf"; VariantName = "[No Variations]"
Add component (AddParameter): Name = "Manufacturer1"; Value = "Panasonic"; VariantName = "[No Variations]"
Add component (AddParameter): Name = "MaxVoltage"; Value = "100"; VariantName = "[No Variations]"
Add component (AddParameter): Name = "MPN1"; Value = "EXB2HV<2dig_res+#zeros><tol/jumper>V"; VariantName = "[No Variations]"
Add component (AddParameter): Name = "Package"; Value = "CurrentFootprint"; VariantName = "[No Variations]"
Add component (AddParameter): Name = "Parameter1"; Value = "V"; VariantName = "[No Variations]"
Add component (AddParameter): Name = "Parameter1Desc"; Value = "Package Method"; VariantName = "[No Variations]"
Add component (AddParameter): Name = "Parameter2"; Value = "J"; VariantName = "[No Variations]"
Add component (AddParameter): Name = "Parameter2Desc"; Value = "Tolerance Symbol"; VariantName = "[No Variations]"
Add component (AddParameter): Name = "Parameter3"; Value = ""; VariantName = "[No Variations]"
Add component (AddParameter): Name = "Parameter3Desc"; Value = ""; VariantName = "[No Variations]"
Add component (AddParameter): Name = "Supplier1"; Value = "https://de.farnell.com/w/search?range=inc-in-stock&st=exb2hv"; VariantName = "[No Variations]"
Added Component: Designator=R24(RESCAXE-50P380X160X45-16N)
Add component. Clean all parameters for all variants
Add component (AddParameter): Name = "ComponentLink1Description"; Value = "Datasheet"; VariantName = "[No Variations]"
Add component (AddParameter): Name = "ComponentLink1URL"; Value = "https://www.mouser.de/datasheet/2/315/AOC0000C14-1108062.pdf"; VariantName = "[No Variations]"
Add component (AddParameter): Name = "ComponentLink2Description"; Value = "Landpattern"; VariantName = "[No Variations]"
Add component (AddParameter): Name = "ComponentLink2URL"; Value = "https://industrial.panasonic.com/cdbs/www-data/pdf/AOC0000/AOC0000COL4.pdf"; VariantName = "[No Variations]"
Add component (AddParameter): Name = "Created"; Value = "2020-01-03_Thilo_Wendt"; VariantName = "[No Variations]"
Add component (AddParameter): Name = "HelpURL"; Value = "https://www.mouser.de/datasheet/2/315/AOC0000C14-1108062.pdf"; VariantName = "[No Variations]"
Add component (AddParameter): Name = "Manufacturer1"; Value = "Panasonic"; VariantName = "[No Variations]"
Add component (AddParameter): Name = "MaxVoltage"; Value = "100"; VariantName = "[No Variations]"
Add component (AddParameter): Name = "MPN1"; Value = "EXB2HV<2dig_res+#zeros><tol/jumper>V"; VariantName = "[No Variations]"
Add component (AddParameter): Name = "Package"; Value = "CurrentFootprint"; VariantName = "[No Variations]"
Add component (AddParameter): Name = "Parameter1"; Value = "V"; VariantName = "[No Variations]"
Add component (AddParameter): Name = "Parameter1Desc"; Value = "Package Method"; VariantName = "[No Variations]"
Add component (AddParameter): Name = "Parameter2"; Value = "J"; VariantName = "[No Variations]"
Add component (AddParameter): Name = "Parameter2Desc"; Value = "Tolerance Symbol"; VariantName = "[No Variations]"
Add component (AddParameter): Name = "Parameter3"; Value = ""; VariantName = "[No Variations]"
Add component (AddParameter): Name = "Parameter3Desc"; Value = ""; VariantName = "[No Variations]"
Add component (AddParameter): Name = "Supplier1"; Value = "https://de.farnell.com/w/search?range=inc-in-stock&st=exb2hv"; VariantName = "[No Variations]"
Added Component: Designator=R25(RESCAXE-50P380X160X45-16N)
Add component. Clean all parameters for all variants
Add component (AddParameter): Name = "ComponentLink1Description"; Value = "Datasheet"; VariantName = "[No Variations]"
Add component (AddParameter): Name = "ComponentLink1URL"; Value = "https://www.mouser.de/datasheet/2/315/AOC0000C14-1108062.pdf"; VariantName = "[No Variations]"
Add component (AddParameter): Name = "ComponentLink2Description"; Value = "Landpattern"; VariantName = "[No Variations]"
Add component (AddParameter): Name = "ComponentLink2URL"; Value = "https://industrial.panasonic.com/cdbs/www-data/pdf/AOC0000/AOC0000COL4.pdf"; VariantName = "[No Variations]"
Add component (AddParameter): Name = "Created"; Value = "2020-01-03_Thilo_Wendt"; VariantName = "[No Variations]"
Add component (AddParameter): Name = "HelpURL"; Value = "https://www.mouser.de/datasheet/2/315/AOC0000C14-1108062.pdf"; VariantName = "[No Variations]"
Add component (AddParameter): Name = "Manufacturer1"; Value = "Panasonic"; VariantName = "[No Variations]"
Add component (AddParameter): Name = "MaxVoltage"; Value = "100"; VariantName = "[No Variations]"
Add component (AddParameter): Name = "MPN1"; Value = "EXB2HV<2dig_res+#zeros><tol/jumper>V"; VariantName = "[No Variations]"
Add component (AddParameter): Name = "Package"; Value = "CurrentFootprint"; VariantName = "[No Variations]"
Add component (AddParameter): Name = "Parameter1"; Value = "V"; VariantName = "[No Variations]"
Add component (AddParameter): Name = "Parameter1Desc"; Value = "Package Method"; VariantName = "[No Variations]"
Add component (AddParameter): Name = "Parameter2"; Value = "J"; VariantName = "[No Variations]"
Add component (AddParameter): Name = "Parameter2Desc"; Value = "Tolerance Symbol"; VariantName = "[No Variations]"
Add component (AddParameter): Name = "Parameter3"; Value = ""; VariantName = "[No Variations]"
Add component (AddParameter): Name = "Parameter3Desc"; Value = ""; VariantName = "[No Variations]"
Add component (AddParameter): Name = "Supplier1"; Value = "https://de.farnell.com/w/search?range=inc-in-stock&st=exb2hv"; VariantName = "[No Variations]"
Added Component: Designator=R26(RESCAXE-50P380X160X45-16N)
Add component. Clean all parameters for all variants
Add component (AddParameter): Name = "ComponentLink1Description"; Value = "Datasheet"; VariantName = "[No Variations]"
Add component (AddParameter): Name = "ComponentLink1URL"; Value = "https://www.mouser.de/datasheet/2/315/AOC0000C14-1108062.pdf"; VariantName = "[No Variations]"
Add component (AddParameter): Name = "ComponentLink2Description"; Value = "Landpattern"; VariantName = "[No Variations]"
Add component (AddParameter): Name = "ComponentLink2URL"; Value = "https://industrial.panasonic.com/cdbs/www-data/pdf/AOC0000/AOC0000COL4.pdf"; VariantName = "[No Variations]"
Add component (AddParameter): Name = "Created"; Value = "2020-01-03_Thilo_Wendt"; VariantName = "[No Variations]"
Add component (AddParameter): Name = "HelpURL"; Value = "https://www.mouser.de/datasheet/2/315/AOC0000C14-1108062.pdf"; VariantName = "[No Variations]"
Add component (AddParameter): Name = "Manufacturer1"; Value = "Panasonic"; VariantName = "[No Variations]"
Add component (AddParameter): Name = "MaxVoltage"; Value = "100"; VariantName = "[No Variations]"
Add component (AddParameter): Name = "MPN1"; Value = "EXB2HV<2dig_res+#zeros><tol/jumper>V"; VariantName = "[No Variations]"
Add component (AddParameter): Name = "Package"; Value = "CurrentFootprint"; VariantName = "[No Variations]"
Add component (AddParameter): Name = "Parameter1"; Value = "V"; VariantName = "[No Variations]"
Add component (AddParameter): Name = "Parameter1Desc"; Value = "Package Method"; VariantName = "[No Variations]"
Add component (AddParameter): Name = "Parameter2"; Value = "J"; VariantName = "[No Variations]"
Add component (AddParameter): Name = "Parameter2Desc"; Value = "Tolerance Symbol"; VariantName = "[No Variations]"
Add component (AddParameter): Name = "Parameter3"; Value = ""; VariantName = "[No Variations]"
Add component (AddParameter): Name = "Parameter3Desc"; Value = ""; VariantName = "[No Variations]"
Add component (AddParameter): Name = "Supplier1"; Value = "https://de.farnell.com/w/search?range=inc-in-stock&st=exb2hv"; VariantName = "[No Variations]"
Added Component: Designator=R27(RESCAXE-50P380X160X45-16N)
Add component. Clean all parameters for all variants
Add component (AddParameter): Name = "ComponentLink1Description"; Value = "Datasheet"; VariantName = "[No Variations]"
Add component (AddParameter): Name = "ComponentLink1URL"; Value = "https://www.mouser.de/datasheet/2/315/AOC0000C14-1108062.pdf"; VariantName = "[No Variations]"
Add component (AddParameter): Name = "ComponentLink2Description"; Value = "Landpattern"; VariantName = "[No Variations]"
Add component (AddParameter): Name = "ComponentLink2URL"; Value = "https://industrial.panasonic.com/cdbs/www-data/pdf/AOC0000/AOC0000COL4.pdf"; VariantName = "[No Variations]"
Add component (AddParameter): Name = "Created"; Value = "2020-01-03_Thilo_Wendt"; VariantName = "[No Variations]"
Add component (AddParameter): Name = "HelpURL"; Value = "https://www.mouser.de/datasheet/2/315/AOC0000C14-1108062.pdf"; VariantName = "[No Variations]"
Add component (AddParameter): Name = "Manufacturer1"; Value = "Panasonic"; VariantName = "[No Variations]"
Add component (AddParameter): Name = "MaxVoltage"; Value = "100"; VariantName = "[No Variations]"
Add component (AddParameter): Name = "MPN1"; Value = "EXB2HV<2dig_res+#zeros><tol/jumper>V"; VariantName = "[No Variations]"
Add component (AddParameter): Name = "Package"; Value = "CurrentFootprint"; VariantName = "[No Variations]"
Add component (AddParameter): Name = "Parameter1"; Value = "V"; VariantName = "[No Variations]"
Add component (AddParameter): Name = "Parameter1Desc"; Value = "Package Method"; VariantName = "[No Variations]"
Add component (AddParameter): Name = "Parameter2"; Value = "J"; VariantName = "[No Variations]"
Add component (AddParameter): Name = "Parameter2Desc"; Value = "Tolerance Symbol"; VariantName = "[No Variations]"
Add component (AddParameter): Name = "Parameter3"; Value = ""; VariantName = "[No Variations]"
Add component (AddParameter): Name = "Parameter3Desc"; Value = ""; VariantName = "[No Variations]"
Add component (AddParameter): Name = "Supplier1"; Value = "https://de.farnell.com/w/search?range=inc-in-stock&st=exb2hv"; VariantName = "[No Variations]"
Added Component: Designator=R28(RESCAXE-50P380X160X45-16N)
Add component. Clean all parameters for all variants
Add component (AddParameter): Name = "ComponentLink1Description"; Value = "Datasheet"; VariantName = "[No Variations]"
Add component (AddParameter): Name = "ComponentLink1URL"; Value = "https://www.mouser.de/datasheet/2/315/AOC0000C14-1108062.pdf"; VariantName = "[No Variations]"
Add component (AddParameter): Name = "ComponentLink2Description"; Value = "Landpattern"; VariantName = "[No Variations]"
Add component (AddParameter): Name = "ComponentLink2URL"; Value = "https://industrial.panasonic.com/cdbs/www-data/pdf/AOC0000/AOC0000COL4.pdf"; VariantName = "[No Variations]"
Add component (AddParameter): Name = "Created"; Value = "2020-01-03_Thilo_Wendt"; VariantName = "[No Variations]"
Add component (AddParameter): Name = "HelpURL"; Value = "https://www.mouser.de/datasheet/2/315/AOC0000C14-1108062.pdf"; VariantName = "[No Variations]"
Add component (AddParameter): Name = "Manufacturer1"; Value = "Panasonic"; VariantName = "[No Variations]"
Add component (AddParameter): Name = "MaxVoltage"; Value = "100"; VariantName = "[No Variations]"
Add component (AddParameter): Name = "MPN1"; Value = "EXB2HV<2dig_res+#zeros><tol/jumper>V"; VariantName = "[No Variations]"
Add component (AddParameter): Name = "Package"; Value = "CurrentFootprint"; VariantName = "[No Variations]"
Add component (AddParameter): Name = "Parameter1"; Value = "V"; VariantName = "[No Variations]"
Add component (AddParameter): Name = "Parameter1Desc"; Value = "Package Method"; VariantName = "[No Variations]"
Add component (AddParameter): Name = "Parameter2"; Value = "J"; VariantName = "[No Variations]"
Add component (AddParameter): Name = "Parameter2Desc"; Value = "Tolerance Symbol"; VariantName = "[No Variations]"
Add component (AddParameter): Name = "Parameter3"; Value = ""; VariantName = "[No Variations]"
Add component (AddParameter): Name = "Parameter3Desc"; Value = ""; VariantName = "[No Variations]"
Add component (AddParameter): Name = "Supplier1"; Value = "https://de.farnell.com/w/search?range=inc-in-stock&st=exb2hv"; VariantName = "[No Variations]"
Added Component: Designator=R29(RESCAXE-50P380X160X45-16N)
Add component. Clean all parameters for all variants
Add component (AddParameter): Name = "ComponentLink1Description"; Value = "Datasheet"; VariantName = "[No Variations]"
Add component (AddParameter): Name = "ComponentLink1URL"; Value = "https://www.mouser.de/datasheet/2/315/AOC0000C14-1108062.pdf"; VariantName = "[No Variations]"
Add component (AddParameter): Name = "ComponentLink2Description"; Value = "Landpattern"; VariantName = "[No Variations]"
Add component (AddParameter): Name = "ComponentLink2URL"; Value = "https://industrial.panasonic.com/cdbs/www-data/pdf/AOC0000/AOC0000COL4.pdf"; VariantName = "[No Variations]"
Add component (AddParameter): Name = "Created"; Value = "2020-01-03_Thilo_Wendt"; VariantName = "[No Variations]"
Add component (AddParameter): Name = "HelpURL"; Value = "https://www.mouser.de/datasheet/2/315/AOC0000C14-1108062.pdf"; VariantName = "[No Variations]"
Add component (AddParameter): Name = "Manufacturer1"; Value = "Panasonic"; VariantName = "[No Variations]"
Add component (AddParameter): Name = "MaxVoltage"; Value = "100"; VariantName = "[No Variations]"
Add component (AddParameter): Name = "MPN1"; Value = "EXB2HV<2dig_res+#zeros><tol/jumper>V"; VariantName = "[No Variations]"
Add component (AddParameter): Name = "Package"; Value = "CurrentFootprint"; VariantName = "[No Variations]"
Add component (AddParameter): Name = "Parameter1"; Value = "V"; VariantName = "[No Variations]"
Add component (AddParameter): Name = "Parameter1Desc"; Value = "Package Method"; VariantName = "[No Variations]"
Add component (AddParameter): Name = "Parameter2"; Value = "J"; VariantName = "[No Variations]"
Add component (AddParameter): Name = "Parameter2Desc"; Value = "Tolerance Symbol"; VariantName = "[No Variations]"
Add component (AddParameter): Name = "Parameter3"; Value = ""; VariantName = "[No Variations]"
Add component (AddParameter): Name = "Parameter3Desc"; Value = ""; VariantName = "[No Variations]"
Add component (AddParameter): Name = "Supplier1"; Value = "https://de.farnell.com/w/search?range=inc-in-stock&st=exb2hv"; VariantName = "[No Variations]"
Added Component: Designator=R30(RESCAXE-50P380X160X45-16N)
Add component. Clean all parameters for all variants
Add component (AddParameter): Name = "ComponentLink1Description"; Value = "Datasheet"; VariantName = "[No Variations]"
Add component (AddParameter): Name = "ComponentLink1URL"; Value = "https://www.mouser.de/datasheet/2/315/AOC0000C14-1108062.pdf"; VariantName = "[No Variations]"
Add component (AddParameter): Name = "ComponentLink2Description"; Value = "Landpattern"; VariantName = "[No Variations]"
Add component (AddParameter): Name = "ComponentLink2URL"; Value = "https://industrial.panasonic.com/cdbs/www-data/pdf/AOC0000/AOC0000COL4.pdf"; VariantName = "[No Variations]"
Add component (AddParameter): Name = "Created"; Value = "2020-01-03_Thilo_Wendt"; VariantName = "[No Variations]"
Add component (AddParameter): Name = "HelpURL"; Value = "https://www.mouser.de/datasheet/2/315/AOC0000C14-1108062.pdf"; VariantName = "[No Variations]"
Add component (AddParameter): Name = "Manufacturer1"; Value = "Panasonic"; VariantName = "[No Variations]"
Add component (AddParameter): Name = "MaxVoltage"; Value = "100"; VariantName = "[No Variations]"
Add component (AddParameter): Name = "MPN1"; Value = "EXB2HV<2dig_res+#zeros><tol/jumper>V"; VariantName = "[No Variations]"
Add component (AddParameter): Name = "Package"; Value = "CurrentFootprint"; VariantName = "[No Variations]"
Add component (AddParameter): Name = "Parameter1"; Value = "V"; VariantName = "[No Variations]"
Add component (AddParameter): Name = "Parameter1Desc"; Value = "Package Method"; VariantName = "[No Variations]"
Add component (AddParameter): Name = "Parameter2"; Value = "J"; VariantName = "[No Variations]"
Add component (AddParameter): Name = "Parameter2Desc"; Value = "Tolerance Symbol"; VariantName = "[No Variations]"
Add component (AddParameter): Name = "Parameter3"; Value = ""; VariantName = "[No Variations]"
Add component (AddParameter): Name = "Parameter3Desc"; Value = ""; VariantName = "[No Variations]"
Add component (AddParameter): Name = "Supplier1"; Value = "https://de.farnell.com/w/search?range=inc-in-stock&st=exb2hv"; VariantName = "[No Variations]"
Added Component: Designator=U4A(TI_D-R-PDSO-G16_N)
Add component. Clean all parameters for all variants
Add component (AddParameter): Name = "ComponentLink1Description"; Value = "Datasheet"; VariantName = "[No Variations]"
Add component (AddParameter): Name = "ComponentLink1URL"; Value = "http://www.ti.com/general/docs/lit/getliterature.tsp?genericPartNumber=DS26LV32AT&fileType=pdf"; VariantName = "[No Variations]"
Add component (AddParameter): Name = "Created"; Value = "2020-01-03_Thilo_Wendt"; VariantName = "[No Variations]"
Add component (AddParameter): Name = "HelpURL"; Value = "http://www.ti.com/general/docs/lit/getliterature.tsp?genericPartNumber=DS26LV32AT&fileType=pdf"; VariantName = "[No Variations]"
Add component (AddParameter): Name = "Max Voltage"; Value = "3.6"; VariantName = "[No Variations]"
Add component (AddParameter): Name = "MF1"; Value = "Texas Instruments"; VariantName = "[No Variations]"
Add component (AddParameter): Name = "MPN1"; Value = "DS26LV32ATM"; VariantName = "[No Variations]"
Add component (AddParameter): Name = "Package"; Value = "CurrentFootprint"; VariantName = "[No Variations]"
Add component (AddParameter): Name = "SPN1"; Value = "1468999"; VariantName = "[No Variations]"
Add component (AddParameter): Name = "Supplier1"; Value = "Farnell"; VariantName = "[No Variations]"
Add component (AddParameter): Name = "Value"; Value = "DS26LV32ATM"; VariantName = "[No Variations]"
Added Component: Designator=U4B(TI_D-R-PDSO-G16_N)
Add component. Clean all parameters for all variants
Add component (AddParameter): Name = "ComponentLink1Description"; Value = "Datasheet"; VariantName = "[No Variations]"
Add component (AddParameter): Name = "ComponentLink1URL"; Value = "http://www.ti.com/general/docs/lit/getliterature.tsp?genericPartNumber=DS26LV32AT&fileType=pdf"; VariantName = "[No Variations]"
Add component (AddParameter): Name = "Created"; Value = "2020-01-03_Thilo_Wendt"; VariantName = "[No Variations]"
Add component (AddParameter): Name = "HelpURL"; Value = "http://www.ti.com/general/docs/lit/getliterature.tsp?genericPartNumber=DS26LV32AT&fileType=pdf"; VariantName = "[No Variations]"
Add component (AddParameter): Name = "Max Voltage"; Value = "3.6"; VariantName = "[No Variations]"
Add component (AddParameter): Name = "MF1"; Value = "Texas Instruments"; VariantName = "[No Variations]"
Add component (AddParameter): Name = "MPN1"; Value = "DS26LV32ATM"; VariantName = "[No Variations]"
Add component (AddParameter): Name = "Package"; Value = "CurrentFootprint"; VariantName = "[No Variations]"
Add component (AddParameter): Name = "SPN1"; Value = "1468999"; VariantName = "[No Variations]"
Add component (AddParameter): Name = "Supplier1"; Value = "Farnell"; VariantName = "[No Variations]"
Add component (AddParameter): Name = "Value"; Value = "DS26LV32ATM"; VariantName = "[No Variations]"
Added Component: Designator=U4C(TI_D-R-PDSO-G16_N)
Add component. Clean all parameters for all variants
Add component (AddParameter): Name = "ComponentLink1Description"; Value = "Datasheet"; VariantName = "[No Variations]"
Add component (AddParameter): Name = "ComponentLink1URL"; Value = "http://www.ti.com/general/docs/lit/getliterature.tsp?genericPartNumber=DS26LV32AT&fileType=pdf"; VariantName = "[No Variations]"
Add component (AddParameter): Name = "Created"; Value = "2020-01-03_Thilo_Wendt"; VariantName = "[No Variations]"
Add component (AddParameter): Name = "HelpURL"; Value = "http://www.ti.com/general/docs/lit/getliterature.tsp?genericPartNumber=DS26LV32AT&fileType=pdf"; VariantName = "[No Variations]"
Add component (AddParameter): Name = "Max Voltage"; Value = "3.6"; VariantName = "[No Variations]"
Add component (AddParameter): Name = "MF1"; Value = "Texas Instruments"; VariantName = "[No Variations]"
Add component (AddParameter): Name = "MPN1"; Value = "DS26LV32ATM"; VariantName = "[No Variations]"
Add component (AddParameter): Name = "Package"; Value = "CurrentFootprint"; VariantName = "[No Variations]"
Add component (AddParameter): Name = "SPN1"; Value = "1468999"; VariantName = "[No Variations]"
Add component (AddParameter): Name = "Supplier1"; Value = "Farnell"; VariantName = "[No Variations]"
Add component (AddParameter): Name = "Value"; Value = "DS26LV32ATM"; VariantName = "[No Variations]"
Added Component: Designator=U4D(TI_D-R-PDSO-G16_N)
Add component. Clean all parameters for all variants
Add component (AddParameter): Name = "ComponentLink1Description"; Value = "Datasheet"; VariantName = "[No Variations]"
Add component (AddParameter): Name = "ComponentLink1URL"; Value = "http://www.ti.com/general/docs/lit/getliterature.tsp?genericPartNumber=DS26LV32AT&fileType=pdf"; VariantName = "[No Variations]"
Add component (AddParameter): Name = "Created"; Value = "2020-01-03_Thilo_Wendt"; VariantName = "[No Variations]"
Add component (AddParameter): Name = "HelpURL"; Value = "http://www.ti.com/general/docs/lit/getliterature.tsp?genericPartNumber=DS26LV32AT&fileType=pdf"; VariantName = "[No Variations]"
Add component (AddParameter): Name = "Max Voltage"; Value = "3.6"; VariantName = "[No Variations]"
Add component (AddParameter): Name = "MF1"; Value = "Texas Instruments"; VariantName = "[No Variations]"
Add component (AddParameter): Name = "MPN1"; Value = "DS26LV32ATM"; VariantName = "[No Variations]"
Add component (AddParameter): Name = "Package"; Value = "CurrentFootprint"; VariantName = "[No Variations]"
Add component (AddParameter): Name = "SPN1"; Value = "1468999"; VariantName = "[No Variations]"
Add component (AddParameter): Name = "Supplier1"; Value = "Farnell"; VariantName = "[No Variations]"
Add component (AddParameter): Name = "Value"; Value = "DS26LV32ATM"; VariantName = "[No Variations]"
Added Component: Designator=U4E(TI_D-R-PDSO-G16_N)
Add component. Clean all parameters for all variants
Add component (AddParameter): Name = "ComponentLink1Description"; Value = "Datasheet"; VariantName = "[No Variations]"
Add component (AddParameter): Name = "ComponentLink1URL"; Value = "http://www.ti.com/general/docs/lit/getliterature.tsp?genericPartNumber=DS26LV32AT&fileType=pdf"; VariantName = "[No Variations]"
Add component (AddParameter): Name = "Created"; Value = "2020-01-03_Thilo_Wendt"; VariantName = "[No Variations]"
Add component (AddParameter): Name = "HelpURL"; Value = "http://www.ti.com/general/docs/lit/getliterature.tsp?genericPartNumber=DS26LV32AT&fileType=pdf"; VariantName = "[No Variations]"
Add component (AddParameter): Name = "Max Voltage"; Value = "3.6"; VariantName = "[No Variations]"
Add component (AddParameter): Name = "MF1"; Value = "Texas Instruments"; VariantName = "[No Variations]"
Add component (AddParameter): Name = "MPN1"; Value = "DS26LV32ATM"; VariantName = "[No Variations]"
Add component (AddParameter): Name = "Package"; Value = "CurrentFootprint"; VariantName = "[No Variations]"
Add component (AddParameter): Name = "SPN1"; Value = "1468999"; VariantName = "[No Variations]"
Add component (AddParameter): Name = "Supplier1"; Value = "Farnell"; VariantName = "[No Variations]"
Add component (AddParameter): Name = "Value"; Value = "DS26LV32ATM"; VariantName = "[No Variations]"
Added Component: Designator=U4F(TI_D-R-PDSO-G16_N)
Add component. Clean all parameters for all variants
Add component (AddParameter): Name = "ComponentLink1Description"; Value = "Datasheet"; VariantName = "[No Variations]"
Add component (AddParameter): Name = "ComponentLink1URL"; Value = "http://www.ti.com/general/docs/lit/getliterature.tsp?genericPartNumber=DS26LV32AT&fileType=pdf"; VariantName = "[No Variations]"
Add component (AddParameter): Name = "Created"; Value = "2020-01-03_Thilo_Wendt"; VariantName = "[No Variations]"
Add component (AddParameter): Name = "HelpURL"; Value = "http://www.ti.com/general/docs/lit/getliterature.tsp?genericPartNumber=DS26LV32AT&fileType=pdf"; VariantName = "[No Variations]"
Add component (AddParameter): Name = "Max Voltage"; Value = "3.6"; VariantName = "[No Variations]"
Add component (AddParameter): Name = "MF1"; Value = "Texas Instruments"; VariantName = "[No Variations]"
Add component (AddParameter): Name = "MPN1"; Value = "DS26LV32ATM"; VariantName = "[No Variations]"
Add component (AddParameter): Name = "Package"; Value = "CurrentFootprint"; VariantName = "[No Variations]"
Add component (AddParameter): Name = "SPN1"; Value = "1468999"; VariantName = "[No Variations]"
Add component (AddParameter): Name = "Supplier1"; Value = "Farnell"; VariantName = "[No Variations]"
Add component (AddParameter): Name = "Value"; Value = "DS26LV32ATM"; VariantName = "[No Variations]"
Added Component: Designator=U4G(TI_D-R-PDSO-G16_N)
Add component. Clean all parameters for all variants
Add component (AddParameter): Name = "ComponentLink1Description"; Value = "Datasheet"; VariantName = "[No Variations]"
Add component (AddParameter): Name = "ComponentLink1URL"; Value = "http://www.ti.com/general/docs/lit/getliterature.tsp?genericPartNumber=DS26LV32AT&fileType=pdf"; VariantName = "[No Variations]"
Add component (AddParameter): Name = "Created"; Value = "2020-01-03_Thilo_Wendt"; VariantName = "[No Variations]"
Add component (AddParameter): Name = "HelpURL"; Value = "http://www.ti.com/general/docs/lit/getliterature.tsp?genericPartNumber=DS26LV32AT&fileType=pdf"; VariantName = "[No Variations]"
Add component (AddParameter): Name = "Max Voltage"; Value = "3.6"; VariantName = "[No Variations]"
Add component (AddParameter): Name = "MF1"; Value = "Texas Instruments"; VariantName = "[No Variations]"
Add component (AddParameter): Name = "MPN1"; Value = "DS26LV32ATM"; VariantName = "[No Variations]"
Add component (AddParameter): Name = "Package"; Value = "CurrentFootprint"; VariantName = "[No Variations]"
Add component (AddParameter): Name = "SPN1"; Value = "1468999"; VariantName = "[No Variations]"
Add component (AddParameter): Name = "Supplier1"; Value = "Farnell"; VariantName = "[No Variations]"
Add component (AddParameter): Name = "Value"; Value = "DS26LV32ATM"; VariantName = "[No Variations]"
Added Component: Designator=U4H(TI_D-R-PDSO-G16_N)
Add component. Clean all parameters for all variants
Add component (AddParameter): Name = "ComponentLink1Description"; Value = "Datasheet"; VariantName = "[No Variations]"
Add component (AddParameter): Name = "ComponentLink1URL"; Value = "http://www.ti.com/general/docs/lit/getliterature.tsp?genericPartNumber=DS26LV32AT&fileType=pdf"; VariantName = "[No Variations]"
Add component (AddParameter): Name = "Created"; Value = "2020-01-03_Thilo_Wendt"; VariantName = "[No Variations]"
Add component (AddParameter): Name = "HelpURL"; Value = "http://www.ti.com/general/docs/lit/getliterature.tsp?genericPartNumber=DS26LV32AT&fileType=pdf"; VariantName = "[No Variations]"
Add component (AddParameter): Name = "Max Voltage"; Value = "3.6"; VariantName = "[No Variations]"
Add component (AddParameter): Name = "MF1"; Value = "Texas Instruments"; VariantName = "[No Variations]"
Add component (AddParameter): Name = "MPN1"; Value = "DS26LV32ATM"; VariantName = "[No Variations]"
Add component (AddParameter): Name = "Package"; Value = "CurrentFootprint"; VariantName = "[No Variations]"
Add component (AddParameter): Name = "SPN1"; Value = "1468999"; VariantName = "[No Variations]"
Add component (AddParameter): Name = "Supplier1"; Value = "Farnell"; VariantName = "[No Variations]"
Add component (AddParameter): Name = "Value"; Value = "DS26LV32ATM"; VariantName = "[No Variations]"
Added Pin To Net: NetName=DIG_IO_5V_A1 Pin=R15-1
Added Pin To Net: NetName=DIG_IO_5V_B1 Pin=R15-2
Added Pin To Net: NetName=DIG_IO_5V_C1 Pin=R15-3
Added Pin To Net: NetName=DIG_IO_5V_D1 Pin=R15-4
Added Pin To Net: NetName=DIG_IO_5V_E1 Pin=R15-5
Added Pin To Net: NetName=DIG_IO_5V_F1 Pin=R15-6
Added Pin To Net: NetName=DIG_IO_5V_A2 Pin=R15-7
Added Pin To Net: NetName=DIG_IO_5V_B2 Pin=R15-8
Added Pin To Net: NetName=DIG_IO_5V_C2 Pin=R16-1
Added Pin To Net: NetName=DIG_IO_5V_D2 Pin=R16-2
Added Pin To Net: NetName=DIG_IO_5V_E2 Pin=R16-3
Added Pin To Net: NetName=DIG_IO_5V_F2 Pin=R16-4
Added Pin To Net: NetName=DIG_IO_5V_A3 Pin=R16-5
Added Pin To Net: NetName=DIG_IO_5V_B3 Pin=R16-6
Added Pin To Net: NetName=DIG_IO_5V_C3 Pin=R16-7
Added Pin To Net: NetName=DIG_IO_5V_D3 Pin=R16-8
Added Pin To Net: NetName=2B8A Pin=R17-1
Added Pin To Net: NetName=2B7A Pin=R17-2
Added Pin To Net: NetName=DIG_IO_5V_E3 Pin=R17-3
Added Pin To Net: NetName=DIG_IO_5V_F3 Pin=R17-4
Added Pin To Net: NetName=DIG_IO_5V_A4 Pin=R17-5
Added Pin To Net: NetName=DIG_IO_5V_B4 Pin=R17-6
Added Pin To Net: NetName=DIG_IO_5V_C4 Pin=R17-7
Added Pin To Net: NetName=DIG_IO_5V_D4 Pin=R17-8
Added Pin To Net: NetName=DIG_IO_5V_E4 Pin=R18-1
Added Pin To Net: NetName=DIG_IO_5V_F4 Pin=R18-2
Added Pin To Net: NetName=DIG_IO_5V_A5 Pin=R18-3
Added Pin To Net: NetName=DIG_IO_5V_B5 Pin=R18-4
Added Pin To Net: NetName=DIG_IO_5V_C5 Pin=R18-5
Added Pin To Net: NetName=DIG_IO_5V_D5 Pin=R18-6
Added Pin To Net: NetName=DIG_IO_5V_E5 Pin=R18-7
Added Pin To Net: NetName=DIG_IO_5V_F5 Pin=R18-8
Added Pin To Net: NetName=DIG_IO_3V3_C8 Pin=R19-1
Added Pin To Net: NetName=DIG_IO_3V3_A8 Pin=R19-2
Added Pin To Net: NetName=DIG_IO_3V3_C7 Pin=R19-3
Added Pin To Net: NetName=DIG_IO_3V3_B7 Pin=R19-4
Added Pin To Net: NetName=DIG_IO_3V3_D7 Pin=R19-5
Added Pin To Net: NetName=DIG_IO_3V3_A7 Pin=R19-6
Added Pin To Net: NetName=DIG_IO_3V3_C6 Pin=R19-7
Added Pin To Net: NetName=DIG_IO_3V3_B6 Pin=R19-8
Added Pin To Net: NetName=DIG_IO_3V3_D6 Pin=R20-1
Added Pin To Net: NetName=DIG_IO_3V3_A6 Pin=R20-2
Added Pin To Net: NetName=DIG_IO_3V3_C5 Pin=R20-3
Added Pin To Net: NetName=DIG_IO_3V3_B5 Pin=R20-4
Added Pin To Net: NetName=DIG_IO_3V3_D5 Pin=R20-5
Added Pin To Net: NetName=DIG_IO_3V3_A5 Pin=R20-6
Added Pin To Net: NetName=DIG_IO_3V3_C4 Pin=R20-7
Added Pin To Net: NetName=DIG_IO_3V3_B4 Pin=R20-8
Added Pin To Net: NetName=DIG_IO_3V3_D4 Pin=R21-1
Added Pin To Net: NetName=DIG_IO_3V3_A4 Pin=R21-2
Added Pin To Net: NetName=DIG_IO_3V3_C3 Pin=R21-3
Added Pin To Net: NetName=DIG_IO_3V3_B3 Pin=R21-4
Added Pin To Net: NetName=DIG_IO_3V3_D3 Pin=R21-5
Added Pin To Net: NetName=DIG_IO_3V3_A3 Pin=R21-6
Added Pin To Net: NetName=DIG_IO_3V3_C2 Pin=R21-7
Added Pin To Net: NetName=DIG_IO_3V3_B2 Pin=R21-8
Added Pin To Net: NetName=DIG_IO_3V3_D2 Pin=R22-1
Added Pin To Net: NetName=DIG_IO_3V3_A2 Pin=R22-2
Added Pin To Net: NetName=DIG_IO_3V3_C1 Pin=R22-3
Added Pin To Net: NetName=DIG_IO_3V3_B1 Pin=R22-4
Added Pin To Net: NetName=DIG_IO_3V3_D1 Pin=R22-5
Added Pin To Net: NetName=DIG_IO_3V3_A1 Pin=R22-6
Added Pin To Net: NetName=DIG_IO_3V3_A1 Pin=U4A-3
Added Pin To Net: NetName=ENABLE Pin=U4A-4
Added Pin To Net: NetName=DIG_IO_3V3_B1 Pin=U4A-5
Added Pin To Net: NetName=GND Pin=U4A-8
Added Pin To Net: NetName=DIG_IO_3V3_C1 Pin=U4A-11
Added Pin To Net: NetName=3V3 Pin=U4A-12
Added Pin To Net: NetName=DIG_IO_3V3_D1 Pin=U4A-13
Added Pin To Net: NetName=3V3 Pin=U4A-16
Added Pin To Net: NetName=DIG_IO_3V3_A2 Pin=U4B-3
Added Pin To Net: NetName=ENABLE Pin=U4B-4
Added Pin To Net: NetName=DIG_IO_3V3_B2 Pin=U4B-5
Added Pin To Net: NetName=GND Pin=U4B-8
Added Pin To Net: NetName=DIG_IO_3V3_C2 Pin=U4B-11
Added Pin To Net: NetName=3V3 Pin=U4B-12
Added Pin To Net: NetName=DIG_IO_3V3_D2 Pin=U4B-13
Added Pin To Net: NetName=3V3 Pin=U4B-16
Added Pin To Net: NetName=DIG_IO_3V3_A3 Pin=U4C-3
Added Pin To Net: NetName=ENABLE Pin=U4C-4
Added Pin To Net: NetName=DIG_IO_3V3_B3 Pin=U4C-5
Added Pin To Net: NetName=GND Pin=U4C-8
Added Pin To Net: NetName=DIG_IO_3V3_C3 Pin=U4C-11
Added Pin To Net: NetName=3V3 Pin=U4C-12
Added Pin To Net: NetName=DIG_IO_3V3_D3 Pin=U4C-13
Added Pin To Net: NetName=3V3 Pin=U4C-16
Added Pin To Net: NetName=DIG_IO_3V3_A4 Pin=U4D-3
Added Pin To Net: NetName=ENABLE Pin=U4D-4
Added Pin To Net: NetName=DIG_IO_3V3_B4 Pin=U4D-5
Added Pin To Net: NetName=GND Pin=U4D-8
Added Pin To Net: NetName=DIG_IO_3V3_C4 Pin=U4D-11
Added Pin To Net: NetName=3V3 Pin=U4D-12
Added Pin To Net: NetName=DIG_IO_3V3_D4 Pin=U4D-13
Added Pin To Net: NetName=3V3 Pin=U4D-16
Added Pin To Net: NetName=DIG_IO_3V3_A5 Pin=U4E-3
Added Pin To Net: NetName=ENABLE Pin=U4E-4
Added Pin To Net: NetName=DIG_IO_3V3_B5 Pin=U4E-5
Added Pin To Net: NetName=GND Pin=U4E-8
Added Pin To Net: NetName=DIG_IO_3V3_C5 Pin=U4E-11
Added Pin To Net: NetName=3V3 Pin=U4E-12
Added Pin To Net: NetName=DIG_IO_3V3_D5 Pin=U4E-13
Added Pin To Net: NetName=3V3 Pin=U4E-16
Added Pin To Net: NetName=DIG_IO_3V3_A6 Pin=U4F-3
Added Pin To Net: NetName=ENABLE Pin=U4F-4
Added Pin To Net: NetName=DIG_IO_3V3_B6 Pin=U4F-5
Added Pin To Net: NetName=GND Pin=U4F-8
Added Pin To Net: NetName=DIG_IO_3V3_C6 Pin=U4F-11
Added Pin To Net: NetName=3V3 Pin=U4F-12
Added Pin To Net: NetName=DIG_IO_3V3_D6 Pin=U4F-13
Added Pin To Net: NetName=3V3 Pin=U4F-16
Added Pin To Net: NetName=DIG_IO_3V3_A7 Pin=U4G-3
Added Pin To Net: NetName=ENABLE Pin=U4G-4
Added Pin To Net: NetName=DIG_IO_3V3_B7 Pin=U4G-5
Added Pin To Net: NetName=GND Pin=U4G-8
Added Pin To Net: NetName=DIG_IO_3V3_C7 Pin=U4G-11
Added Pin To Net: NetName=3V3 Pin=U4G-12
Added Pin To Net: NetName=DIG_IO_3V3_D7 Pin=U4G-13
Added Pin To Net: NetName=3V3 Pin=U4G-16
Added Pin To Net: NetName=DIG_IO_3V3_A8 Pin=U4H-3
Added Pin To Net: NetName=ENABLE Pin=U4H-4
Added Pin To Net: NetName=DIG_IO_3V3_C8 Pin=U4H-5
Added Pin To Net: NetName=GND Pin=U4H-8
Added Pin To Net: NetName=3V3 Pin=U4H-12
Added Pin To Net: NetName=3V3 Pin=U4H-16
Added Pin To Net: NetName=DIG_I_DIFF_A_N1 Pin=R25-1
Added Pin To Net: NetName=DIG_I_DIFF_A_N1 Pin=U3_RS422B-3
Added Pin To Net: NetName=DIG_I_DIFF_A_N1 Pin=U4A-1
Added Net: Name=DIG_I_DIFF_A_N1
Added Pin To Net: NetName=DIG_I_DIFF_A_N2 Pin=R25-5
Added Pin To Net: NetName=DIG_I_DIFF_A_N2 Pin=U3_RS422C-3
Added Pin To Net: NetName=DIG_I_DIFF_A_N2 Pin=U4B-1
Added Net: Name=DIG_I_DIFF_A_N2
Added Pin To Net: NetName=DIG_I_DIFF_A_N3 Pin=R26-1
Added Pin To Net: NetName=DIG_I_DIFF_A_N3 Pin=U3_RS422D-3
Added Pin To Net: NetName=DIG_I_DIFF_A_N3 Pin=U4C-1
Added Net: Name=DIG_I_DIFF_A_N3
Added Pin To Net: NetName=DIG_I_DIFF_A_N4 Pin=R26-5
Added Pin To Net: NetName=DIG_I_DIFF_A_N4 Pin=U3_RS422E-3
Added Pin To Net: NetName=DIG_I_DIFF_A_N4 Pin=U4D-1
Added Net: Name=DIG_I_DIFF_A_N4
Added Pin To Net: NetName=DIG_I_DIFF_A_N5 Pin=R29-1
Added Pin To Net: NetName=DIG_I_DIFF_A_N5 Pin=U3_RS422F-3
Added Pin To Net: NetName=DIG_I_DIFF_A_N5 Pin=U4E-1
Added Net: Name=DIG_I_DIFF_A_N5
Added Pin To Net: NetName=DIG_I_DIFF_A_N6 Pin=R29-5
Added Pin To Net: NetName=DIG_I_DIFF_A_N6 Pin=U3_RS422G-3
Added Pin To Net: NetName=DIG_I_DIFF_A_N6 Pin=U4F-1
Added Net: Name=DIG_I_DIFF_A_N6
Added Pin To Net: NetName=DIG_I_DIFF_A_N7 Pin=R30-1
Added Pin To Net: NetName=DIG_I_DIFF_A_N7 Pin=U3_RS422H-3
Added Pin To Net: NetName=DIG_I_DIFF_A_N7 Pin=U4G-1
Added Net: Name=DIG_I_DIFF_A_N7
Added Pin To Net: NetName=DIG_I_DIFF_A_N8 Pin=R30-5
Added Pin To Net: NetName=DIG_I_DIFF_A_N8 Pin=U3_RS422A-3
Added Pin To Net: NetName=DIG_I_DIFF_A_N8 Pin=U4H-1
Added Net: Name=DIG_I_DIFF_A_N8
Added Pin To Net: NetName=DIG_I_DIFF_A_P1 Pin=NT1-1
Added Pin To Net: NetName=DIG_I_DIFF_A_P1 Pin=U3_RS422B-2
Added Pin To Net: NetName=DIG_I_DIFF_A_P1 Pin=U4A-2
Added Net: Name=DIG_I_DIFF_A_P1
Added Pin To Net: NetName=DIG_I_DIFF_A_P2 Pin=NT5-1
Added Pin To Net: NetName=DIG_I_DIFF_A_P2 Pin=U3_RS422C-2
Added Pin To Net: NetName=DIG_I_DIFF_A_P2 Pin=U4B-2
Added Net: Name=DIG_I_DIFF_A_P2
Added Pin To Net: NetName=DIG_I_DIFF_A_P3 Pin=NT9-1
Added Pin To Net: NetName=DIG_I_DIFF_A_P3 Pin=U3_RS422D-2
Added Pin To Net: NetName=DIG_I_DIFF_A_P3 Pin=U4C-2
Added Net: Name=DIG_I_DIFF_A_P3
Added Pin To Net: NetName=DIG_I_DIFF_A_P4 Pin=NT13-1
Added Pin To Net: NetName=DIG_I_DIFF_A_P4 Pin=U3_RS422E-2
Added Pin To Net: NetName=DIG_I_DIFF_A_P4 Pin=U4D-2
Added Net: Name=DIG_I_DIFF_A_P4
Added Pin To Net: NetName=DIG_I_DIFF_A_P5 Pin=NT17-1
Added Pin To Net: NetName=DIG_I_DIFF_A_P5 Pin=U3_RS422F-2
Added Pin To Net: NetName=DIG_I_DIFF_A_P5 Pin=U4E-2
Added Net: Name=DIG_I_DIFF_A_P5
Added Pin To Net: NetName=DIG_I_DIFF_A_P6 Pin=NT21-1
Added Pin To Net: NetName=DIG_I_DIFF_A_P6 Pin=U3_RS422G-2
Added Pin To Net: NetName=DIG_I_DIFF_A_P6 Pin=U4F-2
Added Net: Name=DIG_I_DIFF_A_P6
Added Pin To Net: NetName=DIG_I_DIFF_A_P7 Pin=NT25-1
Added Pin To Net: NetName=DIG_I_DIFF_A_P7 Pin=U3_RS422H-2
Added Pin To Net: NetName=DIG_I_DIFF_A_P7 Pin=U4G-2
Added Net: Name=DIG_I_DIFF_A_P7
Added Pin To Net: NetName=DIG_I_DIFF_A_P8 Pin=NT29-1
Added Pin To Net: NetName=DIG_I_DIFF_A_P8 Pin=U3_RS422A-2
Added Pin To Net: NetName=DIG_I_DIFF_A_P8 Pin=U4H-2
Added Net: Name=DIG_I_DIFF_A_P8
Added Pin To Net: NetName=DIG_I_DIFF_B_N1 Pin=R25-2
Added Pin To Net: NetName=DIG_I_DIFF_B_N1 Pin=U3_RS422B-5
Added Pin To Net: NetName=DIG_I_DIFF_B_N1 Pin=U4A-7
Added Net: Name=DIG_I_DIFF_B_N1
Added Pin To Net: NetName=DIG_I_DIFF_B_N2 Pin=R25-6
Added Pin To Net: NetName=DIG_I_DIFF_B_N2 Pin=U3_RS422C-5
Added Pin To Net: NetName=DIG_I_DIFF_B_N2 Pin=U4B-7
Added Net: Name=DIG_I_DIFF_B_N2
Added Pin To Net: NetName=DIG_I_DIFF_B_N3 Pin=R26-2
Added Pin To Net: NetName=DIG_I_DIFF_B_N3 Pin=U3_RS422D-5
Added Pin To Net: NetName=DIG_I_DIFF_B_N3 Pin=U4C-7
Added Net: Name=DIG_I_DIFF_B_N3
Added Pin To Net: NetName=DIG_I_DIFF_B_N4 Pin=R26-6
Added Pin To Net: NetName=DIG_I_DIFF_B_N4 Pin=U3_RS422E-5
Added Pin To Net: NetName=DIG_I_DIFF_B_N4 Pin=U4D-7
Added Net: Name=DIG_I_DIFF_B_N4
Added Pin To Net: NetName=DIG_I_DIFF_B_N5 Pin=R29-2
Added Pin To Net: NetName=DIG_I_DIFF_B_N5 Pin=U3_RS422F-5
Added Pin To Net: NetName=DIG_I_DIFF_B_N5 Pin=U4E-7
Added Net: Name=DIG_I_DIFF_B_N5
Added Pin To Net: NetName=DIG_I_DIFF_B_N6 Pin=R29-6
Added Pin To Net: NetName=DIG_I_DIFF_B_N6 Pin=U3_RS422G-5
Added Pin To Net: NetName=DIG_I_DIFF_B_N6 Pin=U4F-7
Added Net: Name=DIG_I_DIFF_B_N6
Added Pin To Net: NetName=DIG_I_DIFF_B_N7 Pin=R30-2
Added Pin To Net: NetName=DIG_I_DIFF_B_N7 Pin=U3_RS422H-5
Added Pin To Net: NetName=DIG_I_DIFF_B_N7 Pin=U4G-7
Added Net: Name=DIG_I_DIFF_B_N7
Added Pin To Net: NetName=DIG_I_DIFF_B_P1 Pin=NT2-1
Added Pin To Net: NetName=DIG_I_DIFF_B_P1 Pin=U3_RS422B-6
Added Pin To Net: NetName=DIG_I_DIFF_B_P1 Pin=U4A-6
Added Net: Name=DIG_I_DIFF_B_P1
Added Pin To Net: NetName=DIG_I_DIFF_B_P2 Pin=NT6-1
Added Pin To Net: NetName=DIG_I_DIFF_B_P2 Pin=U3_RS422C-6
Added Pin To Net: NetName=DIG_I_DIFF_B_P2 Pin=U4B-6
Added Net: Name=DIG_I_DIFF_B_P2
Added Pin To Net: NetName=DIG_I_DIFF_B_P3 Pin=NT10-1
Added Pin To Net: NetName=DIG_I_DIFF_B_P3 Pin=U3_RS422D-6
Added Pin To Net: NetName=DIG_I_DIFF_B_P3 Pin=U4C-6
Added Net: Name=DIG_I_DIFF_B_P3
Added Pin To Net: NetName=DIG_I_DIFF_B_P4 Pin=NT14-1
Added Pin To Net: NetName=DIG_I_DIFF_B_P4 Pin=U3_RS422E-6
Added Pin To Net: NetName=DIG_I_DIFF_B_P4 Pin=U4D-6
Added Net: Name=DIG_I_DIFF_B_P4
Added Pin To Net: NetName=DIG_I_DIFF_B_P5 Pin=NT18-1
Added Pin To Net: NetName=DIG_I_DIFF_B_P5 Pin=U3_RS422F-6
Added Pin To Net: NetName=DIG_I_DIFF_B_P5 Pin=U4E-6
Added Net: Name=DIG_I_DIFF_B_P5
Added Pin To Net: NetName=DIG_I_DIFF_B_P6 Pin=NT22-1
Added Pin To Net: NetName=DIG_I_DIFF_B_P6 Pin=U3_RS422G-6
Added Pin To Net: NetName=DIG_I_DIFF_B_P6 Pin=U4F-6
Added Net: Name=DIG_I_DIFF_B_P6
Added Pin To Net: NetName=DIG_I_DIFF_B_P7 Pin=NT26-1
Added Pin To Net: NetName=DIG_I_DIFF_B_P7 Pin=U3_RS422H-6
Added Pin To Net: NetName=DIG_I_DIFF_B_P7 Pin=U4G-6
Added Net: Name=DIG_I_DIFF_B_P7
Added Pin To Net: NetName=DIG_I_DIFF_C_N1 Pin=R25-3
Added Pin To Net: NetName=DIG_I_DIFF_C_N1 Pin=U3_RS422B-11
Added Pin To Net: NetName=DIG_I_DIFF_C_N1 Pin=U4A-10
Added Net: Name=DIG_I_DIFF_C_N1
Added Pin To Net: NetName=DIG_I_DIFF_C_N2 Pin=R25-7
Added Pin To Net: NetName=DIG_I_DIFF_C_N2 Pin=U3_RS422C-11
Added Pin To Net: NetName=DIG_I_DIFF_C_N2 Pin=U4B-10
Added Net: Name=DIG_I_DIFF_C_N2
Added Pin To Net: NetName=DIG_I_DIFF_C_N3 Pin=R26-3
Added Pin To Net: NetName=DIG_I_DIFF_C_N3 Pin=U3_RS422D-11
Added Pin To Net: NetName=DIG_I_DIFF_C_N3 Pin=U4C-10
Added Net: Name=DIG_I_DIFF_C_N3
Added Pin To Net: NetName=DIG_I_DIFF_C_N4 Pin=R26-7
Added Pin To Net: NetName=DIG_I_DIFF_C_N4 Pin=U3_RS422E-11
Added Pin To Net: NetName=DIG_I_DIFF_C_N4 Pin=U4D-10
Added Net: Name=DIG_I_DIFF_C_N4
Added Pin To Net: NetName=DIG_I_DIFF_C_N5 Pin=R29-3
Added Pin To Net: NetName=DIG_I_DIFF_C_N5 Pin=U3_RS422F-11
Added Pin To Net: NetName=DIG_I_DIFF_C_N5 Pin=U4E-10
Added Net: Name=DIG_I_DIFF_C_N5
Added Pin To Net: NetName=DIG_I_DIFF_C_N6 Pin=R29-7
Added Pin To Net: NetName=DIG_I_DIFF_C_N6 Pin=U3_RS422G-11
Added Pin To Net: NetName=DIG_I_DIFF_C_N6 Pin=U4F-10
Added Net: Name=DIG_I_DIFF_C_N6
Added Pin To Net: NetName=DIG_I_DIFF_C_N7 Pin=R30-3
Added Pin To Net: NetName=DIG_I_DIFF_C_N7 Pin=U3_RS422H-11
Added Pin To Net: NetName=DIG_I_DIFF_C_N7 Pin=U4G-10
Added Net: Name=DIG_I_DIFF_C_N7
Added Pin To Net: NetName=DIG_I_DIFF_C_N8 Pin=R30-6
Added Pin To Net: NetName=DIG_I_DIFF_C_N8 Pin=U3_RS422A-11
Added Pin To Net: NetName=DIG_I_DIFF_C_N8 Pin=U4H-7
Added Net: Name=DIG_I_DIFF_C_N8
Added Pin To Net: NetName=DIG_I_DIFF_C_P1 Pin=NT3-1
Added Pin To Net: NetName=DIG_I_DIFF_C_P1 Pin=U3_RS422B-10
Added Pin To Net: NetName=DIG_I_DIFF_C_P1 Pin=U4A-9
Added Net: Name=DIG_I_DIFF_C_P1
Added Pin To Net: NetName=DIG_I_DIFF_C_P2 Pin=NT7-1
Added Pin To Net: NetName=DIG_I_DIFF_C_P2 Pin=U3_RS422C-10
Added Pin To Net: NetName=DIG_I_DIFF_C_P2 Pin=U4B-9
Added Net: Name=DIG_I_DIFF_C_P2
Added Pin To Net: NetName=DIG_I_DIFF_C_P3 Pin=NT11-1
Added Pin To Net: NetName=DIG_I_DIFF_C_P3 Pin=U3_RS422D-10
Added Pin To Net: NetName=DIG_I_DIFF_C_P3 Pin=U4C-9
Added Net: Name=DIG_I_DIFF_C_P3
Added Pin To Net: NetName=DIG_I_DIFF_C_P4 Pin=NT15-1
Added Pin To Net: NetName=DIG_I_DIFF_C_P4 Pin=U3_RS422E-10
Added Pin To Net: NetName=DIG_I_DIFF_C_P4 Pin=U4D-9
Added Net: Name=DIG_I_DIFF_C_P4
Added Pin To Net: NetName=DIG_I_DIFF_C_P5 Pin=NT19-1
Added Pin To Net: NetName=DIG_I_DIFF_C_P5 Pin=U3_RS422F-10
Added Pin To Net: NetName=DIG_I_DIFF_C_P5 Pin=U4E-9
Added Net: Name=DIG_I_DIFF_C_P5
Added Pin To Net: NetName=DIG_I_DIFF_C_P6 Pin=NT23-1
Added Pin To Net: NetName=DIG_I_DIFF_C_P6 Pin=U3_RS422G-10
Added Pin To Net: NetName=DIG_I_DIFF_C_P6 Pin=U4F-9
Added Net: Name=DIG_I_DIFF_C_P6
Added Pin To Net: NetName=DIG_I_DIFF_C_P7 Pin=NT27-1
Added Pin To Net: NetName=DIG_I_DIFF_C_P7 Pin=U3_RS422H-10
Added Pin To Net: NetName=DIG_I_DIFF_C_P7 Pin=U4G-9
Added Net: Name=DIG_I_DIFF_C_P7
Added Pin To Net: NetName=DIG_I_DIFF_C_P8 Pin=NT30-1
Added Pin To Net: NetName=DIG_I_DIFF_C_P8 Pin=U3_RS422A-10
Added Pin To Net: NetName=DIG_I_DIFF_C_P8 Pin=U4H-6
Added Net: Name=DIG_I_DIFF_C_P8
Added Pin To Net: NetName=DIG_I_DIFF_D_N1 Pin=R25-4
Added Pin To Net: NetName=DIG_I_DIFF_D_N1 Pin=U3_RS422B-13
Added Pin To Net: NetName=DIG_I_DIFF_D_N1 Pin=U4A-15
Added Net: Name=DIG_I_DIFF_D_N1
Added Pin To Net: NetName=DIG_I_DIFF_D_N2 Pin=R25-8
Added Pin To Net: NetName=DIG_I_DIFF_D_N2 Pin=U3_RS422C-13
Added Pin To Net: NetName=DIG_I_DIFF_D_N2 Pin=U4B-15
Added Net: Name=DIG_I_DIFF_D_N2
Added Pin To Net: NetName=DIG_I_DIFF_D_N3 Pin=R26-4
Added Pin To Net: NetName=DIG_I_DIFF_D_N3 Pin=U3_RS422D-13
Added Pin To Net: NetName=DIG_I_DIFF_D_N3 Pin=U4C-15
Added Net: Name=DIG_I_DIFF_D_N3
Added Pin To Net: NetName=DIG_I_DIFF_D_N4 Pin=R26-8
Added Pin To Net: NetName=DIG_I_DIFF_D_N4 Pin=U3_RS422E-13
Added Pin To Net: NetName=DIG_I_DIFF_D_N4 Pin=U4D-15
Added Net: Name=DIG_I_DIFF_D_N4
Added Pin To Net: NetName=DIG_I_DIFF_D_N5 Pin=R29-4
Added Pin To Net: NetName=DIG_I_DIFF_D_N5 Pin=U3_RS422F-13
Added Pin To Net: NetName=DIG_I_DIFF_D_N5 Pin=U4E-15
Added Net: Name=DIG_I_DIFF_D_N5
Added Pin To Net: NetName=DIG_I_DIFF_D_N6 Pin=R29-8
Added Pin To Net: NetName=DIG_I_DIFF_D_N6 Pin=U3_RS422G-13
Added Pin To Net: NetName=DIG_I_DIFF_D_N6 Pin=U4F-15
Added Net: Name=DIG_I_DIFF_D_N6
Added Pin To Net: NetName=DIG_I_DIFF_D_N7 Pin=R30-4
Added Pin To Net: NetName=DIG_I_DIFF_D_N7 Pin=U3_RS422H-13
Added Pin To Net: NetName=DIG_I_DIFF_D_N7 Pin=U4G-15
Added Net: Name=DIG_I_DIFF_D_N7
Added Pin To Net: NetName=DIG_I_DIFF_D_P1 Pin=NT4-1
Added Pin To Net: NetName=DIG_I_DIFF_D_P1 Pin=U3_RS422B-14
Added Pin To Net: NetName=DIG_I_DIFF_D_P1 Pin=U4A-14
Added Net: Name=DIG_I_DIFF_D_P1
Added Pin To Net: NetName=DIG_I_DIFF_D_P2 Pin=NT8-1
Added Pin To Net: NetName=DIG_I_DIFF_D_P2 Pin=U3_RS422C-14
Added Pin To Net: NetName=DIG_I_DIFF_D_P2 Pin=U4B-14
Added Net: Name=DIG_I_DIFF_D_P2
Added Pin To Net: NetName=DIG_I_DIFF_D_P3 Pin=NT12-1
Added Pin To Net: NetName=DIG_I_DIFF_D_P3 Pin=U3_RS422D-14
Added Pin To Net: NetName=DIG_I_DIFF_D_P3 Pin=U4C-14
Added Net: Name=DIG_I_DIFF_D_P3
Added Pin To Net: NetName=DIG_I_DIFF_D_P4 Pin=NT16-1
Added Pin To Net: NetName=DIG_I_DIFF_D_P4 Pin=U3_RS422E-14
Added Pin To Net: NetName=DIG_I_DIFF_D_P4 Pin=U4D-14
Added Net: Name=DIG_I_DIFF_D_P4
Added Pin To Net: NetName=DIG_I_DIFF_D_P5 Pin=NT20-1
Added Pin To Net: NetName=DIG_I_DIFF_D_P5 Pin=U3_RS422F-14
Added Pin To Net: NetName=DIG_I_DIFF_D_P5 Pin=U4E-14
Added Net: Name=DIG_I_DIFF_D_P5
Added Pin To Net: NetName=DIG_I_DIFF_D_P6 Pin=NT24-1
Added Pin To Net: NetName=DIG_I_DIFF_D_P6 Pin=U3_RS422G-14
Added Pin To Net: NetName=DIG_I_DIFF_D_P6 Pin=U4F-14
Added Net: Name=DIG_I_DIFF_D_P6
Added Pin To Net: NetName=DIG_I_DIFF_D_P7 Pin=NT28-1
Added Pin To Net: NetName=DIG_I_DIFF_D_P7 Pin=U3_RS422H-14
Added Pin To Net: NetName=DIG_I_DIFF_D_P7 Pin=U4G-14
Added Net: Name=DIG_I_DIFF_D_P7
Added Pin To Net: NetName=DIG_IO_N1 Pin=J1-21
Added Pin To Net: NetName=DIG_IO_N1 Pin=R11-1
Added Pin To Net: NetName=DIG_IO_N1 Pin=R25-16
Added Net: Name=DIG_IO_N1
Added Pin To Net: NetName=DIG_IO_N2 Pin=J1-22
Added Pin To Net: NetName=DIG_IO_N2 Pin=R11-2
Added Pin To Net: NetName=DIG_IO_N2 Pin=R25-15
Added Net: Name=DIG_IO_N2
Added Pin To Net: NetName=DIG_IO_N3 Pin=J1-23
Added Pin To Net: NetName=DIG_IO_N3 Pin=R11-3
Added Pin To Net: NetName=DIG_IO_N3 Pin=R25-14
Added Net: Name=DIG_IO_N3
Added Pin To Net: NetName=DIG_IO_N4 Pin=J1-24
Added Pin To Net: NetName=DIG_IO_N4 Pin=R11-4
Added Pin To Net: NetName=DIG_IO_N4 Pin=R25-13
Added Net: Name=DIG_IO_N4
Added Pin To Net: NetName=DIG_IO_N5 Pin=J1-25
Added Pin To Net: NetName=DIG_IO_N5 Pin=R11-5
Added Pin To Net: NetName=DIG_IO_N5 Pin=R25-12
Added Net: Name=DIG_IO_N5
Added Pin To Net: NetName=DIG_IO_N6 Pin=J1-26
Added Pin To Net: NetName=DIG_IO_N6 Pin=R11-6
Added Pin To Net: NetName=DIG_IO_N6 Pin=R25-11
Added Net: Name=DIG_IO_N6
Added Pin To Net: NetName=DIG_IO_N7 Pin=J1-27
Added Pin To Net: NetName=DIG_IO_N7 Pin=R11-7
Added Pin To Net: NetName=DIG_IO_N7 Pin=R25-10
Added Net: Name=DIG_IO_N7
Added Pin To Net: NetName=DIG_IO_N8 Pin=J1-28
Added Pin To Net: NetName=DIG_IO_N8 Pin=R11-8
Added Pin To Net: NetName=DIG_IO_N8 Pin=R25-9
Added Net: Name=DIG_IO_N8
Added Pin To Net: NetName=DIG_IO_N9 Pin=J1-29
Added Pin To Net: NetName=DIG_IO_N9 Pin=R12-1
Added Pin To Net: NetName=DIG_IO_N9 Pin=R26-16
Added Net: Name=DIG_IO_N9
Added Pin To Net: NetName=DIG_IO_N10 Pin=J1-30
Added Pin To Net: NetName=DIG_IO_N10 Pin=R12-2
Added Pin To Net: NetName=DIG_IO_N10 Pin=R26-15
Added Net: Name=DIG_IO_N10
Added Pin To Net: NetName=DIG_IO_N11 Pin=J2-21
Added Pin To Net: NetName=DIG_IO_N11 Pin=R12-5
Added Pin To Net: NetName=DIG_IO_N11 Pin=R26-14
Added Net: Name=DIG_IO_N11
Added Pin To Net: NetName=DIG_IO_N12 Pin=J2-22
Added Pin To Net: NetName=DIG_IO_N12 Pin=R12-6
Added Pin To Net: NetName=DIG_IO_N12 Pin=R26-13
Added Net: Name=DIG_IO_N12
Added Pin To Net: NetName=DIG_IO_N13 Pin=J2-23
Added Pin To Net: NetName=DIG_IO_N13 Pin=R12-7
Added Pin To Net: NetName=DIG_IO_N13 Pin=R26-12
Added Net: Name=DIG_IO_N13
Added Pin To Net: NetName=DIG_IO_N14 Pin=J2-24
Added Pin To Net: NetName=DIG_IO_N14 Pin=R12-8
Added Pin To Net: NetName=DIG_IO_N14 Pin=R26-11
Added Net: Name=DIG_IO_N14
Added Pin To Net: NetName=DIG_IO_N15 Pin=J2-25
Added Pin To Net: NetName=DIG_IO_N15 Pin=R13-1
Added Pin To Net: NetName=DIG_IO_N15 Pin=R26-10
Added Net: Name=DIG_IO_N15
Added Pin To Net: NetName=DIG_IO_N16 Pin=J2-26
Added Pin To Net: NetName=DIG_IO_N16 Pin=R13-2
Added Pin To Net: NetName=DIG_IO_N16 Pin=R26-9
Added Net: Name=DIG_IO_N16
Added Pin To Net: NetName=DIG_IO_N17 Pin=J2-27
Added Pin To Net: NetName=DIG_IO_N17 Pin=R13-3
Added Pin To Net: NetName=DIG_IO_N17 Pin=R29-16
Added Net: Name=DIG_IO_N17
Added Pin To Net: NetName=DIG_IO_N18 Pin=J2-28
Added Pin To Net: NetName=DIG_IO_N18 Pin=R13-4
Added Pin To Net: NetName=DIG_IO_N18 Pin=R29-15
Added Net: Name=DIG_IO_N18
Added Pin To Net: NetName=DIG_IO_N19 Pin=J2-29
Added Pin To Net: NetName=DIG_IO_N19 Pin=R13-5
Added Pin To Net: NetName=DIG_IO_N19 Pin=R29-14
Added Net: Name=DIG_IO_N19
Added Pin To Net: NetName=DIG_IO_N20 Pin=J2-30
Added Pin To Net: NetName=DIG_IO_N20 Pin=R13-6
Added Pin To Net: NetName=DIG_IO_N20 Pin=R29-13
Added Net: Name=DIG_IO_N20
Added Pin To Net: NetName=DIG_IO_N21 Pin=J2-31
Added Pin To Net: NetName=DIG_IO_N21 Pin=R13-7
Added Pin To Net: NetName=DIG_IO_N21 Pin=R29-12
Added Net: Name=DIG_IO_N21
Added Pin To Net: NetName=DIG_IO_N22 Pin=J2-32
Added Pin To Net: NetName=DIG_IO_N22 Pin=R13-8
Added Pin To Net: NetName=DIG_IO_N22 Pin=R29-11
Added Net: Name=DIG_IO_N22
Added Pin To Net: NetName=DIG_IO_N23 Pin=J2-33
Added Pin To Net: NetName=DIG_IO_N23 Pin=R14-1
Added Pin To Net: NetName=DIG_IO_N23 Pin=R29-10
Added Net: Name=DIG_IO_N23
Added Pin To Net: NetName=DIG_IO_N24 Pin=J2-34
Added Pin To Net: NetName=DIG_IO_N24 Pin=R14-2
Added Pin To Net: NetName=DIG_IO_N24 Pin=R29-9
Added Net: Name=DIG_IO_N24
Added Pin To Net: NetName=DIG_IO_N25 Pin=J2-35
Added Pin To Net: NetName=DIG_IO_N25 Pin=R14-3
Added Pin To Net: NetName=DIG_IO_N25 Pin=R30-16
Added Net: Name=DIG_IO_N25
Added Pin To Net: NetName=DIG_IO_N26 Pin=J2-36
Added Pin To Net: NetName=DIG_IO_N26 Pin=R14-4
Added Pin To Net: NetName=DIG_IO_N26 Pin=R30-15
Added Net: Name=DIG_IO_N26
Added Pin To Net: NetName=DIG_IO_N27 Pin=J2-37
Added Pin To Net: NetName=DIG_IO_N27 Pin=R14-5
Added Pin To Net: NetName=DIG_IO_N27 Pin=R30-14
Added Net: Name=DIG_IO_N27
Added Pin To Net: NetName=DIG_IO_N28 Pin=J2-38
Added Pin To Net: NetName=DIG_IO_N28 Pin=R14-6
Added Pin To Net: NetName=DIG_IO_N28 Pin=R30-13
Added Net: Name=DIG_IO_N28
Added Pin To Net: NetName=DIG_IO_N29 Pin=J2-39
Added Pin To Net: NetName=DIG_IO_N29 Pin=R14-7
Added Pin To Net: NetName=DIG_IO_N29 Pin=R30-12
Added Net: Name=DIG_IO_N29
Added Pin To Net: NetName=DIG_IO_N30 Pin=J2-40
Added Pin To Net: NetName=DIG_IO_N30 Pin=R14-8
Added Pin To Net: NetName=DIG_IO_N30 Pin=R30-11
Added Net: Name=DIG_IO_N30
Added Pin To Net: NetName=DIG_IO_P1 Pin=J1-6
Added Pin To Net: NetName=DIG_IO_P1 Pin=R16-9
Added Pin To Net: NetName=DIG_IO_P1 Pin=R22-11
Added Pin To Net: NetName=DIG_IO_P1 Pin=R23-16
Added Net: Name=DIG_IO_P1
Added Pin To Net: NetName=DIG_IO_P2 Pin=J1-7
Added Pin To Net: NetName=DIG_IO_P2 Pin=R16-10
Added Pin To Net: NetName=DIG_IO_P2 Pin=R22-12
Added Pin To Net: NetName=DIG_IO_P2 Pin=R23-15
Added Net: Name=DIG_IO_P2
Added Pin To Net: NetName=DIG_IO_P3 Pin=J1-8
Added Pin To Net: NetName=DIG_IO_P3 Pin=R16-11
Added Pin To Net: NetName=DIG_IO_P3 Pin=R22-13
Added Pin To Net: NetName=DIG_IO_P3 Pin=R23-14
Added Net: Name=DIG_IO_P3
Added Pin To Net: NetName=DIG_IO_P4 Pin=J1-9
Added Pin To Net: NetName=DIG_IO_P4 Pin=R16-12
Added Pin To Net: NetName=DIG_IO_P4 Pin=R22-14
Added Pin To Net: NetName=DIG_IO_P4 Pin=R23-13
Added Net: Name=DIG_IO_P4
Added Pin To Net: NetName=DIG_IO_P5 Pin=J1-10
Added Pin To Net: NetName=DIG_IO_P5 Pin=R16-13
Added Pin To Net: NetName=DIG_IO_P5 Pin=R22-15
Added Pin To Net: NetName=DIG_IO_P5 Pin=R23-12
Added Net: Name=DIG_IO_P5
Added Pin To Net: NetName=DIG_IO_P6 Pin=J1-11
Added Pin To Net: NetName=DIG_IO_P6 Pin=R16-14
Added Pin To Net: NetName=DIG_IO_P6 Pin=R22-16
Added Pin To Net: NetName=DIG_IO_P6 Pin=R23-11
Added Net: Name=DIG_IO_P6
Added Pin To Net: NetName=DIG_IO_P7 Pin=J1-12
Added Pin To Net: NetName=DIG_IO_P7 Pin=R16-15
Added Pin To Net: NetName=DIG_IO_P7 Pin=R21-9
Added Pin To Net: NetName=DIG_IO_P7 Pin=R23-10
Added Net: Name=DIG_IO_P7
Added Pin To Net: NetName=DIG_IO_P8 Pin=J1-13
Added Pin To Net: NetName=DIG_IO_P8 Pin=R16-16
Added Pin To Net: NetName=DIG_IO_P8 Pin=R21-10
Added Pin To Net: NetName=DIG_IO_P8 Pin=R23-9
Added Net: Name=DIG_IO_P8
Added Pin To Net: NetName=DIG_IO_P9 Pin=J1-14
Added Pin To Net: NetName=DIG_IO_P9 Pin=R15-9
Added Pin To Net: NetName=DIG_IO_P9 Pin=R21-11
Added Pin To Net: NetName=DIG_IO_P9 Pin=R24-16
Added Net: Name=DIG_IO_P9
Added Pin To Net: NetName=DIG_IO_P10 Pin=J1-15
Added Pin To Net: NetName=DIG_IO_P10 Pin=R15-10
Added Pin To Net: NetName=DIG_IO_P10 Pin=R21-12
Added Pin To Net: NetName=DIG_IO_P10 Pin=R24-15
Added Net: Name=DIG_IO_P10
Added Pin To Net: NetName=DIG_IO_P11 Pin=J2-1
Added Pin To Net: NetName=DIG_IO_P11 Pin=R15-11
Added Pin To Net: NetName=DIG_IO_P11 Pin=R21-13
Added Pin To Net: NetName=DIG_IO_P11 Pin=R24-14
Added Net: Name=DIG_IO_P11
Added Pin To Net: NetName=DIG_IO_P12 Pin=J2-2
Added Pin To Net: NetName=DIG_IO_P12 Pin=R15-12
Added Pin To Net: NetName=DIG_IO_P12 Pin=R21-14
Added Pin To Net: NetName=DIG_IO_P12 Pin=R24-13
Added Net: Name=DIG_IO_P12
Added Pin To Net: NetName=DIG_IO_P13 Pin=J2-3
Added Pin To Net: NetName=DIG_IO_P13 Pin=R15-13
Added Pin To Net: NetName=DIG_IO_P13 Pin=R21-15
Added Pin To Net: NetName=DIG_IO_P13 Pin=R24-12
Added Net: Name=DIG_IO_P13
Added Pin To Net: NetName=DIG_IO_P14 Pin=J2-4
Added Pin To Net: NetName=DIG_IO_P14 Pin=R15-14
Added Pin To Net: NetName=DIG_IO_P14 Pin=R21-16
Added Pin To Net: NetName=DIG_IO_P14 Pin=R24-11
Added Net: Name=DIG_IO_P14
Added Pin To Net: NetName=DIG_IO_P15 Pin=J2-5
Added Pin To Net: NetName=DIG_IO_P15 Pin=R15-15
Added Pin To Net: NetName=DIG_IO_P15 Pin=R20-9
Added Pin To Net: NetName=DIG_IO_P15 Pin=R24-10
Added Net: Name=DIG_IO_P15
Added Pin To Net: NetName=DIG_IO_P16 Pin=J2-6
Added Pin To Net: NetName=DIG_IO_P16 Pin=R15-16
Added Pin To Net: NetName=DIG_IO_P16 Pin=R20-10
Added Pin To Net: NetName=DIG_IO_P16 Pin=R24-9
Added Net: Name=DIG_IO_P16
Added Pin To Net: NetName=DIG_IO_P17 Pin=J2-7
Added Pin To Net: NetName=DIG_IO_P17 Pin=R18-9
Added Pin To Net: NetName=DIG_IO_P17 Pin=R20-11
Added Pin To Net: NetName=DIG_IO_P17 Pin=R27-16
Added Net: Name=DIG_IO_P17
Added Pin To Net: NetName=DIG_IO_P18 Pin=J2-8
Added Pin To Net: NetName=DIG_IO_P18 Pin=R18-10
Added Pin To Net: NetName=DIG_IO_P18 Pin=R20-12
Added Pin To Net: NetName=DIG_IO_P18 Pin=R27-15
Added Net: Name=DIG_IO_P18
Added Pin To Net: NetName=DIG_IO_P19 Pin=J2-9
Added Pin To Net: NetName=DIG_IO_P19 Pin=R18-11
Added Pin To Net: NetName=DIG_IO_P19 Pin=R20-13
Added Pin To Net: NetName=DIG_IO_P19 Pin=R27-14
Added Net: Name=DIG_IO_P19
Added Pin To Net: NetName=DIG_IO_P20 Pin=J2-10
Added Pin To Net: NetName=DIG_IO_P20 Pin=R18-12
Added Pin To Net: NetName=DIG_IO_P20 Pin=R20-14
Added Pin To Net: NetName=DIG_IO_P20 Pin=R27-13
Added Net: Name=DIG_IO_P20
Added Pin To Net: NetName=DIG_IO_P21 Pin=J2-11
Added Pin To Net: NetName=DIG_IO_P21 Pin=R18-13
Added Pin To Net: NetName=DIG_IO_P21 Pin=R20-15
Added Pin To Net: NetName=DIG_IO_P21 Pin=R27-12
Added Net: Name=DIG_IO_P21
Added Pin To Net: NetName=DIG_IO_P22 Pin=J2-12
Added Pin To Net: NetName=DIG_IO_P22 Pin=R18-14
Added Pin To Net: NetName=DIG_IO_P22 Pin=R20-16
Added Pin To Net: NetName=DIG_IO_P22 Pin=R27-11
Added Net: Name=DIG_IO_P22
Added Pin To Net: NetName=DIG_IO_P23 Pin=J2-13
Added Pin To Net: NetName=DIG_IO_P23 Pin=R18-15
Added Pin To Net: NetName=DIG_IO_P23 Pin=R19-9
Added Pin To Net: NetName=DIG_IO_P23 Pin=R27-10
Added Net: Name=DIG_IO_P23
Added Pin To Net: NetName=DIG_IO_P24 Pin=J2-14
Added Pin To Net: NetName=DIG_IO_P24 Pin=R18-16
Added Pin To Net: NetName=DIG_IO_P24 Pin=R19-10
Added Pin To Net: NetName=DIG_IO_P24 Pin=R27-9
Added Net: Name=DIG_IO_P24
Added Pin To Net: NetName=DIG_IO_P25 Pin=J2-15
Added Pin To Net: NetName=DIG_IO_P25 Pin=R17-9
Added Pin To Net: NetName=DIG_IO_P25 Pin=R19-11
Added Pin To Net: NetName=DIG_IO_P25 Pin=R28-16
Added Net: Name=DIG_IO_P25
Added Pin To Net: NetName=DIG_IO_P26 Pin=J2-16
Added Pin To Net: NetName=DIG_IO_P26 Pin=R17-10
Added Pin To Net: NetName=DIG_IO_P26 Pin=R19-12
Added Pin To Net: NetName=DIG_IO_P26 Pin=R28-15
Added Net: Name=DIG_IO_P26
Added Pin To Net: NetName=DIG_IO_P27 Pin=J2-17
Added Pin To Net: NetName=DIG_IO_P27 Pin=R17-11
Added Pin To Net: NetName=DIG_IO_P27 Pin=R19-13
Added Pin To Net: NetName=DIG_IO_P27 Pin=R28-14
Added Net: Name=DIG_IO_P27
Added Pin To Net: NetName=DIG_IO_P28 Pin=J2-18
Added Pin To Net: NetName=DIG_IO_P28 Pin=R17-12
Added Pin To Net: NetName=DIG_IO_P28 Pin=R19-14
Added Pin To Net: NetName=DIG_IO_P28 Pin=R28-13
Added Net: Name=DIG_IO_P28
Added Pin To Net: NetName=DIG_IO_P29 Pin=J2-19
Added Pin To Net: NetName=DIG_IO_P29 Pin=R17-13
Added Pin To Net: NetName=DIG_IO_P29 Pin=R19-15
Added Pin To Net: NetName=DIG_IO_P29 Pin=R28-12
Added Net: Name=DIG_IO_P29
Added Pin To Net: NetName=DIG_IO_P30 Pin=J2-20
Added Pin To Net: NetName=DIG_IO_P30 Pin=R17-14
Added Pin To Net: NetName=DIG_IO_P30 Pin=R19-16
Added Pin To Net: NetName=DIG_IO_P30 Pin=R28-11
Added Net: Name=DIG_IO_P30
Added Pin To Net: NetName=DIG_O_15V_A1 Pin=NT1-2
Added Pin To Net: NetName=DIG_O_15V_A1 Pin=U1_LS15VA-2
Added Net: Name=DIG_O_15V_A1
Added Pin To Net: NetName=DIG_O_15V_A2 Pin=NT7-2
Added Pin To Net: NetName=DIG_O_15V_A2 Pin=U1_LS15VB-2
Added Net: Name=DIG_O_15V_A2
Added Pin To Net: NetName=DIG_O_15V_A3 Pin=NT13-2
Added Pin To Net: NetName=DIG_O_15V_A3 Pin=U1_LS15VC-2
Added Net: Name=DIG_O_15V_A3
Added Pin To Net: NetName=DIG_O_15V_A4 Pin=NT19-2
Added Pin To Net: NetName=DIG_O_15V_A4 Pin=U1_LS15VD-2
Added Net: Name=DIG_O_15V_A4
Added Pin To Net: NetName=DIG_O_15V_A5 Pin=NT25-2
Added Pin To Net: NetName=DIG_O_15V_A5 Pin=U1_LS15VE-2
Added Net: Name=DIG_O_15V_A5
Added Pin To Net: NetName=DIG_O_15V_B1 Pin=NT2-2
Added Pin To Net: NetName=DIG_O_15V_B1 Pin=U1_LS15VA-4
Added Net: Name=DIG_O_15V_B1
Added Pin To Net: NetName=DIG_O_15V_B2 Pin=NT8-2
Added Pin To Net: NetName=DIG_O_15V_B2 Pin=U1_LS15VB-4
Added Net: Name=DIG_O_15V_B2
Added Pin To Net: NetName=DIG_O_15V_B3 Pin=NT14-2
Added Pin To Net: NetName=DIG_O_15V_B3 Pin=U1_LS15VC-4
Added Net: Name=DIG_O_15V_B3
Added Pin To Net: NetName=DIG_O_15V_B4 Pin=NT20-2
Added Pin To Net: NetName=DIG_O_15V_B4 Pin=U1_LS15VD-4
Added Net: Name=DIG_O_15V_B4
Added Pin To Net: NetName=DIG_O_15V_B5 Pin=NT26-2
Added Pin To Net: NetName=DIG_O_15V_B5 Pin=U1_LS15VE-4
Added Net: Name=DIG_O_15V_B5
Added Pin To Net: NetName=DIG_O_15V_C1 Pin=NT3-2
Added Pin To Net: NetName=DIG_O_15V_C1 Pin=U1_LS15VA-6
Added Net: Name=DIG_O_15V_C1
Added Pin To Net: NetName=DIG_O_15V_C2 Pin=NT9-2
Added Pin To Net: NetName=DIG_O_15V_C2 Pin=U1_LS15VB-6
Added Net: Name=DIG_O_15V_C2
Added Pin To Net: NetName=DIG_O_15V_C3 Pin=NT15-2
Added Pin To Net: NetName=DIG_O_15V_C3 Pin=U1_LS15VC-6
Added Net: Name=DIG_O_15V_C3
Added Pin To Net: NetName=DIG_O_15V_C4 Pin=NT21-2
Added Pin To Net: NetName=DIG_O_15V_C4 Pin=U1_LS15VD-6
Added Net: Name=DIG_O_15V_C4
Added Pin To Net: NetName=DIG_O_15V_C5 Pin=NT27-2
Added Pin To Net: NetName=DIG_O_15V_C5 Pin=U1_LS15VE-6
Added Net: Name=DIG_O_15V_C5
Added Pin To Net: NetName=DIG_O_15V_D1 Pin=NT4-2
Added Pin To Net: NetName=DIG_O_15V_D1 Pin=U1_LS15VA-10
Added Net: Name=DIG_O_15V_D1
Added Pin To Net: NetName=DIG_O_15V_D2 Pin=NT10-2
Added Pin To Net: NetName=DIG_O_15V_D2 Pin=U1_LS15VB-10
Added Net: Name=DIG_O_15V_D2
Added Pin To Net: NetName=DIG_O_15V_D3 Pin=NT16-2
Added Pin To Net: NetName=DIG_O_15V_D3 Pin=U1_LS15VC-10
Added Net: Name=DIG_O_15V_D3
Added Pin To Net: NetName=DIG_O_15V_D4 Pin=NT22-2
Added Pin To Net: NetName=DIG_O_15V_D4 Pin=U1_LS15VD-10
Added Net: Name=DIG_O_15V_D4
Added Pin To Net: NetName=DIG_O_15V_D5 Pin=NT28-2
Added Pin To Net: NetName=DIG_O_15V_D5 Pin=U1_LS15VE-10
Added Net: Name=DIG_O_15V_D5
Added Pin To Net: NetName=DIG_O_15V_E1 Pin=NT5-2
Added Pin To Net: NetName=DIG_O_15V_E1 Pin=U1_LS15VA-12
Added Net: Name=DIG_O_15V_E1
Added Pin To Net: NetName=DIG_O_15V_E2 Pin=NT11-2
Added Pin To Net: NetName=DIG_O_15V_E2 Pin=U1_LS15VB-12
Added Net: Name=DIG_O_15V_E2
Added Pin To Net: NetName=DIG_O_15V_E3 Pin=NT17-2
Added Pin To Net: NetName=DIG_O_15V_E3 Pin=U1_LS15VC-12
Added Net: Name=DIG_O_15V_E3
Added Pin To Net: NetName=DIG_O_15V_E4 Pin=NT23-2
Added Pin To Net: NetName=DIG_O_15V_E4 Pin=U1_LS15VD-12
Added Net: Name=DIG_O_15V_E4
Added Pin To Net: NetName=DIG_O_15V_E5 Pin=NT29-2
Added Pin To Net: NetName=DIG_O_15V_E5 Pin=U1_LS15VE-12
Added Net: Name=DIG_O_15V_E5
Added Pin To Net: NetName=DIG_O_15V_F1 Pin=NT6-2
Added Pin To Net: NetName=DIG_O_15V_F1 Pin=U1_LS15VA-15
Added Net: Name=DIG_O_15V_F1
Added Pin To Net: NetName=DIG_O_15V_F2 Pin=NT12-2
Added Pin To Net: NetName=DIG_O_15V_F2 Pin=U1_LS15VB-15
Added Net: Name=DIG_O_15V_F2
Added Pin To Net: NetName=DIG_O_15V_F3 Pin=NT18-2
Added Pin To Net: NetName=DIG_O_15V_F3 Pin=U1_LS15VC-15
Added Net: Name=DIG_O_15V_F3
Added Pin To Net: NetName=DIG_O_15V_F4 Pin=NT24-2
Added Pin To Net: NetName=DIG_O_15V_F4 Pin=U1_LS15VD-15
Added Net: Name=DIG_O_15V_F4
Added Pin To Net: NetName=DIG_O_15V_F5 Pin=NT30-2
Added Pin To Net: NetName=DIG_O_15V_F5 Pin=U1_LS15VE-15
Added Net: Name=DIG_O_15V_F5
Added Pin To Net: NetName=NetU4H_9 Pin=U4H-9
Added Net: Name=NetU4H_9
Added Pin To Net: NetName=NetU4H_10 Pin=U4H-10
Added Net: Name=NetU4H_10
Added Pin To Net: NetName=NetU4H_11 Pin=U4H-11
Added Net: Name=NetU4H_11
Added Pin To Net: NetName=NetU4H_13 Pin=U4H-13
Added Net: Name=NetU4H_13
Added Pin To Net: NetName=NetU4H_14 Pin=U4H-14
Added Net: Name=NetU4H_14
Added Pin To Net: NetName=NetU4H_15 Pin=U4H-15
Added Net: Name=NetU4H_15
Added Pin To Net: NetName=UNTERM1 Pin=NT1-3
Added Pin To Net: NetName=UNTERM1 Pin=R23-1
Added Net: Name=UNTERM1
Added Pin To Net: NetName=UNTERM2 Pin=NT2-3
Added Pin To Net: NetName=UNTERM2 Pin=R23-2
Added Net: Name=UNTERM2
Added Pin To Net: NetName=UNTERM3 Pin=NT3-3
Added Pin To Net: NetName=UNTERM3 Pin=R23-3
Added Net: Name=UNTERM3
Added Pin To Net: NetName=UNTERM4 Pin=NT4-3
Added Pin To Net: NetName=UNTERM4 Pin=R23-4
Added Net: Name=UNTERM4
Added Pin To Net: NetName=UNTERM5 Pin=NT5-3
Added Pin To Net: NetName=UNTERM5 Pin=R23-5
Added Net: Name=UNTERM5
Added Pin To Net: NetName=UNTERM6 Pin=NT6-3
Added Pin To Net: NetName=UNTERM6 Pin=R23-6
Added Net: Name=UNTERM6
Added Pin To Net: NetName=UNTERM7 Pin=NT7-3
Added Pin To Net: NetName=UNTERM7 Pin=R23-7
Added Net: Name=UNTERM7
Added Pin To Net: NetName=UNTERM8 Pin=NT8-3
Added Pin To Net: NetName=UNTERM8 Pin=R23-8
Added Net: Name=UNTERM8
Added Pin To Net: NetName=UNTERM9 Pin=NT9-3
Added Pin To Net: NetName=UNTERM9 Pin=R24-1
Added Net: Name=UNTERM9
Added Pin To Net: NetName=UNTERM10 Pin=NT10-3
Added Pin To Net: NetName=UNTERM10 Pin=R24-2
Added Net: Name=UNTERM10
Added Pin To Net: NetName=UNTERM11 Pin=NT11-3
Added Pin To Net: NetName=UNTERM11 Pin=R24-3
Added Net: Name=UNTERM11
Added Pin To Net: NetName=UNTERM12 Pin=NT12-3
Added Pin To Net: NetName=UNTERM12 Pin=R24-4
Added Net: Name=UNTERM12
Added Pin To Net: NetName=UNTERM13 Pin=NT13-3
Added Pin To Net: NetName=UNTERM13 Pin=R24-5
Added Net: Name=UNTERM13
Added Pin To Net: NetName=UNTERM14 Pin=NT14-3
Added Pin To Net: NetName=UNTERM14 Pin=R24-6
Added Net: Name=UNTERM14
Added Pin To Net: NetName=UNTERM15 Pin=NT15-3
Added Pin To Net: NetName=UNTERM15 Pin=R24-7
Added Net: Name=UNTERM15
Added Pin To Net: NetName=UNTERM16 Pin=NT16-3
Added Pin To Net: NetName=UNTERM16 Pin=R24-8
Added Net: Name=UNTERM16
Added Pin To Net: NetName=UNTERM17 Pin=NT17-3
Added Pin To Net: NetName=UNTERM17 Pin=R27-1
Added Net: Name=UNTERM17
Added Pin To Net: NetName=UNTERM18 Pin=NT18-3
Added Pin To Net: NetName=UNTERM18 Pin=R27-2
Added Net: Name=UNTERM18
Added Pin To Net: NetName=UNTERM19 Pin=NT19-3
Added Pin To Net: NetName=UNTERM19 Pin=R27-3
Added Net: Name=UNTERM19
Added Pin To Net: NetName=UNTERM20 Pin=NT20-3
Added Pin To Net: NetName=UNTERM20 Pin=R27-4
Added Net: Name=UNTERM20
Added Pin To Net: NetName=UNTERM21 Pin=NT21-3
Added Pin To Net: NetName=UNTERM21 Pin=R27-5
Added Net: Name=UNTERM21
Added Pin To Net: NetName=UNTERM22 Pin=NT22-3
Added Pin To Net: NetName=UNTERM22 Pin=R27-6
Added Net: Name=UNTERM22
Added Pin To Net: NetName=UNTERM23 Pin=NT23-3
Added Pin To Net: NetName=UNTERM23 Pin=R27-7
Added Net: Name=UNTERM23
Added Pin To Net: NetName=UNTERM24 Pin=NT24-3
Added Pin To Net: NetName=UNTERM24 Pin=R27-8
Added Net: Name=UNTERM24
Added Pin To Net: NetName=UNTERM25 Pin=NT25-3
Added Pin To Net: NetName=UNTERM25 Pin=R28-1
Added Net: Name=UNTERM25
Added Pin To Net: NetName=UNTERM26 Pin=NT26-3
Added Pin To Net: NetName=UNTERM26 Pin=R28-2
Added Net: Name=UNTERM26
Added Pin To Net: NetName=UNTERM27 Pin=NT27-3
Added Pin To Net: NetName=UNTERM27 Pin=R28-3
Added Net: Name=UNTERM27
Added Pin To Net: NetName=UNTERM28 Pin=NT28-3
Added Pin To Net: NetName=UNTERM28 Pin=R28-4
Added Net: Name=UNTERM28
Added Pin To Net: NetName=UNTERM29 Pin=NT29-3
Added Pin To Net: NetName=UNTERM29 Pin=R28-5
Added Net: Name=UNTERM29
Added Pin To Net: NetName=UNTERM30 Pin=NT30-3
Added Pin To Net: NetName=UNTERM30 Pin=R28-6
Added Net: Name=UNTERM30
Change Class Name : Old Net Name=DIG_IO_3V3_A[1..7] New Net Name=DIG_IO_3V3_A[1..8]
Change Class Name : Old Net Name=DIG_IO_3V3_C[1..7] New Net Name=DIG_IO_3V3_C[1..8]
Added Class: Name=NT15Diff
Added Class: Name=RS422_rec_H
Added Class: Name=RS422_recA
Added Class: Name=RS422_recB
Added Class: Name=RS422_recC
Added Class: Name=RS422_recD
Added Class: Name=RS422_recE
Added Class: Name=RS422_recF
Added Class: Name=RS422_recG
Added Class: Name=Term3V3
Added Class: Name=Term5
Added Class: Name=Term15Diff
Added Class: Name=X2_OutputConnector
Added Class: Name=DIG_I_DIFF_A_N[1..8]
Added Class: Name=DIG_I_DIFF_A_P[1..8]
Added Class: Name=DIG_I_DIFF_B_N[1..7]
Added Class: Name=DIG_I_DIFF_B_P[1..7]
Added Class: Name=DIG_I_DIFF_C_N[1..8]
Added Class: Name=DIG_I_DIFF_C_P[1..8]
Added Class: Name=DIG_I_DIFF_D_N[1..7]
Added Class: Name=DIG_I_DIFF_D_P[1..7]
Added Class: Name=DIG_IO_N[1..30]
Added Class: Name=DIG_IO_P[1..30]
Added Class: Name=DIG_O_15V_A[1..5]
Added Class: Name=DIG_O_15V_B[1..5]
Added Class: Name=DIG_O_15V_C[1..5]
Added Class: Name=DIG_O_15V_D[1..5]
Added Class: Name=DIG_O_15V_E[1..5]
Added Class: Name=DIG_O_15V_F[1..5]
Added Class: Name=UNTERM[1..30]
Added Differential Pair: Name=DIG_I_DIFF_A1
Added Differential Pair: Name=DIG_I_DIFF_A2
Added Differential Pair: Name=DIG_I_DIFF_A3
Added Differential Pair: Name=DIG_I_DIFF_A4
Added Differential Pair: Name=DIG_I_DIFF_A5
Added Differential Pair: Name=DIG_I_DIFF_A6
Added Differential Pair: Name=DIG_I_DIFF_A7
Added Differential Pair: Name=DIG_I_DIFF_A8
Added Differential Pair: Name=DIG_I_DIFF_B1
Added Differential Pair: Name=DIG_I_DIFF_B2
Added Differential Pair: Name=DIG_I_DIFF_B3
Added Differential Pair: Name=DIG_I_DIFF_B4
Added Differential Pair: Name=DIG_I_DIFF_B5
Added Differential Pair: Name=DIG_I_DIFF_B6
Added Differential Pair: Name=DIG_I_DIFF_B7
Added Differential Pair: Name=DIG_I_DIFF_C1
Added Differential Pair: Name=DIG_I_DIFF_C2
Added Differential Pair: Name=DIG_I_DIFF_C3
Added Differential Pair: Name=DIG_I_DIFF_C4
Added Differential Pair: Name=DIG_I_DIFF_C5
Added Differential Pair: Name=DIG_I_DIFF_C6
Added Differential Pair: Name=DIG_I_DIFF_C7
Added Differential Pair: Name=DIG_I_DIFF_C8
Added Differential Pair: Name=DIG_I_DIFF_D1
Added Differential Pair: Name=DIG_I_DIFF_D2
Added Differential Pair: Name=DIG_I_DIFF_D3
Added Differential Pair: Name=DIG_I_DIFF_D4
Added Differential Pair: Name=DIG_I_DIFF_D5
Added Differential Pair: Name=DIG_I_DIFF_D6
Added Differential Pair: Name=DIG_I_DIFF_D7
Added Class: Name=TI_DS26C32AT
Added Room: Name=NT15Diff
Added Room: Name=RS422_rec_H
Added Room: Name=RS422_recA
Added Room: Name=RS422_recB
Added Room: Name=RS422_recC
Added Room: Name=RS422_recD
Added Room: Name=RS422_recE
Added Room: Name=RS422_recF
Added Room: Name=RS422_recG
Added Room: Name=Term3V3
Added Room: Name=Term5
Added Room: Name=Term15Diff
Added Room: Name=X2_OutputConnector
