Change Component Kind : Designator=P13 Old Kind=Standard New Kind=Standard (No BOM)
Change Component Kind : Designator=P12 Old Kind=Standard New Kind=Standard (No BOM)
Change Component Kind : Designator=P11 Old Kind=Standard New Kind=Standard (No BOM)
Change Component Kind : Designator=P10 Old Kind=Standard New Kind=Standard (No BOM)
Change Component Kind : Designator=P9 Old Kind=Standard New Kind=Standard (No BOM)
Change Component Kind : Designator=P8 Old Kind=Standard New Kind=Standard (No BOM)
Change Component Kind : Designator=P7 Old Kind=Standard New Kind=Standard (No BOM)
Change Component Kind : Designator=P6 Old Kind=Standard New Kind=Standard (No BOM)
Change Component Kind : Designator=P5 Old Kind=Standard New Kind=Standard (No BOM)
Change Component Kind : Designator=P4 Old Kind=Standard New Kind=Standard (No BOM)
Change Component Kind : Designator=P3 Old Kind=Standard New Kind=Standard (No BOM)
Change Component Kind : Designator=P2 Old Kind=Standard New Kind=Standard (No BOM)
Change Component Kind : Designator=P1 Old Kind=Standard New Kind=Standard (No BOM)
Change component parameters: Designator = "C1"; Footprint = "CAPC3216X180X50NL20T25"; UniqueID = "\GEIJMUXU\LOZSKSSQ"
Change component parameters. Clean all parameters for all variants
Change component parameters (AddParameter): Name = "ComponentLink1Description"; Value = "Datasheet"; VariantName = "[No Variations]"
Change component parameters (AddParameter): Name = "ComponentLink1URL"; Value = "https://content.kemet.com/datasheets/KEM_C1002_X7R_SMD.pdf"; VariantName = "[No Variations]"
Change component parameters (AddParameter): Name = "Created"; Value = "2019-12-08_Thilo_Wendt"; VariantName = "[No Variations]"
Change component parameters (AddParameter): Name = "HelpURL"; Value = "https://content.kemet.com/datasheets/KEM_C1002_X7R_SMD.pdf"; VariantName = "[No Variations]"
Change component parameters (AddParameter): Name = "MaxCap"; Value = "1u"; VariantName = "[No Variations]"
Change component parameters (AddParameter): Name = "MaxVoltage"; Value = "50"; VariantName = "[No Variations]"
Change component parameters (AddParameter): Name = "MF"; Value = "KEMET"; VariantName = "[No Variations]"
Change component parameters (AddParameter): Name = "MinCap"; Value = "10p"; VariantName = "[No Variations]"
Change component parameters (AddParameter): Name = "MPN"; Value = "C1206C104J5RACTU"; VariantName = "[No Variations]"
Change component parameters (AddParameter): Name = "Package"; Value = "CurrentFootprint"; VariantName = "[No Variations]"
Change component parameters (AddParameter): Name = "Parameter1"; Value = "5"; VariantName = "[No Variations]"
Change component parameters (AddParameter): Name = "Parameter1Desc"; Value = "Voltage Symbol"; VariantName = "[No Variations]"
Change component parameters (AddParameter): Name = "Parameter2"; Value = "J"; VariantName = "[No Variations]"
Change component parameters (AddParameter): Name = "Parameter2Desc"; Value = "Tolerance Symbol"; VariantName = "[No Variations]"
Change component parameters (AddParameter): Name = "Supplier 1"; Value = "Farnell"; VariantName = "[No Variations]"
Change component parameters (AddParameter): Name = "Supplier 2"; Value = "Mouser"; VariantName = "[No Variations]"
Change component parameters (AddParameter): Name = "Supplier Link 1"; Value = "https://de.farnell.com/w/c/passive-bauelemente/kondensatoren/keramikkondensatoren/keramik-vielschichtkondensatoren-mlcc-smd?brand=kemet&kapazitatstoleranz=posneg-10pc&dielektrikum=x7r"; VariantName = "[No Variations]"
Change component parameters (AddParameter): Name = "Supplier Part Number 2"; Value = "80-<MPN>"; VariantName = "[No Variations]"
Change component parameters (AddParameter): Name = "Value"; Value = "100n"; VariantName = "[No Variations]"
Change component parameters: Designator = "C2"; Footprint = "CAPC3216X180X50NL20T25"; UniqueID = "\GEIJMUXU\YFBKACGO"
Change component parameters. Clean all parameters for all variants
Change component parameters (AddParameter): Name = "ComponentLink1Description"; Value = "Datasheet"; VariantName = "[No Variations]"
Change component parameters (AddParameter): Name = "ComponentLink1URL"; Value = "https://content.kemet.com/datasheets/KEM_C1002_X7R_SMD.pdf"; VariantName = "[No Variations]"
Change component parameters (AddParameter): Name = "Created"; Value = "2019-12-08_Thilo_Wendt"; VariantName = "[No Variations]"
Change component parameters (AddParameter): Name = "HelpURL"; Value = "https://content.kemet.com/datasheets/KEM_C1002_X7R_SMD.pdf"; VariantName = "[No Variations]"
Change component parameters (AddParameter): Name = "MaxCap"; Value = "1u"; VariantName = "[No Variations]"
Change component parameters (AddParameter): Name = "MaxVoltage"; Value = "50"; VariantName = "[No Variations]"
Change component parameters (AddParameter): Name = "MF"; Value = "KEMET"; VariantName = "[No Variations]"
Change component parameters (AddParameter): Name = "MinCap"; Value = "10p"; VariantName = "[No Variations]"
Change component parameters (AddParameter): Name = "MPN"; Value = "C1206C104J5RACTU"; VariantName = "[No Variations]"
Change component parameters (AddParameter): Name = "Package"; Value = "CurrentFootprint"; VariantName = "[No Variations]"
Change component parameters (AddParameter): Name = "Parameter1"; Value = "5"; VariantName = "[No Variations]"
Change component parameters (AddParameter): Name = "Parameter1Desc"; Value = "Voltage Symbol"; VariantName = "[No Variations]"
Change component parameters (AddParameter): Name = "Parameter2"; Value = "J"; VariantName = "[No Variations]"
Change component parameters (AddParameter): Name = "Parameter2Desc"; Value = "Tolerance Symbol"; VariantName = "[No Variations]"
Change component parameters (AddParameter): Name = "Supplier 1"; Value = "Farnell"; VariantName = "[No Variations]"
Change component parameters (AddParameter): Name = "Supplier 2"; Value = "Mouser"; VariantName = "[No Variations]"
Change component parameters (AddParameter): Name = "Supplier Link 1"; Value = "https://de.farnell.com/w/c/passive-bauelemente/kondensatoren/keramikkondensatoren/keramik-vielschichtkondensatoren-mlcc-smd?brand=kemet&kapazitatstoleranz=posneg-10pc&dielektrikum=x7r"; VariantName = "[No Variations]"
Change component parameters (AddParameter): Name = "Supplier Part Number 2"; Value = "80-<MPN>"; VariantName = "[No Variations]"
Change component parameters (AddParameter): Name = "Value"; Value = "100n"; VariantName = "[No Variations]"
Change component parameters: Designator = "C3"; Footprint = "CAPC3216X180X50NL20T25"; UniqueID = "\SMQLPFVK\JLODFTLT"
Change component parameters. Clean all parameters for all variants
Change component parameters (AddParameter): Name = "ComponentLink1Description"; Value = "Datasheet"; VariantName = "[No Variations]"
Change component parameters (AddParameter): Name = "ComponentLink1URL"; Value = "https://content.kemet.com/datasheets/KEM_C1002_X7R_SMD.pdf"; VariantName = "[No Variations]"
Change component parameters (AddParameter): Name = "Created"; Value = "2019-12-08_Thilo_Wendt"; VariantName = "[No Variations]"
Change component parameters (AddParameter): Name = "HelpURL"; Value = "https://content.kemet.com/datasheets/KEM_C1002_X7R_SMD.pdf"; VariantName = "[No Variations]"
Change component parameters (AddParameter): Name = "MaxCap"; Value = "100n"; VariantName = "[No Variations]"
Change component parameters (AddParameter): Name = "MaxVoltage"; Value = "100"; VariantName = "[No Variations]"
Change component parameters (AddParameter): Name = "MF"; Value = "KEMET"; VariantName = "[No Variations]"
Change component parameters (AddParameter): Name = "MinCap"; Value = "10p"; VariantName = "[No Variations]"
Change component parameters (AddParameter): Name = "MPN"; Value = "C1206C104J5RACTU"; VariantName = "[No Variations]"
Change component parameters (AddParameter): Name = "Package"; Value = "CurrentFootprint"; VariantName = "[No Variations]"
Change component parameters (AddParameter): Name = "Parameter1"; Value = "5"; VariantName = "[No Variations]"
Change component parameters (AddParameter): Name = "Parameter1Desc"; Value = "Voltage Symbol"; VariantName = "[No Variations]"
Change component parameters (AddParameter): Name = "Parameter2"; Value = "J"; VariantName = "[No Variations]"
Change component parameters (AddParameter): Name = "Parameter2Desc"; Value = "Tolerance Symbol"; VariantName = "[No Variations]"
Change component parameters (AddParameter): Name = "Supplier 1"; Value = "Farnell"; VariantName = "[No Variations]"
Change component parameters (AddParameter): Name = "Supplier 2"; Value = "Mouser"; VariantName = "[No Variations]"
Change component parameters (AddParameter): Name = "Supplier Link 1"; Value = "https://de.farnell.com/w/c/passive-bauelemente/kondensatoren/keramikkondensatoren/keramik-vielschichtkondensatoren-mlcc-smd?brand=kemet&kapazitatstoleranz=posneg-10pc&dielektrikum=x7r"; VariantName = "[No Variations]"
Change component parameters (AddParameter): Name = "Supplier Part Number 2"; Value = "80-<MPN>"; VariantName = "[No Variations]"
Change component parameters (AddParameter): Name = "Value"; Value = "100n"; VariantName = "[No Variations]"
Change component parameters (AddParameter): Name = "ComponentLink1Description"; Value = "Datasheet"; VariantName = "3V3_to_3V3"
Change component parameters (AddParameter): Name = "ComponentLink1URL"; Value = "https://content.kemet.com/datasheets/KEM_C1002_X7R_SMD.pdf"; VariantName = "3V3_to_3V3"
Change component parameters (AddParameter): Name = "Created"; Value = "2019-12-08_Thilo_Wendt"; VariantName = "3V3_to_3V3"
Change component parameters (AddParameter): Name = "HelpURL"; Value = "https://content.kemet.com/datasheets/KEM_C1002_X7R_SMD.pdf"; VariantName = "3V3_to_3V3"
Change component parameters (AddParameter): Name = "MaxCap"; Value = "100n"; VariantName = "3V3_to_3V3"
Change component parameters (AddParameter): Name = "MaxVoltage"; Value = "100"; VariantName = "3V3_to_3V3"
Change component parameters (AddParameter): Name = "MF"; Value = "KEMET"; VariantName = "3V3_to_3V3"
Change component parameters (AddParameter): Name = "MinCap"; Value = "10p"; VariantName = "3V3_to_3V3"
Change component parameters (AddParameter): Name = "MPN"; Value = "C1206C104J5RACTU"; VariantName = "3V3_to_3V3"
Change component parameters (AddParameter): Name = "Package"; Value = "CurrentFootprint"; VariantName = "3V3_to_3V3"
Change component parameters (AddParameter): Name = "Parameter1"; Value = "5"; VariantName = "3V3_to_3V3"
Change component parameters (AddParameter): Name = "Parameter1Desc"; Value = "Voltage Symbol"; VariantName = "3V3_to_3V3"
Change component parameters (AddParameter): Name = "Parameter2"; Value = "J"; VariantName = "3V3_to_3V3"
Change component parameters (AddParameter): Name = "Parameter2Desc"; Value = "Tolerance Symbol"; VariantName = "3V3_to_3V3"
Change component parameters (AddParameter): Name = "Supplier 1"; Value = "Farnell"; VariantName = "3V3_to_3V3"
Change component parameters (AddParameter): Name = "Supplier 2"; Value = "Mouser"; VariantName = "3V3_to_3V3"
Change component parameters (AddParameter): Name = "Supplier Link 1"; Value = "https://de.farnell.com/w/c/passive-bauelemente/kondensatoren/keramikkondensatoren/keramik-vielschichtkondensatoren-mlcc-smd?brand=kemet&kapazitatstoleranz=posneg-10pc&dielektrikum=x7r"; VariantName = "3V3_to_3V3"
Change component parameters (AddParameter): Name = "Supplier Part Number 2"; Value = "80-<MPN>"; VariantName = "3V3_to_3V3"
Change component parameters (AddParameter): Name = "Value"; Value = "100n"; VariantName = "3V3_to_3V3"
Change component parameters (AddParameter): Name = "ComponentLink1Description"; Value = "Datasheet"; VariantName = "3V3_to_5V"
Change component parameters (AddParameter): Name = "ComponentLink1URL"; Value = "https://content.kemet.com/datasheets/KEM_C1002_X7R_SMD.pdf"; VariantName = "3V3_to_5V"
Change component parameters (AddParameter): Name = "Created"; Value = "2019-12-08_Thilo_Wendt"; VariantName = "3V3_to_5V"
Change component parameters (AddParameter): Name = "HelpURL"; Value = "https://content.kemet.com/datasheets/KEM_C1002_X7R_SMD.pdf"; VariantName = "3V3_to_5V"
Change component parameters (AddParameter): Name = "MaxCap"; Value = "100n"; VariantName = "3V3_to_5V"
Change component parameters (AddParameter): Name = "MaxVoltage"; Value = "100"; VariantName = "3V3_to_5V"
Change component parameters (AddParameter): Name = "MF"; Value = "KEMET"; VariantName = "3V3_to_5V"
Change component parameters (AddParameter): Name = "MinCap"; Value = "10p"; VariantName = "3V3_to_5V"
Change component parameters (AddParameter): Name = "MPN"; Value = "C1206C104J5RACTU"; VariantName = "3V3_to_5V"
Change component parameters (AddParameter): Name = "Package"; Value = "CurrentFootprint"; VariantName = "3V3_to_5V"
Change component parameters (AddParameter): Name = "Parameter1"; Value = "5"; VariantName = "3V3_to_5V"
Change component parameters (AddParameter): Name = "Parameter1Desc"; Value = "Voltage Symbol"; VariantName = "3V3_to_5V"
Change component parameters (AddParameter): Name = "Parameter2"; Value = "J"; VariantName = "3V3_to_5V"
Change component parameters (AddParameter): Name = "Parameter2Desc"; Value = "Tolerance Symbol"; VariantName = "3V3_to_5V"
Change component parameters (AddParameter): Name = "Supplier 1"; Value = "Farnell"; VariantName = "3V3_to_5V"
Change component parameters (AddParameter): Name = "Supplier 2"; Value = "Mouser"; VariantName = "3V3_to_5V"
Change component parameters (AddParameter): Name = "Supplier Link 1"; Value = "https://de.farnell.com/w/c/passive-bauelemente/kondensatoren/keramikkondensatoren/keramik-vielschichtkondensatoren-mlcc-smd?brand=kemet&kapazitatstoleranz=posneg-10pc&dielektrikum=x7r"; VariantName = "3V3_to_5V"
Change component parameters (AddParameter): Name = "Supplier Part Number 2"; Value = "80-<MPN>"; VariantName = "3V3_to_5V"
Change component parameters (AddParameter): Name = "Value"; Value = "100n"; VariantName = "3V3_to_5V"
Change component parameters (AddParameter): Name = "ComponentLink1Description"; Value = "Datasheet"; VariantName = "3V3_to_RS422"
Change component parameters (AddParameter): Name = "ComponentLink1URL"; Value = "https://content.kemet.com/datasheets/KEM_C1002_X7R_SMD.pdf"; VariantName = "3V3_to_RS422"
Change component parameters (AddParameter): Name = "Created"; Value = "2019-12-08_Thilo_Wendt"; VariantName = "3V3_to_RS422"
Change component parameters (AddParameter): Name = "HelpURL"; Value = "https://content.kemet.com/datasheets/KEM_C1002_X7R_SMD.pdf"; VariantName = "3V3_to_RS422"
Change component parameters (AddParameter): Name = "MaxCap"; Value = "100n"; VariantName = "3V3_to_RS422"
Change component parameters (AddParameter): Name = "MaxVoltage"; Value = "100"; VariantName = "3V3_to_RS422"
Change component parameters (AddParameter): Name = "MF"; Value = "KEMET"; VariantName = "3V3_to_RS422"
Change component parameters (AddParameter): Name = "MinCap"; Value = "10p"; VariantName = "3V3_to_RS422"
Change component parameters (AddParameter): Name = "MPN"; Value = "C1206C104J5RACTU"; VariantName = "3V3_to_RS422"
Change component parameters (AddParameter): Name = "Package"; Value = "CurrentFootprint"; VariantName = "3V3_to_RS422"
Change component parameters (AddParameter): Name = "Parameter1"; Value = "5"; VariantName = "3V3_to_RS422"
Change component parameters (AddParameter): Name = "Parameter1Desc"; Value = "Voltage Symbol"; VariantName = "3V3_to_RS422"
Change component parameters (AddParameter): Name = "Parameter2"; Value = "J"; VariantName = "3V3_to_RS422"
Change component parameters (AddParameter): Name = "Parameter2Desc"; Value = "Tolerance Symbol"; VariantName = "3V3_to_RS422"
Change component parameters (AddParameter): Name = "Supplier 1"; Value = "Farnell"; VariantName = "3V3_to_RS422"
Change component parameters (AddParameter): Name = "Supplier 2"; Value = "Mouser"; VariantName = "3V3_to_RS422"
Change component parameters (AddParameter): Name = "Supplier Link 1"; Value = "https://de.farnell.com/w/c/passive-bauelemente/kondensatoren/keramikkondensatoren/keramik-vielschichtkondensatoren-mlcc-smd?brand=kemet&kapazitatstoleranz=posneg-10pc&dielektrikum=x7r"; VariantName = "3V3_to_RS422"
Change component parameters (AddParameter): Name = "Supplier Part Number 2"; Value = "80-<MPN>"; VariantName = "3V3_to_RS422"
Change component parameters (AddParameter): Name = "Value"; Value = "100n"; VariantName = "3V3_to_RS422"
Change component parameters (AddParameter): Name = "ComponentLink1Description"; Value = "Datasheet"; VariantName = "RS422_to_3V3"
Change component parameters (AddParameter): Name = "ComponentLink1URL"; Value = "https://content.kemet.com/datasheets/KEM_C1002_X7R_SMD.pdf"; VariantName = "RS422_to_3V3"
Change component parameters (AddParameter): Name = "Created"; Value = "2019-12-08_Thilo_Wendt"; VariantName = "RS422_to_3V3"
Change component parameters (AddParameter): Name = "HelpURL"; Value = "https://content.kemet.com/datasheets/KEM_C1002_X7R_SMD.pdf"; VariantName = "RS422_to_3V3"
Change component parameters (AddParameter): Name = "MaxCap"; Value = "100n"; VariantName = "RS422_to_3V3"
Change component parameters (AddParameter): Name = "MaxVoltage"; Value = "100"; VariantName = "RS422_to_3V3"
Change component parameters (AddParameter): Name = "MF"; Value = "KEMET"; VariantName = "RS422_to_3V3"
Change component parameters (AddParameter): Name = "MinCap"; Value = "10p"; VariantName = "RS422_to_3V3"
Change component parameters (AddParameter): Name = "MPN"; Value = "C1206C104J5RACTU"; VariantName = "RS422_to_3V3"
Change component parameters (AddParameter): Name = "Package"; Value = "CurrentFootprint"; VariantName = "RS422_to_3V3"
Change component parameters (AddParameter): Name = "Parameter1"; Value = "5"; VariantName = "RS422_to_3V3"
Change component parameters (AddParameter): Name = "Parameter1Desc"; Value = "Voltage Symbol"; VariantName = "RS422_to_3V3"
Change component parameters (AddParameter): Name = "Parameter2"; Value = "J"; VariantName = "RS422_to_3V3"
Change component parameters (AddParameter): Name = "Parameter2Desc"; Value = "Tolerance Symbol"; VariantName = "RS422_to_3V3"
Change component parameters (AddParameter): Name = "Supplier 1"; Value = "Farnell"; VariantName = "RS422_to_3V3"
Change component parameters (AddParameter): Name = "Supplier 2"; Value = "Mouser"; VariantName = "RS422_to_3V3"
Change component parameters (AddParameter): Name = "Supplier Link 1"; Value = "https://de.farnell.com/w/c/passive-bauelemente/kondensatoren/keramikkondensatoren/keramik-vielschichtkondensatoren-mlcc-smd?brand=kemet&kapazitatstoleranz=posneg-10pc&dielektrikum=x7r"; VariantName = "RS422_to_3V3"
Change component parameters (AddParameter): Name = "Supplier Part Number 2"; Value = "80-<MPN>"; VariantName = "RS422_to_3V3"
Change component parameters (AddParameter): Name = "Value"; Value = "100n"; VariantName = "RS422_to_3V3"
Change component parameters: Designator = "C3"; Footprint = "CAPC3216X180X50NL20T25"; UniqueID = "\GEIJMUXU\NLQPYCUR"
Change component parameters. Clean all parameters for all variants
Change component parameters (AddParameter): Name = "ComponentLink1Description"; Value = "Datasheet"; VariantName = "[No Variations]"
Change component parameters (AddParameter): Name = "ComponentLink1URL"; Value = "https://content.kemet.com/datasheets/KEM_C1002_X7R_SMD.pdf"; VariantName = "[No Variations]"
Change component parameters (AddParameter): Name = "Created"; Value = "2019-12-08_Thilo_Wendt"; VariantName = "[No Variations]"
Change component parameters (AddParameter): Name = "HelpURL"; Value = "https://content.kemet.com/datasheets/KEM_C1002_X7R_SMD.pdf"; VariantName = "[No Variations]"
Change component parameters (AddParameter): Name = "MaxCap"; Value = "1u"; VariantName = "[No Variations]"
Change component parameters (AddParameter): Name = "MaxVoltage"; Value = "50"; VariantName = "[No Variations]"
Change component parameters (AddParameter): Name = "MF"; Value = "KEMET"; VariantName = "[No Variations]"
Change component parameters (AddParameter): Name = "MinCap"; Value = "10p"; VariantName = "[No Variations]"
Change component parameters (AddParameter): Name = "MPN"; Value = "C1206C104J5RACTU"; VariantName = "[No Variations]"
Change component parameters (AddParameter): Name = "Package"; Value = "CurrentFootprint"; VariantName = "[No Variations]"
Change component parameters (AddParameter): Name = "Parameter1"; Value = "5"; VariantName = "[No Variations]"
Change component parameters (AddParameter): Name = "Parameter1Desc"; Value = "Voltage Symbol"; VariantName = "[No Variations]"
Change component parameters (AddParameter): Name = "Parameter2"; Value = "J"; VariantName = "[No Variations]"
Change component parameters (AddParameter): Name = "Parameter2Desc"; Value = "Tolerance Symbol"; VariantName = "[No Variations]"
Change component parameters (AddParameter): Name = "Supplier 1"; Value = "Farnell"; VariantName = "[No Variations]"
Change component parameters (AddParameter): Name = "Supplier 2"; Value = "Mouser"; VariantName = "[No Variations]"
Change component parameters (AddParameter): Name = "Supplier Link 1"; Value = "https://de.farnell.com/w/c/passive-bauelemente/kondensatoren/keramikkondensatoren/keramik-vielschichtkondensatoren-mlcc-smd?brand=kemet&kapazitatstoleranz=posneg-10pc&dielektrikum=x7r"; VariantName = "[No Variations]"
Change component parameters (AddParameter): Name = "Supplier Part Number 2"; Value = "80-<MPN>"; VariantName = "[No Variations]"
Change component parameters (AddParameter): Name = "Value"; Value = "100n"; VariantName = "[No Variations]"
Change component parameters: Designator = "C4"; Footprint = "CAPC3216X180X50NL20T25"; UniqueID = "\GEIJMUXU\IIXJYDXY"
Change component parameters. Clean all parameters for all variants
Change component parameters (AddParameter): Name = "ComponentLink1Description"; Value = "Datasheet"; VariantName = "[No Variations]"
Change component parameters (AddParameter): Name = "ComponentLink1URL"; Value = "https://content.kemet.com/datasheets/KEM_C1002_X7R_SMD.pdf"; VariantName = "[No Variations]"
Change component parameters (AddParameter): Name = "Created"; Value = "2019-12-08_Thilo_Wendt"; VariantName = "[No Variations]"
Change component parameters (AddParameter): Name = "HelpURL"; Value = "https://content.kemet.com/datasheets/KEM_C1002_X7R_SMD.pdf"; VariantName = "[No Variations]"
Change component parameters (AddParameter): Name = "MaxCap"; Value = "1u"; VariantName = "[No Variations]"
Change component parameters (AddParameter): Name = "MaxVoltage"; Value = "50"; VariantName = "[No Variations]"
Change component parameters (AddParameter): Name = "MF"; Value = "KEMET"; VariantName = "[No Variations]"
Change component parameters (AddParameter): Name = "MinCap"; Value = "10p"; VariantName = "[No Variations]"
Change component parameters (AddParameter): Name = "MPN"; Value = "C1206C104J5RACTU"; VariantName = "[No Variations]"
Change component parameters (AddParameter): Name = "Package"; Value = "CurrentFootprint"; VariantName = "[No Variations]"
Change component parameters (AddParameter): Name = "Parameter1"; Value = "5"; VariantName = "[No Variations]"
Change component parameters (AddParameter): Name = "Parameter1Desc"; Value = "Voltage Symbol"; VariantName = "[No Variations]"
Change component parameters (AddParameter): Name = "Parameter2"; Value = "J"; VariantName = "[No Variations]"
Change component parameters (AddParameter): Name = "Parameter2Desc"; Value = "Tolerance Symbol"; VariantName = "[No Variations]"
Change component parameters (AddParameter): Name = "Supplier 1"; Value = "Farnell"; VariantName = "[No Variations]"
Change component parameters (AddParameter): Name = "Supplier 2"; Value = "Mouser"; VariantName = "[No Variations]"
Change component parameters (AddParameter): Name = "Supplier Link 1"; Value = "https://de.farnell.com/w/c/passive-bauelemente/kondensatoren/keramikkondensatoren/keramik-vielschichtkondensatoren-mlcc-smd?brand=kemet&kapazitatstoleranz=posneg-10pc&dielektrikum=x7r"; VariantName = "[No Variations]"
Change component parameters (AddParameter): Name = "Supplier Part Number 2"; Value = "80-<MPN>"; VariantName = "[No Variations]"
Change component parameters (AddParameter): Name = "Value"; Value = "100n"; VariantName = "[No Variations]"
Change component parameters: Designator = "C5"; Footprint = "CAPC3216X180X50NL20T25"; UniqueID = "\SMQLPFVK\HSQVHEMT"
Change component parameters. Clean all parameters for all variants
Change component parameters (AddParameter): Name = "ComponentLink1Description"; Value = "Datasheet"; VariantName = "[No Variations]"
Change component parameters (AddParameter): Name = "ComponentLink1URL"; Value = "https://content.kemet.com/datasheets/KEM_C1002_X7R_SMD.pdf"; VariantName = "[No Variations]"
Change component parameters (AddParameter): Name = "Created"; Value = "2019-12-08_Thilo_Wendt"; VariantName = "[No Variations]"
Change component parameters (AddParameter): Name = "HelpURL"; Value = "https://content.kemet.com/datasheets/KEM_C1002_X7R_SMD.pdf"; VariantName = "[No Variations]"
Change component parameters (AddParameter): Name = "MaxCap"; Value = "100n"; VariantName = "[No Variations]"
Change component parameters (AddParameter): Name = "MaxVoltage"; Value = "100"; VariantName = "[No Variations]"
Change component parameters (AddParameter): Name = "MF"; Value = "KEMET"; VariantName = "[No Variations]"
Change component parameters (AddParameter): Name = "MinCap"; Value = "10p"; VariantName = "[No Variations]"
Change component parameters (AddParameter): Name = "MPN"; Value = "C1206C104J5RACTU"; VariantName = "[No Variations]"
Change component parameters (AddParameter): Name = "Package"; Value = "CurrentFootprint"; VariantName = "[No Variations]"
Change component parameters (AddParameter): Name = "Parameter1"; Value = "5"; VariantName = "[No Variations]"
Change component parameters (AddParameter): Name = "Parameter1Desc"; Value = "Voltage Symbol"; VariantName = "[No Variations]"
Change component parameters (AddParameter): Name = "Parameter2"; Value = "J"; VariantName = "[No Variations]"
Change component parameters (AddParameter): Name = "Parameter2Desc"; Value = "Tolerance Symbol"; VariantName = "[No Variations]"
Change component parameters (AddParameter): Name = "Supplier 1"; Value = "Farnell"; VariantName = "[No Variations]"
Change component parameters (AddParameter): Name = "Supplier 2"; Value = "Mouser"; VariantName = "[No Variations]"
Change component parameters (AddParameter): Name = "Supplier Link 1"; Value = "https://de.farnell.com/w/c/passive-bauelemente/kondensatoren/keramikkondensatoren/keramik-vielschichtkondensatoren-mlcc-smd?brand=kemet&kapazitatstoleranz=posneg-10pc&dielektrikum=x7r"; VariantName = "[No Variations]"
Change component parameters (AddParameter): Name = "Supplier Part Number 2"; Value = "80-<MPN>"; VariantName = "[No Variations]"
Change component parameters (AddParameter): Name = "Value"; Value = "100n"; VariantName = "[No Variations]"
Change component parameters (AddParameter): Name = "ComponentLink1Description"; Value = "Datasheet"; VariantName = "3V3_to_3V3"
Change component parameters (AddParameter): Name = "ComponentLink1URL"; Value = "https://content.kemet.com/datasheets/KEM_C1002_X7R_SMD.pdf"; VariantName = "3V3_to_3V3"
Change component parameters (AddParameter): Name = "Created"; Value = "2019-12-08_Thilo_Wendt"; VariantName = "3V3_to_3V3"
Change component parameters (AddParameter): Name = "HelpURL"; Value = "https://content.kemet.com/datasheets/KEM_C1002_X7R_SMD.pdf"; VariantName = "3V3_to_3V3"
Change component parameters (AddParameter): Name = "MaxCap"; Value = "100n"; VariantName = "3V3_to_3V3"
Change component parameters (AddParameter): Name = "MaxVoltage"; Value = "100"; VariantName = "3V3_to_3V3"
Change component parameters (AddParameter): Name = "MF"; Value = "KEMET"; VariantName = "3V3_to_3V3"
Change component parameters (AddParameter): Name = "MinCap"; Value = "10p"; VariantName = "3V3_to_3V3"
Change component parameters (AddParameter): Name = "MPN"; Value = "C1206C104J5RACTU"; VariantName = "3V3_to_3V3"
Change component parameters (AddParameter): Name = "Package"; Value = "CurrentFootprint"; VariantName = "3V3_to_3V3"
Change component parameters (AddParameter): Name = "Parameter1"; Value = "5"; VariantName = "3V3_to_3V3"
Change component parameters (AddParameter): Name = "Parameter1Desc"; Value = "Voltage Symbol"; VariantName = "3V3_to_3V3"
Change component parameters (AddParameter): Name = "Parameter2"; Value = "J"; VariantName = "3V3_to_3V3"
Change component parameters (AddParameter): Name = "Parameter2Desc"; Value = "Tolerance Symbol"; VariantName = "3V3_to_3V3"
Change component parameters (AddParameter): Name = "Supplier 1"; Value = "Farnell"; VariantName = "3V3_to_3V3"
Change component parameters (AddParameter): Name = "Supplier 2"; Value = "Mouser"; VariantName = "3V3_to_3V3"
Change component parameters (AddParameter): Name = "Supplier Link 1"; Value = "https://de.farnell.com/w/c/passive-bauelemente/kondensatoren/keramikkondensatoren/keramik-vielschichtkondensatoren-mlcc-smd?brand=kemet&kapazitatstoleranz=posneg-10pc&dielektrikum=x7r"; VariantName = "3V3_to_3V3"
Change component parameters (AddParameter): Name = "Supplier Part Number 2"; Value = "80-<MPN>"; VariantName = "3V3_to_3V3"
Change component parameters (AddParameter): Name = "Value"; Value = "100n"; VariantName = "3V3_to_3V3"
Change component parameters (AddParameter): Name = "ComponentLink1Description"; Value = "Datasheet"; VariantName = "3V3_to_5V"
Change component parameters (AddParameter): Name = "ComponentLink1URL"; Value = "https://content.kemet.com/datasheets/KEM_C1002_X7R_SMD.pdf"; VariantName = "3V3_to_5V"
Change component parameters (AddParameter): Name = "Created"; Value = "2019-12-08_Thilo_Wendt"; VariantName = "3V3_to_5V"
Change component parameters (AddParameter): Name = "HelpURL"; Value = "https://content.kemet.com/datasheets/KEM_C1002_X7R_SMD.pdf"; VariantName = "3V3_to_5V"
Change component parameters (AddParameter): Name = "MaxCap"; Value = "100n"; VariantName = "3V3_to_5V"
Change component parameters (AddParameter): Name = "MaxVoltage"; Value = "100"; VariantName = "3V3_to_5V"
Change component parameters (AddParameter): Name = "MF"; Value = "KEMET"; VariantName = "3V3_to_5V"
Change component parameters (AddParameter): Name = "MinCap"; Value = "10p"; VariantName = "3V3_to_5V"
Change component parameters (AddParameter): Name = "MPN"; Value = "C1206C104J5RACTU"; VariantName = "3V3_to_5V"
Change component parameters (AddParameter): Name = "Package"; Value = "CurrentFootprint"; VariantName = "3V3_to_5V"
Change component parameters (AddParameter): Name = "Parameter1"; Value = "5"; VariantName = "3V3_to_5V"
Change component parameters (AddParameter): Name = "Parameter1Desc"; Value = "Voltage Symbol"; VariantName = "3V3_to_5V"
Change component parameters (AddParameter): Name = "Parameter2"; Value = "J"; VariantName = "3V3_to_5V"
Change component parameters (AddParameter): Name = "Parameter2Desc"; Value = "Tolerance Symbol"; VariantName = "3V3_to_5V"
Change component parameters (AddParameter): Name = "Supplier 1"; Value = "Farnell"; VariantName = "3V3_to_5V"
Change component parameters (AddParameter): Name = "Supplier 2"; Value = "Mouser"; VariantName = "3V3_to_5V"
Change component parameters (AddParameter): Name = "Supplier Link 1"; Value = "https://de.farnell.com/w/c/passive-bauelemente/kondensatoren/keramikkondensatoren/keramik-vielschichtkondensatoren-mlcc-smd?brand=kemet&kapazitatstoleranz=posneg-10pc&dielektrikum=x7r"; VariantName = "3V3_to_5V"
Change component parameters (AddParameter): Name = "Supplier Part Number 2"; Value = "80-<MPN>"; VariantName = "3V3_to_5V"
Change component parameters (AddParameter): Name = "Value"; Value = "100n"; VariantName = "3V3_to_5V"
Change component parameters (AddParameter): Name = "ComponentLink1Description"; Value = "Datasheet"; VariantName = "3V3_to_RS422"
Change component parameters (AddParameter): Name = "ComponentLink1URL"; Value = "https://content.kemet.com/datasheets/KEM_C1002_X7R_SMD.pdf"; VariantName = "3V3_to_RS422"
Change component parameters (AddParameter): Name = "Created"; Value = "2019-12-08_Thilo_Wendt"; VariantName = "3V3_to_RS422"
Change component parameters (AddParameter): Name = "HelpURL"; Value = "https://content.kemet.com/datasheets/KEM_C1002_X7R_SMD.pdf"; VariantName = "3V3_to_RS422"
Change component parameters (AddParameter): Name = "MaxCap"; Value = "100n"; VariantName = "3V3_to_RS422"
Change component parameters (AddParameter): Name = "MaxVoltage"; Value = "100"; VariantName = "3V3_to_RS422"
Change component parameters (AddParameter): Name = "MF"; Value = "KEMET"; VariantName = "3V3_to_RS422"
Change component parameters (AddParameter): Name = "MinCap"; Value = "10p"; VariantName = "3V3_to_RS422"
Change component parameters (AddParameter): Name = "MPN"; Value = "C1206C104J5RACTU"; VariantName = "3V3_to_RS422"
Change component parameters (AddParameter): Name = "Package"; Value = "CurrentFootprint"; VariantName = "3V3_to_RS422"
Change component parameters (AddParameter): Name = "Parameter1"; Value = "5"; VariantName = "3V3_to_RS422"
Change component parameters (AddParameter): Name = "Parameter1Desc"; Value = "Voltage Symbol"; VariantName = "3V3_to_RS422"
Change component parameters (AddParameter): Name = "Parameter2"; Value = "J"; VariantName = "3V3_to_RS422"
Change component parameters (AddParameter): Name = "Parameter2Desc"; Value = "Tolerance Symbol"; VariantName = "3V3_to_RS422"
Change component parameters (AddParameter): Name = "Supplier 1"; Value = "Farnell"; VariantName = "3V3_to_RS422"
Change component parameters (AddParameter): Name = "Supplier 2"; Value = "Mouser"; VariantName = "3V3_to_RS422"
Change component parameters (AddParameter): Name = "Supplier Link 1"; Value = "https://de.farnell.com/w/c/passive-bauelemente/kondensatoren/keramikkondensatoren/keramik-vielschichtkondensatoren-mlcc-smd?brand=kemet&kapazitatstoleranz=posneg-10pc&dielektrikum=x7r"; VariantName = "3V3_to_RS422"
Change component parameters (AddParameter): Name = "Supplier Part Number 2"; Value = "80-<MPN>"; VariantName = "3V3_to_RS422"
Change component parameters (AddParameter): Name = "Value"; Value = "100n"; VariantName = "3V3_to_RS422"
Change component parameters (AddParameter): Name = "ComponentLink1Description"; Value = "Datasheet"; VariantName = "RS422_to_3V3"
Change component parameters (AddParameter): Name = "ComponentLink1URL"; Value = "https://content.kemet.com/datasheets/KEM_C1002_X7R_SMD.pdf"; VariantName = "RS422_to_3V3"
Change component parameters (AddParameter): Name = "Created"; Value = "2019-12-08_Thilo_Wendt"; VariantName = "RS422_to_3V3"
Change component parameters (AddParameter): Name = "HelpURL"; Value = "https://content.kemet.com/datasheets/KEM_C1002_X7R_SMD.pdf"; VariantName = "RS422_to_3V3"
Change component parameters (AddParameter): Name = "MaxCap"; Value = "100n"; VariantName = "RS422_to_3V3"
Change component parameters (AddParameter): Name = "MaxVoltage"; Value = "100"; VariantName = "RS422_to_3V3"
Change component parameters (AddParameter): Name = "MF"; Value = "KEMET"; VariantName = "RS422_to_3V3"
Change component parameters (AddParameter): Name = "MinCap"; Value = "10p"; VariantName = "RS422_to_3V3"
Change component parameters (AddParameter): Name = "MPN"; Value = "C1206C104J5RACTU"; VariantName = "RS422_to_3V3"
Change component parameters (AddParameter): Name = "Package"; Value = "CurrentFootprint"; VariantName = "RS422_to_3V3"
Change component parameters (AddParameter): Name = "Parameter1"; Value = "5"; VariantName = "RS422_to_3V3"
Change component parameters (AddParameter): Name = "Parameter1Desc"; Value = "Voltage Symbol"; VariantName = "RS422_to_3V3"
Change component parameters (AddParameter): Name = "Parameter2"; Value = "J"; VariantName = "RS422_to_3V3"
Change component parameters (AddParameter): Name = "Parameter2Desc"; Value = "Tolerance Symbol"; VariantName = "RS422_to_3V3"
Change component parameters (AddParameter): Name = "Supplier 1"; Value = "Farnell"; VariantName = "RS422_to_3V3"
Change component parameters (AddParameter): Name = "Supplier 2"; Value = "Mouser"; VariantName = "RS422_to_3V3"
Change component parameters (AddParameter): Name = "Supplier Link 1"; Value = "https://de.farnell.com/w/c/passive-bauelemente/kondensatoren/keramikkondensatoren/keramik-vielschichtkondensatoren-mlcc-smd?brand=kemet&kapazitatstoleranz=posneg-10pc&dielektrikum=x7r"; VariantName = "RS422_to_3V3"
Change component parameters (AddParameter): Name = "Supplier Part Number 2"; Value = "80-<MPN>"; VariantName = "RS422_to_3V3"
Change component parameters (AddParameter): Name = "Value"; Value = "100n"; VariantName = "RS422_to_3V3"
Change component parameters: Designator = "C5"; Footprint = "CAPC3216X180X50NL20T25"; UniqueID = "\GEIJMUXU\BUQRBAEM"
Change component parameters. Clean all parameters for all variants
Change component parameters (AddParameter): Name = "ComponentLink1Description"; Value = "Datasheet"; VariantName = "[No Variations]"
Change component parameters (AddParameter): Name = "ComponentLink1URL"; Value = "https://content.kemet.com/datasheets/KEM_C1002_X7R_SMD.pdf"; VariantName = "[No Variations]"
Change component parameters (AddParameter): Name = "Created"; Value = "2019-12-08_Thilo_Wendt"; VariantName = "[No Variations]"
Change component parameters (AddParameter): Name = "HelpURL"; Value = "https://content.kemet.com/datasheets/KEM_C1002_X7R_SMD.pdf"; VariantName = "[No Variations]"
Change component parameters (AddParameter): Name = "MaxCap"; Value = "1u"; VariantName = "[No Variations]"
Change component parameters (AddParameter): Name = "MaxVoltage"; Value = "50"; VariantName = "[No Variations]"
Change component parameters (AddParameter): Name = "MF"; Value = "KEMET"; VariantName = "[No Variations]"
Change component parameters (AddParameter): Name = "MinCap"; Value = "10p"; VariantName = "[No Variations]"
Change component parameters (AddParameter): Name = "MPN"; Value = "C1206C104J5RACTU"; VariantName = "[No Variations]"
Change component parameters (AddParameter): Name = "Package"; Value = "CurrentFootprint"; VariantName = "[No Variations]"
Change component parameters (AddParameter): Name = "Parameter1"; Value = "5"; VariantName = "[No Variations]"
Change component parameters (AddParameter): Name = "Parameter1Desc"; Value = "Voltage Symbol"; VariantName = "[No Variations]"
Change component parameters (AddParameter): Name = "Parameter2"; Value = "J"; VariantName = "[No Variations]"
Change component parameters (AddParameter): Name = "Parameter2Desc"; Value = "Tolerance Symbol"; VariantName = "[No Variations]"
Change component parameters (AddParameter): Name = "Supplier 1"; Value = "Farnell"; VariantName = "[No Variations]"
Change component parameters (AddParameter): Name = "Supplier 2"; Value = "Mouser"; VariantName = "[No Variations]"
Change component parameters (AddParameter): Name = "Supplier Link 1"; Value = "https://de.farnell.com/w/c/passive-bauelemente/kondensatoren/keramikkondensatoren/keramik-vielschichtkondensatoren-mlcc-smd?brand=kemet&kapazitatstoleranz=posneg-10pc&dielektrikum=x7r"; VariantName = "[No Variations]"
Change component parameters (AddParameter): Name = "Supplier Part Number 2"; Value = "80-<MPN>"; VariantName = "[No Variations]"
Change component parameters (AddParameter): Name = "Value"; Value = "100n"; VariantName = "[No Variations]"
Change component parameters: Designator = "C6"; Footprint = "CAPC3216X180X50NL20T25"; UniqueID = "\SMQLPFVK\EEJGCYIM"
Change component parameters. Clean all parameters for all variants
Change component parameters (AddParameter): Name = "ComponentLink1Description"; Value = "Datasheet"; VariantName = "[No Variations]"
Change component parameters (AddParameter): Name = "ComponentLink1URL"; Value = "https://content.kemet.com/datasheets/KEM_C1002_X7R_SMD.pdf"; VariantName = "[No Variations]"
Change component parameters (AddParameter): Name = "Created"; Value = "2019-12-08_Thilo_Wendt"; VariantName = "[No Variations]"
Change component parameters (AddParameter): Name = "HelpURL"; Value = "https://content.kemet.com/datasheets/KEM_C1002_X7R_SMD.pdf"; VariantName = "[No Variations]"
Change component parameters (AddParameter): Name = "MaxCap"; Value = "100n"; VariantName = "[No Variations]"
Change component parameters (AddParameter): Name = "MaxVoltage"; Value = "100"; VariantName = "[No Variations]"
Change component parameters (AddParameter): Name = "MF"; Value = "KEMET"; VariantName = "[No Variations]"
Change component parameters (AddParameter): Name = "MinCap"; Value = "10p"; VariantName = "[No Variations]"
Change component parameters (AddParameter): Name = "MPN"; Value = "C1206C104J5RACTU"; VariantName = "[No Variations]"
Change component parameters (AddParameter): Name = "Package"; Value = "CurrentFootprint"; VariantName = "[No Variations]"
Change component parameters (AddParameter): Name = "Parameter1"; Value = "5"; VariantName = "[No Variations]"
Change component parameters (AddParameter): Name = "Parameter1Desc"; Value = "Voltage Symbol"; VariantName = "[No Variations]"
Change component parameters (AddParameter): Name = "Parameter2"; Value = "J"; VariantName = "[No Variations]"
Change component parameters (AddParameter): Name = "Parameter2Desc"; Value = "Tolerance Symbol"; VariantName = "[No Variations]"
Change component parameters (AddParameter): Name = "Supplier 1"; Value = "Farnell"; VariantName = "[No Variations]"
Change component parameters (AddParameter): Name = "Supplier 2"; Value = "Mouser"; VariantName = "[No Variations]"
Change component parameters (AddParameter): Name = "Supplier Link 1"; Value = "https://de.farnell.com/w/c/passive-bauelemente/kondensatoren/keramikkondensatoren/keramik-vielschichtkondensatoren-mlcc-smd?brand=kemet&kapazitatstoleranz=posneg-10pc&dielektrikum=x7r"; VariantName = "[No Variations]"
Change component parameters (AddParameter): Name = "Supplier Part Number 2"; Value = "80-<MPN>"; VariantName = "[No Variations]"
Change component parameters (AddParameter): Name = "Value"; Value = "100n"; VariantName = "[No Variations]"
Change component parameters (AddParameter): Name = "ComponentLink1Description"; Value = "Datasheet"; VariantName = "3V3_to_3V3"
Change component parameters (AddParameter): Name = "ComponentLink1URL"; Value = "https://content.kemet.com/datasheets/KEM_C1002_X7R_SMD.pdf"; VariantName = "3V3_to_3V3"
Change component parameters (AddParameter): Name = "Created"; Value = "2019-12-08_Thilo_Wendt"; VariantName = "3V3_to_3V3"
Change component parameters (AddParameter): Name = "HelpURL"; Value = "https://content.kemet.com/datasheets/KEM_C1002_X7R_SMD.pdf"; VariantName = "3V3_to_3V3"
Change component parameters (AddParameter): Name = "MaxCap"; Value = "100n"; VariantName = "3V3_to_3V3"
Change component parameters (AddParameter): Name = "MaxVoltage"; Value = "100"; VariantName = "3V3_to_3V3"
Change component parameters (AddParameter): Name = "MF"; Value = "KEMET"; VariantName = "3V3_to_3V3"
Change component parameters (AddParameter): Name = "MinCap"; Value = "10p"; VariantName = "3V3_to_3V3"
Change component parameters (AddParameter): Name = "MPN"; Value = "C1206C104J5RACTU"; VariantName = "3V3_to_3V3"
Change component parameters (AddParameter): Name = "Package"; Value = "CurrentFootprint"; VariantName = "3V3_to_3V3"
Change component parameters (AddParameter): Name = "Parameter1"; Value = "5"; VariantName = "3V3_to_3V3"
Change component parameters (AddParameter): Name = "Parameter1Desc"; Value = "Voltage Symbol"; VariantName = "3V3_to_3V3"
Change component parameters (AddParameter): Name = "Parameter2"; Value = "J"; VariantName = "3V3_to_3V3"
Change component parameters (AddParameter): Name = "Parameter2Desc"; Value = "Tolerance Symbol"; VariantName = "3V3_to_3V3"
Change component parameters (AddParameter): Name = "Supplier 1"; Value = "Farnell"; VariantName = "3V3_to_3V3"
Change component parameters (AddParameter): Name = "Supplier 2"; Value = "Mouser"; VariantName = "3V3_to_3V3"
Change component parameters (AddParameter): Name = "Supplier Link 1"; Value = "https://de.farnell.com/w/c/passive-bauelemente/kondensatoren/keramikkondensatoren/keramik-vielschichtkondensatoren-mlcc-smd?brand=kemet&kapazitatstoleranz=posneg-10pc&dielektrikum=x7r"; VariantName = "3V3_to_3V3"
Change component parameters (AddParameter): Name = "Supplier Part Number 2"; Value = "80-<MPN>"; VariantName = "3V3_to_3V3"
Change component parameters (AddParameter): Name = "Value"; Value = "100n"; VariantName = "3V3_to_3V3"
Change component parameters (AddParameter): Name = "ComponentLink1Description"; Value = "Datasheet"; VariantName = "3V3_to_5V"
Change component parameters (AddParameter): Name = "ComponentLink1URL"; Value = "https://content.kemet.com/datasheets/KEM_C1002_X7R_SMD.pdf"; VariantName = "3V3_to_5V"
Change component parameters (AddParameter): Name = "Created"; Value = "2019-12-08_Thilo_Wendt"; VariantName = "3V3_to_5V"
Change component parameters (AddParameter): Name = "HelpURL"; Value = "https://content.kemet.com/datasheets/KEM_C1002_X7R_SMD.pdf"; VariantName = "3V3_to_5V"
Change component parameters (AddParameter): Name = "MaxCap"; Value = "100n"; VariantName = "3V3_to_5V"
Change component parameters (AddParameter): Name = "MaxVoltage"; Value = "100"; VariantName = "3V3_to_5V"
Change component parameters (AddParameter): Name = "MF"; Value = "KEMET"; VariantName = "3V3_to_5V"
Change component parameters (AddParameter): Name = "MinCap"; Value = "10p"; VariantName = "3V3_to_5V"
Change component parameters (AddParameter): Name = "MPN"; Value = "C1206C104J5RACTU"; VariantName = "3V3_to_5V"
Change component parameters (AddParameter): Name = "Package"; Value = "CurrentFootprint"; VariantName = "3V3_to_5V"
Change component parameters (AddParameter): Name = "Parameter1"; Value = "5"; VariantName = "3V3_to_5V"
Change component parameters (AddParameter): Name = "Parameter1Desc"; Value = "Voltage Symbol"; VariantName = "3V3_to_5V"
Change component parameters (AddParameter): Name = "Parameter2"; Value = "J"; VariantName = "3V3_to_5V"
Change component parameters (AddParameter): Name = "Parameter2Desc"; Value = "Tolerance Symbol"; VariantName = "3V3_to_5V"
Change component parameters (AddParameter): Name = "Supplier 1"; Value = "Farnell"; VariantName = "3V3_to_5V"
Change component parameters (AddParameter): Name = "Supplier 2"; Value = "Mouser"; VariantName = "3V3_to_5V"
Change component parameters (AddParameter): Name = "Supplier Link 1"; Value = "https://de.farnell.com/w/c/passive-bauelemente/kondensatoren/keramikkondensatoren/keramik-vielschichtkondensatoren-mlcc-smd?brand=kemet&kapazitatstoleranz=posneg-10pc&dielektrikum=x7r"; VariantName = "3V3_to_5V"
Change component parameters (AddParameter): Name = "Supplier Part Number 2"; Value = "80-<MPN>"; VariantName = "3V3_to_5V"
Change component parameters (AddParameter): Name = "Value"; Value = "100n"; VariantName = "3V3_to_5V"
Change component parameters (AddParameter): Name = "ComponentLink1Description"; Value = "Datasheet"; VariantName = "3V3_to_RS422"
Change component parameters (AddParameter): Name = "ComponentLink1URL"; Value = "https://content.kemet.com/datasheets/KEM_C1002_X7R_SMD.pdf"; VariantName = "3V3_to_RS422"
Change component parameters (AddParameter): Name = "Created"; Value = "2019-12-08_Thilo_Wendt"; VariantName = "3V3_to_RS422"
Change component parameters (AddParameter): Name = "HelpURL"; Value = "https://content.kemet.com/datasheets/KEM_C1002_X7R_SMD.pdf"; VariantName = "3V3_to_RS422"
Change component parameters (AddParameter): Name = "MaxCap"; Value = "100n"; VariantName = "3V3_to_RS422"
Change component parameters (AddParameter): Name = "MaxVoltage"; Value = "100"; VariantName = "3V3_to_RS422"
Change component parameters (AddParameter): Name = "MF"; Value = "KEMET"; VariantName = "3V3_to_RS422"
Change component parameters (AddParameter): Name = "MinCap"; Value = "10p"; VariantName = "3V3_to_RS422"
Change component parameters (AddParameter): Name = "MPN"; Value = "C1206C104J5RACTU"; VariantName = "3V3_to_RS422"
Change component parameters (AddParameter): Name = "Package"; Value = "CurrentFootprint"; VariantName = "3V3_to_RS422"
Change component parameters (AddParameter): Name = "Parameter1"; Value = "5"; VariantName = "3V3_to_RS422"
Change component parameters (AddParameter): Name = "Parameter1Desc"; Value = "Voltage Symbol"; VariantName = "3V3_to_RS422"
Change component parameters (AddParameter): Name = "Parameter2"; Value = "J"; VariantName = "3V3_to_RS422"
Change component parameters (AddParameter): Name = "Parameter2Desc"; Value = "Tolerance Symbol"; VariantName = "3V3_to_RS422"
Change component parameters (AddParameter): Name = "Supplier 1"; Value = "Farnell"; VariantName = "3V3_to_RS422"
Change component parameters (AddParameter): Name = "Supplier 2"; Value = "Mouser"; VariantName = "3V3_to_RS422"
Change component parameters (AddParameter): Name = "Supplier Link 1"; Value = "https://de.farnell.com/w/c/passive-bauelemente/kondensatoren/keramikkondensatoren/keramik-vielschichtkondensatoren-mlcc-smd?brand=kemet&kapazitatstoleranz=posneg-10pc&dielektrikum=x7r"; VariantName = "3V3_to_RS422"
Change component parameters (AddParameter): Name = "Supplier Part Number 2"; Value = "80-<MPN>"; VariantName = "3V3_to_RS422"
Change component parameters (AddParameter): Name = "Value"; Value = "100n"; VariantName = "3V3_to_RS422"
Change component parameters (AddParameter): Name = "ComponentLink1Description"; Value = "Datasheet"; VariantName = "RS422_to_3V3"
Change component parameters (AddParameter): Name = "ComponentLink1URL"; Value = "https://content.kemet.com/datasheets/KEM_C1002_X7R_SMD.pdf"; VariantName = "RS422_to_3V3"
Change component parameters (AddParameter): Name = "Created"; Value = "2019-12-08_Thilo_Wendt"; VariantName = "RS422_to_3V3"
Change component parameters (AddParameter): Name = "HelpURL"; Value = "https://content.kemet.com/datasheets/KEM_C1002_X7R_SMD.pdf"; VariantName = "RS422_to_3V3"
Change component parameters (AddParameter): Name = "MaxCap"; Value = "100n"; VariantName = "RS422_to_3V3"
Change component parameters (AddParameter): Name = "MaxVoltage"; Value = "100"; VariantName = "RS422_to_3V3"
Change component parameters (AddParameter): Name = "MF"; Value = "KEMET"; VariantName = "RS422_to_3V3"
Change component parameters (AddParameter): Name = "MinCap"; Value = "10p"; VariantName = "RS422_to_3V3"
Change component parameters (AddParameter): Name = "MPN"; Value = "C1206C104J5RACTU"; VariantName = "RS422_to_3V3"
Change component parameters (AddParameter): Name = "Package"; Value = "CurrentFootprint"; VariantName = "RS422_to_3V3"
Change component parameters (AddParameter): Name = "Parameter1"; Value = "5"; VariantName = "RS422_to_3V3"
Change component parameters (AddParameter): Name = "Parameter1Desc"; Value = "Voltage Symbol"; VariantName = "RS422_to_3V3"
Change component parameters (AddParameter): Name = "Parameter2"; Value = "J"; VariantName = "RS422_to_3V3"
Change component parameters (AddParameter): Name = "Parameter2Desc"; Value = "Tolerance Symbol"; VariantName = "RS422_to_3V3"
Change component parameters (AddParameter): Name = "Supplier 1"; Value = "Farnell"; VariantName = "RS422_to_3V3"
Change component parameters (AddParameter): Name = "Supplier 2"; Value = "Mouser"; VariantName = "RS422_to_3V3"
Change component parameters (AddParameter): Name = "Supplier Link 1"; Value = "https://de.farnell.com/w/c/passive-bauelemente/kondensatoren/keramikkondensatoren/keramik-vielschichtkondensatoren-mlcc-smd?brand=kemet&kapazitatstoleranz=posneg-10pc&dielektrikum=x7r"; VariantName = "RS422_to_3V3"
Change component parameters (AddParameter): Name = "Supplier Part Number 2"; Value = "80-<MPN>"; VariantName = "RS422_to_3V3"
Change component parameters (AddParameter): Name = "Value"; Value = "100n"; VariantName = "RS422_to_3V3"
Change component parameters: Designator = "C6"; Footprint = "CAPC3216X180X50NL20T25"; UniqueID = "\GEIJMUXU\XCNNXUEO"
Change component parameters. Clean all parameters for all variants
Change component parameters (AddParameter): Name = "ComponentLink1Description"; Value = "Datasheet"; VariantName = "[No Variations]"
Change component parameters (AddParameter): Name = "ComponentLink1URL"; Value = "https://content.kemet.com/datasheets/KEM_C1002_X7R_SMD.pdf"; VariantName = "[No Variations]"
Change component parameters (AddParameter): Name = "Created"; Value = "2019-12-08_Thilo_Wendt"; VariantName = "[No Variations]"
Change component parameters (AddParameter): Name = "HelpURL"; Value = "https://content.kemet.com/datasheets/KEM_C1002_X7R_SMD.pdf"; VariantName = "[No Variations]"
Change component parameters (AddParameter): Name = "MaxCap"; Value = "1u"; VariantName = "[No Variations]"
Change component parameters (AddParameter): Name = "MaxVoltage"; Value = "50"; VariantName = "[No Variations]"
Change component parameters (AddParameter): Name = "MF"; Value = "KEMET"; VariantName = "[No Variations]"
Change component parameters (AddParameter): Name = "MinCap"; Value = "10p"; VariantName = "[No Variations]"
Change component parameters (AddParameter): Name = "MPN"; Value = "C1206C104J5RACTU"; VariantName = "[No Variations]"
Change component parameters (AddParameter): Name = "Package"; Value = "CurrentFootprint"; VariantName = "[No Variations]"
Change component parameters (AddParameter): Name = "Parameter1"; Value = "5"; VariantName = "[No Variations]"
Change component parameters (AddParameter): Name = "Parameter1Desc"; Value = "Voltage Symbol"; VariantName = "[No Variations]"
Change component parameters (AddParameter): Name = "Parameter2"; Value = "J"; VariantName = "[No Variations]"
Change component parameters (AddParameter): Name = "Parameter2Desc"; Value = "Tolerance Symbol"; VariantName = "[No Variations]"
Change component parameters (AddParameter): Name = "Supplier 1"; Value = "Farnell"; VariantName = "[No Variations]"
Change component parameters (AddParameter): Name = "Supplier 2"; Value = "Mouser"; VariantName = "[No Variations]"
Change component parameters (AddParameter): Name = "Supplier Link 1"; Value = "https://de.farnell.com/w/c/passive-bauelemente/kondensatoren/keramikkondensatoren/keramik-vielschichtkondensatoren-mlcc-smd?brand=kemet&kapazitatstoleranz=posneg-10pc&dielektrikum=x7r"; VariantName = "[No Variations]"
Change component parameters (AddParameter): Name = "Supplier Part Number 2"; Value = "80-<MPN>"; VariantName = "[No Variations]"
Change component parameters (AddParameter): Name = "Value"; Value = "100n"; VariantName = "[No Variations]"
Change component parameters: Designator = "C7"; Footprint = "CAPC3216X180X50NL20T25"; UniqueID = "\GEIJMUXU\KQPDTRNA"
Change component parameters. Clean all parameters for all variants
Change component parameters (AddParameter): Name = "ComponentLink1Description"; Value = "Datasheet"; VariantName = "[No Variations]"
Change component parameters (AddParameter): Name = "ComponentLink1URL"; Value = "https://content.kemet.com/datasheets/KEM_C1002_X7R_SMD.pdf"; VariantName = "[No Variations]"
Change component parameters (AddParameter): Name = "Created"; Value = "2019-12-08_Thilo_Wendt"; VariantName = "[No Variations]"
Change component parameters (AddParameter): Name = "HelpURL"; Value = "https://content.kemet.com/datasheets/KEM_C1002_X7R_SMD.pdf"; VariantName = "[No Variations]"
Change component parameters (AddParameter): Name = "MaxCap"; Value = "1u"; VariantName = "[No Variations]"
Change component parameters (AddParameter): Name = "MaxVoltage"; Value = "50"; VariantName = "[No Variations]"
Change component parameters (AddParameter): Name = "MF"; Value = "KEMET"; VariantName = "[No Variations]"
Change component parameters (AddParameter): Name = "MinCap"; Value = "10p"; VariantName = "[No Variations]"
Change component parameters (AddParameter): Name = "MPN"; Value = "C1206C104J5RACTU"; VariantName = "[No Variations]"
Change component parameters (AddParameter): Name = "Package"; Value = "CurrentFootprint"; VariantName = "[No Variations]"
Change component parameters (AddParameter): Name = "Parameter1"; Value = "5"; VariantName = "[No Variations]"
Change component parameters (AddParameter): Name = "Parameter1Desc"; Value = "Voltage Symbol"; VariantName = "[No Variations]"
Change component parameters (AddParameter): Name = "Parameter2"; Value = "J"; VariantName = "[No Variations]"
Change component parameters (AddParameter): Name = "Parameter2Desc"; Value = "Tolerance Symbol"; VariantName = "[No Variations]"
Change component parameters (AddParameter): Name = "Supplier 1"; Value = "Farnell"; VariantName = "[No Variations]"
Change component parameters (AddParameter): Name = "Supplier 2"; Value = "Mouser"; VariantName = "[No Variations]"
Change component parameters (AddParameter): Name = "Supplier Link 1"; Value = "https://de.farnell.com/w/c/passive-bauelemente/kondensatoren/keramikkondensatoren/keramik-vielschichtkondensatoren-mlcc-smd?brand=kemet&kapazitatstoleranz=posneg-10pc&dielektrikum=x7r"; VariantName = "[No Variations]"
Change component parameters (AddParameter): Name = "Supplier Part Number 2"; Value = "80-<MPN>"; VariantName = "[No Variations]"
Change component parameters (AddParameter): Name = "Value"; Value = "100n"; VariantName = "[No Variations]"
Change component parameters: Designator = "C8"; Footprint = "CAPC3216X180X50NL20T25"; UniqueID = "\GEIJMUXU\CBEBJVXE"
Change component parameters. Clean all parameters for all variants
Change component parameters (AddParameter): Name = "ComponentLink1Description"; Value = "Datasheet"; VariantName = "[No Variations]"
Change component parameters (AddParameter): Name = "ComponentLink1URL"; Value = "https://content.kemet.com/datasheets/KEM_C1002_X7R_SMD.pdf"; VariantName = "[No Variations]"
Change component parameters (AddParameter): Name = "Created"; Value = "2019-12-08_Thilo_Wendt"; VariantName = "[No Variations]"
Change component parameters (AddParameter): Name = "HelpURL"; Value = "https://content.kemet.com/datasheets/KEM_C1002_X7R_SMD.pdf"; VariantName = "[No Variations]"
Change component parameters (AddParameter): Name = "MaxCap"; Value = "1u"; VariantName = "[No Variations]"
Change component parameters (AddParameter): Name = "MaxVoltage"; Value = "50"; VariantName = "[No Variations]"
Change component parameters (AddParameter): Name = "MF"; Value = "KEMET"; VariantName = "[No Variations]"
Change component parameters (AddParameter): Name = "MinCap"; Value = "10p"; VariantName = "[No Variations]"
Change component parameters (AddParameter): Name = "MPN"; Value = "C1206C104J5RACTU"; VariantName = "[No Variations]"
Change component parameters (AddParameter): Name = "Package"; Value = "CurrentFootprint"; VariantName = "[No Variations]"
Change component parameters (AddParameter): Name = "Parameter1"; Value = "5"; VariantName = "[No Variations]"
Change component parameters (AddParameter): Name = "Parameter1Desc"; Value = "Voltage Symbol"; VariantName = "[No Variations]"
Change component parameters (AddParameter): Name = "Parameter2"; Value = "J"; VariantName = "[No Variations]"
Change component parameters (AddParameter): Name = "Parameter2Desc"; Value = "Tolerance Symbol"; VariantName = "[No Variations]"
Change component parameters (AddParameter): Name = "Supplier 1"; Value = "Farnell"; VariantName = "[No Variations]"
Change component parameters (AddParameter): Name = "Supplier 2"; Value = "Mouser"; VariantName = "[No Variations]"
Change component parameters (AddParameter): Name = "Supplier Link 1"; Value = "https://de.farnell.com/w/c/passive-bauelemente/kondensatoren/keramikkondensatoren/keramik-vielschichtkondensatoren-mlcc-smd?brand=kemet&kapazitatstoleranz=posneg-10pc&dielektrikum=x7r"; VariantName = "[No Variations]"
Change component parameters (AddParameter): Name = "Supplier Part Number 2"; Value = "80-<MPN>"; VariantName = "[No Variations]"
Change component parameters (AddParameter): Name = "Value"; Value = "100n"; VariantName = "[No Variations]"
Change component parameters: Designator = "C9"; Footprint = "CAPC3216X180X50NL20T25"; UniqueID = "\GEIJMUXU\JUAQJJRV"
Change component parameters. Clean all parameters for all variants
Change component parameters (AddParameter): Name = "ComponentLink1Description"; Value = "Datasheet"; VariantName = "[No Variations]"
Change component parameters (AddParameter): Name = "ComponentLink1URL"; Value = "https://content.kemet.com/datasheets/KEM_C1002_X7R_SMD.pdf"; VariantName = "[No Variations]"
Change component parameters (AddParameter): Name = "Created"; Value = "2019-12-08_Thilo_Wendt"; VariantName = "[No Variations]"
Change component parameters (AddParameter): Name = "HelpURL"; Value = "https://content.kemet.com/datasheets/KEM_C1002_X7R_SMD.pdf"; VariantName = "[No Variations]"
Change component parameters (AddParameter): Name = "MaxCap"; Value = "1u"; VariantName = "[No Variations]"
Change component parameters (AddParameter): Name = "MaxVoltage"; Value = "50"; VariantName = "[No Variations]"
Change component parameters (AddParameter): Name = "MF"; Value = "KEMET"; VariantName = "[No Variations]"
Change component parameters (AddParameter): Name = "MinCap"; Value = "10p"; VariantName = "[No Variations]"
Change component parameters (AddParameter): Name = "MPN"; Value = "C1206C104J5RACTU"; VariantName = "[No Variations]"
Change component parameters (AddParameter): Name = "Package"; Value = "CurrentFootprint"; VariantName = "[No Variations]"
Change component parameters (AddParameter): Name = "Parameter1"; Value = "5"; VariantName = "[No Variations]"
Change component parameters (AddParameter): Name = "Parameter1Desc"; Value = "Voltage Symbol"; VariantName = "[No Variations]"
Change component parameters (AddParameter): Name = "Parameter2"; Value = "J"; VariantName = "[No Variations]"
Change component parameters (AddParameter): Name = "Parameter2Desc"; Value = "Tolerance Symbol"; VariantName = "[No Variations]"
Change component parameters (AddParameter): Name = "Supplier 1"; Value = "Farnell"; VariantName = "[No Variations]"
Change component parameters (AddParameter): Name = "Supplier 2"; Value = "Mouser"; VariantName = "[No Variations]"
Change component parameters (AddParameter): Name = "Supplier Link 1"; Value = "https://de.farnell.com/w/c/passive-bauelemente/kondensatoren/keramikkondensatoren/keramik-vielschichtkondensatoren-mlcc-smd?brand=kemet&kapazitatstoleranz=posneg-10pc&dielektrikum=x7r"; VariantName = "[No Variations]"
Change component parameters (AddParameter): Name = "Supplier Part Number 2"; Value = "80-<MPN>"; VariantName = "[No Variations]"
Change component parameters (AddParameter): Name = "Value"; Value = "100n"; VariantName = "[No Variations]"
Change component parameters: Designator = "C10"; Footprint = "CAPC3216X180X50NL20T25"; UniqueID = "\GEIJMUXU\CEZAQFAZ"
Change component parameters. Clean all parameters for all variants
Change component parameters (AddParameter): Name = "ComponentLink1Description"; Value = "Datasheet"; VariantName = "[No Variations]"
Change component parameters (AddParameter): Name = "ComponentLink1URL"; Value = "https://content.kemet.com/datasheets/KEM_C1002_X7R_SMD.pdf"; VariantName = "[No Variations]"
Change component parameters (AddParameter): Name = "Created"; Value = "2019-12-08_Thilo_Wendt"; VariantName = "[No Variations]"
Change component parameters (AddParameter): Name = "HelpURL"; Value = "https://content.kemet.com/datasheets/KEM_C1002_X7R_SMD.pdf"; VariantName = "[No Variations]"
Change component parameters (AddParameter): Name = "MaxCap"; Value = "1u"; VariantName = "[No Variations]"
Change component parameters (AddParameter): Name = "MaxVoltage"; Value = "50"; VariantName = "[No Variations]"
Change component parameters (AddParameter): Name = "MF"; Value = "KEMET"; VariantName = "[No Variations]"
Change component parameters (AddParameter): Name = "MinCap"; Value = "10p"; VariantName = "[No Variations]"
Change component parameters (AddParameter): Name = "MPN"; Value = "C1206C104J5RACTU"; VariantName = "[No Variations]"
Change component parameters (AddParameter): Name = "Package"; Value = "CurrentFootprint"; VariantName = "[No Variations]"
Change component parameters (AddParameter): Name = "Parameter1"; Value = "5"; VariantName = "[No Variations]"
Change component parameters (AddParameter): Name = "Parameter1Desc"; Value = "Voltage Symbol"; VariantName = "[No Variations]"
Change component parameters (AddParameter): Name = "Parameter2"; Value = "J"; VariantName = "[No Variations]"
Change component parameters (AddParameter): Name = "Parameter2Desc"; Value = "Tolerance Symbol"; VariantName = "[No Variations]"
Change component parameters (AddParameter): Name = "Supplier 1"; Value = "Farnell"; VariantName = "[No Variations]"
Change component parameters (AddParameter): Name = "Supplier 2"; Value = "Mouser"; VariantName = "[No Variations]"
Change component parameters (AddParameter): Name = "Supplier Link 1"; Value = "https://de.farnell.com/w/c/passive-bauelemente/kondensatoren/keramikkondensatoren/keramik-vielschichtkondensatoren-mlcc-smd?brand=kemet&kapazitatstoleranz=posneg-10pc&dielektrikum=x7r"; VariantName = "[No Variations]"
Change component parameters (AddParameter): Name = "Supplier Part Number 2"; Value = "80-<MPN>"; VariantName = "[No Variations]"
Change component parameters (AddParameter): Name = "Value"; Value = "100n"; VariantName = "[No Variations]"
Change component parameters: Designator = "C11"; Footprint = "CAPC3216X180X50NL20T25"; UniqueID = "\GEIJMUXU\APOKECQI"
Change component parameters. Clean all parameters for all variants
Change component parameters (AddParameter): Name = "ComponentLink1Description"; Value = "Datasheet"; VariantName = "[No Variations]"
Change component parameters (AddParameter): Name = "ComponentLink1URL"; Value = "https://content.kemet.com/datasheets/KEM_C1002_X7R_SMD.pdf"; VariantName = "[No Variations]"
Change component parameters (AddParameter): Name = "Created"; Value = "2019-12-08_Thilo_Wendt"; VariantName = "[No Variations]"
Change component parameters (AddParameter): Name = "HelpURL"; Value = "https://content.kemet.com/datasheets/KEM_C1002_X7R_SMD.pdf"; VariantName = "[No Variations]"
Change component parameters (AddParameter): Name = "MaxCap"; Value = "1u"; VariantName = "[No Variations]"
Change component parameters (AddParameter): Name = "MaxVoltage"; Value = "50"; VariantName = "[No Variations]"
Change component parameters (AddParameter): Name = "MF"; Value = "KEMET"; VariantName = "[No Variations]"
Change component parameters (AddParameter): Name = "MinCap"; Value = "10p"; VariantName = "[No Variations]"
Change component parameters (AddParameter): Name = "MPN"; Value = "C1206C104J5RACTU"; VariantName = "[No Variations]"
Change component parameters (AddParameter): Name = "Package"; Value = "CurrentFootprint"; VariantName = "[No Variations]"
Change component parameters (AddParameter): Name = "Parameter1"; Value = "5"; VariantName = "[No Variations]"
Change component parameters (AddParameter): Name = "Parameter1Desc"; Value = "Voltage Symbol"; VariantName = "[No Variations]"
Change component parameters (AddParameter): Name = "Parameter2"; Value = "J"; VariantName = "[No Variations]"
Change component parameters (AddParameter): Name = "Parameter2Desc"; Value = "Tolerance Symbol"; VariantName = "[No Variations]"
Change component parameters (AddParameter): Name = "Supplier 1"; Value = "Farnell"; VariantName = "[No Variations]"
Change component parameters (AddParameter): Name = "Supplier 2"; Value = "Mouser"; VariantName = "[No Variations]"
Change component parameters (AddParameter): Name = "Supplier Link 1"; Value = "https://de.farnell.com/w/c/passive-bauelemente/kondensatoren/keramikkondensatoren/keramik-vielschichtkondensatoren-mlcc-smd?brand=kemet&kapazitatstoleranz=posneg-10pc&dielektrikum=x7r"; VariantName = "[No Variations]"
Change component parameters (AddParameter): Name = "Supplier Part Number 2"; Value = "80-<MPN>"; VariantName = "[No Variations]"
Change component parameters (AddParameter): Name = "Value"; Value = "100n"; VariantName = "[No Variations]"
Change component parameters: Designator = "C12"; Footprint = "CAPC3216X180X50NL20T25"; UniqueID = "\GEIJMUXU\VOOVDCBN"
Change component parameters. Clean all parameters for all variants
Change component parameters (AddParameter): Name = "ComponentLink1Description"; Value = "Datasheet"; VariantName = "[No Variations]"
Change component parameters (AddParameter): Name = "ComponentLink1URL"; Value = "https://content.kemet.com/datasheets/KEM_C1002_X7R_SMD.pdf"; VariantName = "[No Variations]"
Change component parameters (AddParameter): Name = "Created"; Value = "2019-12-08_Thilo_Wendt"; VariantName = "[No Variations]"
Change component parameters (AddParameter): Name = "HelpURL"; Value = "https://content.kemet.com/datasheets/KEM_C1002_X7R_SMD.pdf"; VariantName = "[No Variations]"
Change component parameters (AddParameter): Name = "MaxCap"; Value = "1u"; VariantName = "[No Variations]"
Change component parameters (AddParameter): Name = "MaxVoltage"; Value = "50"; VariantName = "[No Variations]"
Change component parameters (AddParameter): Name = "MF"; Value = "KEMET"; VariantName = "[No Variations]"
Change component parameters (AddParameter): Name = "MinCap"; Value = "10p"; VariantName = "[No Variations]"
Change component parameters (AddParameter): Name = "MPN"; Value = "C1206C104J5RACTU"; VariantName = "[No Variations]"
Change component parameters (AddParameter): Name = "Package"; Value = "CurrentFootprint"; VariantName = "[No Variations]"
Change component parameters (AddParameter): Name = "Parameter1"; Value = "5"; VariantName = "[No Variations]"
Change component parameters (AddParameter): Name = "Parameter1Desc"; Value = "Voltage Symbol"; VariantName = "[No Variations]"
Change component parameters (AddParameter): Name = "Parameter2"; Value = "J"; VariantName = "[No Variations]"
Change component parameters (AddParameter): Name = "Parameter2Desc"; Value = "Tolerance Symbol"; VariantName = "[No Variations]"
Change component parameters (AddParameter): Name = "Supplier 1"; Value = "Farnell"; VariantName = "[No Variations]"
Change component parameters (AddParameter): Name = "Supplier 2"; Value = "Mouser"; VariantName = "[No Variations]"
Change component parameters (AddParameter): Name = "Supplier Link 1"; Value = "https://de.farnell.com/w/c/passive-bauelemente/kondensatoren/keramikkondensatoren/keramik-vielschichtkondensatoren-mlcc-smd?brand=kemet&kapazitatstoleranz=posneg-10pc&dielektrikum=x7r"; VariantName = "[No Variations]"
Change component parameters (AddParameter): Name = "Supplier Part Number 2"; Value = "80-<MPN>"; VariantName = "[No Variations]"
Change component parameters (AddParameter): Name = "Value"; Value = "100n"; VariantName = "[No Variations]"
Change component parameters: Designator = "C13"; Footprint = "CAPC3216X180X50NL20T25"; UniqueID = "\GEIJMUXU\UZNSUNOK"
Change component parameters. Clean all parameters for all variants
Change component parameters (AddParameter): Name = "ComponentLink1Description"; Value = "Datasheet"; VariantName = "[No Variations]"
Change component parameters (AddParameter): Name = "ComponentLink1URL"; Value = "https://content.kemet.com/datasheets/KEM_C1002_X7R_SMD.pdf"; VariantName = "[No Variations]"
Change component parameters (AddParameter): Name = "Created"; Value = "2019-12-08_Thilo_Wendt"; VariantName = "[No Variations]"
Change component parameters (AddParameter): Name = "HelpURL"; Value = "https://content.kemet.com/datasheets/KEM_C1002_X7R_SMD.pdf"; VariantName = "[No Variations]"
Change component parameters (AddParameter): Name = "MaxCap"; Value = "1u"; VariantName = "[No Variations]"
Change component parameters (AddParameter): Name = "MaxVoltage"; Value = "50"; VariantName = "[No Variations]"
Change component parameters (AddParameter): Name = "MF"; Value = "KEMET"; VariantName = "[No Variations]"
Change component parameters (AddParameter): Name = "MinCap"; Value = "10p"; VariantName = "[No Variations]"
Change component parameters (AddParameter): Name = "MPN"; Value = "C1206C104J5RACTU"; VariantName = "[No Variations]"
Change component parameters (AddParameter): Name = "Package"; Value = "CurrentFootprint"; VariantName = "[No Variations]"
Change component parameters (AddParameter): Name = "Parameter1"; Value = "5"; VariantName = "[No Variations]"
Change component parameters (AddParameter): Name = "Parameter1Desc"; Value = "Voltage Symbol"; VariantName = "[No Variations]"
Change component parameters (AddParameter): Name = "Parameter2"; Value = "J"; VariantName = "[No Variations]"
Change component parameters (AddParameter): Name = "Parameter2Desc"; Value = "Tolerance Symbol"; VariantName = "[No Variations]"
Change component parameters (AddParameter): Name = "Supplier 1"; Value = "Farnell"; VariantName = "[No Variations]"
Change component parameters (AddParameter): Name = "Supplier 2"; Value = "Mouser"; VariantName = "[No Variations]"
Change component parameters (AddParameter): Name = "Supplier Link 1"; Value = "https://de.farnell.com/w/c/passive-bauelemente/kondensatoren/keramikkondensatoren/keramik-vielschichtkondensatoren-mlcc-smd?brand=kemet&kapazitatstoleranz=posneg-10pc&dielektrikum=x7r"; VariantName = "[No Variations]"
Change component parameters (AddParameter): Name = "Supplier Part Number 2"; Value = "80-<MPN>"; VariantName = "[No Variations]"
Change component parameters (AddParameter): Name = "Value"; Value = "100n"; VariantName = "[No Variations]"
Change component parameters: Designator = "C14"; Footprint = "CAPC3216X180X50NL20T25"; UniqueID = "\GEIJMUXU\XAHZDDXD"
Change component parameters. Clean all parameters for all variants
Change component parameters (AddParameter): Name = "ComponentLink1Description"; Value = "Datasheet"; VariantName = "[No Variations]"
Change component parameters (AddParameter): Name = "ComponentLink1URL"; Value = "https://content.kemet.com/datasheets/KEM_C1002_X7R_SMD.pdf"; VariantName = "[No Variations]"
Change component parameters (AddParameter): Name = "Created"; Value = "2019-12-08_Thilo_Wendt"; VariantName = "[No Variations]"
Change component parameters (AddParameter): Name = "HelpURL"; Value = "https://content.kemet.com/datasheets/KEM_C1002_X7R_SMD.pdf"; VariantName = "[No Variations]"
Change component parameters (AddParameter): Name = "MaxCap"; Value = "1u"; VariantName = "[No Variations]"
Change component parameters (AddParameter): Name = "MaxVoltage"; Value = "50"; VariantName = "[No Variations]"
Change component parameters (AddParameter): Name = "MF"; Value = "KEMET"; VariantName = "[No Variations]"
Change component parameters (AddParameter): Name = "MinCap"; Value = "10p"; VariantName = "[No Variations]"
Change component parameters (AddParameter): Name = "MPN"; Value = "C1206C104J5RACTU"; VariantName = "[No Variations]"
Change component parameters (AddParameter): Name = "Package"; Value = "CurrentFootprint"; VariantName = "[No Variations]"
Change component parameters (AddParameter): Name = "Parameter1"; Value = "5"; VariantName = "[No Variations]"
Change component parameters (AddParameter): Name = "Parameter1Desc"; Value = "Voltage Symbol"; VariantName = "[No Variations]"
Change component parameters (AddParameter): Name = "Parameter2"; Value = "J"; VariantName = "[No Variations]"
Change component parameters (AddParameter): Name = "Parameter2Desc"; Value = "Tolerance Symbol"; VariantName = "[No Variations]"
Change component parameters (AddParameter): Name = "Supplier 1"; Value = "Farnell"; VariantName = "[No Variations]"
Change component parameters (AddParameter): Name = "Supplier 2"; Value = "Mouser"; VariantName = "[No Variations]"
Change component parameters (AddParameter): Name = "Supplier Link 1"; Value = "https://de.farnell.com/w/c/passive-bauelemente/kondensatoren/keramikkondensatoren/keramik-vielschichtkondensatoren-mlcc-smd?brand=kemet&kapazitatstoleranz=posneg-10pc&dielektrikum=x7r"; VariantName = "[No Variations]"
Change component parameters (AddParameter): Name = "Supplier Part Number 2"; Value = "80-<MPN>"; VariantName = "[No Variations]"
Change component parameters (AddParameter): Name = "Value"; Value = "100n"; VariantName = "[No Variations]"
Change component parameters: Designator = "C15"; Footprint = "CAPC3216X180X50NL20T25"; UniqueID = "\GEIJMUXU\CEPXQPNZ"
Change component parameters. Clean all parameters for all variants
Change component parameters (AddParameter): Name = "ComponentLink1Description"; Value = "Datasheet"; VariantName = "[No Variations]"
Change component parameters (AddParameter): Name = "ComponentLink1URL"; Value = "https://content.kemet.com/datasheets/KEM_C1002_X7R_SMD.pdf"; VariantName = "[No Variations]"
Change component parameters (AddParameter): Name = "Created"; Value = "2019-12-08_Thilo_Wendt"; VariantName = "[No Variations]"
Change component parameters (AddParameter): Name = "HelpURL"; Value = "https://content.kemet.com/datasheets/KEM_C1002_X7R_SMD.pdf"; VariantName = "[No Variations]"
Change component parameters (AddParameter): Name = "MaxCap"; Value = "1u"; VariantName = "[No Variations]"
Change component parameters (AddParameter): Name = "MaxVoltage"; Value = "50"; VariantName = "[No Variations]"
Change component parameters (AddParameter): Name = "MF"; Value = "KEMET"; VariantName = "[No Variations]"
Change component parameters (AddParameter): Name = "MinCap"; Value = "10p"; VariantName = "[No Variations]"
Change component parameters (AddParameter): Name = "MPN"; Value = "C1206C104J5RACTU"; VariantName = "[No Variations]"
Change component parameters (AddParameter): Name = "Package"; Value = "CurrentFootprint"; VariantName = "[No Variations]"
Change component parameters (AddParameter): Name = "Parameter1"; Value = "5"; VariantName = "[No Variations]"
Change component parameters (AddParameter): Name = "Parameter1Desc"; Value = "Voltage Symbol"; VariantName = "[No Variations]"
Change component parameters (AddParameter): Name = "Parameter2"; Value = "J"; VariantName = "[No Variations]"
Change component parameters (AddParameter): Name = "Parameter2Desc"; Value = "Tolerance Symbol"; VariantName = "[No Variations]"
Change component parameters (AddParameter): Name = "Supplier 1"; Value = "Farnell"; VariantName = "[No Variations]"
Change component parameters (AddParameter): Name = "Supplier 2"; Value = "Mouser"; VariantName = "[No Variations]"
Change component parameters (AddParameter): Name = "Supplier Link 1"; Value = "https://de.farnell.com/w/c/passive-bauelemente/kondensatoren/keramikkondensatoren/keramik-vielschichtkondensatoren-mlcc-smd?brand=kemet&kapazitatstoleranz=posneg-10pc&dielektrikum=x7r"; VariantName = "[No Variations]"
Change component parameters (AddParameter): Name = "Supplier Part Number 2"; Value = "80-<MPN>"; VariantName = "[No Variations]"
Change component parameters (AddParameter): Name = "Value"; Value = "100n"; VariantName = "[No Variations]"
Change component parameters: Designator = "C16"; Footprint = "CAPC3216X180X50NL20T25"; UniqueID = "\GEIJMUXU\HHFETDOF"
Change component parameters. Clean all parameters for all variants
Change component parameters (AddParameter): Name = "ComponentLink1Description"; Value = "Datasheet"; VariantName = "[No Variations]"
Change component parameters (AddParameter): Name = "ComponentLink1URL"; Value = "https://content.kemet.com/datasheets/KEM_C1002_X7R_SMD.pdf"; VariantName = "[No Variations]"
Change component parameters (AddParameter): Name = "Created"; Value = "2019-12-08_Thilo_Wendt"; VariantName = "[No Variations]"
Change component parameters (AddParameter): Name = "HelpURL"; Value = "https://content.kemet.com/datasheets/KEM_C1002_X7R_SMD.pdf"; VariantName = "[No Variations]"
Change component parameters (AddParameter): Name = "MaxCap"; Value = "1u"; VariantName = "[No Variations]"
Change component parameters (AddParameter): Name = "MaxVoltage"; Value = "50"; VariantName = "[No Variations]"
Change component parameters (AddParameter): Name = "MF"; Value = "KEMET"; VariantName = "[No Variations]"
Change component parameters (AddParameter): Name = "MinCap"; Value = "10p"; VariantName = "[No Variations]"
Change component parameters (AddParameter): Name = "MPN"; Value = "C1206C104J5RACTU"; VariantName = "[No Variations]"
Change component parameters (AddParameter): Name = "Package"; Value = "CurrentFootprint"; VariantName = "[No Variations]"
Change component parameters (AddParameter): Name = "Parameter1"; Value = "5"; VariantName = "[No Variations]"
Change component parameters (AddParameter): Name = "Parameter1Desc"; Value = "Voltage Symbol"; VariantName = "[No Variations]"
Change component parameters (AddParameter): Name = "Parameter2"; Value = "J"; VariantName = "[No Variations]"
Change component parameters (AddParameter): Name = "Parameter2Desc"; Value = "Tolerance Symbol"; VariantName = "[No Variations]"
Change component parameters (AddParameter): Name = "Supplier 1"; Value = "Farnell"; VariantName = "[No Variations]"
Change component parameters (AddParameter): Name = "Supplier 2"; Value = "Mouser"; VariantName = "[No Variations]"
Change component parameters (AddParameter): Name = "Supplier Link 1"; Value = "https://de.farnell.com/w/c/passive-bauelemente/kondensatoren/keramikkondensatoren/keramik-vielschichtkondensatoren-mlcc-smd?brand=kemet&kapazitatstoleranz=posneg-10pc&dielektrikum=x7r"; VariantName = "[No Variations]"
Change component parameters (AddParameter): Name = "Supplier Part Number 2"; Value = "80-<MPN>"; VariantName = "[No Variations]"
Change component parameters (AddParameter): Name = "Value"; Value = "100n"; VariantName = "[No Variations]"
Change component parameters: Designator = "R32A"; Footprint = "RESC1608X55X30NL15T15"; UniqueID = "\REEOQYYS\IIHAQJIS\SHYXJNDG\AGQEHQZC"
Change component parameters. Clean all parameters for all variants
Change component parameters (AddParameter): Name = "ComponentLink1Description"; Value = "Datasheet"; VariantName = "[No Variations]"
Change component parameters (AddParameter): Name = "ComponentLink1URL"; Value = "https://www.mouser.de/datasheet/2/315/AOA0000C334-1314047.pdf"; VariantName = "[No Variations]"
Change component parameters (AddParameter): Name = "Created"; Value = "2019-12-08_Thilo_Wendt"; VariantName = "[No Variations]"
Change component parameters (AddParameter): Name = "HelpURL"; Value = "https://www.mouser.de/datasheet/2/315/AOA0000C334-1314047.pdf"; VariantName = "[No Variations]"
Change component parameters (AddParameter): Name = "MaxVoltage"; Value = "100"; VariantName = "[No Variations]"
Change component parameters (AddParameter): Name = "MF"; Value = "Panasonic"; VariantName = "[No Variations]"
Change component parameters (AddParameter): Name = "MPN"; Value = "ERJU03F1002V"; VariantName = "[No Variations]"
Change component parameters (AddParameter): Name = "Package"; Value = "CurrentFootprint"; VariantName = "[No Variations]"
Change component parameters (AddParameter): Name = "Parameter1"; Value = "V"; VariantName = "[No Variations]"
Change component parameters (AddParameter): Name = "Parameter1Desc"; Value = "Package Method"; VariantName = "[No Variations]"
Change component parameters (AddParameter): Name = "Parameter2"; Value = "F"; VariantName = "[No Variations]"
Change component parameters (AddParameter): Name = "Parameter2Desc"; Value = "Tolerance Symbol"; VariantName = "[No Variations]"
Change component parameters (AddParameter): Name = "Parameter3"; Value = ""; VariantName = "[No Variations]"
Change component parameters (AddParameter): Name = "Parameter3Desc"; Value = ""; VariantName = "[No Variations]"
Change component parameters (AddParameter): Name = "Supplier1"; Value = "https://de.farnell.com/w/search?qualifizierungsstandard-der-automobilindustrie=aec-q200&range=inc-in-stock&st=erju"; VariantName = "[No Variations]"
Change component parameters (AddParameter): Name = "Value"; Value = "10k"; VariantName = "[No Variations]"
Change component parameters (AddParameter): Name = "ComponentLink1Description"; Value = "Datasheet"; VariantName = "3V3_to_3V3"
Change component parameters (AddParameter): Name = "ComponentLink1URL"; Value = "https://www.mouser.de/datasheet/2/315/AOA0000C334-1314047.pdf"; VariantName = "3V3_to_3V3"
Change component parameters (AddParameter): Name = "Created"; Value = "2019-12-08_Thilo_Wendt"; VariantName = "3V3_to_3V3"
Change component parameters (AddParameter): Name = "HelpURL"; Value = "https://www.mouser.de/datasheet/2/315/AOA0000C334-1314047.pdf"; VariantName = "3V3_to_3V3"
Change component parameters (AddParameter): Name = "MaxVoltage"; Value = "100"; VariantName = "3V3_to_3V3"
Change component parameters (AddParameter): Name = "MF"; Value = "Panasonic"; VariantName = "3V3_to_3V3"
Change component parameters (AddParameter): Name = "MPN"; Value = "ERJU03F1002V"; VariantName = "3V3_to_3V3"
Change component parameters (AddParameter): Name = "Package"; Value = "CurrentFootprint"; VariantName = "3V3_to_3V3"
Change component parameters (AddParameter): Name = "Parameter1"; Value = "V"; VariantName = "3V3_to_3V3"
Change component parameters (AddParameter): Name = "Parameter1Desc"; Value = "Package Method"; VariantName = "3V3_to_3V3"
Change component parameters (AddParameter): Name = "Parameter2"; Value = "F"; VariantName = "3V3_to_3V3"
Change component parameters (AddParameter): Name = "Parameter2Desc"; Value = "Tolerance Symbol"; VariantName = "3V3_to_3V3"
Change component parameters (AddParameter): Name = "Parameter3"; Value = ""; VariantName = "3V3_to_3V3"
Change component parameters (AddParameter): Name = "Parameter3Desc"; Value = ""; VariantName = "3V3_to_3V3"
Change component parameters (AddParameter): Name = "Supplier1"; Value = "https://de.farnell.com/w/search?qualifizierungsstandard-der-automobilindustrie=aec-q200&range=inc-in-stock&st=erju"; VariantName = "3V3_to_3V3"
Change component parameters (AddParameter): Name = "Value"; Value = "10k"; VariantName = "3V3_to_3V3"
Change component parameters (AddParameter): Name = "ComponentLink1Description"; Value = "Datasheet"; VariantName = "3V3_to_RS422"
Change component parameters (AddParameter): Name = "ComponentLink1URL"; Value = "https://www.mouser.de/datasheet/2/315/AOA0000C334-1314047.pdf"; VariantName = "3V3_to_RS422"
Change component parameters (AddParameter): Name = "Created"; Value = "2019-12-08_Thilo_Wendt"; VariantName = "3V3_to_RS422"
Change component parameters (AddParameter): Name = "HelpURL"; Value = "https://www.mouser.de/datasheet/2/315/AOA0000C334-1314047.pdf"; VariantName = "3V3_to_RS422"
Change component parameters (AddParameter): Name = "MaxVoltage"; Value = "100"; VariantName = "3V3_to_RS422"
Change component parameters (AddParameter): Name = "MF"; Value = "Panasonic"; VariantName = "3V3_to_RS422"
Change component parameters (AddParameter): Name = "MPN"; Value = "ERJU03F1002V"; VariantName = "3V3_to_RS422"
Change component parameters (AddParameter): Name = "Package"; Value = "CurrentFootprint"; VariantName = "3V3_to_RS422"
Change component parameters (AddParameter): Name = "Parameter1"; Value = "V"; VariantName = "3V3_to_RS422"
Change component parameters (AddParameter): Name = "Parameter1Desc"; Value = "Package Method"; VariantName = "3V3_to_RS422"
Change component parameters (AddParameter): Name = "Parameter2"; Value = "F"; VariantName = "3V3_to_RS422"
Change component parameters (AddParameter): Name = "Parameter2Desc"; Value = "Tolerance Symbol"; VariantName = "3V3_to_RS422"
Change component parameters (AddParameter): Name = "Parameter3"; Value = ""; VariantName = "3V3_to_RS422"
Change component parameters (AddParameter): Name = "Parameter3Desc"; Value = ""; VariantName = "3V3_to_RS422"
Change component parameters (AddParameter): Name = "Supplier1"; Value = "https://de.farnell.com/w/search?qualifizierungsstandard-der-automobilindustrie=aec-q200&range=inc-in-stock&st=erju"; VariantName = "3V3_to_RS422"
Change component parameters (AddParameter): Name = "Value"; Value = "10k"; VariantName = "3V3_to_RS422"
Change component parameters (AddParameter): Name = "ComponentLink1Description"; Value = "Datasheet"; VariantName = "RS422_to_3V3"
Change component parameters (AddParameter): Name = "ComponentLink1URL"; Value = "https://www.mouser.de/datasheet/2/315/AOA0000C334-1314047.pdf"; VariantName = "RS422_to_3V3"
Change component parameters (AddParameter): Name = "Created"; Value = "2019-12-08_Thilo_Wendt"; VariantName = "RS422_to_3V3"
Change component parameters (AddParameter): Name = "HelpURL"; Value = "https://www.mouser.de/datasheet/2/315/AOA0000C334-1314047.pdf"; VariantName = "RS422_to_3V3"
Change component parameters (AddParameter): Name = "MaxVoltage"; Value = "100"; VariantName = "RS422_to_3V3"
Change component parameters (AddParameter): Name = "MF"; Value = "Panasonic"; VariantName = "RS422_to_3V3"
Change component parameters (AddParameter): Name = "MPN"; Value = "ERJU03F1002V"; VariantName = "RS422_to_3V3"
Change component parameters (AddParameter): Name = "Package"; Value = "CurrentFootprint"; VariantName = "RS422_to_3V3"
Change component parameters (AddParameter): Name = "Parameter1"; Value = "V"; VariantName = "RS422_to_3V3"
Change component parameters (AddParameter): Name = "Parameter1Desc"; Value = "Package Method"; VariantName = "RS422_to_3V3"
Change component parameters (AddParameter): Name = "Parameter2"; Value = "F"; VariantName = "RS422_to_3V3"
Change component parameters (AddParameter): Name = "Parameter2Desc"; Value = "Tolerance Symbol"; VariantName = "RS422_to_3V3"
Change component parameters (AddParameter): Name = "Parameter3"; Value = ""; VariantName = "RS422_to_3V3"
Change component parameters (AddParameter): Name = "Parameter3Desc"; Value = ""; VariantName = "RS422_to_3V3"
Change component parameters (AddParameter): Name = "Supplier1"; Value = "https://de.farnell.com/w/search?qualifizierungsstandard-der-automobilindustrie=aec-q200&range=inc-in-stock&st=erju"; VariantName = "RS422_to_3V3"
Change component parameters (AddParameter): Name = "Value"; Value = "10k"; VariantName = "RS422_to_3V3"
Change component parameters: Designator = "R32B"; Footprint = "RESC1608X55X30NL15T15"; UniqueID = "\REEOQYYS\IIHAQJIS\VRXDBBMP\AGQEHQZC"
Change component parameters. Clean all parameters for all variants
Change component parameters (AddParameter): Name = "ComponentLink1Description"; Value = "Datasheet"; VariantName = "[No Variations]"
Change component parameters (AddParameter): Name = "ComponentLink1URL"; Value = "https://www.mouser.de/datasheet/2/315/AOA0000C334-1314047.pdf"; VariantName = "[No Variations]"
Change component parameters (AddParameter): Name = "Created"; Value = "2019-12-08_Thilo_Wendt"; VariantName = "[No Variations]"
Change component parameters (AddParameter): Name = "HelpURL"; Value = "https://www.mouser.de/datasheet/2/315/AOA0000C334-1314047.pdf"; VariantName = "[No Variations]"
Change component parameters (AddParameter): Name = "MaxVoltage"; Value = "100"; VariantName = "[No Variations]"
Change component parameters (AddParameter): Name = "MF"; Value = "Panasonic"; VariantName = "[No Variations]"
Change component parameters (AddParameter): Name = "MPN"; Value = "ERJU03F1002V"; VariantName = "[No Variations]"
Change component parameters (AddParameter): Name = "Package"; Value = "CurrentFootprint"; VariantName = "[No Variations]"
Change component parameters (AddParameter): Name = "Parameter1"; Value = "V"; VariantName = "[No Variations]"
Change component parameters (AddParameter): Name = "Parameter1Desc"; Value = "Package Method"; VariantName = "[No Variations]"
Change component parameters (AddParameter): Name = "Parameter2"; Value = "F"; VariantName = "[No Variations]"
Change component parameters (AddParameter): Name = "Parameter2Desc"; Value = "Tolerance Symbol"; VariantName = "[No Variations]"
Change component parameters (AddParameter): Name = "Parameter3"; Value = ""; VariantName = "[No Variations]"
Change component parameters (AddParameter): Name = "Parameter3Desc"; Value = ""; VariantName = "[No Variations]"
Change component parameters (AddParameter): Name = "Supplier1"; Value = "https://de.farnell.com/w/search?qualifizierungsstandard-der-automobilindustrie=aec-q200&range=inc-in-stock&st=erju"; VariantName = "[No Variations]"
Change component parameters (AddParameter): Name = "Value"; Value = "10k"; VariantName = "[No Variations]"
Change component parameters (AddParameter): Name = "ComponentLink1Description"; Value = "Datasheet"; VariantName = "3V3_to_3V3"
Change component parameters (AddParameter): Name = "ComponentLink1URL"; Value = "https://www.mouser.de/datasheet/2/315/AOA0000C334-1314047.pdf"; VariantName = "3V3_to_3V3"
Change component parameters (AddParameter): Name = "Created"; Value = "2019-12-08_Thilo_Wendt"; VariantName = "3V3_to_3V3"
Change component parameters (AddParameter): Name = "HelpURL"; Value = "https://www.mouser.de/datasheet/2/315/AOA0000C334-1314047.pdf"; VariantName = "3V3_to_3V3"
Change component parameters (AddParameter): Name = "MaxVoltage"; Value = "100"; VariantName = "3V3_to_3V3"
Change component parameters (AddParameter): Name = "MF"; Value = "Panasonic"; VariantName = "3V3_to_3V3"
Change component parameters (AddParameter): Name = "MPN"; Value = "ERJU03F1002V"; VariantName = "3V3_to_3V3"
Change component parameters (AddParameter): Name = "Package"; Value = "CurrentFootprint"; VariantName = "3V3_to_3V3"
Change component parameters (AddParameter): Name = "Parameter1"; Value = "V"; VariantName = "3V3_to_3V3"
Change component parameters (AddParameter): Name = "Parameter1Desc"; Value = "Package Method"; VariantName = "3V3_to_3V3"
Change component parameters (AddParameter): Name = "Parameter2"; Value = "F"; VariantName = "3V3_to_3V3"
Change component parameters (AddParameter): Name = "Parameter2Desc"; Value = "Tolerance Symbol"; VariantName = "3V3_to_3V3"
Change component parameters (AddParameter): Name = "Parameter3"; Value = ""; VariantName = "3V3_to_3V3"
Change component parameters (AddParameter): Name = "Parameter3Desc"; Value = ""; VariantName = "3V3_to_3V3"
Change component parameters (AddParameter): Name = "Supplier1"; Value = "https://de.farnell.com/w/search?qualifizierungsstandard-der-automobilindustrie=aec-q200&range=inc-in-stock&st=erju"; VariantName = "3V3_to_3V3"
Change component parameters (AddParameter): Name = "Value"; Value = "10k"; VariantName = "3V3_to_3V3"
Change component parameters (AddParameter): Name = "ComponentLink1Description"; Value = "Datasheet"; VariantName = "3V3_to_RS422"
Change component parameters (AddParameter): Name = "ComponentLink1URL"; Value = "https://www.mouser.de/datasheet/2/315/AOA0000C334-1314047.pdf"; VariantName = "3V3_to_RS422"
Change component parameters (AddParameter): Name = "Created"; Value = "2019-12-08_Thilo_Wendt"; VariantName = "3V3_to_RS422"
Change component parameters (AddParameter): Name = "HelpURL"; Value = "https://www.mouser.de/datasheet/2/315/AOA0000C334-1314047.pdf"; VariantName = "3V3_to_RS422"
Change component parameters (AddParameter): Name = "MaxVoltage"; Value = "100"; VariantName = "3V3_to_RS422"
Change component parameters (AddParameter): Name = "MF"; Value = "Panasonic"; VariantName = "3V3_to_RS422"
Change component parameters (AddParameter): Name = "MPN"; Value = "ERJU03F1002V"; VariantName = "3V3_to_RS422"
Change component parameters (AddParameter): Name = "Package"; Value = "CurrentFootprint"; VariantName = "3V3_to_RS422"
Change component parameters (AddParameter): Name = "Parameter1"; Value = "V"; VariantName = "3V3_to_RS422"
Change component parameters (AddParameter): Name = "Parameter1Desc"; Value = "Package Method"; VariantName = "3V3_to_RS422"
Change component parameters (AddParameter): Name = "Parameter2"; Value = "F"; VariantName = "3V3_to_RS422"
Change component parameters (AddParameter): Name = "Parameter2Desc"; Value = "Tolerance Symbol"; VariantName = "3V3_to_RS422"
Change component parameters (AddParameter): Name = "Parameter3"; Value = ""; VariantName = "3V3_to_RS422"
Change component parameters (AddParameter): Name = "Parameter3Desc"; Value = ""; VariantName = "3V3_to_RS422"
Change component parameters (AddParameter): Name = "Supplier1"; Value = "https://de.farnell.com/w/search?qualifizierungsstandard-der-automobilindustrie=aec-q200&range=inc-in-stock&st=erju"; VariantName = "3V3_to_RS422"
Change component parameters (AddParameter): Name = "Value"; Value = "10k"; VariantName = "3V3_to_RS422"
Change component parameters (AddParameter): Name = "ComponentLink1Description"; Value = "Datasheet"; VariantName = "RS422_to_3V3"
Change component parameters (AddParameter): Name = "ComponentLink1URL"; Value = "https://www.mouser.de/datasheet/2/315/AOA0000C334-1314047.pdf"; VariantName = "RS422_to_3V3"
Change component parameters (AddParameter): Name = "Created"; Value = "2019-12-08_Thilo_Wendt"; VariantName = "RS422_to_3V3"
Change component parameters (AddParameter): Name = "HelpURL"; Value = "https://www.mouser.de/datasheet/2/315/AOA0000C334-1314047.pdf"; VariantName = "RS422_to_3V3"
Change component parameters (AddParameter): Name = "MaxVoltage"; Value = "100"; VariantName = "RS422_to_3V3"
Change component parameters (AddParameter): Name = "MF"; Value = "Panasonic"; VariantName = "RS422_to_3V3"
Change component parameters (AddParameter): Name = "MPN"; Value = "ERJU03F1002V"; VariantName = "RS422_to_3V3"
Change component parameters (AddParameter): Name = "Package"; Value = "CurrentFootprint"; VariantName = "RS422_to_3V3"
Change component parameters (AddParameter): Name = "Parameter1"; Value = "V"; VariantName = "RS422_to_3V3"
Change component parameters (AddParameter): Name = "Parameter1Desc"; Value = "Package Method"; VariantName = "RS422_to_3V3"
Change component parameters (AddParameter): Name = "Parameter2"; Value = "F"; VariantName = "RS422_to_3V3"
Change component parameters (AddParameter): Name = "Parameter2Desc"; Value = "Tolerance Symbol"; VariantName = "RS422_to_3V3"
Change component parameters (AddParameter): Name = "Parameter3"; Value = ""; VariantName = "RS422_to_3V3"
Change component parameters (AddParameter): Name = "Parameter3Desc"; Value = ""; VariantName = "RS422_to_3V3"
Change component parameters (AddParameter): Name = "Supplier1"; Value = "https://de.farnell.com/w/search?qualifizierungsstandard-der-automobilindustrie=aec-q200&range=inc-in-stock&st=erju"; VariantName = "RS422_to_3V3"
Change component parameters (AddParameter): Name = "Value"; Value = "10k"; VariantName = "RS422_to_3V3"
Change component parameters: Designator = "R33A"; Footprint = "RESC1608X55X30NL15T15"; UniqueID = "\REEOQYYS\IIHAQJIS\SHYXJNDG\LGXJUSLW"
Change component parameters. Clean all parameters for all variants
Change component parameters (AddParameter): Name = "ComponentLink1Description"; Value = "Datasheet"; VariantName = "[No Variations]"
Change component parameters (AddParameter): Name = "ComponentLink1URL"; Value = "https://www.mouser.de/datasheet/2/315/AOA0000C334-1314047.pdf"; VariantName = "[No Variations]"
Change component parameters (AddParameter): Name = "Created"; Value = "2019-12-08_Thilo_Wendt"; VariantName = "[No Variations]"
Change component parameters (AddParameter): Name = "HelpURL"; Value = "https://www.mouser.de/datasheet/2/315/AOA0000C334-1314047.pdf"; VariantName = "[No Variations]"
Change component parameters (AddParameter): Name = "MaxVoltage"; Value = "100"; VariantName = "[No Variations]"
Change component parameters (AddParameter): Name = "MF"; Value = "Panasonic"; VariantName = "[No Variations]"
Change component parameters (AddParameter): Name = "MPN"; Value = "ERJU03F1002V"; VariantName = "[No Variations]"
Change component parameters (AddParameter): Name = "Package"; Value = "CurrentFootprint"; VariantName = "[No Variations]"
Change component parameters (AddParameter): Name = "Parameter1"; Value = "V"; VariantName = "[No Variations]"
Change component parameters (AddParameter): Name = "Parameter1Desc"; Value = "Package Method"; VariantName = "[No Variations]"
Change component parameters (AddParameter): Name = "Parameter2"; Value = "F"; VariantName = "[No Variations]"
Change component parameters (AddParameter): Name = "Parameter2Desc"; Value = "Tolerance Symbol"; VariantName = "[No Variations]"
Change component parameters (AddParameter): Name = "Parameter3"; Value = ""; VariantName = "[No Variations]"
Change component parameters (AddParameter): Name = "Parameter3Desc"; Value = ""; VariantName = "[No Variations]"
Change component parameters (AddParameter): Name = "Supplier1"; Value = "https://de.farnell.com/w/search?qualifizierungsstandard-der-automobilindustrie=aec-q200&range=inc-in-stock&st=erju"; VariantName = "[No Variations]"
Change component parameters (AddParameter): Name = "Value"; Value = "10k"; VariantName = "[No Variations]"
Change component parameters (AddParameter): Name = "ComponentLink1Description"; Value = "Datasheet"; VariantName = "3V3_to_3V3"
Change component parameters (AddParameter): Name = "ComponentLink1URL"; Value = "https://www.mouser.de/datasheet/2/315/AOA0000C334-1314047.pdf"; VariantName = "3V3_to_3V3"
Change component parameters (AddParameter): Name = "Created"; Value = "2019-12-08_Thilo_Wendt"; VariantName = "3V3_to_3V3"
Change component parameters (AddParameter): Name = "HelpURL"; Value = "https://www.mouser.de/datasheet/2/315/AOA0000C334-1314047.pdf"; VariantName = "3V3_to_3V3"
Change component parameters (AddParameter): Name = "MaxVoltage"; Value = "100"; VariantName = "3V3_to_3V3"
Change component parameters (AddParameter): Name = "MF"; Value = "Panasonic"; VariantName = "3V3_to_3V3"
Change component parameters (AddParameter): Name = "MPN"; Value = "ERJU03F1002V"; VariantName = "3V3_to_3V3"
Change component parameters (AddParameter): Name = "Package"; Value = "CurrentFootprint"; VariantName = "3V3_to_3V3"
Change component parameters (AddParameter): Name = "Parameter1"; Value = "V"; VariantName = "3V3_to_3V3"
Change component parameters (AddParameter): Name = "Parameter1Desc"; Value = "Package Method"; VariantName = "3V3_to_3V3"
Change component parameters (AddParameter): Name = "Parameter2"; Value = "F"; VariantName = "3V3_to_3V3"
Change component parameters (AddParameter): Name = "Parameter2Desc"; Value = "Tolerance Symbol"; VariantName = "3V3_to_3V3"
Change component parameters (AddParameter): Name = "Parameter3"; Value = ""; VariantName = "3V3_to_3V3"
Change component parameters (AddParameter): Name = "Parameter3Desc"; Value = ""; VariantName = "3V3_to_3V3"
Change component parameters (AddParameter): Name = "Supplier1"; Value = "https://de.farnell.com/w/search?qualifizierungsstandard-der-automobilindustrie=aec-q200&range=inc-in-stock&st=erju"; VariantName = "3V3_to_3V3"
Change component parameters (AddParameter): Name = "Value"; Value = "10k"; VariantName = "3V3_to_3V3"
Change component parameters (AddParameter): Name = "ComponentLink1Description"; Value = "Datasheet"; VariantName = "3V3_to_RS422"
Change component parameters (AddParameter): Name = "ComponentLink1URL"; Value = "https://www.mouser.de/datasheet/2/315/AOA0000C334-1314047.pdf"; VariantName = "3V3_to_RS422"
Change component parameters (AddParameter): Name = "Created"; Value = "2019-12-08_Thilo_Wendt"; VariantName = "3V3_to_RS422"
Change component parameters (AddParameter): Name = "HelpURL"; Value = "https://www.mouser.de/datasheet/2/315/AOA0000C334-1314047.pdf"; VariantName = "3V3_to_RS422"
Change component parameters (AddParameter): Name = "MaxVoltage"; Value = "100"; VariantName = "3V3_to_RS422"
Change component parameters (AddParameter): Name = "MF"; Value = "Panasonic"; VariantName = "3V3_to_RS422"
Change component parameters (AddParameter): Name = "MPN"; Value = "ERJU03F1002V"; VariantName = "3V3_to_RS422"
Change component parameters (AddParameter): Name = "Package"; Value = "CurrentFootprint"; VariantName = "3V3_to_RS422"
Change component parameters (AddParameter): Name = "Parameter1"; Value = "V"; VariantName = "3V3_to_RS422"
Change component parameters (AddParameter): Name = "Parameter1Desc"; Value = "Package Method"; VariantName = "3V3_to_RS422"
Change component parameters (AddParameter): Name = "Parameter2"; Value = "F"; VariantName = "3V3_to_RS422"
Change component parameters (AddParameter): Name = "Parameter2Desc"; Value = "Tolerance Symbol"; VariantName = "3V3_to_RS422"
Change component parameters (AddParameter): Name = "Parameter3"; Value = ""; VariantName = "3V3_to_RS422"
Change component parameters (AddParameter): Name = "Parameter3Desc"; Value = ""; VariantName = "3V3_to_RS422"
Change component parameters (AddParameter): Name = "Supplier1"; Value = "https://de.farnell.com/w/search?qualifizierungsstandard-der-automobilindustrie=aec-q200&range=inc-in-stock&st=erju"; VariantName = "3V3_to_RS422"
Change component parameters (AddParameter): Name = "Value"; Value = "10k"; VariantName = "3V3_to_RS422"
Change component parameters (AddParameter): Name = "ComponentLink1Description"; Value = "Datasheet"; VariantName = "RS422_to_3V3"
Change component parameters (AddParameter): Name = "ComponentLink1URL"; Value = "https://www.mouser.de/datasheet/2/315/AOA0000C334-1314047.pdf"; VariantName = "RS422_to_3V3"
Change component parameters (AddParameter): Name = "Created"; Value = "2019-12-08_Thilo_Wendt"; VariantName = "RS422_to_3V3"
Change component parameters (AddParameter): Name = "HelpURL"; Value = "https://www.mouser.de/datasheet/2/315/AOA0000C334-1314047.pdf"; VariantName = "RS422_to_3V3"
Change component parameters (AddParameter): Name = "MaxVoltage"; Value = "100"; VariantName = "RS422_to_3V3"
Change component parameters (AddParameter): Name = "MF"; Value = "Panasonic"; VariantName = "RS422_to_3V3"
Change component parameters (AddParameter): Name = "MPN"; Value = "ERJU03F1002V"; VariantName = "RS422_to_3V3"
Change component parameters (AddParameter): Name = "Package"; Value = "CurrentFootprint"; VariantName = "RS422_to_3V3"
Change component parameters (AddParameter): Name = "Parameter1"; Value = "V"; VariantName = "RS422_to_3V3"
Change component parameters (AddParameter): Name = "Parameter1Desc"; Value = "Package Method"; VariantName = "RS422_to_3V3"
Change component parameters (AddParameter): Name = "Parameter2"; Value = "F"; VariantName = "RS422_to_3V3"
Change component parameters (AddParameter): Name = "Parameter2Desc"; Value = "Tolerance Symbol"; VariantName = "RS422_to_3V3"
Change component parameters (AddParameter): Name = "Parameter3"; Value = ""; VariantName = "RS422_to_3V3"
Change component parameters (AddParameter): Name = "Parameter3Desc"; Value = ""; VariantName = "RS422_to_3V3"
Change component parameters (AddParameter): Name = "Supplier1"; Value = "https://de.farnell.com/w/search?qualifizierungsstandard-der-automobilindustrie=aec-q200&range=inc-in-stock&st=erju"; VariantName = "RS422_to_3V3"
Change component parameters (AddParameter): Name = "Value"; Value = "10k"; VariantName = "RS422_to_3V3"
Change component parameters: Designator = "R33B"; Footprint = "RESC1608X55X30NL15T15"; UniqueID = "\REEOQYYS\IIHAQJIS\VRXDBBMP\LGXJUSLW"
Change component parameters. Clean all parameters for all variants
Change component parameters (AddParameter): Name = "ComponentLink1Description"; Value = "Datasheet"; VariantName = "[No Variations]"
Change component parameters (AddParameter): Name = "ComponentLink1URL"; Value = "https://www.mouser.de/datasheet/2/315/AOA0000C334-1314047.pdf"; VariantName = "[No Variations]"
Change component parameters (AddParameter): Name = "Created"; Value = "2019-12-08_Thilo_Wendt"; VariantName = "[No Variations]"
Change component parameters (AddParameter): Name = "HelpURL"; Value = "https://www.mouser.de/datasheet/2/315/AOA0000C334-1314047.pdf"; VariantName = "[No Variations]"
Change component parameters (AddParameter): Name = "MaxVoltage"; Value = "100"; VariantName = "[No Variations]"
Change component parameters (AddParameter): Name = "MF"; Value = "Panasonic"; VariantName = "[No Variations]"
Change component parameters (AddParameter): Name = "MPN"; Value = "ERJU03F1002V"; VariantName = "[No Variations]"
Change component parameters (AddParameter): Name = "Package"; Value = "CurrentFootprint"; VariantName = "[No Variations]"
Change component parameters (AddParameter): Name = "Parameter1"; Value = "V"; VariantName = "[No Variations]"
Change component parameters (AddParameter): Name = "Parameter1Desc"; Value = "Package Method"; VariantName = "[No Variations]"
Change component parameters (AddParameter): Name = "Parameter2"; Value = "F"; VariantName = "[No Variations]"
Change component parameters (AddParameter): Name = "Parameter2Desc"; Value = "Tolerance Symbol"; VariantName = "[No Variations]"
Change component parameters (AddParameter): Name = "Parameter3"; Value = ""; VariantName = "[No Variations]"
Change component parameters (AddParameter): Name = "Parameter3Desc"; Value = ""; VariantName = "[No Variations]"
Change component parameters (AddParameter): Name = "Supplier1"; Value = "https://de.farnell.com/w/search?qualifizierungsstandard-der-automobilindustrie=aec-q200&range=inc-in-stock&st=erju"; VariantName = "[No Variations]"
Change component parameters (AddParameter): Name = "Value"; Value = "10k"; VariantName = "[No Variations]"
Change component parameters (AddParameter): Name = "ComponentLink1Description"; Value = "Datasheet"; VariantName = "3V3_to_3V3"
Change component parameters (AddParameter): Name = "ComponentLink1URL"; Value = "https://www.mouser.de/datasheet/2/315/AOA0000C334-1314047.pdf"; VariantName = "3V3_to_3V3"
Change component parameters (AddParameter): Name = "Created"; Value = "2019-12-08_Thilo_Wendt"; VariantName = "3V3_to_3V3"
Change component parameters (AddParameter): Name = "HelpURL"; Value = "https://www.mouser.de/datasheet/2/315/AOA0000C334-1314047.pdf"; VariantName = "3V3_to_3V3"
Change component parameters (AddParameter): Name = "MaxVoltage"; Value = "100"; VariantName = "3V3_to_3V3"
Change component parameters (AddParameter): Name = "MF"; Value = "Panasonic"; VariantName = "3V3_to_3V3"
Change component parameters (AddParameter): Name = "MPN"; Value = "ERJU03F1002V"; VariantName = "3V3_to_3V3"
Change component parameters (AddParameter): Name = "Package"; Value = "CurrentFootprint"; VariantName = "3V3_to_3V3"
Change component parameters (AddParameter): Name = "Parameter1"; Value = "V"; VariantName = "3V3_to_3V3"
Change component parameters (AddParameter): Name = "Parameter1Desc"; Value = "Package Method"; VariantName = "3V3_to_3V3"
Change component parameters (AddParameter): Name = "Parameter2"; Value = "F"; VariantName = "3V3_to_3V3"
Change component parameters (AddParameter): Name = "Parameter2Desc"; Value = "Tolerance Symbol"; VariantName = "3V3_to_3V3"
Change component parameters (AddParameter): Name = "Parameter3"; Value = ""; VariantName = "3V3_to_3V3"
Change component parameters (AddParameter): Name = "Parameter3Desc"; Value = ""; VariantName = "3V3_to_3V3"
Change component parameters (AddParameter): Name = "Supplier1"; Value = "https://de.farnell.com/w/search?qualifizierungsstandard-der-automobilindustrie=aec-q200&range=inc-in-stock&st=erju"; VariantName = "3V3_to_3V3"
Change component parameters (AddParameter): Name = "Value"; Value = "10k"; VariantName = "3V3_to_3V3"
Change component parameters (AddParameter): Name = "ComponentLink1Description"; Value = "Datasheet"; VariantName = "3V3_to_RS422"
Change component parameters (AddParameter): Name = "ComponentLink1URL"; Value = "https://www.mouser.de/datasheet/2/315/AOA0000C334-1314047.pdf"; VariantName = "3V3_to_RS422"
Change component parameters (AddParameter): Name = "Created"; Value = "2019-12-08_Thilo_Wendt"; VariantName = "3V3_to_RS422"
Change component parameters (AddParameter): Name = "HelpURL"; Value = "https://www.mouser.de/datasheet/2/315/AOA0000C334-1314047.pdf"; VariantName = "3V3_to_RS422"
Change component parameters (AddParameter): Name = "MaxVoltage"; Value = "100"; VariantName = "3V3_to_RS422"
Change component parameters (AddParameter): Name = "MF"; Value = "Panasonic"; VariantName = "3V3_to_RS422"
Change component parameters (AddParameter): Name = "MPN"; Value = "ERJU03F1002V"; VariantName = "3V3_to_RS422"
Change component parameters (AddParameter): Name = "Package"; Value = "CurrentFootprint"; VariantName = "3V3_to_RS422"
Change component parameters (AddParameter): Name = "Parameter1"; Value = "V"; VariantName = "3V3_to_RS422"
Change component parameters (AddParameter): Name = "Parameter1Desc"; Value = "Package Method"; VariantName = "3V3_to_RS422"
Change component parameters (AddParameter): Name = "Parameter2"; Value = "F"; VariantName = "3V3_to_RS422"
Change component parameters (AddParameter): Name = "Parameter2Desc"; Value = "Tolerance Symbol"; VariantName = "3V3_to_RS422"
Change component parameters (AddParameter): Name = "Parameter3"; Value = ""; VariantName = "3V3_to_RS422"
Change component parameters (AddParameter): Name = "Parameter3Desc"; Value = ""; VariantName = "3V3_to_RS422"
Change component parameters (AddParameter): Name = "Supplier1"; Value = "https://de.farnell.com/w/search?qualifizierungsstandard-der-automobilindustrie=aec-q200&range=inc-in-stock&st=erju"; VariantName = "3V3_to_RS422"
Change component parameters (AddParameter): Name = "Value"; Value = "10k"; VariantName = "3V3_to_RS422"
Change component parameters (AddParameter): Name = "ComponentLink1Description"; Value = "Datasheet"; VariantName = "RS422_to_3V3"
Change component parameters (AddParameter): Name = "ComponentLink1URL"; Value = "https://www.mouser.de/datasheet/2/315/AOA0000C334-1314047.pdf"; VariantName = "RS422_to_3V3"
Change component parameters (AddParameter): Name = "Created"; Value = "2019-12-08_Thilo_Wendt"; VariantName = "RS422_to_3V3"
Change component parameters (AddParameter): Name = "HelpURL"; Value = "https://www.mouser.de/datasheet/2/315/AOA0000C334-1314047.pdf"; VariantName = "RS422_to_3V3"
Change component parameters (AddParameter): Name = "MaxVoltage"; Value = "100"; VariantName = "RS422_to_3V3"
Change component parameters (AddParameter): Name = "MF"; Value = "Panasonic"; VariantName = "RS422_to_3V3"
Change component parameters (AddParameter): Name = "MPN"; Value = "ERJU03F1002V"; VariantName = "RS422_to_3V3"
Change component parameters (AddParameter): Name = "Package"; Value = "CurrentFootprint"; VariantName = "RS422_to_3V3"
Change component parameters (AddParameter): Name = "Parameter1"; Value = "V"; VariantName = "RS422_to_3V3"
Change component parameters (AddParameter): Name = "Parameter1Desc"; Value = "Package Method"; VariantName = "RS422_to_3V3"
Change component parameters (AddParameter): Name = "Parameter2"; Value = "F"; VariantName = "RS422_to_3V3"
Change component parameters (AddParameter): Name = "Parameter2Desc"; Value = "Tolerance Symbol"; VariantName = "RS422_to_3V3"
Change component parameters (AddParameter): Name = "Parameter3"; Value = ""; VariantName = "RS422_to_3V3"
Change component parameters (AddParameter): Name = "Parameter3Desc"; Value = ""; VariantName = "RS422_to_3V3"
Change component parameters (AddParameter): Name = "Supplier1"; Value = "https://de.farnell.com/w/search?qualifizierungsstandard-der-automobilindustrie=aec-q200&range=inc-in-stock&st=erju"; VariantName = "RS422_to_3V3"
Change component parameters (AddParameter): Name = "Value"; Value = "10k"; VariantName = "RS422_to_3V3"
Change component parameters: Designator = "R34A"; Footprint = "RESC1608X55X30NL15T15"; UniqueID = "\REEOQYYS\IIHAQJIS\SHYXJNDG\LCGAWMUA"
Change component parameters. Clean all parameters for all variants
Change component parameters (AddParameter): Name = "ComponentLink1Description"; Value = "Datasheet"; VariantName = "[No Variations]"
Change component parameters (AddParameter): Name = "ComponentLink1URL"; Value = "https://www.mouser.de/datasheet/2/315/AOA0000C334-1314047.pdf"; VariantName = "[No Variations]"
Change component parameters (AddParameter): Name = "Created"; Value = "2019-12-08_Thilo_Wendt"; VariantName = "[No Variations]"
Change component parameters (AddParameter): Name = "HelpURL"; Value = "https://www.mouser.de/datasheet/2/315/AOA0000C334-1314047.pdf"; VariantName = "[No Variations]"
Change component parameters (AddParameter): Name = "MaxVoltage"; Value = "100"; VariantName = "[No Variations]"
Change component parameters (AddParameter): Name = "MF"; Value = "Panasonic"; VariantName = "[No Variations]"
Change component parameters (AddParameter): Name = "MPN"; Value = "ERJU03F1002V"; VariantName = "[No Variations]"
Change component parameters (AddParameter): Name = "Package"; Value = "CurrentFootprint"; VariantName = "[No Variations]"
Change component parameters (AddParameter): Name = "Parameter1"; Value = "V"; VariantName = "[No Variations]"
Change component parameters (AddParameter): Name = "Parameter1Desc"; Value = "Package Method"; VariantName = "[No Variations]"
Change component parameters (AddParameter): Name = "Parameter2"; Value = "F"; VariantName = "[No Variations]"
Change component parameters (AddParameter): Name = "Parameter2Desc"; Value = "Tolerance Symbol"; VariantName = "[No Variations]"
Change component parameters (AddParameter): Name = "Parameter3"; Value = ""; VariantName = "[No Variations]"
Change component parameters (AddParameter): Name = "Parameter3Desc"; Value = ""; VariantName = "[No Variations]"
Change component parameters (AddParameter): Name = "Supplier1"; Value = "https://de.farnell.com/w/search?qualifizierungsstandard-der-automobilindustrie=aec-q200&range=inc-in-stock&st=erju"; VariantName = "[No Variations]"
Change component parameters (AddParameter): Name = "Value"; Value = "10k"; VariantName = "[No Variations]"
Change component parameters (AddParameter): Name = "ComponentLink1Description"; Value = "Datasheet"; VariantName = "3V3_to_3V3"
Change component parameters (AddParameter): Name = "ComponentLink1URL"; Value = "https://www.mouser.de/datasheet/2/315/AOA0000C334-1314047.pdf"; VariantName = "3V3_to_3V3"
Change component parameters (AddParameter): Name = "Created"; Value = "2019-12-08_Thilo_Wendt"; VariantName = "3V3_to_3V3"
Change component parameters (AddParameter): Name = "HelpURL"; Value = "https://www.mouser.de/datasheet/2/315/AOA0000C334-1314047.pdf"; VariantName = "3V3_to_3V3"
Change component parameters (AddParameter): Name = "MaxVoltage"; Value = "100"; VariantName = "3V3_to_3V3"
Change component parameters (AddParameter): Name = "MF"; Value = "Panasonic"; VariantName = "3V3_to_3V3"
Change component parameters (AddParameter): Name = "MPN"; Value = "ERJU03F1002V"; VariantName = "3V3_to_3V3"
Change component parameters (AddParameter): Name = "Package"; Value = "CurrentFootprint"; VariantName = "3V3_to_3V3"
Change component parameters (AddParameter): Name = "Parameter1"; Value = "V"; VariantName = "3V3_to_3V3"
Change component parameters (AddParameter): Name = "Parameter1Desc"; Value = "Package Method"; VariantName = "3V3_to_3V3"
Change component parameters (AddParameter): Name = "Parameter2"; Value = "F"; VariantName = "3V3_to_3V3"
Change component parameters (AddParameter): Name = "Parameter2Desc"; Value = "Tolerance Symbol"; VariantName = "3V3_to_3V3"
Change component parameters (AddParameter): Name = "Parameter3"; Value = ""; VariantName = "3V3_to_3V3"
Change component parameters (AddParameter): Name = "Parameter3Desc"; Value = ""; VariantName = "3V3_to_3V3"
Change component parameters (AddParameter): Name = "Supplier1"; Value = "https://de.farnell.com/w/search?qualifizierungsstandard-der-automobilindustrie=aec-q200&range=inc-in-stock&st=erju"; VariantName = "3V3_to_3V3"
Change component parameters (AddParameter): Name = "Value"; Value = "10k"; VariantName = "3V3_to_3V3"
Change component parameters (AddParameter): Name = "ComponentLink1Description"; Value = "Datasheet"; VariantName = "3V3_to_RS422"
Change component parameters (AddParameter): Name = "ComponentLink1URL"; Value = "https://www.mouser.de/datasheet/2/315/AOA0000C334-1314047.pdf"; VariantName = "3V3_to_RS422"
Change component parameters (AddParameter): Name = "Created"; Value = "2019-12-08_Thilo_Wendt"; VariantName = "3V3_to_RS422"
Change component parameters (AddParameter): Name = "HelpURL"; Value = "https://www.mouser.de/datasheet/2/315/AOA0000C334-1314047.pdf"; VariantName = "3V3_to_RS422"
Change component parameters (AddParameter): Name = "MaxVoltage"; Value = "100"; VariantName = "3V3_to_RS422"
Change component parameters (AddParameter): Name = "MF"; Value = "Panasonic"; VariantName = "3V3_to_RS422"
Change component parameters (AddParameter): Name = "MPN"; Value = "ERJU03F1002V"; VariantName = "3V3_to_RS422"
Change component parameters (AddParameter): Name = "Package"; Value = "CurrentFootprint"; VariantName = "3V3_to_RS422"
Change component parameters (AddParameter): Name = "Parameter1"; Value = "V"; VariantName = "3V3_to_RS422"
Change component parameters (AddParameter): Name = "Parameter1Desc"; Value = "Package Method"; VariantName = "3V3_to_RS422"
Change component parameters (AddParameter): Name = "Parameter2"; Value = "F"; VariantName = "3V3_to_RS422"
Change component parameters (AddParameter): Name = "Parameter2Desc"; Value = "Tolerance Symbol"; VariantName = "3V3_to_RS422"
Change component parameters (AddParameter): Name = "Parameter3"; Value = ""; VariantName = "3V3_to_RS422"
Change component parameters (AddParameter): Name = "Parameter3Desc"; Value = ""; VariantName = "3V3_to_RS422"
Change component parameters (AddParameter): Name = "Supplier1"; Value = "https://de.farnell.com/w/search?qualifizierungsstandard-der-automobilindustrie=aec-q200&range=inc-in-stock&st=erju"; VariantName = "3V3_to_RS422"
Change component parameters (AddParameter): Name = "Value"; Value = "10k"; VariantName = "3V3_to_RS422"
Change component parameters (AddParameter): Name = "ComponentLink1Description"; Value = "Datasheet"; VariantName = "RS422_to_3V3"
Change component parameters (AddParameter): Name = "ComponentLink1URL"; Value = "https://www.mouser.de/datasheet/2/315/AOA0000C334-1314047.pdf"; VariantName = "RS422_to_3V3"
Change component parameters (AddParameter): Name = "Created"; Value = "2019-12-08_Thilo_Wendt"; VariantName = "RS422_to_3V3"
Change component parameters (AddParameter): Name = "HelpURL"; Value = "https://www.mouser.de/datasheet/2/315/AOA0000C334-1314047.pdf"; VariantName = "RS422_to_3V3"
Change component parameters (AddParameter): Name = "MaxVoltage"; Value = "100"; VariantName = "RS422_to_3V3"
Change component parameters (AddParameter): Name = "MF"; Value = "Panasonic"; VariantName = "RS422_to_3V3"
Change component parameters (AddParameter): Name = "MPN"; Value = "ERJU03F1002V"; VariantName = "RS422_to_3V3"
Change component parameters (AddParameter): Name = "Package"; Value = "CurrentFootprint"; VariantName = "RS422_to_3V3"
Change component parameters (AddParameter): Name = "Parameter1"; Value = "V"; VariantName = "RS422_to_3V3"
Change component parameters (AddParameter): Name = "Parameter1Desc"; Value = "Package Method"; VariantName = "RS422_to_3V3"
Change component parameters (AddParameter): Name = "Parameter2"; Value = "F"; VariantName = "RS422_to_3V3"
Change component parameters (AddParameter): Name = "Parameter2Desc"; Value = "Tolerance Symbol"; VariantName = "RS422_to_3V3"
Change component parameters (AddParameter): Name = "Parameter3"; Value = ""; VariantName = "RS422_to_3V3"
Change component parameters (AddParameter): Name = "Parameter3Desc"; Value = ""; VariantName = "RS422_to_3V3"
Change component parameters (AddParameter): Name = "Supplier1"; Value = "https://de.farnell.com/w/search?qualifizierungsstandard-der-automobilindustrie=aec-q200&range=inc-in-stock&st=erju"; VariantName = "RS422_to_3V3"
Change component parameters (AddParameter): Name = "Value"; Value = "10k"; VariantName = "RS422_to_3V3"
Change component parameters: Designator = "R34B"; Footprint = "RESC1608X55X30NL15T15"; UniqueID = "\REEOQYYS\IIHAQJIS\VRXDBBMP\LCGAWMUA"
Change component parameters. Clean all parameters for all variants
Change component parameters (AddParameter): Name = "ComponentLink1Description"; Value = "Datasheet"; VariantName = "[No Variations]"
Change component parameters (AddParameter): Name = "ComponentLink1URL"; Value = "https://www.mouser.de/datasheet/2/315/AOA0000C334-1314047.pdf"; VariantName = "[No Variations]"
Change component parameters (AddParameter): Name = "Created"; Value = "2019-12-08_Thilo_Wendt"; VariantName = "[No Variations]"
Change component parameters (AddParameter): Name = "HelpURL"; Value = "https://www.mouser.de/datasheet/2/315/AOA0000C334-1314047.pdf"; VariantName = "[No Variations]"
Change component parameters (AddParameter): Name = "MaxVoltage"; Value = "100"; VariantName = "[No Variations]"
Change component parameters (AddParameter): Name = "MF"; Value = "Panasonic"; VariantName = "[No Variations]"
Change component parameters (AddParameter): Name = "MPN"; Value = "ERJU03F1002V"; VariantName = "[No Variations]"
Change component parameters (AddParameter): Name = "Package"; Value = "CurrentFootprint"; VariantName = "[No Variations]"
Change component parameters (AddParameter): Name = "Parameter1"; Value = "V"; VariantName = "[No Variations]"
Change component parameters (AddParameter): Name = "Parameter1Desc"; Value = "Package Method"; VariantName = "[No Variations]"
Change component parameters (AddParameter): Name = "Parameter2"; Value = "F"; VariantName = "[No Variations]"
Change component parameters (AddParameter): Name = "Parameter2Desc"; Value = "Tolerance Symbol"; VariantName = "[No Variations]"
Change component parameters (AddParameter): Name = "Parameter3"; Value = ""; VariantName = "[No Variations]"
Change component parameters (AddParameter): Name = "Parameter3Desc"; Value = ""; VariantName = "[No Variations]"
Change component parameters (AddParameter): Name = "Supplier1"; Value = "https://de.farnell.com/w/search?qualifizierungsstandard-der-automobilindustrie=aec-q200&range=inc-in-stock&st=erju"; VariantName = "[No Variations]"
Change component parameters (AddParameter): Name = "Value"; Value = "10k"; VariantName = "[No Variations]"
Change component parameters (AddParameter): Name = "ComponentLink1Description"; Value = "Datasheet"; VariantName = "3V3_to_3V3"
Change component parameters (AddParameter): Name = "ComponentLink1URL"; Value = "https://www.mouser.de/datasheet/2/315/AOA0000C334-1314047.pdf"; VariantName = "3V3_to_3V3"
Change component parameters (AddParameter): Name = "Created"; Value = "2019-12-08_Thilo_Wendt"; VariantName = "3V3_to_3V3"
Change component parameters (AddParameter): Name = "HelpURL"; Value = "https://www.mouser.de/datasheet/2/315/AOA0000C334-1314047.pdf"; VariantName = "3V3_to_3V3"
Change component parameters (AddParameter): Name = "MaxVoltage"; Value = "100"; VariantName = "3V3_to_3V3"
Change component parameters (AddParameter): Name = "MF"; Value = "Panasonic"; VariantName = "3V3_to_3V3"
Change component parameters (AddParameter): Name = "MPN"; Value = "ERJU03F1002V"; VariantName = "3V3_to_3V3"
Change component parameters (AddParameter): Name = "Package"; Value = "CurrentFootprint"; VariantName = "3V3_to_3V3"
Change component parameters (AddParameter): Name = "Parameter1"; Value = "V"; VariantName = "3V3_to_3V3"
Change component parameters (AddParameter): Name = "Parameter1Desc"; Value = "Package Method"; VariantName = "3V3_to_3V3"
Change component parameters (AddParameter): Name = "Parameter2"; Value = "F"; VariantName = "3V3_to_3V3"
Change component parameters (AddParameter): Name = "Parameter2Desc"; Value = "Tolerance Symbol"; VariantName = "3V3_to_3V3"
Change component parameters (AddParameter): Name = "Parameter3"; Value = ""; VariantName = "3V3_to_3V3"
Change component parameters (AddParameter): Name = "Parameter3Desc"; Value = ""; VariantName = "3V3_to_3V3"
Change component parameters (AddParameter): Name = "Supplier1"; Value = "https://de.farnell.com/w/search?qualifizierungsstandard-der-automobilindustrie=aec-q200&range=inc-in-stock&st=erju"; VariantName = "3V3_to_3V3"
Change component parameters (AddParameter): Name = "Value"; Value = "10k"; VariantName = "3V3_to_3V3"
Change component parameters (AddParameter): Name = "ComponentLink1Description"; Value = "Datasheet"; VariantName = "3V3_to_RS422"
Change component parameters (AddParameter): Name = "ComponentLink1URL"; Value = "https://www.mouser.de/datasheet/2/315/AOA0000C334-1314047.pdf"; VariantName = "3V3_to_RS422"
Change component parameters (AddParameter): Name = "Created"; Value = "2019-12-08_Thilo_Wendt"; VariantName = "3V3_to_RS422"
Change component parameters (AddParameter): Name = "HelpURL"; Value = "https://www.mouser.de/datasheet/2/315/AOA0000C334-1314047.pdf"; VariantName = "3V3_to_RS422"
Change component parameters (AddParameter): Name = "MaxVoltage"; Value = "100"; VariantName = "3V3_to_RS422"
Change component parameters (AddParameter): Name = "MF"; Value = "Panasonic"; VariantName = "3V3_to_RS422"
Change component parameters (AddParameter): Name = "MPN"; Value = "ERJU03F1002V"; VariantName = "3V3_to_RS422"
Change component parameters (AddParameter): Name = "Package"; Value = "CurrentFootprint"; VariantName = "3V3_to_RS422"
Change component parameters (AddParameter): Name = "Parameter1"; Value = "V"; VariantName = "3V3_to_RS422"
Change component parameters (AddParameter): Name = "Parameter1Desc"; Value = "Package Method"; VariantName = "3V3_to_RS422"
Change component parameters (AddParameter): Name = "Parameter2"; Value = "F"; VariantName = "3V3_to_RS422"
Change component parameters (AddParameter): Name = "Parameter2Desc"; Value = "Tolerance Symbol"; VariantName = "3V3_to_RS422"
Change component parameters (AddParameter): Name = "Parameter3"; Value = ""; VariantName = "3V3_to_RS422"
Change component parameters (AddParameter): Name = "Parameter3Desc"; Value = ""; VariantName = "3V3_to_RS422"
Change component parameters (AddParameter): Name = "Supplier1"; Value = "https://de.farnell.com/w/search?qualifizierungsstandard-der-automobilindustrie=aec-q200&range=inc-in-stock&st=erju"; VariantName = "3V3_to_RS422"
Change component parameters (AddParameter): Name = "Value"; Value = "10k"; VariantName = "3V3_to_RS422"
Change component parameters (AddParameter): Name = "ComponentLink1Description"; Value = "Datasheet"; VariantName = "RS422_to_3V3"
Change component parameters (AddParameter): Name = "ComponentLink1URL"; Value = "https://www.mouser.de/datasheet/2/315/AOA0000C334-1314047.pdf"; VariantName = "RS422_to_3V3"
Change component parameters (AddParameter): Name = "Created"; Value = "2019-12-08_Thilo_Wendt"; VariantName = "RS422_to_3V3"
Change component parameters (AddParameter): Name = "HelpURL"; Value = "https://www.mouser.de/datasheet/2/315/AOA0000C334-1314047.pdf"; VariantName = "RS422_to_3V3"
Change component parameters (AddParameter): Name = "MaxVoltage"; Value = "100"; VariantName = "RS422_to_3V3"
Change component parameters (AddParameter): Name = "MF"; Value = "Panasonic"; VariantName = "RS422_to_3V3"
Change component parameters (AddParameter): Name = "MPN"; Value = "ERJU03F1002V"; VariantName = "RS422_to_3V3"
Change component parameters (AddParameter): Name = "Package"; Value = "CurrentFootprint"; VariantName = "RS422_to_3V3"
Change component parameters (AddParameter): Name = "Parameter1"; Value = "V"; VariantName = "RS422_to_3V3"
Change component parameters (AddParameter): Name = "Parameter1Desc"; Value = "Package Method"; VariantName = "RS422_to_3V3"
Change component parameters (AddParameter): Name = "Parameter2"; Value = "F"; VariantName = "RS422_to_3V3"
Change component parameters (AddParameter): Name = "Parameter2Desc"; Value = "Tolerance Symbol"; VariantName = "RS422_to_3V3"
Change component parameters (AddParameter): Name = "Parameter3"; Value = ""; VariantName = "RS422_to_3V3"
Change component parameters (AddParameter): Name = "Parameter3Desc"; Value = ""; VariantName = "RS422_to_3V3"
Change component parameters (AddParameter): Name = "Supplier1"; Value = "https://de.farnell.com/w/search?qualifizierungsstandard-der-automobilindustrie=aec-q200&range=inc-in-stock&st=erju"; VariantName = "RS422_to_3V3"
Change component parameters (AddParameter): Name = "Value"; Value = "10k"; VariantName = "RS422_to_3V3"
Change component parameters: Designator = "R35A"; Footprint = "RESC1608X55X30NL15T15"; UniqueID = "\REEOQYYS\IIHAQJIS\SHYXJNDG\XEFUWNUQ"
Change component parameters. Clean all parameters for all variants
Change component parameters (AddParameter): Name = "ComponentLink1Description"; Value = "Datasheet"; VariantName = "[No Variations]"
Change component parameters (AddParameter): Name = "ComponentLink1URL"; Value = "https://www.mouser.de/datasheet/2/315/AOA0000C334-1314047.pdf"; VariantName = "[No Variations]"
Change component parameters (AddParameter): Name = "Created"; Value = "2019-12-08_Thilo_Wendt"; VariantName = "[No Variations]"
Change component parameters (AddParameter): Name = "HelpURL"; Value = "https://www.mouser.de/datasheet/2/315/AOA0000C334-1314047.pdf"; VariantName = "[No Variations]"
Change component parameters (AddParameter): Name = "MaxVoltage"; Value = "100"; VariantName = "[No Variations]"
Change component parameters (AddParameter): Name = "MF"; Value = "Panasonic"; VariantName = "[No Variations]"
Change component parameters (AddParameter): Name = "MPN"; Value = "ERJU03F1002V"; VariantName = "[No Variations]"
Change component parameters (AddParameter): Name = "Package"; Value = "CurrentFootprint"; VariantName = "[No Variations]"
Change component parameters (AddParameter): Name = "Parameter1"; Value = "V"; VariantName = "[No Variations]"
Change component parameters (AddParameter): Name = "Parameter1Desc"; Value = "Package Method"; VariantName = "[No Variations]"
Change component parameters (AddParameter): Name = "Parameter2"; Value = "F"; VariantName = "[No Variations]"
Change component parameters (AddParameter): Name = "Parameter2Desc"; Value = "Tolerance Symbol"; VariantName = "[No Variations]"
Change component parameters (AddParameter): Name = "Parameter3"; Value = ""; VariantName = "[No Variations]"
Change component parameters (AddParameter): Name = "Parameter3Desc"; Value = ""; VariantName = "[No Variations]"
Change component parameters (AddParameter): Name = "Supplier1"; Value = "https://de.farnell.com/w/search?qualifizierungsstandard-der-automobilindustrie=aec-q200&range=inc-in-stock&st=erju"; VariantName = "[No Variations]"
Change component parameters (AddParameter): Name = "Value"; Value = "10k"; VariantName = "[No Variations]"
Change component parameters (AddParameter): Name = "ComponentLink1Description"; Value = "Datasheet"; VariantName = "3V3_to_3V3"
Change component parameters (AddParameter): Name = "ComponentLink1URL"; Value = "https://www.mouser.de/datasheet/2/315/AOA0000C334-1314047.pdf"; VariantName = "3V3_to_3V3"
Change component parameters (AddParameter): Name = "Created"; Value = "2019-12-08_Thilo_Wendt"; VariantName = "3V3_to_3V3"
Change component parameters (AddParameter): Name = "HelpURL"; Value = "https://www.mouser.de/datasheet/2/315/AOA0000C334-1314047.pdf"; VariantName = "3V3_to_3V3"
Change component parameters (AddParameter): Name = "MaxVoltage"; Value = "100"; VariantName = "3V3_to_3V3"
Change component parameters (AddParameter): Name = "MF"; Value = "Panasonic"; VariantName = "3V3_to_3V3"
Change component parameters (AddParameter): Name = "MPN"; Value = "ERJU03F1002V"; VariantName = "3V3_to_3V3"
Change component parameters (AddParameter): Name = "Package"; Value = "CurrentFootprint"; VariantName = "3V3_to_3V3"
Change component parameters (AddParameter): Name = "Parameter1"; Value = "V"; VariantName = "3V3_to_3V3"
Change component parameters (AddParameter): Name = "Parameter1Desc"; Value = "Package Method"; VariantName = "3V3_to_3V3"
Change component parameters (AddParameter): Name = "Parameter2"; Value = "F"; VariantName = "3V3_to_3V3"
Change component parameters (AddParameter): Name = "Parameter2Desc"; Value = "Tolerance Symbol"; VariantName = "3V3_to_3V3"
Change component parameters (AddParameter): Name = "Parameter3"; Value = ""; VariantName = "3V3_to_3V3"
Change component parameters (AddParameter): Name = "Parameter3Desc"; Value = ""; VariantName = "3V3_to_3V3"
Change component parameters (AddParameter): Name = "Supplier1"; Value = "https://de.farnell.com/w/search?qualifizierungsstandard-der-automobilindustrie=aec-q200&range=inc-in-stock&st=erju"; VariantName = "3V3_to_3V3"
Change component parameters (AddParameter): Name = "Value"; Value = "10k"; VariantName = "3V3_to_3V3"
Change component parameters (AddParameter): Name = "ComponentLink1Description"; Value = "Datasheet"; VariantName = "3V3_to_RS422"
Change component parameters (AddParameter): Name = "ComponentLink1URL"; Value = "https://www.mouser.de/datasheet/2/315/AOA0000C334-1314047.pdf"; VariantName = "3V3_to_RS422"
Change component parameters (AddParameter): Name = "Created"; Value = "2019-12-08_Thilo_Wendt"; VariantName = "3V3_to_RS422"
Change component parameters (AddParameter): Name = "HelpURL"; Value = "https://www.mouser.de/datasheet/2/315/AOA0000C334-1314047.pdf"; VariantName = "3V3_to_RS422"
Change component parameters (AddParameter): Name = "MaxVoltage"; Value = "100"; VariantName = "3V3_to_RS422"
Change component parameters (AddParameter): Name = "MF"; Value = "Panasonic"; VariantName = "3V3_to_RS422"
Change component parameters (AddParameter): Name = "MPN"; Value = "ERJU03F1002V"; VariantName = "3V3_to_RS422"
Change component parameters (AddParameter): Name = "Package"; Value = "CurrentFootprint"; VariantName = "3V3_to_RS422"
Change component parameters (AddParameter): Name = "Parameter1"; Value = "V"; VariantName = "3V3_to_RS422"
Change component parameters (AddParameter): Name = "Parameter1Desc"; Value = "Package Method"; VariantName = "3V3_to_RS422"
Change component parameters (AddParameter): Name = "Parameter2"; Value = "F"; VariantName = "3V3_to_RS422"
Change component parameters (AddParameter): Name = "Parameter2Desc"; Value = "Tolerance Symbol"; VariantName = "3V3_to_RS422"
Change component parameters (AddParameter): Name = "Parameter3"; Value = ""; VariantName = "3V3_to_RS422"
Change component parameters (AddParameter): Name = "Parameter3Desc"; Value = ""; VariantName = "3V3_to_RS422"
Change component parameters (AddParameter): Name = "Supplier1"; Value = "https://de.farnell.com/w/search?qualifizierungsstandard-der-automobilindustrie=aec-q200&range=inc-in-stock&st=erju"; VariantName = "3V3_to_RS422"
Change component parameters (AddParameter): Name = "Value"; Value = "10k"; VariantName = "3V3_to_RS422"
Change component parameters (AddParameter): Name = "ComponentLink1Description"; Value = "Datasheet"; VariantName = "RS422_to_3V3"
Change component parameters (AddParameter): Name = "ComponentLink1URL"; Value = "https://www.mouser.de/datasheet/2/315/AOA0000C334-1314047.pdf"; VariantName = "RS422_to_3V3"
Change component parameters (AddParameter): Name = "Created"; Value = "2019-12-08_Thilo_Wendt"; VariantName = "RS422_to_3V3"
Change component parameters (AddParameter): Name = "HelpURL"; Value = "https://www.mouser.de/datasheet/2/315/AOA0000C334-1314047.pdf"; VariantName = "RS422_to_3V3"
Change component parameters (AddParameter): Name = "MaxVoltage"; Value = "100"; VariantName = "RS422_to_3V3"
Change component parameters (AddParameter): Name = "MF"; Value = "Panasonic"; VariantName = "RS422_to_3V3"
Change component parameters (AddParameter): Name = "MPN"; Value = "ERJU03F1002V"; VariantName = "RS422_to_3V3"
Change component parameters (AddParameter): Name = "Package"; Value = "CurrentFootprint"; VariantName = "RS422_to_3V3"
Change component parameters (AddParameter): Name = "Parameter1"; Value = "V"; VariantName = "RS422_to_3V3"
Change component parameters (AddParameter): Name = "Parameter1Desc"; Value = "Package Method"; VariantName = "RS422_to_3V3"
Change component parameters (AddParameter): Name = "Parameter2"; Value = "F"; VariantName = "RS422_to_3V3"
Change component parameters (AddParameter): Name = "Parameter2Desc"; Value = "Tolerance Symbol"; VariantName = "RS422_to_3V3"
Change component parameters (AddParameter): Name = "Parameter3"; Value = ""; VariantName = "RS422_to_3V3"
Change component parameters (AddParameter): Name = "Parameter3Desc"; Value = ""; VariantName = "RS422_to_3V3"
Change component parameters (AddParameter): Name = "Supplier1"; Value = "https://de.farnell.com/w/search?qualifizierungsstandard-der-automobilindustrie=aec-q200&range=inc-in-stock&st=erju"; VariantName = "RS422_to_3V3"
Change component parameters (AddParameter): Name = "Value"; Value = "10k"; VariantName = "RS422_to_3V3"
Change component parameters: Designator = "R35B"; Footprint = "RESC1608X55X30NL15T15"; UniqueID = "\REEOQYYS\IIHAQJIS\VRXDBBMP\XEFUWNUQ"
Change component parameters. Clean all parameters for all variants
Change component parameters (AddParameter): Name = "ComponentLink1Description"; Value = "Datasheet"; VariantName = "[No Variations]"
Change component parameters (AddParameter): Name = "ComponentLink1URL"; Value = "https://www.mouser.de/datasheet/2/315/AOA0000C334-1314047.pdf"; VariantName = "[No Variations]"
Change component parameters (AddParameter): Name = "Created"; Value = "2019-12-08_Thilo_Wendt"; VariantName = "[No Variations]"
Change component parameters (AddParameter): Name = "HelpURL"; Value = "https://www.mouser.de/datasheet/2/315/AOA0000C334-1314047.pdf"; VariantName = "[No Variations]"
Change component parameters (AddParameter): Name = "MaxVoltage"; Value = "100"; VariantName = "[No Variations]"
Change component parameters (AddParameter): Name = "MF"; Value = "Panasonic"; VariantName = "[No Variations]"
Change component parameters (AddParameter): Name = "MPN"; Value = "ERJU03F1002V"; VariantName = "[No Variations]"
Change component parameters (AddParameter): Name = "Package"; Value = "CurrentFootprint"; VariantName = "[No Variations]"
Change component parameters (AddParameter): Name = "Parameter1"; Value = "V"; VariantName = "[No Variations]"
Change component parameters (AddParameter): Name = "Parameter1Desc"; Value = "Package Method"; VariantName = "[No Variations]"
Change component parameters (AddParameter): Name = "Parameter2"; Value = "F"; VariantName = "[No Variations]"
Change component parameters (AddParameter): Name = "Parameter2Desc"; Value = "Tolerance Symbol"; VariantName = "[No Variations]"
Change component parameters (AddParameter): Name = "Parameter3"; Value = ""; VariantName = "[No Variations]"
Change component parameters (AddParameter): Name = "Parameter3Desc"; Value = ""; VariantName = "[No Variations]"
Change component parameters (AddParameter): Name = "Supplier1"; Value = "https://de.farnell.com/w/search?qualifizierungsstandard-der-automobilindustrie=aec-q200&range=inc-in-stock&st=erju"; VariantName = "[No Variations]"
Change component parameters (AddParameter): Name = "Value"; Value = "10k"; VariantName = "[No Variations]"
Change component parameters (AddParameter): Name = "ComponentLink1Description"; Value = "Datasheet"; VariantName = "3V3_to_3V3"
Change component parameters (AddParameter): Name = "ComponentLink1URL"; Value = "https://www.mouser.de/datasheet/2/315/AOA0000C334-1314047.pdf"; VariantName = "3V3_to_3V3"
Change component parameters (AddParameter): Name = "Created"; Value = "2019-12-08_Thilo_Wendt"; VariantName = "3V3_to_3V3"
Change component parameters (AddParameter): Name = "HelpURL"; Value = "https://www.mouser.de/datasheet/2/315/AOA0000C334-1314047.pdf"; VariantName = "3V3_to_3V3"
Change component parameters (AddParameter): Name = "MaxVoltage"; Value = "100"; VariantName = "3V3_to_3V3"
Change component parameters (AddParameter): Name = "MF"; Value = "Panasonic"; VariantName = "3V3_to_3V3"
Change component parameters (AddParameter): Name = "MPN"; Value = "ERJU03F1002V"; VariantName = "3V3_to_3V3"
Change component parameters (AddParameter): Name = "Package"; Value = "CurrentFootprint"; VariantName = "3V3_to_3V3"
Change component parameters (AddParameter): Name = "Parameter1"; Value = "V"; VariantName = "3V3_to_3V3"
Change component parameters (AddParameter): Name = "Parameter1Desc"; Value = "Package Method"; VariantName = "3V3_to_3V3"
Change component parameters (AddParameter): Name = "Parameter2"; Value = "F"; VariantName = "3V3_to_3V3"
Change component parameters (AddParameter): Name = "Parameter2Desc"; Value = "Tolerance Symbol"; VariantName = "3V3_to_3V3"
Change component parameters (AddParameter): Name = "Parameter3"; Value = ""; VariantName = "3V3_to_3V3"
Change component parameters (AddParameter): Name = "Parameter3Desc"; Value = ""; VariantName = "3V3_to_3V3"
Change component parameters (AddParameter): Name = "Supplier1"; Value = "https://de.farnell.com/w/search?qualifizierungsstandard-der-automobilindustrie=aec-q200&range=inc-in-stock&st=erju"; VariantName = "3V3_to_3V3"
Change component parameters (AddParameter): Name = "Value"; Value = "10k"; VariantName = "3V3_to_3V3"
Change component parameters (AddParameter): Name = "ComponentLink1Description"; Value = "Datasheet"; VariantName = "3V3_to_RS422"
Change component parameters (AddParameter): Name = "ComponentLink1URL"; Value = "https://www.mouser.de/datasheet/2/315/AOA0000C334-1314047.pdf"; VariantName = "3V3_to_RS422"
Change component parameters (AddParameter): Name = "Created"; Value = "2019-12-08_Thilo_Wendt"; VariantName = "3V3_to_RS422"
Change component parameters (AddParameter): Name = "HelpURL"; Value = "https://www.mouser.de/datasheet/2/315/AOA0000C334-1314047.pdf"; VariantName = "3V3_to_RS422"
Change component parameters (AddParameter): Name = "MaxVoltage"; Value = "100"; VariantName = "3V3_to_RS422"
Change component parameters (AddParameter): Name = "MF"; Value = "Panasonic"; VariantName = "3V3_to_RS422"
Change component parameters (AddParameter): Name = "MPN"; Value = "ERJU03F1002V"; VariantName = "3V3_to_RS422"
Change component parameters (AddParameter): Name = "Package"; Value = "CurrentFootprint"; VariantName = "3V3_to_RS422"
Change component parameters (AddParameter): Name = "Parameter1"; Value = "V"; VariantName = "3V3_to_RS422"
Change component parameters (AddParameter): Name = "Parameter1Desc"; Value = "Package Method"; VariantName = "3V3_to_RS422"
Change component parameters (AddParameter): Name = "Parameter2"; Value = "F"; VariantName = "3V3_to_RS422"
Change component parameters (AddParameter): Name = "Parameter2Desc"; Value = "Tolerance Symbol"; VariantName = "3V3_to_RS422"
Change component parameters (AddParameter): Name = "Parameter3"; Value = ""; VariantName = "3V3_to_RS422"
Change component parameters (AddParameter): Name = "Parameter3Desc"; Value = ""; VariantName = "3V3_to_RS422"
Change component parameters (AddParameter): Name = "Supplier1"; Value = "https://de.farnell.com/w/search?qualifizierungsstandard-der-automobilindustrie=aec-q200&range=inc-in-stock&st=erju"; VariantName = "3V3_to_RS422"
Change component parameters (AddParameter): Name = "Value"; Value = "10k"; VariantName = "3V3_to_RS422"
Change component parameters (AddParameter): Name = "ComponentLink1Description"; Value = "Datasheet"; VariantName = "RS422_to_3V3"
Change component parameters (AddParameter): Name = "ComponentLink1URL"; Value = "https://www.mouser.de/datasheet/2/315/AOA0000C334-1314047.pdf"; VariantName = "RS422_to_3V3"
Change component parameters (AddParameter): Name = "Created"; Value = "2019-12-08_Thilo_Wendt"; VariantName = "RS422_to_3V3"
Change component parameters (AddParameter): Name = "HelpURL"; Value = "https://www.mouser.de/datasheet/2/315/AOA0000C334-1314047.pdf"; VariantName = "RS422_to_3V3"
Change component parameters (AddParameter): Name = "MaxVoltage"; Value = "100"; VariantName = "RS422_to_3V3"
Change component parameters (AddParameter): Name = "MF"; Value = "Panasonic"; VariantName = "RS422_to_3V3"
Change component parameters (AddParameter): Name = "MPN"; Value = "ERJU03F1002V"; VariantName = "RS422_to_3V3"
Change component parameters (AddParameter): Name = "Package"; Value = "CurrentFootprint"; VariantName = "RS422_to_3V3"
Change component parameters (AddParameter): Name = "Parameter1"; Value = "V"; VariantName = "RS422_to_3V3"
Change component parameters (AddParameter): Name = "Parameter1Desc"; Value = "Package Method"; VariantName = "RS422_to_3V3"
Change component parameters (AddParameter): Name = "Parameter2"; Value = "F"; VariantName = "RS422_to_3V3"
Change component parameters (AddParameter): Name = "Parameter2Desc"; Value = "Tolerance Symbol"; VariantName = "RS422_to_3V3"
Change component parameters (AddParameter): Name = "Parameter3"; Value = ""; VariantName = "RS422_to_3V3"
Change component parameters (AddParameter): Name = "Parameter3Desc"; Value = ""; VariantName = "RS422_to_3V3"
Change component parameters (AddParameter): Name = "Supplier1"; Value = "https://de.farnell.com/w/search?qualifizierungsstandard-der-automobilindustrie=aec-q200&range=inc-in-stock&st=erju"; VariantName = "RS422_to_3V3"
Change component parameters (AddParameter): Name = "Value"; Value = "10k"; VariantName = "RS422_to_3V3"
Change component parameters: Designator = "C4"; Footprint = "CAPC3216X180X50NL20T25"; UniqueID = "\SMQLPFVK\TOXGMVGS"
Change component parameters. Clean all parameters for all variants
Change component parameters (AddParameter): Name = "ComponentLink1Description"; Value = "Datasheet"; VariantName = "[No Variations]"
Change component parameters (AddParameter): Name = "ComponentLink1URL"; Value = "https://content.kemet.com/datasheets/KEM_C1002_X7R_SMD.pdf"; VariantName = "[No Variations]"
Change component parameters (AddParameter): Name = "Created"; Value = "2019-12-08_Thilo_Wendt"; VariantName = "[No Variations]"
Change component parameters (AddParameter): Name = "HelpURL"; Value = "https://content.kemet.com/datasheets/KEM_C1002_X7R_SMD.pdf"; VariantName = "[No Variations]"
Change component parameters (AddParameter): Name = "MaxCap"; Value = "100n"; VariantName = "[No Variations]"
Change component parameters (AddParameter): Name = "MaxVoltage"; Value = "100"; VariantName = "[No Variations]"
Change component parameters (AddParameter): Name = "MF"; Value = "KEMET"; VariantName = "[No Variations]"
Change component parameters (AddParameter): Name = "MinCap"; Value = "10p"; VariantName = "[No Variations]"
Change component parameters (AddParameter): Name = "MPN"; Value = "C1206C104J5RACTU"; VariantName = "[No Variations]"
Change component parameters (AddParameter): Name = "Package"; Value = "CurrentFootprint"; VariantName = "[No Variations]"
Change component parameters (AddParameter): Name = "Parameter1"; Value = "5"; VariantName = "[No Variations]"
Change component parameters (AddParameter): Name = "Parameter1Desc"; Value = "Voltage Symbol"; VariantName = "[No Variations]"
Change component parameters (AddParameter): Name = "Parameter2"; Value = "J"; VariantName = "[No Variations]"
Change component parameters (AddParameter): Name = "Parameter2Desc"; Value = "Tolerance Symbol"; VariantName = "[No Variations]"
Change component parameters (AddParameter): Name = "Supplier 1"; Value = "Farnell"; VariantName = "[No Variations]"
Change component parameters (AddParameter): Name = "Supplier 2"; Value = "Mouser"; VariantName = "[No Variations]"
Change component parameters (AddParameter): Name = "Supplier Link 1"; Value = "https://de.farnell.com/w/c/passive-bauelemente/kondensatoren/keramikkondensatoren/keramik-vielschichtkondensatoren-mlcc-smd?brand=kemet&kapazitatstoleranz=posneg-10pc&dielektrikum=x7r"; VariantName = "[No Variations]"
Change component parameters (AddParameter): Name = "Supplier Part Number 2"; Value = "80-C1206C104J5RACTU"; VariantName = "[No Variations]"
Change component parameters (AddParameter): Name = "Value"; Value = "100n"; VariantName = "[No Variations]"
Change component parameters (AddParameter): Name = "ComponentLink1Description"; Value = "Datasheet"; VariantName = "3V3_to_3V3"
Change component parameters (AddParameter): Name = "ComponentLink1URL"; Value = "https://content.kemet.com/datasheets/KEM_C1002_X7R_SMD.pdf"; VariantName = "3V3_to_3V3"
Change component parameters (AddParameter): Name = "Created"; Value = "2019-12-08_Thilo_Wendt"; VariantName = "3V3_to_3V3"
Change component parameters (AddParameter): Name = "HelpURL"; Value = "https://content.kemet.com/datasheets/KEM_C1002_X7R_SMD.pdf"; VariantName = "3V3_to_3V3"
Change component parameters (AddParameter): Name = "MaxCap"; Value = "100n"; VariantName = "3V3_to_3V3"
Change component parameters (AddParameter): Name = "MaxVoltage"; Value = "100"; VariantName = "3V3_to_3V3"
Change component parameters (AddParameter): Name = "MF"; Value = "KEMET"; VariantName = "3V3_to_3V3"
Change component parameters (AddParameter): Name = "MinCap"; Value = "10p"; VariantName = "3V3_to_3V3"
Change component parameters (AddParameter): Name = "MPN"; Value = "C1206C104J5RACTU"; VariantName = "3V3_to_3V3"
Change component parameters (AddParameter): Name = "Package"; Value = "CurrentFootprint"; VariantName = "3V3_to_3V3"
Change component parameters (AddParameter): Name = "Parameter1"; Value = "5"; VariantName = "3V3_to_3V3"
Change component parameters (AddParameter): Name = "Parameter1Desc"; Value = "Voltage Symbol"; VariantName = "3V3_to_3V3"
Change component parameters (AddParameter): Name = "Parameter2"; Value = "J"; VariantName = "3V3_to_3V3"
Change component parameters (AddParameter): Name = "Parameter2Desc"; Value = "Tolerance Symbol"; VariantName = "3V3_to_3V3"
Change component parameters (AddParameter): Name = "Supplier 1"; Value = "Farnell"; VariantName = "3V3_to_3V3"
Change component parameters (AddParameter): Name = "Supplier 2"; Value = "Mouser"; VariantName = "3V3_to_3V3"
Change component parameters (AddParameter): Name = "Supplier Link 1"; Value = "https://de.farnell.com/w/c/passive-bauelemente/kondensatoren/keramikkondensatoren/keramik-vielschichtkondensatoren-mlcc-smd?brand=kemet&kapazitatstoleranz=posneg-10pc&dielektrikum=x7r"; VariantName = "3V3_to_3V3"
Change component parameters (AddParameter): Name = "Supplier Part Number 2"; Value = "80-C1206C104J5RACTU"; VariantName = "3V3_to_3V3"
Change component parameters (AddParameter): Name = "Value"; Value = "100n"; VariantName = "3V3_to_3V3"
Change component parameters (AddParameter): Name = "ComponentLink1Description"; Value = "Datasheet"; VariantName = "3V3_to_5V"
Change component parameters (AddParameter): Name = "ComponentLink1URL"; Value = "https://content.kemet.com/datasheets/KEM_C1002_X7R_SMD.pdf"; VariantName = "3V3_to_5V"
Change component parameters (AddParameter): Name = "Created"; Value = "2019-12-08_Thilo_Wendt"; VariantName = "3V3_to_5V"
Change component parameters (AddParameter): Name = "HelpURL"; Value = "https://content.kemet.com/datasheets/KEM_C1002_X7R_SMD.pdf"; VariantName = "3V3_to_5V"
Change component parameters (AddParameter): Name = "MaxCap"; Value = "100n"; VariantName = "3V3_to_5V"
Change component parameters (AddParameter): Name = "MaxVoltage"; Value = "100"; VariantName = "3V3_to_5V"
Change component parameters (AddParameter): Name = "MF"; Value = "KEMET"; VariantName = "3V3_to_5V"
Change component parameters (AddParameter): Name = "MinCap"; Value = "10p"; VariantName = "3V3_to_5V"
Change component parameters (AddParameter): Name = "MPN"; Value = "C1206C104J5RACTU"; VariantName = "3V3_to_5V"
Change component parameters (AddParameter): Name = "Package"; Value = "CurrentFootprint"; VariantName = "3V3_to_5V"
Change component parameters (AddParameter): Name = "Parameter1"; Value = "5"; VariantName = "3V3_to_5V"
Change component parameters (AddParameter): Name = "Parameter1Desc"; Value = "Voltage Symbol"; VariantName = "3V3_to_5V"
Change component parameters (AddParameter): Name = "Parameter2"; Value = "J"; VariantName = "3V3_to_5V"
Change component parameters (AddParameter): Name = "Parameter2Desc"; Value = "Tolerance Symbol"; VariantName = "3V3_to_5V"
Change component parameters (AddParameter): Name = "Supplier 1"; Value = "Farnell"; VariantName = "3V3_to_5V"
Change component parameters (AddParameter): Name = "Supplier 2"; Value = "Mouser"; VariantName = "3V3_to_5V"
Change component parameters (AddParameter): Name = "Supplier Link 1"; Value = "https://de.farnell.com/w/c/passive-bauelemente/kondensatoren/keramikkondensatoren/keramik-vielschichtkondensatoren-mlcc-smd?brand=kemet&kapazitatstoleranz=posneg-10pc&dielektrikum=x7r"; VariantName = "3V3_to_5V"
Change component parameters (AddParameter): Name = "Supplier Part Number 2"; Value = "80-C1206C104J5RACTU"; VariantName = "3V3_to_5V"
Change component parameters (AddParameter): Name = "Value"; Value = "100n"; VariantName = "3V3_to_5V"
Change component parameters (AddParameter): Name = "ComponentLink1Description"; Value = "Datasheet"; VariantName = "3V3_to_RS422"
Change component parameters (AddParameter): Name = "ComponentLink1URL"; Value = "https://content.kemet.com/datasheets/KEM_C1002_X7R_SMD.pdf"; VariantName = "3V3_to_RS422"
Change component parameters (AddParameter): Name = "Created"; Value = "2019-12-08_Thilo_Wendt"; VariantName = "3V3_to_RS422"
Change component parameters (AddParameter): Name = "HelpURL"; Value = "https://content.kemet.com/datasheets/KEM_C1002_X7R_SMD.pdf"; VariantName = "3V3_to_RS422"
Change component parameters (AddParameter): Name = "MaxCap"; Value = "100n"; VariantName = "3V3_to_RS422"
Change component parameters (AddParameter): Name = "MaxVoltage"; Value = "100"; VariantName = "3V3_to_RS422"
Change component parameters (AddParameter): Name = "MF"; Value = "KEMET"; VariantName = "3V3_to_RS422"
Change component parameters (AddParameter): Name = "MinCap"; Value = "10p"; VariantName = "3V3_to_RS422"
Change component parameters (AddParameter): Name = "MPN"; Value = "C1206C104J5RACTU"; VariantName = "3V3_to_RS422"
Change component parameters (AddParameter): Name = "Package"; Value = "CurrentFootprint"; VariantName = "3V3_to_RS422"
Change component parameters (AddParameter): Name = "Parameter1"; Value = "5"; VariantName = "3V3_to_RS422"
Change component parameters (AddParameter): Name = "Parameter1Desc"; Value = "Voltage Symbol"; VariantName = "3V3_to_RS422"
Change component parameters (AddParameter): Name = "Parameter2"; Value = "J"; VariantName = "3V3_to_RS422"
Change component parameters (AddParameter): Name = "Parameter2Desc"; Value = "Tolerance Symbol"; VariantName = "3V3_to_RS422"
Change component parameters (AddParameter): Name = "Supplier 1"; Value = "Farnell"; VariantName = "3V3_to_RS422"
Change component parameters (AddParameter): Name = "Supplier 2"; Value = "Mouser"; VariantName = "3V3_to_RS422"
Change component parameters (AddParameter): Name = "Supplier Link 1"; Value = "https://de.farnell.com/w/c/passive-bauelemente/kondensatoren/keramikkondensatoren/keramik-vielschichtkondensatoren-mlcc-smd?brand=kemet&kapazitatstoleranz=posneg-10pc&dielektrikum=x7r"; VariantName = "3V3_to_RS422"
Change component parameters (AddParameter): Name = "Supplier Part Number 2"; Value = "80-C1206C104J5RACTU"; VariantName = "3V3_to_RS422"
Change component parameters (AddParameter): Name = "Value"; Value = "100n"; VariantName = "3V3_to_RS422"
Change component parameters (AddParameter): Name = "ComponentLink1Description"; Value = "Datasheet"; VariantName = "RS422_to_3V3"
Change component parameters (AddParameter): Name = "ComponentLink1URL"; Value = "https://content.kemet.com/datasheets/KEM_C1002_X7R_SMD.pdf"; VariantName = "RS422_to_3V3"
Change component parameters (AddParameter): Name = "Created"; Value = "2019-12-08_Thilo_Wendt"; VariantName = "RS422_to_3V3"
Change component parameters (AddParameter): Name = "HelpURL"; Value = "https://content.kemet.com/datasheets/KEM_C1002_X7R_SMD.pdf"; VariantName = "RS422_to_3V3"
Change component parameters (AddParameter): Name = "MaxCap"; Value = "100n"; VariantName = "RS422_to_3V3"
Change component parameters (AddParameter): Name = "MaxVoltage"; Value = "100"; VariantName = "RS422_to_3V3"
Change component parameters (AddParameter): Name = "MF"; Value = "KEMET"; VariantName = "RS422_to_3V3"
Change component parameters (AddParameter): Name = "MinCap"; Value = "10p"; VariantName = "RS422_to_3V3"
Change component parameters (AddParameter): Name = "MPN"; Value = "C1206C104J5RACTU"; VariantName = "RS422_to_3V3"
Change component parameters (AddParameter): Name = "Package"; Value = "CurrentFootprint"; VariantName = "RS422_to_3V3"
Change component parameters (AddParameter): Name = "Parameter1"; Value = "5"; VariantName = "RS422_to_3V3"
Change component parameters (AddParameter): Name = "Parameter1Desc"; Value = "Voltage Symbol"; VariantName = "RS422_to_3V3"
Change component parameters (AddParameter): Name = "Parameter2"; Value = "J"; VariantName = "RS422_to_3V3"
Change component parameters (AddParameter): Name = "Parameter2Desc"; Value = "Tolerance Symbol"; VariantName = "RS422_to_3V3"
Change component parameters (AddParameter): Name = "Supplier 1"; Value = "Farnell"; VariantName = "RS422_to_3V3"
Change component parameters (AddParameter): Name = "Supplier 2"; Value = "Mouser"; VariantName = "RS422_to_3V3"
Change component parameters (AddParameter): Name = "Supplier Link 1"; Value = "https://de.farnell.com/w/c/passive-bauelemente/kondensatoren/keramikkondensatoren/keramik-vielschichtkondensatoren-mlcc-smd?brand=kemet&kapazitatstoleranz=posneg-10pc&dielektrikum=x7r"; VariantName = "RS422_to_3V3"
Change component parameters (AddParameter): Name = "Supplier Part Number 2"; Value = "80-C1206C104J5RACTU"; VariantName = "RS422_to_3V3"
Change component parameters (AddParameter): Name = "Value"; Value = "100n"; VariantName = "RS422_to_3V3"
Change component parameters: Designator = "R29"; Footprint = "RESCAXE-50P380X160X45-16N"; UniqueID = "\REEOQYYS\ZTJPEBVF\IZTEPUQU\MELUFCCA"
Change component parameters. Clean all parameters for all variants
Change component parameters (AddParameter): Name = "ComponentLink1Description"; Value = "Datasheet"; VariantName = "[No Variations]"
Change component parameters (AddParameter): Name = "ComponentLink1URL"; Value = "https://www.mouser.de/datasheet/2/315/AOC0000C14-1108062.pdf"; VariantName = "[No Variations]"
Change component parameters (AddParameter): Name = "ComponentLink2Description"; Value = "Landpattern"; VariantName = "[No Variations]"
Change component parameters (AddParameter): Name = "ComponentLink2URL"; Value = "https://industrial.panasonic.com/cdbs/www-data/pdf/AOC0000/AOC0000COL4.pdf"; VariantName = "[No Variations]"
Change component parameters (AddParameter): Name = "Created"; Value = "2020-01-03_Thilo_Wendt"; VariantName = "[No Variations]"
Change component parameters (AddParameter): Name = "HelpURL"; Value = "https://www.mouser.de/datasheet/2/315/AOC0000C14-1108062.pdf"; VariantName = "[No Variations]"
Change component parameters (AddParameter): Name = "MaxVoltage"; Value = "100"; VariantName = "[No Variations]"
Change component parameters (AddParameter): Name = "MF"; Value = "Panasonic"; VariantName = "[No Variations]"
Change component parameters (AddParameter): Name = "MPN"; Value = "EXB2HV<2dig_res+#zeros><tol/jumper>V"; VariantName = "[No Variations]"
Change component parameters (AddParameter): Name = "Package"; Value = "CurrentFootprint"; VariantName = "[No Variations]"
Change component parameters (AddParameter): Name = "Parameter1"; Value = "V"; VariantName = "[No Variations]"
Change component parameters (AddParameter): Name = "Parameter1Desc"; Value = "Package Method"; VariantName = "[No Variations]"
Change component parameters (AddParameter): Name = "Parameter2"; Value = "J"; VariantName = "[No Variations]"
Change component parameters (AddParameter): Name = "Parameter2Desc"; Value = "Tolerance Symbol"; VariantName = "[No Variations]"
Change component parameters (AddParameter): Name = "Value"; Value = "?"; VariantName = "[No Variations]"
Change component parameters: Designator = "R18"; Footprint = "RESCAXE-50P380X160X45-16N"; UniqueID = "\REEOQYYS\IIHAQJIS\EKLSFHDT\CFQQIFGU"
Change component parameters. Clean all parameters for all variants
Change component parameters (AddParameter): Name = "ComponentLink1Description"; Value = "Datasheet"; VariantName = "[No Variations]"
Change component parameters (AddParameter): Name = "ComponentLink1URL"; Value = "https://www.mouser.de/datasheet/2/315/AOC0000C14-1108062.pdf"; VariantName = "[No Variations]"
Change component parameters (AddParameter): Name = "ComponentLink2Description"; Value = "Landpattern"; VariantName = "[No Variations]"
Change component parameters (AddParameter): Name = "ComponentLink2URL"; Value = "https://industrial.panasonic.com/cdbs/www-data/pdf/AOC0000/AOC0000COL4.pdf"; VariantName = "[No Variations]"
Change component parameters (AddParameter): Name = "Created"; Value = "2020-01-03_Thilo_Wendt"; VariantName = "[No Variations]"
Change component parameters (AddParameter): Name = "HelpURL"; Value = "https://www.mouser.de/datasheet/2/315/AOC0000C14-1108062.pdf"; VariantName = "[No Variations]"
Change component parameters (AddParameter): Name = "MaxVoltage"; Value = "100"; VariantName = "[No Variations]"
Change component parameters (AddParameter): Name = "MF"; Value = "Panasonic"; VariantName = "[No Variations]"
Change component parameters (AddParameter): Name = "MPN"; Value = "EXB2HVR000V"; VariantName = "[No Variations]"
Change component parameters (AddParameter): Name = "Package"; Value = "CurrentFootprint"; VariantName = "[No Variations]"
Change component parameters (AddParameter): Name = "Parameter1"; Value = "V"; VariantName = "[No Variations]"
Change component parameters (AddParameter): Name = "Parameter1Desc"; Value = "Package Method"; VariantName = "[No Variations]"
Change component parameters (AddParameter): Name = "Parameter2"; Value = "J"; VariantName = "[No Variations]"
Change component parameters (AddParameter): Name = "Parameter2Desc"; Value = "Tolerance Symbol"; VariantName = "[No Variations]"
Change component parameters (AddParameter): Name = "Value"; Value = "0"; VariantName = "[No Variations]"
Change component parameters (AddParameter): Name = "ComponentLink1Description"; Value = "Datasheet"; VariantName = "3V3_to_5V"
Change component parameters (AddParameter): Name = "ComponentLink1URL"; Value = "https://www.mouser.de/datasheet/2/315/AOC0000C14-1108062.pdf"; VariantName = "3V3_to_5V"
Change component parameters (AddParameter): Name = "ComponentLink2Description"; Value = "Landpattern"; VariantName = "3V3_to_5V"
Change component parameters (AddParameter): Name = "ComponentLink2URL"; Value = "https://industrial.panasonic.com/cdbs/www-data/pdf/AOC0000/AOC0000COL4.pdf"; VariantName = "3V3_to_5V"
Change component parameters (AddParameter): Name = "Created"; Value = "2020-01-03_Thilo_Wendt"; VariantName = "3V3_to_5V"
Change component parameters (AddParameter): Name = "HelpURL"; Value = "https://www.mouser.de/datasheet/2/315/AOC0000C14-1108062.pdf"; VariantName = "3V3_to_5V"
Change component parameters (AddParameter): Name = "MaxVoltage"; Value = "100"; VariantName = "3V3_to_5V"
Change component parameters (AddParameter): Name = "MF"; Value = "Panasonic"; VariantName = "3V3_to_5V"
Change component parameters (AddParameter): Name = "MPN"; Value = "EXB2HVR000V"; VariantName = "3V3_to_5V"
Change component parameters (AddParameter): Name = "Package"; Value = "CurrentFootprint"; VariantName = "3V3_to_5V"
Change component parameters (AddParameter): Name = "Parameter1"; Value = "V"; VariantName = "3V3_to_5V"
Change component parameters (AddParameter): Name = "Parameter1Desc"; Value = "Package Method"; VariantName = "3V3_to_5V"
Change component parameters (AddParameter): Name = "Parameter2"; Value = "J"; VariantName = "3V3_to_5V"
Change component parameters (AddParameter): Name = "Parameter2Desc"; Value = "Tolerance Symbol"; VariantName = "3V3_to_5V"
Change component parameters (AddParameter): Name = "Value"; Value = "0"; VariantName = "3V3_to_5V"
Change component parameters (AddParameter): Name = "ComponentLink1Description"; Value = "Datasheet"; VariantName = "3V3_to_15V"
Change component parameters (AddParameter): Name = "ComponentLink1URL"; Value = "https://www.mouser.de/datasheet/2/315/AOC0000C14-1108062.pdf"; VariantName = "3V3_to_15V"
Change component parameters (AddParameter): Name = "ComponentLink2Description"; Value = "Landpattern"; VariantName = "3V3_to_15V"
Change component parameters (AddParameter): Name = "ComponentLink2URL"; Value = "https://industrial.panasonic.com/cdbs/www-data/pdf/AOC0000/AOC0000COL4.pdf"; VariantName = "3V3_to_15V"
Change component parameters (AddParameter): Name = "Created"; Value = "2020-01-03_Thilo_Wendt"; VariantName = "3V3_to_15V"
Change component parameters (AddParameter): Name = "HelpURL"; Value = "https://www.mouser.de/datasheet/2/315/AOC0000C14-1108062.pdf"; VariantName = "3V3_to_15V"
Change component parameters (AddParameter): Name = "MaxVoltage"; Value = "100"; VariantName = "3V3_to_15V"
Change component parameters (AddParameter): Name = "MF"; Value = "Panasonic"; VariantName = "3V3_to_15V"
Change component parameters (AddParameter): Name = "MPN"; Value = "EXB2HVR000V"; VariantName = "3V3_to_15V"
Change component parameters (AddParameter): Name = "Package"; Value = "CurrentFootprint"; VariantName = "3V3_to_15V"
Change component parameters (AddParameter): Name = "Parameter1"; Value = "V"; VariantName = "3V3_to_15V"
Change component parameters (AddParameter): Name = "Parameter1Desc"; Value = "Package Method"; VariantName = "3V3_to_15V"
Change component parameters (AddParameter): Name = "Parameter2"; Value = "J"; VariantName = "3V3_to_15V"
Change component parameters (AddParameter): Name = "Parameter2Desc"; Value = "Tolerance Symbol"; VariantName = "3V3_to_15V"
Change component parameters (AddParameter): Name = "Value"; Value = "0"; VariantName = "3V3_to_15V"
Change component parameters: Designator = "R19"; Footprint = "RESCAXE-50P380X160X45-16N"; UniqueID = "\REEOQYYS\IIHAQJIS\EKLSFHDT\OUMWBXYS"
Change component parameters. Clean all parameters for all variants
Change component parameters (AddParameter): Name = "ComponentLink1Description"; Value = "Datasheet"; VariantName = "[No Variations]"
Change component parameters (AddParameter): Name = "ComponentLink1URL"; Value = "https://www.mouser.de/datasheet/2/315/AOC0000C14-1108062.pdf"; VariantName = "[No Variations]"
Change component parameters (AddParameter): Name = "ComponentLink2Description"; Value = "Landpattern"; VariantName = "[No Variations]"
Change component parameters (AddParameter): Name = "ComponentLink2URL"; Value = "https://industrial.panasonic.com/cdbs/www-data/pdf/AOC0000/AOC0000COL4.pdf"; VariantName = "[No Variations]"
Change component parameters (AddParameter): Name = "Created"; Value = "2020-01-03_Thilo_Wendt"; VariantName = "[No Variations]"
Change component parameters (AddParameter): Name = "HelpURL"; Value = "https://www.mouser.de/datasheet/2/315/AOC0000C14-1108062.pdf"; VariantName = "[No Variations]"
Change component parameters (AddParameter): Name = "MaxVoltage"; Value = "100"; VariantName = "[No Variations]"
Change component parameters (AddParameter): Name = "MF"; Value = "Panasonic"; VariantName = "[No Variations]"
Change component parameters (AddParameter): Name = "MPN"; Value = "EXB2HVR000V"; VariantName = "[No Variations]"
Change component parameters (AddParameter): Name = "Package"; Value = "CurrentFootprint"; VariantName = "[No Variations]"
Change component parameters (AddParameter): Name = "Parameter1"; Value = "V"; VariantName = "[No Variations]"
Change component parameters (AddParameter): Name = "Parameter1Desc"; Value = "Package Method"; VariantName = "[No Variations]"
Change component parameters (AddParameter): Name = "Parameter2"; Value = "J"; VariantName = "[No Variations]"
Change component parameters (AddParameter): Name = "Parameter2Desc"; Value = "Tolerance Symbol"; VariantName = "[No Variations]"
Change component parameters (AddParameter): Name = "Value"; Value = "0"; VariantName = "[No Variations]"
Change component parameters (AddParameter): Name = "ComponentLink1Description"; Value = "Datasheet"; VariantName = "3V3_to_5V"
Change component parameters (AddParameter): Name = "ComponentLink1URL"; Value = "https://www.mouser.de/datasheet/2/315/AOC0000C14-1108062.pdf"; VariantName = "3V3_to_5V"
Change component parameters (AddParameter): Name = "ComponentLink2Description"; Value = "Landpattern"; VariantName = "3V3_to_5V"
Change component parameters (AddParameter): Name = "ComponentLink2URL"; Value = "https://industrial.panasonic.com/cdbs/www-data/pdf/AOC0000/AOC0000COL4.pdf"; VariantName = "3V3_to_5V"
Change component parameters (AddParameter): Name = "Created"; Value = "2020-01-03_Thilo_Wendt"; VariantName = "3V3_to_5V"
Change component parameters (AddParameter): Name = "HelpURL"; Value = "https://www.mouser.de/datasheet/2/315/AOC0000C14-1108062.pdf"; VariantName = "3V3_to_5V"
Change component parameters (AddParameter): Name = "MaxVoltage"; Value = "100"; VariantName = "3V3_to_5V"
Change component parameters (AddParameter): Name = "MF"; Value = "Panasonic"; VariantName = "3V3_to_5V"
Change component parameters (AddParameter): Name = "MPN"; Value = "EXB2HVR000V"; VariantName = "3V3_to_5V"
Change component parameters (AddParameter): Name = "Package"; Value = "CurrentFootprint"; VariantName = "3V3_to_5V"
Change component parameters (AddParameter): Name = "Parameter1"; Value = "V"; VariantName = "3V3_to_5V"
Change component parameters (AddParameter): Name = "Parameter1Desc"; Value = "Package Method"; VariantName = "3V3_to_5V"
Change component parameters (AddParameter): Name = "Parameter2"; Value = "J"; VariantName = "3V3_to_5V"
Change component parameters (AddParameter): Name = "Parameter2Desc"; Value = "Tolerance Symbol"; VariantName = "3V3_to_5V"
Change component parameters (AddParameter): Name = "Value"; Value = "0"; VariantName = "3V3_to_5V"
Change component parameters (AddParameter): Name = "ComponentLink1Description"; Value = "Datasheet"; VariantName = "3V3_to_15V"
Change component parameters (AddParameter): Name = "ComponentLink1URL"; Value = "https://www.mouser.de/datasheet/2/315/AOC0000C14-1108062.pdf"; VariantName = "3V3_to_15V"
Change component parameters (AddParameter): Name = "ComponentLink2Description"; Value = "Landpattern"; VariantName = "3V3_to_15V"
Change component parameters (AddParameter): Name = "ComponentLink2URL"; Value = "https://industrial.panasonic.com/cdbs/www-data/pdf/AOC0000/AOC0000COL4.pdf"; VariantName = "3V3_to_15V"
Change component parameters (AddParameter): Name = "Created"; Value = "2020-01-03_Thilo_Wendt"; VariantName = "3V3_to_15V"
Change component parameters (AddParameter): Name = "HelpURL"; Value = "https://www.mouser.de/datasheet/2/315/AOC0000C14-1108062.pdf"; VariantName = "3V3_to_15V"
Change component parameters (AddParameter): Name = "MaxVoltage"; Value = "100"; VariantName = "3V3_to_15V"
Change component parameters (AddParameter): Name = "MF"; Value = "Panasonic"; VariantName = "3V3_to_15V"
Change component parameters (AddParameter): Name = "MPN"; Value = "EXB2HVR000V"; VariantName = "3V3_to_15V"
Change component parameters (AddParameter): Name = "Package"; Value = "CurrentFootprint"; VariantName = "3V3_to_15V"
Change component parameters (AddParameter): Name = "Parameter1"; Value = "V"; VariantName = "3V3_to_15V"
Change component parameters (AddParameter): Name = "Parameter1Desc"; Value = "Package Method"; VariantName = "3V3_to_15V"
Change component parameters (AddParameter): Name = "Parameter2"; Value = "J"; VariantName = "3V3_to_15V"
Change component parameters (AddParameter): Name = "Parameter2Desc"; Value = "Tolerance Symbol"; VariantName = "3V3_to_15V"
Change component parameters (AddParameter): Name = "Value"; Value = "0"; VariantName = "3V3_to_15V"
Change component parameters: Designator = "R20"; Footprint = "RESCAXE-50P380X160X45-16N"; UniqueID = "\REEOQYYS\IIHAQJIS\EKLSFHDT\MZGGZEXS"
Change component parameters. Clean all parameters for all variants
Change component parameters (AddParameter): Name = "ComponentLink1Description"; Value = "Datasheet"; VariantName = "[No Variations]"
Change component parameters (AddParameter): Name = "ComponentLink1URL"; Value = "https://www.mouser.de/datasheet/2/315/AOC0000C14-1108062.pdf"; VariantName = "[No Variations]"
Change component parameters (AddParameter): Name = "ComponentLink2Description"; Value = "Landpattern"; VariantName = "[No Variations]"
Change component parameters (AddParameter): Name = "ComponentLink2URL"; Value = "https://industrial.panasonic.com/cdbs/www-data/pdf/AOC0000/AOC0000COL4.pdf"; VariantName = "[No Variations]"
Change component parameters (AddParameter): Name = "Created"; Value = "2020-01-03_Thilo_Wendt"; VariantName = "[No Variations]"
Change component parameters (AddParameter): Name = "HelpURL"; Value = "https://www.mouser.de/datasheet/2/315/AOC0000C14-1108062.pdf"; VariantName = "[No Variations]"
Change component parameters (AddParameter): Name = "MaxVoltage"; Value = "100"; VariantName = "[No Variations]"
Change component parameters (AddParameter): Name = "MF"; Value = "Panasonic"; VariantName = "[No Variations]"
Change component parameters (AddParameter): Name = "MPN"; Value = "EXB2HVR000V"; VariantName = "[No Variations]"
Change component parameters (AddParameter): Name = "Package"; Value = "CurrentFootprint"; VariantName = "[No Variations]"
Change component parameters (AddParameter): Name = "Parameter1"; Value = "V"; VariantName = "[No Variations]"
Change component parameters (AddParameter): Name = "Parameter1Desc"; Value = "Package Method"; VariantName = "[No Variations]"
Change component parameters (AddParameter): Name = "Parameter2"; Value = "J"; VariantName = "[No Variations]"
Change component parameters (AddParameter): Name = "Parameter2Desc"; Value = "Tolerance Symbol"; VariantName = "[No Variations]"
Change component parameters (AddParameter): Name = "Value"; Value = "0"; VariantName = "[No Variations]"
Change component parameters (AddParameter): Name = "ComponentLink1Description"; Value = "Datasheet"; VariantName = "3V3_to_5V"
Change component parameters (AddParameter): Name = "ComponentLink1URL"; Value = "https://www.mouser.de/datasheet/2/315/AOC0000C14-1108062.pdf"; VariantName = "3V3_to_5V"
Change component parameters (AddParameter): Name = "ComponentLink2Description"; Value = "Landpattern"; VariantName = "3V3_to_5V"
Change component parameters (AddParameter): Name = "ComponentLink2URL"; Value = "https://industrial.panasonic.com/cdbs/www-data/pdf/AOC0000/AOC0000COL4.pdf"; VariantName = "3V3_to_5V"
Change component parameters (AddParameter): Name = "Created"; Value = "2020-01-03_Thilo_Wendt"; VariantName = "3V3_to_5V"
Change component parameters (AddParameter): Name = "HelpURL"; Value = "https://www.mouser.de/datasheet/2/315/AOC0000C14-1108062.pdf"; VariantName = "3V3_to_5V"
Change component parameters (AddParameter): Name = "MaxVoltage"; Value = "100"; VariantName = "3V3_to_5V"
Change component parameters (AddParameter): Name = "MF"; Value = "Panasonic"; VariantName = "3V3_to_5V"
Change component parameters (AddParameter): Name = "MPN"; Value = "EXB2HVR000V"; VariantName = "3V3_to_5V"
Change component parameters (AddParameter): Name = "Package"; Value = "CurrentFootprint"; VariantName = "3V3_to_5V"
Change component parameters (AddParameter): Name = "Parameter1"; Value = "V"; VariantName = "3V3_to_5V"
Change component parameters (AddParameter): Name = "Parameter1Desc"; Value = "Package Method"; VariantName = "3V3_to_5V"
Change component parameters (AddParameter): Name = "Parameter2"; Value = "J"; VariantName = "3V3_to_5V"
Change component parameters (AddParameter): Name = "Parameter2Desc"; Value = "Tolerance Symbol"; VariantName = "3V3_to_5V"
Change component parameters (AddParameter): Name = "Value"; Value = "0"; VariantName = "3V3_to_5V"
Change component parameters (AddParameter): Name = "ComponentLink1Description"; Value = "Datasheet"; VariantName = "3V3_to_15V"
Change component parameters (AddParameter): Name = "ComponentLink1URL"; Value = "https://www.mouser.de/datasheet/2/315/AOC0000C14-1108062.pdf"; VariantName = "3V3_to_15V"
Change component parameters (AddParameter): Name = "ComponentLink2Description"; Value = "Landpattern"; VariantName = "3V3_to_15V"
Change component parameters (AddParameter): Name = "ComponentLink2URL"; Value = "https://industrial.panasonic.com/cdbs/www-data/pdf/AOC0000/AOC0000COL4.pdf"; VariantName = "3V3_to_15V"
Change component parameters (AddParameter): Name = "Created"; Value = "2020-01-03_Thilo_Wendt"; VariantName = "3V3_to_15V"
Change component parameters (AddParameter): Name = "HelpURL"; Value = "https://www.mouser.de/datasheet/2/315/AOC0000C14-1108062.pdf"; VariantName = "3V3_to_15V"
Change component parameters (AddParameter): Name = "MaxVoltage"; Value = "100"; VariantName = "3V3_to_15V"
Change component parameters (AddParameter): Name = "MF"; Value = "Panasonic"; VariantName = "3V3_to_15V"
Change component parameters (AddParameter): Name = "MPN"; Value = "EXB2HVR000V"; VariantName = "3V3_to_15V"
Change component parameters (AddParameter): Name = "Package"; Value = "CurrentFootprint"; VariantName = "3V3_to_15V"
Change component parameters (AddParameter): Name = "Parameter1"; Value = "V"; VariantName = "3V3_to_15V"
Change component parameters (AddParameter): Name = "Parameter1Desc"; Value = "Package Method"; VariantName = "3V3_to_15V"
Change component parameters (AddParameter): Name = "Parameter2"; Value = "J"; VariantName = "3V3_to_15V"
Change component parameters (AddParameter): Name = "Parameter2Desc"; Value = "Tolerance Symbol"; VariantName = "3V3_to_15V"
Change component parameters (AddParameter): Name = "Value"; Value = "0"; VariantName = "3V3_to_15V"
Change component parameters: Designator = "R21"; Footprint = "RESCAXE-50P380X160X45-16N"; UniqueID = "\REEOQYYS\IIHAQJIS\EKLSFHDT\BMGYWOVU"
Change component parameters. Clean all parameters for all variants
Change component parameters (AddParameter): Name = "ComponentLink1Description"; Value = "Datasheet"; VariantName = "[No Variations]"
Change component parameters (AddParameter): Name = "ComponentLink1URL"; Value = "https://www.mouser.de/datasheet/2/315/AOC0000C14-1108062.pdf"; VariantName = "[No Variations]"
Change component parameters (AddParameter): Name = "ComponentLink2Description"; Value = "Landpattern"; VariantName = "[No Variations]"
Change component parameters (AddParameter): Name = "ComponentLink2URL"; Value = "https://industrial.panasonic.com/cdbs/www-data/pdf/AOC0000/AOC0000COL4.pdf"; VariantName = "[No Variations]"
Change component parameters (AddParameter): Name = "Created"; Value = "2020-01-03_Thilo_Wendt"; VariantName = "[No Variations]"
Change component parameters (AddParameter): Name = "HelpURL"; Value = "https://www.mouser.de/datasheet/2/315/AOC0000C14-1108062.pdf"; VariantName = "[No Variations]"
Change component parameters (AddParameter): Name = "MaxVoltage"; Value = "100"; VariantName = "[No Variations]"
Change component parameters (AddParameter): Name = "MF"; Value = "Panasonic"; VariantName = "[No Variations]"
Change component parameters (AddParameter): Name = "MPN"; Value = "EXB2HVR000V"; VariantName = "[No Variations]"
Change component parameters (AddParameter): Name = "Package"; Value = "CurrentFootprint"; VariantName = "[No Variations]"
Change component parameters (AddParameter): Name = "Parameter1"; Value = "V"; VariantName = "[No Variations]"
Change component parameters (AddParameter): Name = "Parameter1Desc"; Value = "Package Method"; VariantName = "[No Variations]"
Change component parameters (AddParameter): Name = "Parameter2"; Value = "J"; VariantName = "[No Variations]"
Change component parameters (AddParameter): Name = "Parameter2Desc"; Value = "Tolerance Symbol"; VariantName = "[No Variations]"
Change component parameters (AddParameter): Name = "Value"; Value = "0"; VariantName = "[No Variations]"
Change component parameters: Designator = "R15"; Footprint = "RESCAXE-50P380X160X45-16N"; UniqueID = "\REEOQYYS\ZTJPEBVF\IZTEPUQU\VJHKOQRU"
Change component parameters. Clean all parameters for all variants
Change component parameters (AddParameter): Name = "ComponentLink1Description"; Value = "Datasheet"; VariantName = "[No Variations]"
Change component parameters (AddParameter): Name = "ComponentLink1URL"; Value = "https://www.mouser.de/datasheet/2/315/AOC0000C14-1108062.pdf"; VariantName = "[No Variations]"
Change component parameters (AddParameter): Name = "ComponentLink2Description"; Value = "Landpattern"; VariantName = "[No Variations]"
Change component parameters (AddParameter): Name = "ComponentLink2URL"; Value = "https://industrial.panasonic.com/cdbs/www-data/pdf/AOC0000/AOC0000COL4.pdf"; VariantName = "[No Variations]"
Change component parameters (AddParameter): Name = "Created"; Value = "2020-01-03_Thilo_Wendt"; VariantName = "[No Variations]"
Change component parameters (AddParameter): Name = "HelpURL"; Value = "https://www.mouser.de/datasheet/2/315/AOC0000C14-1108062.pdf"; VariantName = "[No Variations]"
Change component parameters (AddParameter): Name = "MaxVoltage"; Value = "100"; VariantName = "[No Variations]"
Change component parameters (AddParameter): Name = "MF"; Value = "Panasonic"; VariantName = "[No Variations]"
Change component parameters (AddParameter): Name = "MPN"; Value = "EXB2HV<2dig_res+#zeros><tol/jumper>V"; VariantName = "[No Variations]"
Change component parameters (AddParameter): Name = "Package"; Value = "CurrentFootprint"; VariantName = "[No Variations]"
Change component parameters (AddParameter): Name = "Parameter1"; Value = "V"; VariantName = "[No Variations]"
Change component parameters (AddParameter): Name = "Parameter1Desc"; Value = "Package Method"; VariantName = "[No Variations]"
Change component parameters (AddParameter): Name = "Parameter2"; Value = "J"; VariantName = "[No Variations]"
Change component parameters (AddParameter): Name = "Parameter2Desc"; Value = "Tolerance Symbol"; VariantName = "[No Variations]"
Change component parameters (AddParameter): Name = "Value"; Value = "?"; VariantName = "[No Variations]"
Change component parameters: Designator = "R16"; Footprint = "RESCAXE-50P380X160X45-16N"; UniqueID = "\REEOQYYS\ZTJPEBVF\IZTEPUQU\IOLWIPVB"
Change component parameters. Clean all parameters for all variants
Change component parameters (AddParameter): Name = "ComponentLink1Description"; Value = "Datasheet"; VariantName = "[No Variations]"
Change component parameters (AddParameter): Name = "ComponentLink1URL"; Value = "https://www.mouser.de/datasheet/2/315/AOC0000C14-1108062.pdf"; VariantName = "[No Variations]"
Change component parameters (AddParameter): Name = "ComponentLink2Description"; Value = "Landpattern"; VariantName = "[No Variations]"
Change component parameters (AddParameter): Name = "ComponentLink2URL"; Value = "https://industrial.panasonic.com/cdbs/www-data/pdf/AOC0000/AOC0000COL4.pdf"; VariantName = "[No Variations]"
Change component parameters (AddParameter): Name = "Created"; Value = "2020-01-03_Thilo_Wendt"; VariantName = "[No Variations]"
Change component parameters (AddParameter): Name = "HelpURL"; Value = "https://www.mouser.de/datasheet/2/315/AOC0000C14-1108062.pdf"; VariantName = "[No Variations]"
Change component parameters (AddParameter): Name = "MaxVoltage"; Value = "100"; VariantName = "[No Variations]"
Change component parameters (AddParameter): Name = "MF"; Value = "Panasonic"; VariantName = "[No Variations]"
Change component parameters (AddParameter): Name = "MPN"; Value = "EXB2HV<2dig_res+#zeros><tol/jumper>V"; VariantName = "[No Variations]"
Change component parameters (AddParameter): Name = "Package"; Value = "CurrentFootprint"; VariantName = "[No Variations]"
Change component parameters (AddParameter): Name = "Parameter1"; Value = "V"; VariantName = "[No Variations]"
Change component parameters (AddParameter): Name = "Parameter1Desc"; Value = "Package Method"; VariantName = "[No Variations]"
Change component parameters (AddParameter): Name = "Parameter2"; Value = "J"; VariantName = "[No Variations]"
Change component parameters (AddParameter): Name = "Parameter2Desc"; Value = "Tolerance Symbol"; VariantName = "[No Variations]"
Change component parameters (AddParameter): Name = "Value"; Value = "?"; VariantName = "[No Variations]"
Change component parameters: Designator = "R17"; Footprint = "RESCAXE-50P380X160X45-16N"; UniqueID = "\REEOQYYS\ZTJPEBVF\IZTEPUQU\UEOMPOFM"
Change component parameters. Clean all parameters for all variants
Change component parameters (AddParameter): Name = "ComponentLink1Description"; Value = "Datasheet"; VariantName = "[No Variations]"
Change component parameters (AddParameter): Name = "ComponentLink1URL"; Value = "https://www.mouser.de/datasheet/2/315/AOC0000C14-1108062.pdf"; VariantName = "[No Variations]"
Change component parameters (AddParameter): Name = "ComponentLink2Description"; Value = "Landpattern"; VariantName = "[No Variations]"
Change component parameters (AddParameter): Name = "ComponentLink2URL"; Value = "https://industrial.panasonic.com/cdbs/www-data/pdf/AOC0000/AOC0000COL4.pdf"; VariantName = "[No Variations]"
Change component parameters (AddParameter): Name = "Created"; Value = "2020-01-03_Thilo_Wendt"; VariantName = "[No Variations]"
Change component parameters (AddParameter): Name = "HelpURL"; Value = "https://www.mouser.de/datasheet/2/315/AOC0000C14-1108062.pdf"; VariantName = "[No Variations]"
Change component parameters (AddParameter): Name = "MaxVoltage"; Value = "100"; VariantName = "[No Variations]"
Change component parameters (AddParameter): Name = "MF"; Value = "Panasonic"; VariantName = "[No Variations]"
Change component parameters (AddParameter): Name = "MPN"; Value = "EXB2HV<2dig_res+#zeros><tol/jumper>V"; VariantName = "[No Variations]"
Change component parameters (AddParameter): Name = "Package"; Value = "CurrentFootprint"; VariantName = "[No Variations]"
Change component parameters (AddParameter): Name = "Parameter1"; Value = "V"; VariantName = "[No Variations]"
Change component parameters (AddParameter): Name = "Parameter1Desc"; Value = "Package Method"; VariantName = "[No Variations]"
Change component parameters (AddParameter): Name = "Parameter2"; Value = "J"; VariantName = "[No Variations]"
Change component parameters (AddParameter): Name = "Parameter2Desc"; Value = "Tolerance Symbol"; VariantName = "[No Variations]"
Change component parameters (AddParameter): Name = "Value"; Value = "?"; VariantName = "[No Variations]"
Change component parameters: Designator = "R18"; Footprint = "RESCAXE-50P380X160X45-16N"; UniqueID = "\REEOQYYS\ZTJPEBVF\IZTEPUQU\UGHNICPK"
Change component parameters. Clean all parameters for all variants
Change component parameters (AddParameter): Name = "ComponentLink1Description"; Value = "Datasheet"; VariantName = "[No Variations]"
Change component parameters (AddParameter): Name = "ComponentLink1URL"; Value = "https://www.mouser.de/datasheet/2/315/AOC0000C14-1108062.pdf"; VariantName = "[No Variations]"
Change component parameters (AddParameter): Name = "ComponentLink2Description"; Value = "Landpattern"; VariantName = "[No Variations]"
Change component parameters (AddParameter): Name = "ComponentLink2URL"; Value = "https://industrial.panasonic.com/cdbs/www-data/pdf/AOC0000/AOC0000COL4.pdf"; VariantName = "[No Variations]"
Change component parameters (AddParameter): Name = "Created"; Value = "2020-01-03_Thilo_Wendt"; VariantName = "[No Variations]"
Change component parameters (AddParameter): Name = "HelpURL"; Value = "https://www.mouser.de/datasheet/2/315/AOC0000C14-1108062.pdf"; VariantName = "[No Variations]"
Change component parameters (AddParameter): Name = "MaxVoltage"; Value = "100"; VariantName = "[No Variations]"
Change component parameters (AddParameter): Name = "MF"; Value = "Panasonic"; VariantName = "[No Variations]"
Change component parameters (AddParameter): Name = "MPN"; Value = "EXB2HV<2dig_res+#zeros><tol/jumper>V"; VariantName = "[No Variations]"
Change component parameters (AddParameter): Name = "Package"; Value = "CurrentFootprint"; VariantName = "[No Variations]"
Change component parameters (AddParameter): Name = "Parameter1"; Value = "V"; VariantName = "[No Variations]"
Change component parameters (AddParameter): Name = "Parameter1Desc"; Value = "Package Method"; VariantName = "[No Variations]"
Change component parameters (AddParameter): Name = "Parameter2"; Value = "J"; VariantName = "[No Variations]"
Change component parameters (AddParameter): Name = "Parameter2Desc"; Value = "Tolerance Symbol"; VariantName = "[No Variations]"
Change component parameters (AddParameter): Name = "Value"; Value = "?"; VariantName = "[No Variations]"
Change component parameters: Designator = "R19"; Footprint = "RESCAXE-50P380X160X45-16N"; UniqueID = "\REEOQYYS\ZTJPEBVF\IZTEPUQU\LNQQDHQE"
Change component parameters. Clean all parameters for all variants
Change component parameters (AddParameter): Name = "ComponentLink1Description"; Value = "Datasheet"; VariantName = "[No Variations]"
Change component parameters (AddParameter): Name = "ComponentLink1URL"; Value = "https://www.mouser.de/datasheet/2/315/AOC0000C14-1108062.pdf"; VariantName = "[No Variations]"
Change component parameters (AddParameter): Name = "ComponentLink2Description"; Value = "Landpattern"; VariantName = "[No Variations]"
Change component parameters (AddParameter): Name = "ComponentLink2URL"; Value = "https://industrial.panasonic.com/cdbs/www-data/pdf/AOC0000/AOC0000COL4.pdf"; VariantName = "[No Variations]"
Change component parameters (AddParameter): Name = "Created"; Value = "2020-01-03_Thilo_Wendt"; VariantName = "[No Variations]"
Change component parameters (AddParameter): Name = "HelpURL"; Value = "https://www.mouser.de/datasheet/2/315/AOC0000C14-1108062.pdf"; VariantName = "[No Variations]"
Change component parameters (AddParameter): Name = "MaxVoltage"; Value = "100"; VariantName = "[No Variations]"
Change component parameters (AddParameter): Name = "MF"; Value = "Panasonic"; VariantName = "[No Variations]"
Change component parameters (AddParameter): Name = "MPN"; Value = "EXB2HV<2dig_res+#zeros><tol/jumper>V"; VariantName = "[No Variations]"
Change component parameters (AddParameter): Name = "Package"; Value = "CurrentFootprint"; VariantName = "[No Variations]"
Change component parameters (AddParameter): Name = "Parameter1"; Value = "V"; VariantName = "[No Variations]"
Change component parameters (AddParameter): Name = "Parameter1Desc"; Value = "Package Method"; VariantName = "[No Variations]"
Change component parameters (AddParameter): Name = "Parameter2"; Value = "J"; VariantName = "[No Variations]"
Change component parameters (AddParameter): Name = "Parameter2Desc"; Value = "Tolerance Symbol"; VariantName = "[No Variations]"
Change component parameters (AddParameter): Name = "Value"; Value = "?"; VariantName = "[No Variations]"
Change component parameters: Designator = "R20"; Footprint = "RESCAXE-50P380X160X45-16N"; UniqueID = "\REEOQYYS\ZTJPEBVF\IZTEPUQU\QVGFWAGR"
Change component parameters. Clean all parameters for all variants
Change component parameters (AddParameter): Name = "ComponentLink1Description"; Value = "Datasheet"; VariantName = "[No Variations]"
Change component parameters (AddParameter): Name = "ComponentLink1URL"; Value = "https://www.mouser.de/datasheet/2/315/AOC0000C14-1108062.pdf"; VariantName = "[No Variations]"
Change component parameters (AddParameter): Name = "ComponentLink2Description"; Value = "Landpattern"; VariantName = "[No Variations]"
Change component parameters (AddParameter): Name = "ComponentLink2URL"; Value = "https://industrial.panasonic.com/cdbs/www-data/pdf/AOC0000/AOC0000COL4.pdf"; VariantName = "[No Variations]"
Change component parameters (AddParameter): Name = "Created"; Value = "2020-01-03_Thilo_Wendt"; VariantName = "[No Variations]"
Change component parameters (AddParameter): Name = "HelpURL"; Value = "https://www.mouser.de/datasheet/2/315/AOC0000C14-1108062.pdf"; VariantName = "[No Variations]"
Change component parameters (AddParameter): Name = "MaxVoltage"; Value = "100"; VariantName = "[No Variations]"
Change component parameters (AddParameter): Name = "MF"; Value = "Panasonic"; VariantName = "[No Variations]"
Change component parameters (AddParameter): Name = "MPN"; Value = "EXB2HV<2dig_res+#zeros><tol/jumper>V"; VariantName = "[No Variations]"
Change component parameters (AddParameter): Name = "Package"; Value = "CurrentFootprint"; VariantName = "[No Variations]"
Change component parameters (AddParameter): Name = "Parameter1"; Value = "V"; VariantName = "[No Variations]"
Change component parameters (AddParameter): Name = "Parameter1Desc"; Value = "Package Method"; VariantName = "[No Variations]"
Change component parameters (AddParameter): Name = "Parameter2"; Value = "J"; VariantName = "[No Variations]"
Change component parameters (AddParameter): Name = "Parameter2Desc"; Value = "Tolerance Symbol"; VariantName = "[No Variations]"
Change component parameters (AddParameter): Name = "Value"; Value = "?"; VariantName = "[No Variations]"
Change component parameters: Designator = "R22"; Footprint = "RESCAXE-50P380X160X45-16N"; UniqueID = "\REEOQYYS\ZTJPEBVF\IZTEPUQU\QJUMAPXU"
Change component parameters. Clean all parameters for all variants
Change component parameters (AddParameter): Name = "ComponentLink1Description"; Value = "Datasheet"; VariantName = "[No Variations]"
Change component parameters (AddParameter): Name = "ComponentLink1URL"; Value = "https://www.mouser.de/datasheet/2/315/AOC0000C14-1108062.pdf"; VariantName = "[No Variations]"
Change component parameters (AddParameter): Name = "ComponentLink2Description"; Value = "Landpattern"; VariantName = "[No Variations]"
Change component parameters (AddParameter): Name = "ComponentLink2URL"; Value = "https://industrial.panasonic.com/cdbs/www-data/pdf/AOC0000/AOC0000COL4.pdf"; VariantName = "[No Variations]"
Change component parameters (AddParameter): Name = "Created"; Value = "2020-01-03_Thilo_Wendt"; VariantName = "[No Variations]"
Change component parameters (AddParameter): Name = "HelpURL"; Value = "https://www.mouser.de/datasheet/2/315/AOC0000C14-1108062.pdf"; VariantName = "[No Variations]"
Change component parameters (AddParameter): Name = "MaxVoltage"; Value = "100"; VariantName = "[No Variations]"
Change component parameters (AddParameter): Name = "MF"; Value = "Panasonic"; VariantName = "[No Variations]"
Change component parameters (AddParameter): Name = "MPN"; Value = "EXB2HV<2dig_res+#zeros><tol/jumper>V"; VariantName = "[No Variations]"
Change component parameters (AddParameter): Name = "Package"; Value = "CurrentFootprint"; VariantName = "[No Variations]"
Change component parameters (AddParameter): Name = "Parameter1"; Value = "V"; VariantName = "[No Variations]"
Change component parameters (AddParameter): Name = "Parameter1Desc"; Value = "Package Method"; VariantName = "[No Variations]"
Change component parameters (AddParameter): Name = "Parameter2"; Value = "J"; VariantName = "[No Variations]"
Change component parameters (AddParameter): Name = "Parameter2Desc"; Value = "Tolerance Symbol"; VariantName = "[No Variations]"
Change component parameters (AddParameter): Name = "Value"; Value = "?"; VariantName = "[No Variations]"
Change component parameters: Designator = "R40"; Footprint = "RESCAXE-50P380X160X45-16N"; UniqueID = "\GEIJMUXU\DTNUUHGB"
Change component parameters. Clean all parameters for all variants
Change component parameters (AddParameter): Name = "ComponentLink1Description"; Value = "Datasheet"; VariantName = "[No Variations]"
Change component parameters (AddParameter): Name = "ComponentLink1URL"; Value = "https://www.mouser.de/datasheet/2/315/AOC0000C14-1108062.pdf"; VariantName = "[No Variations]"
Change component parameters (AddParameter): Name = "ComponentLink2Description"; Value = "Landpattern"; VariantName = "[No Variations]"
Change component parameters (AddParameter): Name = "ComponentLink2URL"; Value = "https://industrial.panasonic.com/cdbs/www-data/pdf/AOC0000/AOC0000COL4.pdf"; VariantName = "[No Variations]"
Change component parameters (AddParameter): Name = "Created"; Value = "2020-01-03_Thilo_Wendt"; VariantName = "[No Variations]"
Change component parameters (AddParameter): Name = "HelpURL"; Value = "https://www.mouser.de/datasheet/2/315/AOC0000C14-1108062.pdf"; VariantName = "[No Variations]"
Change component parameters (AddParameter): Name = "MaxVoltage"; Value = "100"; VariantName = "[No Variations]"
Change component parameters (AddParameter): Name = "MF"; Value = "Panasonic"; VariantName = "[No Variations]"
Change component parameters (AddParameter): Name = "MPN"; Value = "EXB2HV<2dig_res+#zeros><tol/jumper>V"; VariantName = "[No Variations]"
Change component parameters (AddParameter): Name = "Package"; Value = "CurrentFootprint"; VariantName = "[No Variations]"
Change component parameters (AddParameter): Name = "Parameter1"; Value = "V"; VariantName = "[No Variations]"
Change component parameters (AddParameter): Name = "Parameter1Desc"; Value = "Package Method"; VariantName = "[No Variations]"
Change component parameters (AddParameter): Name = "Parameter2"; Value = "J"; VariantName = "[No Variations]"
Change component parameters (AddParameter): Name = "Parameter2Desc"; Value = "Tolerance Symbol"; VariantName = "[No Variations]"
Change component parameters (AddParameter): Name = "Value"; Value = "?"; VariantName = "[No Variations]"
Change component parameters: Designator = "R3"; Footprint = "RESCAXE-50P380X160X45-16N"; UniqueID = "\REEOQYYS\ZTJPEBVF\XWSNTWHL"
Change component parameters. Clean all parameters for all variants
Change component parameters (AddParameter): Name = "ComponentLink1Description"; Value = "Datasheet"; VariantName = "[No Variations]"
Change component parameters (AddParameter): Name = "ComponentLink1URL"; Value = "https://www.mouser.de/datasheet/2/315/AOC0000C14-1108062.pdf"; VariantName = "[No Variations]"
Change component parameters (AddParameter): Name = "ComponentLink2Description"; Value = "Landpattern"; VariantName = "[No Variations]"
Change component parameters (AddParameter): Name = "ComponentLink2URL"; Value = "https://industrial.panasonic.com/cdbs/www-data/pdf/AOC0000/AOC0000COL4.pdf"; VariantName = "[No Variations]"
Change component parameters (AddParameter): Name = "Created"; Value = "2020-01-03_Thilo_Wendt"; VariantName = "[No Variations]"
Change component parameters (AddParameter): Name = "HelpURL"; Value = "https://www.mouser.de/datasheet/2/315/AOC0000C14-1108062.pdf"; VariantName = "[No Variations]"
Change component parameters (AddParameter): Name = "MaxVoltage"; Value = "100"; VariantName = "[No Variations]"
Change component parameters (AddParameter): Name = "MF"; Value = "Panasonic"; VariantName = "[No Variations]"
Change component parameters (AddParameter): Name = "MPN"; Value = "EXB2HVR000V"; VariantName = "[No Variations]"
Change component parameters (AddParameter): Name = "Package"; Value = "CurrentFootprint"; VariantName = "[No Variations]"
Change component parameters (AddParameter): Name = "Parameter1"; Value = "V"; VariantName = "[No Variations]"
Change component parameters (AddParameter): Name = "Parameter1Desc"; Value = "Package Method"; VariantName = "[No Variations]"
Change component parameters (AddParameter): Name = "Parameter2"; Value = "J"; VariantName = "[No Variations]"
Change component parameters (AddParameter): Name = "Parameter2Desc"; Value = "Tolerance Symbol"; VariantName = "[No Variations]"
Change component parameters (AddParameter): Name = "Value"; Value = "0"; VariantName = "[No Variations]"
Change component parameters: Designator = "R4"; Footprint = "RESCAXE-50P380X160X45-16N"; UniqueID = "\REEOQYYS\ZTJPEBVF\KUNFMAIN"
Change component parameters. Clean all parameters for all variants
Change component parameters (AddParameter): Name = "ComponentLink1Description"; Value = "Datasheet"; VariantName = "[No Variations]"
Change component parameters (AddParameter): Name = "ComponentLink1URL"; Value = "https://www.mouser.de/datasheet/2/315/AOC0000C14-1108062.pdf"; VariantName = "[No Variations]"
Change component parameters (AddParameter): Name = "ComponentLink2Description"; Value = "Landpattern"; VariantName = "[No Variations]"
Change component parameters (AddParameter): Name = "ComponentLink2URL"; Value = "https://industrial.panasonic.com/cdbs/www-data/pdf/AOC0000/AOC0000COL4.pdf"; VariantName = "[No Variations]"
Change component parameters (AddParameter): Name = "Created"; Value = "2020-01-03_Thilo_Wendt"; VariantName = "[No Variations]"
Change component parameters (AddParameter): Name = "HelpURL"; Value = "https://www.mouser.de/datasheet/2/315/AOC0000C14-1108062.pdf"; VariantName = "[No Variations]"
Change component parameters (AddParameter): Name = "MaxVoltage"; Value = "100"; VariantName = "[No Variations]"
Change component parameters (AddParameter): Name = "MF"; Value = "Panasonic"; VariantName = "[No Variations]"
Change component parameters (AddParameter): Name = "MPN"; Value = "EXB2HVR000V"; VariantName = "[No Variations]"
Change component parameters (AddParameter): Name = "Package"; Value = "CurrentFootprint"; VariantName = "[No Variations]"
Change component parameters (AddParameter): Name = "Parameter1"; Value = "V"; VariantName = "[No Variations]"
Change component parameters (AddParameter): Name = "Parameter1Desc"; Value = "Package Method"; VariantName = "[No Variations]"
Change component parameters (AddParameter): Name = "Parameter2"; Value = "J"; VariantName = "[No Variations]"
Change component parameters (AddParameter): Name = "Parameter2Desc"; Value = "Tolerance Symbol"; VariantName = "[No Variations]"
Change component parameters (AddParameter): Name = "Value"; Value = "0"; VariantName = "[No Variations]"
Change component parameters: Designator = "R5"; Footprint = "RESCAXE-50P380X160X45-16N"; UniqueID = "\REEOQYYS\ZTJPEBVF\SJKTAHVJ"
Change component parameters. Clean all parameters for all variants
Change component parameters (AddParameter): Name = "ComponentLink1Description"; Value = "Datasheet"; VariantName = "[No Variations]"
Change component parameters (AddParameter): Name = "ComponentLink1URL"; Value = "https://www.mouser.de/datasheet/2/315/AOC0000C14-1108062.pdf"; VariantName = "[No Variations]"
Change component parameters (AddParameter): Name = "ComponentLink2Description"; Value = "Landpattern"; VariantName = "[No Variations]"
Change component parameters (AddParameter): Name = "ComponentLink2URL"; Value = "https://industrial.panasonic.com/cdbs/www-data/pdf/AOC0000/AOC0000COL4.pdf"; VariantName = "[No Variations]"
Change component parameters (AddParameter): Name = "Created"; Value = "2020-01-03_Thilo_Wendt"; VariantName = "[No Variations]"
Change component parameters (AddParameter): Name = "HelpURL"; Value = "https://www.mouser.de/datasheet/2/315/AOC0000C14-1108062.pdf"; VariantName = "[No Variations]"
Change component parameters (AddParameter): Name = "MaxVoltage"; Value = "100"; VariantName = "[No Variations]"
Change component parameters (AddParameter): Name = "MF"; Value = "Panasonic"; VariantName = "[No Variations]"
Change component parameters (AddParameter): Name = "MPN"; Value = "EXB2HVR000V"; VariantName = "[No Variations]"
Change component parameters (AddParameter): Name = "Package"; Value = "CurrentFootprint"; VariantName = "[No Variations]"
Change component parameters (AddParameter): Name = "Parameter1"; Value = "V"; VariantName = "[No Variations]"
Change component parameters (AddParameter): Name = "Parameter1Desc"; Value = "Package Method"; VariantName = "[No Variations]"
Change component parameters (AddParameter): Name = "Parameter2"; Value = "J"; VariantName = "[No Variations]"
Change component parameters (AddParameter): Name = "Parameter2Desc"; Value = "Tolerance Symbol"; VariantName = "[No Variations]"
Change component parameters (AddParameter): Name = "Value"; Value = "0"; VariantName = "[No Variations]"
Change component parameters: Designator = "R6"; Footprint = "RESCAXE-50P380X160X45-16N"; UniqueID = "\REEOQYYS\ZTJPEBVF\WSNGUOWM"
Change component parameters. Clean all parameters for all variants
Change component parameters (AddParameter): Name = "ComponentLink1Description"; Value = "Datasheet"; VariantName = "[No Variations]"
Change component parameters (AddParameter): Name = "ComponentLink1URL"; Value = "https://www.mouser.de/datasheet/2/315/AOC0000C14-1108062.pdf"; VariantName = "[No Variations]"
Change component parameters (AddParameter): Name = "ComponentLink2Description"; Value = "Landpattern"; VariantName = "[No Variations]"
Change component parameters (AddParameter): Name = "ComponentLink2URL"; Value = "https://industrial.panasonic.com/cdbs/www-data/pdf/AOC0000/AOC0000COL4.pdf"; VariantName = "[No Variations]"
Change component parameters (AddParameter): Name = "Created"; Value = "2020-01-03_Thilo_Wendt"; VariantName = "[No Variations]"
Change component parameters (AddParameter): Name = "HelpURL"; Value = "https://www.mouser.de/datasheet/2/315/AOC0000C14-1108062.pdf"; VariantName = "[No Variations]"
Change component parameters (AddParameter): Name = "MaxVoltage"; Value = "100"; VariantName = "[No Variations]"
Change component parameters (AddParameter): Name = "MF"; Value = "Panasonic"; VariantName = "[No Variations]"
Change component parameters (AddParameter): Name = "MPN"; Value = "EXB2HVR000V"; VariantName = "[No Variations]"
Change component parameters (AddParameter): Name = "Package"; Value = "CurrentFootprint"; VariantName = "[No Variations]"
Change component parameters (AddParameter): Name = "Parameter1"; Value = "V"; VariantName = "[No Variations]"
Change component parameters (AddParameter): Name = "Parameter1Desc"; Value = "Package Method"; VariantName = "[No Variations]"
Change component parameters (AddParameter): Name = "Parameter2"; Value = "J"; VariantName = "[No Variations]"
Change component parameters (AddParameter): Name = "Parameter2Desc"; Value = "Tolerance Symbol"; VariantName = "[No Variations]"
Change component parameters (AddParameter): Name = "Value"; Value = "0"; VariantName = "[No Variations]"
